2026-09-17 11:20:20 - {"status":"success","message":"success","data":[{"keywordId":404013987044748,"code":"SUCCESS"},{"keywordId":431217016210451,"code":"SUCCESS"},[{"description":"Could not find keyword with id: 548529422610547","code":"ENTITY_NOT_FOUND"},{"description":"Could not find keyword with id: 439350379564539","code":"ENTITY_NOT_FOUND"},{"description":"Could not find keyword with id: 282555910808372","code":"ENTITY_NOT_FOUND"},{"description":"Could not find keyword with id: 337408307102956","code":"ENTITY_NOT_FOUND"},{"description":"Could not find keyword with id: 310173810292135","code":"ENTITY_NOT_FOUND"},{"description":"Could not find keyword with id: 282238854689625","code":"ENTITY_NOT_FOUND"},{"description":"Could not find keyword with id: 537113333131302","code":"ENTITY_NOT_FOUND"},{"description":"Could not find keyword with id: 522385899726704","code":"ENTITY_NOT_FOUND"},{"description":"Could not find keyword with id: 393541200215145","code":"ENTITY_NOT_FOUND"},{"description":"Could not find keyword with id: 562178428213202","code":"ENTITY_NOT_FOUND"},{"description":"Could not find keyword with id: 420546577492602","code":"ENTITY_NOT_FOUND"},{"description":"Could not find keyword with id: 363329740840957","code":"ENTITY_NOT_FOUND"},{"description":"Could not find keyword with id: 401353342350759","code":"ENTITY_NOT_FOUND"},{"description":"Could not find keyword with id: 330109054754202","code":"ENTITY_NOT_FOUND"},{"description":"Could not find keyword with id: 287894392934166","code":"ENTITY_NOT_FOUND"},{"description":"Could not find keyword with id: 353709085974278","code":"ENTITY_NOT_FOUND"},{"description":"Could not find keyword with id: 327028212440270","code":"ENTITY_NOT_FOUND"},{"description":"Could not find keyword with id: 474705805153307","code":"ENTITY_NOT_FOUND"},{"description":"Could not find keyword with id: 320673674868738","code":"ENTITY_NOT_FOUND"},{"description":"Could not find keyword with id: 324160605594246","code":"ENTITY_NOT_FOUND"}]]}
2026-09-17 11:20:20 - 处理keyword成功：amazon_us_hope 404013987044748
2026-09-17 11:20:20 - 处理keyword失败：amazon_us_hope 548529422610547
2026-09-17 11:20:20 - 处理keyword失败：amazon_us_hope 439350379564539
2026-09-17 11:20:20 - 处理keyword失败：amazon_us_hope 282555910808372
2026-09-17 11:20:20 - 处理keyword失败：amazon_us_hope 337408307102956
2026-09-17 11:20:20 - 处理keyword失败：amazon_us_hope 310173810292135
2026-09-17 11:20:20 - 处理keyword失败：amazon_us_hope 282238854689625
2026-09-17 11:20:20 - 处理keyword失败：amazon_us_hope 537113333131302
2026-09-17 11:20:20 - 处理keyword失败：amazon_us_hope 522385899726704
2026-09-17 11:20:20 - 处理keyword失败：amazon_us_hope 393541200215145
2026-09-17 11:20:20 - 处理keyword失败：amazon_us_hope 562178428213202
2026-09-17 11:20:20 - 处理keyword失败：amazon_us_hope 420546577492602
2026-09-17 11:20:20 - 处理keyword失败：amazon_us_hope 363329740840957
2026-09-17 11:20:20 - 处理keyword失败：amazon_us_hope 401353342350759
2026-09-17 11:20:20 - 处理keyword失败：amazon_us_hope 330109054754202
2026-09-17 11:20:20 - 处理keyword失败：amazon_us_hope 287894392934166
2026-09-17 11:20:20 - 处理keyword失败：amazon_us_hope 353709085974278
2026-09-17 11:20:20 - 处理keyword失败：amazon_us_hope 327028212440270
2026-09-17 11:20:20 - 处理keyword失败：amazon_us_hope 474705805153307
2026-09-17 11:20:20 - 处理keyword成功：amazon_us_hope 431217016210451
2026-09-17 11:20:20 - 处理keyword失败：amazon_us_hope 320673674868738
2026-09-17 11:20:20 - 处理keyword失败：amazon_us_hope 324160605594246
2026-09-17 11:20:23 - {"status":"success","message":"success","data":[{"targetId":548529422610547,"value":"","code":"SUCCESS"},{"targetId":439350379564539,"value":"","code":"SUCCESS"},{"targetId":282555910808372,"value":"","code":"SUCCESS"},{"targetId":337408307102956,"value":"","code":"SUCCESS"},{"targetId":310173810292135,"value":"","code":"SUCCESS"},{"targetId":282238854689625,"value":"","code":"SUCCESS"},{"targetId":537113333131302,"value":"","code":"SUCCESS"},{"targetId":522385899726704,"value":"","code":"SUCCESS"},{"targetId":393541200215145,"value":"","code":"SUCCESS"},{"targetId":562178428213202,"value":"","code":"SUCCESS"},{"targetId":420546577492602,"value":"","code":"SUCCESS"},{"targetId":363329740840957,"value":"","code":"SUCCESS"},{"targetId":401353342350759,"value":"","code":"SUCCESS"},{"targetId":330109054754202,"value":"","code":"SUCCESS"},{"targetId":287894392934166,"value":"","code":"SUCCESS"},{"targetId":353709085974278,"value":"","code":"SUCCESS"},{"targetId":327028212440270,"value":"","code":"SUCCESS"},{"targetId":474705805153307,"value":"","code":"SUCCESS"},{"targetId":320673674868738,"value":"","code":"SUCCESS"},{"targetId":324160605594246,"value":"","code":"SUCCESS"}]}
2026-09-17 11:20:23 - 处理target成功：amazon_us_hope 548529422610547
2026-09-17 11:20:23 - 处理target成功：amazon_us_hope 439350379564539
2026-09-17 11:20:23 - 处理target成功：amazon_us_hope 282555910808372
2026-09-17 11:20:23 - 处理target成功：amazon_us_hope 337408307102956
2026-09-17 11:20:23 - 处理target成功：amazon_us_hope 310173810292135
2026-09-17 11:20:23 - 处理target成功：amazon_us_hope 282238854689625
2026-09-17 11:20:23 - 处理target成功：amazon_us_hope 537113333131302
2026-09-17 11:20:23 - 处理target成功：amazon_us_hope 522385899726704
2026-09-17 11:20:23 - 处理target成功：amazon_us_hope 393541200215145
2026-09-17 11:20:23 - 处理target成功：amazon_us_hope 562178428213202
2026-09-17 11:20:23 - 处理target成功：amazon_us_hope 420546577492602
2026-09-17 11:20:23 - 处理target成功：amazon_us_hope 363329740840957
2026-09-17 11:20:23 - 处理target成功：amazon_us_hope 401353342350759
2026-09-17 11:20:23 - 处理target成功：amazon_us_hope 330109054754202
2026-09-17 11:20:23 - 处理target成功：amazon_us_hope 287894392934166
2026-09-17 11:20:23 - 处理target成功：amazon_us_hope 353709085974278
2026-09-17 11:20:23 - 处理target成功：amazon_us_hope 327028212440270
2026-09-17 11:20:23 - 处理target成功：amazon_us_hope 474705805153307
2026-09-17 11:20:23 - 处理target成功：amazon_us_hope 320673674868738
2026-09-17 11:20:23 - 处理target成功：amazon_us_hope 324160605594246
2026-09-17 11:20:25 - {"status":"success","message":"success","data":[{"keywordId":192262849796913,"code":"SUCCESS"},{"keywordId":467878752227846,"code":"SUCCESS"},{"keywordId":42776602616413,"code":"SUCCESS"},[{"description":"Could not find keyword with id: 467606197927225","code":"ENTITY_NOT_FOUND"},{"description":"Could not find keyword with id: 480007561154609","code":"ENTITY_NOT_FOUND"},{"description":"Could not find keyword with id: 307407710633977","code":"ENTITY_NOT_FOUND"},{"description":"Could not find keyword with id: 391239685673937","code":"ENTITY_NOT_FOUND"},{"description":"Could not find keyword with id: 546252534229962","code":"ENTITY_NOT_FOUND"},{"description":"Could not find keyword with id: 284297200481637","code":"ENTITY_NOT_FOUND"},{"description":"Could not find keyword with id: 451777611408718","code":"ENTITY_NOT_FOUND"},{"description":"Could not find keyword with id: 363567156949810","code":"ENTITY_NOT_FOUND"},{"description":"Could not find keyword with id: 450892434396962","code":"ENTITY_NOT_FOUND"},{"description":"Could not find keyword with id: 433435062593170","code":"ENTITY_NOT_FOUND"},{"description":"Could not find keyword with id: 354104435027352","code":"ENTITY_NOT_FOUND"},{"description":"Could not find keyword with id: 500063983134616","code":"ENTITY_NOT_FOUND"}]]}
2026-09-17 11:20:25 - 处理keyword失败：amazon_us_rrc 467606197927225
2026-09-17 11:20:25 - 处理keyword失败：amazon_us_rrc 480007561154609
2026-09-17 11:20:25 - 处理keyword失败：amazon_us_rrc 307407710633977
2026-09-17 11:20:25 - 处理keyword成功：amazon_us_rrc 192262849796913
2026-09-17 11:20:25 - 处理keyword失败：amazon_us_rrc 391239685673937
2026-09-17 11:20:25 - 处理keyword失败：amazon_us_rrc 546252534229962
2026-09-17 11:20:25 - 处理keyword失败：amazon_us_rrc 284297200481637
2026-09-17 11:20:25 - 处理keyword成功：amazon_us_rrc 467878752227846
2026-09-17 11:20:25 - 处理keyword成功：amazon_us_rrc 42776602616413
2026-09-17 11:20:25 - 处理keyword失败：amazon_us_rrc 451777611408718
2026-09-17 11:20:25 - 处理keyword失败：amazon_us_rrc 363567156949810
2026-09-17 11:20:25 - 处理keyword失败：amazon_us_rrc 450892434396962
2026-09-17 11:20:25 - 处理keyword失败：amazon_us_rrc 433435062593170
2026-09-17 11:20:25 - 处理keyword失败：amazon_us_rrc 354104435027352
2026-09-17 11:20:25 - 处理keyword失败：amazon_us_rrc 500063983134616
2026-09-17 11:20:25 - batchMongoUpdateKeyword：共1条，成功1条，失败0条
2026-09-17 11:20:33 - {"status":"success","message":"success","data":[{"targetId":467606197927225,"value":"","code":"SUCCESS"},{"targetId":480007561154609,"value":"","code":"SUCCESS"},{"targetId":307407710633977,"value":"","code":"SUCCESS"},{"targetId":391239685673937,"value":"","code":"SUCCESS"},{"targetId":546252534229962,"value":"","code":"SUCCESS"},{"targetId":284297200481637,"value":"","code":"SUCCESS"},{"targetId":451777611408718,"value":"","code":"SUCCESS"},{"targetId":363567156949810,"value":"","code":"SUCCESS"},{"targetId":450892434396962,"value":"","code":"SUCCESS"},{"targetId":433435062593170,"value":"","code":"SUCCESS"},{"targetId":354104435027352,"value":"","code":"SUCCESS"},{"targetId":500063983134616,"value":"","code":"SUCCESS"}]}
2026-09-17 11:20:33 - 处理target成功：amazon_us_rrc 467606197927225
2026-09-17 11:20:33 - 处理target成功：amazon_us_rrc 480007561154609
2026-09-17 11:20:33 - 处理target成功：amazon_us_rrc 307407710633977
2026-09-17 11:20:33 - 处理target成功：amazon_us_rrc 391239685673937
2026-09-17 11:20:33 - 处理target成功：amazon_us_rrc 546252534229962
2026-09-17 11:20:33 - 处理target成功：amazon_us_rrc 284297200481637
2026-09-17 11:20:33 - 处理target成功：amazon_us_rrc 451777611408718
2026-09-17 11:20:33 - 处理target成功：amazon_us_rrc 363567156949810
2026-09-17 11:20:33 - 处理target成功：amazon_us_rrc 450892434396962
2026-09-17 11:20:33 - 处理target成功：amazon_us_rrc 433435062593170
2026-09-17 11:20:33 - 处理target成功：amazon_us_rrc 354104435027352
2026-09-17 11:20:33 - 处理target成功：amazon_us_rrc 500063983134616
2026-09-17 11:20:34 - {"status":"success","message":"success","data":[{"keywordId":82000239105255,"code":"SUCCESS"},{"keywordId":35787051580098,"code":"SUCCESS"},{"keywordId":441476204979062,"code":"SUCCESS"},{"keywordId":200979554281086,"code":"SUCCESS"},{"keywordId":2503988747412,"code":"SUCCESS"},{"keywordId":406286535429335,"code":"SUCCESS"},{"keywordId":65450544399296,"code":"SUCCESS"},{"keywordId":332289573289244,"code":"SUCCESS"},{"keywordId":90837597384952,"code":"SUCCESS"},{"keywordId":130889620200730,"code":"SUCCESS"},{"keywordId":181399419580364,"code":"SUCCESS"},{"keywordId":98690970353515,"code":"SUCCESS"},{"keywordId":157540355975160,"code":"SUCCESS"},{"keywordId":249799007421725,"code":"SUCCESS"},{"keywordId":98588576078314,"code":"SUCCESS"},{"keywordId":19078792895617,"code":"SUCCESS"},{"keywordId":212483939738933,"code":"SUCCESS"},{"keywordId":479424475877491,"code":"SUCCESS"},{"keywordId":532307211503607,"code":"SUCCESS"},{"keywordId":192542424711300,"code":"SUCCESS"},{"keywordId":108726847280341,"code":"SUCCESS"},{"keywordId":102891278891861,"code":"SUCCESS"},{"keywordId":84600195322665,"code":"SUCCESS"},{"keywordId":421300370934683,"code":"SUCCESS"},{"keywordId":337485633891218,"code":"SUCCESS"},{"keywordId":300066546777147,"code":"SUCCESS"},{"keywordId":83727013389884,"code":"SUCCESS"},[{"description":"Could not find keyword with id: 313923894403492","code":"ENTITY_NOT_FOUND"},{"description":"Could not find keyword with id: 295671951959806","code":"ENTITY_NOT_FOUND"},{"description":"Could not find keyword with id: 529366644678230","code":"ENTITY_NOT_FOUND"},{"description":"Could not find keyword with id: 404665884980699","code":"ENTITY_NOT_FOUND"},{"description":"Could not find keyword with id: 305727815999123","code":"ENTITY_NOT_FOUND"},{"description":"Could not find keyword with id: 521302888104285","code":"ENTITY_NOT_FOUND"},{"description":"Could not find keyword with id: 365809814263506","code":"ENTITY_NOT_FOUND"},{"description":"Could not find keyword with id: 460202696861831","code":"ENTITY_NOT_FOUND"},{"description":"Could not find keyword with id: 502139892811650","code":"ENTITY_NOT_FOUND"},{"description":"Could not find keyword with id: 300620024724722","code":"ENTITY_NOT_FOUND"},{"description":"Could not find keyword with id: 401190533654347","code":"ENTITY_NOT_FOUND"},{"description":"Could not find keyword with id: 471155219021385","code":"ENTITY_NOT_FOUND"},{"description":"Could not find keyword with id: 323760958264346","code":"ENTITY_NOT_FOUND"},{"description":"Could not find keyword with id: 183501525196077","code":"ENTITY_NOT_FOUND"},{"description":"Could not find keyword with id: 427221177957896","code":"ENTITY_NOT_FOUND"},{"description":"Could not find keyword with id: 292897994064340","code":"ENTITY_NOT_FOUND"},{"description":"Could not find keyword with id: 491984215936628","code":"ENTITY_NOT_FOUND"},{"description":"Could not find keyword with id: 471184003352201","code":"ENTITY_NOT_FOUND"},{"description":"Could not find keyword with id: 443490679788021","code":"ENTITY_NOT_FOUND"},{"description":"Could not find keyword with id: 345980628401970","code":"ENTITY_NOT_FOUND"},{"description":"Could not find keyword with id: 389999053126954","code":"ENTITY_NOT_FOUND"},{"description":"Could not find keyword with id: 456168192269727","code":"ENTITY_NOT_FOUND"},{"description":"Could not find keyword with id: 531083614354172","code":"ENTITY_NOT_FOUND"},{"description":"Could not find keyword with id: 460874821967871","code":"ENTITY_NOT_FOUND"},{"description":"Could not find keyword with id: 430305993681832","code":"ENTITY_NOT_FOUND"},{"description":"Could not find keyword with id: 463773102453738","code":"ENTITY_NOT_FOUND"},{"description":"Could not find keyword with id: 380338357391540","code":"ENTITY_NOT_FOUND"},{"description":"Could not find keyword with id: 454068915030340","code":"ENTITY_NOT_FOUND"},{"description":"Could not find keyword with id: 366388947290953","code":"ENTITY_NOT_FOUND"},{"description":"Could not find keyword with id: 484276237473073","code":"ENTITY_NOT_FOUND"},{"description":"Could not find keyword with id: 537495714568423","code":"ENTITY_NOT_FOUND"},{"description":"Could not find keyword with id: 286061266454921","code":"ENTITY_NOT_FOUND"},{"description":"Could not find keyword with id: 366722539028739","code":"ENTITY_NOT_FOUND"},{"description":"Could not find keyword with id: 376149210192323","code":"ENTITY_NOT_FOUND"},{"description":"Could not find keyword with id: 539751134548994","code":"ENTITY_NOT_FOUND"},{"description":"Could not find keyword with id: 500567392393823","code":"ENTITY_NOT_FOUND"},{"description":"Could not find keyword with id: 377264688660997","code":"ENTITY_NOT_FOUND"},{"description":"Could not find keyword with id: 315774462340357","code":"ENTITY_NOT_FOUND"},{"description":"Could not find keyword with id: 490568642064998","code":"ENTITY_NOT_FOUND"},{"description":"Could not find keyword with id: 307740772477746","code":"ENTITY_NOT_FOUND"},{"description":"Could not find keyword with id: 503894243225573","code":"ENTITY_NOT_FOUND"},{"description":"Could not find keyword with id: 82942186077881","code":"ENTITY_NOT_FOUND"},{"description":"Could not find keyword with id: 497616422169451","code":"ENTITY_NOT_FOUND"},{"description":"Could not find keyword with id: 392819341813515","code":"ENTITY_NOT_FOUND"},{"description":"Could not find keyword with id: 421253212120160","code":"ENTITY_NOT_FOUND"},{"description":"Could not find keyword with id: 497265006114528","code":"ENTITY_NOT_FOUND"},{"description":"Could not find keyword with id: 359904718148225","code":"ENTITY_NOT_FOUND"},{"description":"Could not find keyword with id: 353724360881720","code":"ENTITY_NOT_FOUND"},{"description":"Could not find keyword with id: 237018539191526","code":"ENTITY_NOT_FOUND"},{"description":"Could not find keyword with id: 336013263408861","code":"ENTITY_NOT_FOUND"},{"description":"Could not find keyword with id: 547673120768976","code":"ENTITY_NOT_FOUND"},{"description":"Could not find keyword with id: 424032561516497","code":"ENTITY_NOT_FOUND"},{"description":"Could not find keyword with id: 465607655350847","code":"ENTITY_NOT_FOUND"},{"description":"Could not find keyword with id: 525061644708622","code":"ENTITY_NOT_FOUND"},{"description":"Could not find keyword with id: 555867806967460","code":"ENTITY_NOT_FOUND"},{"description":"Could not find keyword with id: 461706917091048","code":"ENTITY_NOT_FOUND"},{"description":"Could not find keyword with id: 329229922600351","code":"ENTITY_NOT_FOUND"},{"description":"Could not find keyword with id: 529491420617892","code":"ENTITY_NOT_FOUND"},{"description":"Could not find keyword with id: 376963774730954","code":"ENTITY_NOT_FOUND"},{"description":"Could not find keyword with id: 287764708008034","code":"ENTITY_NOT_FOUND"},{"description":"Could not find keyword with id: 532286706901916","code":"ENTITY_NOT_FOUND"},{"description":"Could not find keyword with id: 292272320395389","code":"ENTITY_NOT_FOUND"},{"description":"Could not find keyword with id: 78895042367526","code":"ENTITY_NOT_FOUND"},{"description":"Could not find keyword with id: 292675568871650","code":"ENTITY_NOT_FOUND"},{"description":"Could not find keyword with id: 329732511571241","code":"ENTITY_NOT_FOUND"},{"description":"Could not find keyword with id: 380001357234854","code":"ENTITY_NOT_FOUND"},{"description":"Could not find keyword with id: 330711698364611","code":"ENTITY_NOT_FOUND"},{"description":"Could not find keyword with id: 510623276294697","code":"ENTITY_NOT_FOUND"},{"description":"Could not find keyword with id: 335148523131879","code":"ENTITY_NOT_FOUND"},{"description":"Could not find keyword with id: 505924496488513","code":"ENTITY_NOT_FOUND"},{"description":"Could not find keyword with id: 471726443963815","code":"ENTITY_NOT_FOUND"},{"description":"Could not find keyword with id: 511102575101527","code":"ENTITY_NOT_FOUND"},{"description":"Could not find keyword with id: 412332501031540","code":"ENTITY_NOT_FOUND"},{"description":"Could not find keyword with id: 513703833752845","code":"ENTITY_NOT_FOUND"},{"description":"Could not find keyword with id: 366350929285452","code":"ENTITY_NOT_FOUND"},{"description":"Could not find keyword with id: 348787081762055","code":"ENTITY_NOT_FOUND"},{"description":"Could not find keyword with id: 402256889216210","code":"ENTITY_NOT_FOUND"},{"description":"Could not find keyword with id: 419399111898350","code":"ENTITY_NOT_FOUND"},{"description":"Could not find keyword with id: 556454327883539","code":"ENTITY_NOT_FOUND"},{"description":"Could not find keyword with id: 388560487731456","code":"ENTITY_NOT_FOUND"},{"description":"Could not find keyword with id: 518363925445881","code":"ENTITY_NOT_FOUND"},{"description":"Could not find keyword with id: 371954323461509","code":"ENTITY_NOT_FOUND"},{"description":"Could not find keyword with id: 132165989192023","code":"ENTITY_NOT_FOUND"},{"description":"Could not find keyword with id: 364673927724983","code":"ENTITY_NOT_FOUND"},{"description":"Could not find keyword with id: 558601764682415","code":"ENTITY_NOT_FOUND"},{"description":"Could not find keyword with id: 517192370991604","code":"ENTITY_NOT_FOUND"},{"description":"Could not find keyword with id: 398479678875402","code":"ENTITY_NOT_FOUND"},{"description":"Could not find keyword with id: 234116264815773","code":"ENTITY_NOT_FOUND"},{"description":"Could not find keyword with id: 407390858757496","code":"ENTITY_NOT_FOUND"},{"description":"Could not find keyword with id: 426082807340383","code":"ENTITY_NOT_FOUND"},{"description":"Could not find keyword with id: 357326533206235","code":"ENTITY_NOT_FOUND"},{"description":"Could not find keyword with id: 388041697140577","code":"ENTITY_NOT_FOUND"},{"description":"Could not find keyword with id: 527147821388118","code":"ENTITY_NOT_FOUND"},{"description":"Could not find keyword with id: 351841807813983","code":"ENTITY_NOT_FOUND"},{"description":"Could not find keyword with id: 448198681928421","code":"ENTITY_NOT_FOUND"},{"description":"Could not find keyword with id: 299129722942802","code":"ENTITY_NOT_FOUND"},{"description":"Could not find keyword with id: 463839642983672","code":"ENTITY_NOT_FOUND"},{"description":"Could not find keyword with id: 388582311224082","code":"ENTITY_NOT_FOUND"},{"description":"Could not find keyword with id: 420137145308309","code":"ENTITY_NOT_FOUND"},{"description":"Could not find keyword with id: 501620177561940","code":"ENTITY_NOT_FOUND"},{"description":"Could not find keyword with id: 544040303147176","code":"ENTITY_NOT_FOUND"},{"description":"Could not find keyword with id: 417835806407700","code":"ENTITY_NOT_FOUND"},{"description":"Could not find keyword with id: 498389705331735","code":"ENTITY_NOT_FOUND"},{"description":"Could not find keyword with id: 477324234490007","code":"ENTITY_NOT_FOUND"},{"description":"Could not find keyword with id: 310727675143099","code":"ENTITY_NOT_FOUND"},{"description":"Could not find keyword with id: 532447547039216","code":"ENTITY_NOT_FOUND"},{"description":"Could not find keyword with id: 334992792104244","code":"ENTITY_NOT_FOUND"},{"description":"Could not find keyword with id: 318624230386139","code":"ENTITY_NOT_FOUND"},{"description":"Could not find keyword with id: 514989450142179","code":"ENTITY_NOT_FOUND"},{"description":"Could not find keyword with id: 302871262782217","code":"ENTITY_NOT_FOUND"},{"description":"Could not find keyword with id: 68156464106040","code":"ENTITY_NOT_FOUND"},{"description":"Could not find keyword with id: 464104999182811","code":"ENTITY_NOT_FOUND"},{"description":"Could not find keyword with id: 369552813126247","code":"ENTITY_NOT_FOUND"},{"description":"Could not find keyword with id: 424000190785481","code":"ENTITY_NOT_FOUND"},{"description":"Could not find keyword with id: 428396610498343","code":"ENTITY_NOT_FOUND"},{"description":"Could not find keyword with id: 482733667200990","code":"ENTITY_NOT_FOUND"},{"description":"Could not find keyword with id: 533870408813485","code":"ENTITY_NOT_FOUND"},{"description":"Could not find keyword with id: 387472398228826","code":"ENTITY_NOT_FOUND"},{"description":"Could not find keyword with id: 395714674797637","code":"ENTITY_NOT_FOUND"},{"description":"Could not find keyword with id: 548597425388047","code":"ENTITY_NOT_FOUND"},{"description":"Could not find keyword with id: 540140119685756","code":"ENTITY_NOT_FOUND"},{"description":"Could not find keyword with id: 287161553661095","code":"ENTITY_NOT_FOUND"},{"description":"Could not find keyword with id: 521657143849062","code":"ENTITY_NOT_FOUND"},{"description":"Could not find keyword with id: 526437336601137","code":"ENTITY_NOT_FOUND"},{"description":"Could not find keyword with id: 526514808885899","code":"ENTITY_NOT_FOUND"},{"description":"Could not find keyword with id: 380348454648872","code":"ENTITY_NOT_FOUND"},{"description":"Could not find keyword with id: 359229024038079","code":"ENTITY_NOT_FOUND"},{"description":"Could not find keyword with id: 354291780728890","code":"ENTITY_NOT_FOUND"},{"description":"Could not find keyword with id: 318008826477938","code":"ENTITY_NOT_FOUND"},{"description":"Could not find keyword with id: 483253908855361","code":"ENTITY_NOT_FOUND"},{"description":"Could not find keyword with id: 467267431795966","code":"ENTITY_NOT_FOUND"},{"description":"Could not find keyword with id: 331164804901412","code":"ENTITY_NOT_FOUND"},{"description":"Could not find keyword with id: 329616157239121","code":"ENTITY_NOT_FOUND"},{"description":"Could not find keyword with id: 429197219949781","code":"ENTITY_NOT_FOUND"},{"description":"Could not find keyword with id: 304052754155870","code":"ENTITY_NOT_FOUND"},{"description":"Could not find keyword with id: 447461195400910","code":"ENTITY_NOT_FOUND"},{"description":"Could not find keyword with id: 326859017119754","code":"ENTITY_NOT_FOUND"},{"description":"Could not find keyword with id: 283855592253093","code":"ENTITY_NOT_FOUND"},{"description":"Could not find keyword with id: 498138799933284","code":"ENTITY_NOT_FOUND"},{"description":"Could not find keyword with id: 533304069868847","code":"ENTITY_NOT_FOUND"},{"description":"Could not find keyword with id: 309622680665298","code":"ENTITY_NOT_FOUND"},{"description":"Could not find keyword with id: 462971360510179","code":"ENTITY_NOT_FOUND"},{"description":"Could not find keyword with id: 356667361709531","code":"ENTITY_NOT_FOUND"},{"description":"Could not find keyword with id: 369698890905380","code":"ENTITY_NOT_FOUND"},{"description":"Could not find keyword with id: 365909658694096","code":"ENTITY_NOT_FOUND"},{"description":"Could not find keyword with id: 388341741254055","code":"ENTITY_NOT_FOUND"},{"description":"Could not find keyword with id: 430596670393355","code":"ENTITY_NOT_FOUND"},{"description":"Could not find keyword with id: 356160461205745","code":"ENTITY_NOT_FOUND"},{"description":"Could not find keyword with id: 490452302853554","code":"ENTITY_NOT_FOUND"},{"description":"Could not find keyword with id: 506000793626020","code":"ENTITY_NOT_FOUND"},{"description":"Could not find keyword with id: 67905670728256","code":"ENTITY_NOT_FOUND"},{"description":"Could not find keyword with id: 554685231309663","code":"ENTITY_NOT_FOUND"},{"description":"Could not find keyword with id: 385995141569616","code":"ENTITY_NOT_FOUND"},{"description":"Could not find keyword with id: 557925885422623","code":"ENTITY_NOT_FOUND"},{"description":"Could not find keyword with id: 543825394162414","code":"ENTITY_NOT_FOUND"},{"description":"Could not find keyword with id: 518828585357636","code":"ENTITY_NOT_FOUND"},{"description":"Could not find keyword with id: 397384097698498","code":"ENTITY_NOT_FOUND"},{"description":"Could not find keyword with id: 460218784794020","code":"ENTITY_NOT_FOUND"},{"description":"Could not find keyword with id: 432790758873127","code":"ENTITY_NOT_FOUND"},{"description":"Could not find keyword with id: 401538436323080","code":"ENTITY_NOT_FOUND"},{"description":"Could not find keyword with id: 538132541249598","code":"ENTITY_NOT_FOUND"},{"description":"Could not find keyword with id: 527151107199198","code":"ENTITY_NOT_FOUND"},{"description":"Could not find keyword with id: 480376338003055","code":"ENTITY_NOT_FOUND"},{"description":"Could not find keyword with id: 388029400376878","code":"ENTITY_NOT_FOUND"},{"description":"Could not find keyword with id: 287090656719675","code":"ENTITY_NOT_FOUND"},{"description":"Could not find keyword with id: 436382191450702","code":"ENTITY_NOT_FOUND"},{"description":"Could not find keyword with id: 380315965179793","code":"ENTITY_NOT_FOUND"},{"description":"Could not find keyword with id: 494420732979277","code":"ENTITY_NOT_FOUND"},{"description":"Could not find keyword with id: 285001877909315","code":"ENTITY_NOT_FOUND"},{"description":"Could not find keyword with id: 330847723860123","code":"ENTITY_NOT_FOUND"},{"description":"Could not find keyword with id: 343908094411609","code":"ENTITY_NOT_FOUND"},{"description":"Could not find keyword with id: 484464233769170","code":"ENTITY_NOT_FOUND"},{"description":"Could not find keyword with id: 313096038279517","code":"ENTITY_NOT_FOUND"}]]}
2026-09-17 11:20:34 - 处理keyword失败：amazon 313923894403492
2026-09-17 11:20:34 - 处理keyword失败：amazon 295671951959806
2026-09-17 11:20:34 - 处理keyword失败：amazon 529366644678230
2026-09-17 11:20:34 - 处理keyword失败：amazon 404665884980699
2026-09-17 11:20:34 - 处理keyword成功：amazon 82000239105255
2026-09-17 11:20:34 - 处理keyword失败：amazon 305727815999123
2026-09-17 11:20:34 - 处理keyword失败：amazon 521302888104285
2026-09-17 11:20:34 - 处理keyword失败：amazon 365809814263506
2026-09-17 11:20:34 - 处理keyword失败：amazon 460202696861831
2026-09-17 11:20:34 - 处理keyword失败：amazon 502139892811650
2026-09-17 11:20:34 - 处理keyword失败：amazon 300620024724722
2026-09-17 11:20:34 - 处理keyword失败：amazon 401190533654347
2026-09-17 11:20:34 - 处理keyword失败：amazon 471155219021385
2026-09-17 11:20:34 - 处理keyword失败：amazon 323760958264346
2026-09-17 11:20:34 - 处理keyword成功：amazon 35787051580098
2026-09-17 11:20:34 - 处理keyword失败：amazon 183501525196077
2026-09-17 11:20:34 - 处理keyword失败：amazon 427221177957896
2026-09-17 11:20:34 - 处理keyword失败：amazon 292897994064340
2026-09-17 11:20:34 - 处理keyword失败：amazon 491984215936628
2026-09-17 11:20:34 - 处理keyword成功：amazon 441476204979062
2026-09-17 11:20:34 - 处理keyword失败：amazon 471184003352201
2026-09-17 11:20:34 - 处理keyword失败：amazon 443490679788021
2026-09-17 11:20:34 - 处理keyword失败：amazon 345980628401970
2026-09-17 11:20:34 - 处理keyword失败：amazon 389999053126954
2026-09-17 11:20:34 - 处理keyword失败：amazon 456168192269727
2026-09-17 11:20:34 - 处理keyword失败：amazon 531083614354172
2026-09-17 11:20:34 - 处理keyword失败：amazon 460874821967871
2026-09-17 11:20:34 - 处理keyword失败：amazon 430305993681832
2026-09-17 11:20:34 - 处理keyword成功：amazon 200979554281086
2026-09-17 11:20:34 - 处理keyword失败：amazon 463773102453738
2026-09-17 11:20:34 - 处理keyword失败：amazon 380338357391540
2026-09-17 11:20:34 - 处理keyword失败：amazon 454068915030340
2026-09-17 11:20:34 - 处理keyword失败：amazon 366388947290953
2026-09-17 11:20:34 - 处理keyword失败：amazon 484276237473073
2026-09-17 11:20:34 - 处理keyword失败：amazon 537495714568423
2026-09-17 11:20:34 - 处理keyword成功：amazon 2503988747412
2026-09-17 11:20:34 - 处理keyword失败：amazon 286061266454921
2026-09-17 11:20:34 - 处理keyword失败：amazon 366722539028739
2026-09-17 11:20:34 - 处理keyword失败：amazon 376149210192323
2026-09-17 11:20:34 - 处理keyword失败：amazon 539751134548994
2026-09-17 11:20:34 - 处理keyword失败：amazon 500567392393823
2026-09-17 11:20:34 - 处理keyword失败：amazon 377264688660997
2026-09-17 11:20:34 - 处理keyword失败：amazon 315774462340357
2026-09-17 11:20:34 - 处理keyword失败：amazon 490568642064998
2026-09-17 11:20:34 - 处理keyword失败：amazon 307740772477746
2026-09-17 11:20:34 - 处理keyword失败：amazon 503894243225573
2026-09-17 11:20:34 - 处理keyword成功：amazon 406286535429335
2026-09-17 11:20:34 - 处理keyword失败：amazon 82942186077881
2026-09-17 11:20:34 - 处理keyword失败：amazon 497616422169451
2026-09-17 11:20:34 - 处理keyword失败：amazon 392819341813515
2026-09-17 11:20:34 - 处理keyword成功：amazon 65450544399296
2026-09-17 11:20:34 - 处理keyword失败：amazon 421253212120160
2026-09-17 11:20:34 - 处理keyword失败：amazon 497265006114528
2026-09-17 11:20:34 - 处理keyword失败：amazon 359904718148225
2026-09-17 11:20:34 - 处理keyword成功：amazon 332289573289244
2026-09-17 11:20:34 - 处理keyword失败：amazon 353724360881720
2026-09-17 11:20:34 - 处理keyword失败：amazon 237018539191526
2026-09-17 11:20:34 - 处理keyword失败：amazon 336013263408861
2026-09-17 11:20:34 - 处理keyword成功：amazon 90837597384952
2026-09-17 11:20:34 - 处理keyword失败：amazon 547673120768976
2026-09-17 11:20:34 - 处理keyword失败：amazon 424032561516497
2026-09-17 11:20:34 - 处理keyword失败：amazon 465607655350847
2026-09-17 11:20:34 - 处理keyword失败：amazon 525061644708622
2026-09-17 11:20:34 - 处理keyword失败：amazon 555867806967460
2026-09-17 11:20:34 - 处理keyword失败：amazon 461706917091048
2026-09-17 11:20:34 - 处理keyword失败：amazon 329229922600351
2026-09-17 11:20:34 - 处理keyword失败：amazon 529491420617892
2026-09-17 11:20:34 - 处理keyword失败：amazon 376963774730954
2026-09-17 11:20:34 - 处理keyword失败：amazon 287764708008034
2026-09-17 11:20:34 - 处理keyword失败：amazon 532286706901916
2026-09-17 11:20:34 - 处理keyword失败：amazon 292272320395389
2026-09-17 11:20:34 - 处理keyword失败：amazon 78895042367526
2026-09-17 11:20:34 - 处理keyword失败：amazon 292675568871650
2026-09-17 11:20:34 - 处理keyword失败：amazon 329732511571241
2026-09-17 11:20:34 - 处理keyword失败：amazon 380001357234854
2026-09-17 11:20:34 - 处理keyword失败：amazon 330711698364611
2026-09-17 11:20:34 - 处理keyword成功：amazon 130889620200730
2026-09-17 11:20:34 - 处理keyword失败：amazon 510623276294697
2026-09-17 11:20:34 - 处理keyword成功：amazon 181399419580364
2026-09-17 11:20:34 - 处理keyword失败：amazon 335148523131879
2026-09-17 11:20:34 - 处理keyword失败：amazon 505924496488513
2026-09-17 11:20:34 - 处理keyword失败：amazon 471726443963815
2026-09-17 11:20:34 - 处理keyword失败：amazon 511102575101527
2026-09-17 11:20:34 - 处理keyword成功：amazon 98690970353515
2026-09-17 11:20:34 - 处理keyword失败：amazon 412332501031540
2026-09-17 11:20:34 - 处理keyword失败：amazon 513703833752845
2026-09-17 11:20:34 - 处理keyword成功：amazon 157540355975160
2026-09-17 11:20:34 - 处理keyword失败：amazon 366350929285452
2026-09-17 11:20:34 - 处理keyword失败：amazon 348787081762055
2026-09-17 11:20:34 - 处理keyword失败：amazon 402256889216210
2026-09-17 11:20:34 - 处理keyword失败：amazon 419399111898350
2026-09-17 11:20:34 - 处理keyword成功：amazon 249799007421725
2026-09-17 11:20:34 - 处理keyword失败：amazon 556454327883539
2026-09-17 11:20:34 - 处理keyword失败：amazon 388560487731456
2026-09-17 11:20:34 - 处理keyword失败：amazon 518363925445881
2026-09-17 11:20:34 - 处理keyword失败：amazon 371954323461509
2026-09-17 11:20:34 - 处理keyword失败：amazon 132165989192023
2026-09-17 11:20:34 - 处理keyword失败：amazon 364673927724983
2026-09-17 11:20:34 - 处理keyword失败：amazon 558601764682415
2026-09-17 11:20:34 - 处理keyword成功：amazon 98588576078314
2026-09-17 11:20:34 - 处理keyword失败：amazon 517192370991604
2026-09-17 11:20:34 - 处理keyword失败：amazon 398479678875402
2026-09-17 11:20:34 - 处理keyword失败：amazon 234116264815773
2026-09-17 11:20:34 - 处理keyword失败：amazon 407390858757496
2026-09-17 11:20:34 - 处理keyword失败：amazon 426082807340383
2026-09-17 11:20:34 - 处理keyword失败：amazon 357326533206235
2026-09-17 11:20:34 - 处理keyword成功：amazon 19078792895617
2026-09-17 11:20:34 - 处理keyword成功：amazon 212483939738933
2026-09-17 11:20:34 - 处理keyword失败：amazon 388041697140577
2026-09-17 11:20:34 - 处理keyword失败：amazon 527147821388118
2026-09-17 11:20:34 - 处理keyword失败：amazon 351841807813983
2026-09-17 11:20:34 - 处理keyword失败：amazon 448198681928421
2026-09-17 11:20:34 - 处理keyword失败：amazon 299129722942802
2026-09-17 11:20:34 - 处理keyword失败：amazon 463839642983672
2026-09-17 11:20:34 - 处理keyword失败：amazon 388582311224082
2026-09-17 11:20:34 - 处理keyword失败：amazon 420137145308309
2026-09-17 11:20:34 - 处理keyword失败：amazon 501620177561940
2026-09-17 11:20:34 - 处理keyword失败：amazon 544040303147176
2026-09-17 11:20:34 - 处理keyword失败：amazon 417835806407700
2026-09-17 11:20:34 - 处理keyword失败：amazon 498389705331735
2026-09-17 11:20:34 - 处理keyword成功：amazon 479424475877491
2026-09-17 11:20:34 - 处理keyword失败：amazon 477324234490007
2026-09-17 11:20:34 - 处理keyword成功：amazon 532307211503607
2026-09-17 11:20:34 - 处理keyword失败：amazon 310727675143099
2026-09-17 11:20:34 - 处理keyword失败：amazon 532447547039216
2026-09-17 11:20:34 - 处理keyword失败：amazon 334992792104244
2026-09-17 11:20:34 - 处理keyword失败：amazon 318624230386139
2026-09-17 11:20:34 - 处理keyword失败：amazon 514989450142179
2026-09-17 11:20:34 - 处理keyword失败：amazon 302871262782217
2026-09-17 11:20:34 - 处理keyword失败：amazon 68156464106040
2026-09-17 11:20:34 - 处理keyword失败：amazon 464104999182811
2026-09-17 11:20:34 - 处理keyword失败：amazon 369552813126247
2026-09-17 11:20:34 - 处理keyword失败：amazon 424000190785481
2026-09-17 11:20:34 - 处理keyword失败：amazon 428396610498343
2026-09-17 11:20:34 - 处理keyword失败：amazon 482733667200990
2026-09-17 11:20:34 - 处理keyword失败：amazon 533870408813485
2026-09-17 11:20:34 - 处理keyword失败：amazon 387472398228826
2026-09-17 11:20:34 - 处理keyword失败：amazon 395714674797637
2026-09-17 11:20:34 - 处理keyword失败：amazon 548597425388047
2026-09-17 11:20:34 - 处理keyword成功：amazon 192542424711300
2026-09-17 11:20:34 - 处理keyword成功：amazon 108726847280341
2026-09-17 11:20:34 - 处理keyword失败：amazon 540140119685756
2026-09-17 11:20:34 - 处理keyword失败：amazon 287161553661095
2026-09-17 11:20:34 - 处理keyword失败：amazon 521657143849062
2026-09-17 11:20:34 - 处理keyword失败：amazon 526437336601137
2026-09-17 11:20:34 - 处理keyword失败：amazon 526514808885899
2026-09-17 11:20:34 - 处理keyword失败：amazon 380348454648872
2026-09-17 11:20:34 - 处理keyword失败：amazon 359229024038079
2026-09-17 11:20:34 - 处理keyword失败：amazon 354291780728890
2026-09-17 11:20:34 - 处理keyword失败：amazon 318008826477938
2026-09-17 11:20:34 - 处理keyword失败：amazon 483253908855361
2026-09-17 11:20:34 - 处理keyword失败：amazon 467267431795966
2026-09-17 11:20:34 - 处理keyword失败：amazon 331164804901412
2026-09-17 11:20:34 - 处理keyword失败：amazon 329616157239121
2026-09-17 11:20:34 - 处理keyword失败：amazon 429197219949781
2026-09-17 11:20:34 - 处理keyword失败：amazon 304052754155870
2026-09-17 11:20:34 - 处理keyword失败：amazon 447461195400910
2026-09-17 11:20:34 - 处理keyword失败：amazon 326859017119754
2026-09-17 11:20:34 - 处理keyword成功：amazon 102891278891861
2026-09-17 11:20:34 - 处理keyword成功：amazon 84600195322665
2026-09-17 11:20:34 - 处理keyword失败：amazon 283855592253093
2026-09-17 11:20:34 - 处理keyword失败：amazon 498138799933284
2026-09-17 11:20:34 - 处理keyword失败：amazon 533304069868847
2026-09-17 11:20:34 - 处理keyword失败：amazon 309622680665298
2026-09-17 11:20:34 - 处理keyword失败：amazon 462971360510179
2026-09-17 11:20:34 - 处理keyword失败：amazon 356667361709531
2026-09-17 11:20:34 - 处理keyword失败：amazon 369698890905380
2026-09-17 11:20:34 - 处理keyword失败：amazon 365909658694096
2026-09-17 11:20:34 - 处理keyword成功：amazon 421300370934683
2026-09-17 11:20:34 - 处理keyword失败：amazon 388341741254055
2026-09-17 11:20:34 - 处理keyword失败：amazon 430596670393355
2026-09-17 11:20:34 - 处理keyword失败：amazon 356160461205745
2026-09-17 11:20:34 - 处理keyword失败：amazon 490452302853554
2026-09-17 11:20:34 - 处理keyword失败：amazon 506000793626020
2026-09-17 11:20:34 - 处理keyword失败：amazon 67905670728256
2026-09-17 11:20:34 - 处理keyword失败：amazon 554685231309663
2026-09-17 11:20:34 - 处理keyword失败：amazon 385995141569616
2026-09-17 11:20:34 - 处理keyword失败：amazon 557925885422623
2026-09-17 11:20:34 - 处理keyword失败：amazon 543825394162414
2026-09-17 11:20:34 - 处理keyword失败：amazon 518828585357636
2026-09-17 11:20:34 - 处理keyword失败：amazon 397384097698498
2026-09-17 11:20:34 - 处理keyword成功：amazon 337485633891218
2026-09-17 11:20:34 - 处理keyword失败：amazon 460218784794020
2026-09-17 11:20:34 - 处理keyword失败：amazon 432790758873127
2026-09-17 11:20:34 - 处理keyword成功：amazon 300066546777147
2026-09-17 11:20:34 - 处理keyword成功：amazon 83727013389884
2026-09-17 11:20:34 - 处理keyword失败：amazon 401538436323080
2026-09-17 11:20:34 - 处理keyword失败：amazon 538132541249598
2026-09-17 11:20:34 - 处理keyword失败：amazon 527151107199198
2026-09-17 11:20:34 - 处理keyword失败：amazon 480376338003055
2026-09-17 11:20:34 - 处理keyword失败：amazon 388029400376878
2026-09-17 11:20:34 - 处理keyword失败：amazon 287090656719675
2026-09-17 11:20:34 - 处理keyword失败：amazon 436382191450702
2026-09-17 11:20:34 - 处理keyword失败：amazon 380315965179793
2026-09-17 11:20:34 - 处理keyword失败：amazon 494420732979277
2026-09-17 11:20:34 - 处理keyword失败：amazon 285001877909315
2026-09-17 11:20:34 - 处理keyword失败：amazon 330847723860123
2026-09-17 11:20:34 - 处理keyword失败：amazon 343908094411609
2026-09-17 11:20:34 - 处理keyword失败：amazon 484464233769170
2026-09-17 11:20:34 - 处理keyword失败：amazon 313096038279517
2026-09-17 11:20:35 - batchMongoUpdateKeyword：共1条，成功1条，失败0条
2026-09-17 11:20:38 - {"status":"success","message":"success","data":[{"keywordId":154270438536231,"code":"SUCCESS"},{"keywordId":124708899723699,"code":"SUCCESS"},{"keywordId":27112214907069,"code":"SUCCESS"},{"keywordId":174004042384480,"code":"SUCCESS"},{"keywordId":287787033869039,"code":"SUCCESS"},{"keywordId":525325253356340,"code":"SUCCESS"},{"keywordId":122948960132522,"code":"SUCCESS"},{"keywordId":31721014076949,"code":"SUCCESS"},{"keywordId":427663015154069,"code":"SUCCESS"},{"keywordId":396520924642307,"code":"SUCCESS"},{"keywordId":442939940518700,"code":"SUCCESS"},{"keywordId":176887520201459,"code":"SUCCESS"},[{"description":"Could not find keyword with id: 308489126829345","code":"ENTITY_NOT_FOUND"},{"description":"Could not find keyword with id: 543503102934344","code":"ENTITY_NOT_FOUND"},{"description":"Could not find keyword with id: 548793679066663","code":"ENTITY_NOT_FOUND"},{"description":"Could not find keyword with id: 318411309078321","code":"ENTITY_NOT_FOUND"},{"description":"Could not find keyword with id: 462847029067300","code":"ENTITY_NOT_FOUND"},{"description":"Could not find keyword with id: 553507386055606","code":"ENTITY_NOT_FOUND"},{"description":"Could not find keyword with id: 476988564764511","code":"ENTITY_NOT_FOUND"},{"description":"Could not find keyword with id: 321190818281906","code":"ENTITY_NOT_FOUND"},{"description":"Could not find keyword with id: 430941147957908","code":"ENTITY_NOT_FOUND"},{"description":"Could not find keyword with id: 454279326905379","code":"ENTITY_NOT_FOUND"},{"description":"Could not find keyword with id: 416438308310490","code":"ENTITY_NOT_FOUND"},{"description":"Could not find keyword with id: 328536032932361","code":"ENTITY_NOT_FOUND"},{"description":"Could not find keyword with id: 322848100198031","code":"ENTITY_NOT_FOUND"},{"description":"Could not find keyword with id: 420091411824478","code":"ENTITY_NOT_FOUND"},{"description":"Could not find keyword with id: 367630559670684","code":"ENTITY_NOT_FOUND"},{"description":"Could not find keyword with id: 420383704829859","code":"ENTITY_NOT_FOUND"},{"description":"Could not find keyword with id: 557746334084838","code":"ENTITY_NOT_FOUND"},{"description":"Could not find keyword with id: 298078643525456","code":"ENTITY_NOT_FOUND"},{"description":"Could not find keyword with id: 77652392980244","code":"ENTITY_NOT_FOUND"},{"description":"Could not find keyword with id: 512551227326273","code":"ENTITY_NOT_FOUND"},{"description":"Could not find keyword with id: 477388608684869","code":"ENTITY_NOT_FOUND"},{"description":"Could not find keyword with id: 411183876769730","code":"ENTITY_NOT_FOUND"},{"description":"Could not find keyword with id: 382320119526349","code":"ENTITY_NOT_FOUND"},{"description":"Could not find keyword with id: 488767922984225","code":"ENTITY_NOT_FOUND"},{"description":"Could not find keyword with id: 372472906525562","code":"ENTITY_NOT_FOUND"},{"description":"Could not find keyword with id: 409061706315728","code":"ENTITY_NOT_FOUND"},{"description":"Could not find keyword with id: 518470585310081","code":"ENTITY_NOT_FOUND"},{"description":"Could not find keyword with id: 288489399552669","code":"ENTITY_NOT_FOUND"},{"description":"Could not find keyword with id: 481754689602647","code":"ENTITY_NOT_FOUND"},{"description":"Could not find keyword with id: 540194675797893","code":"ENTITY_NOT_FOUND"},{"description":"Could not find keyword with id: 302112694158460","code":"ENTITY_NOT_FOUND"},{"description":"Could not find keyword with id: 304073956841199","code":"ENTITY_NOT_FOUND"},{"description":"Could not find keyword with id: 32695728373597","code":"ENTITY_NOT_FOUND"},{"description":"Could not find keyword with id: 436709080318676","code":"ENTITY_NOT_FOUND"},{"description":"Could not find keyword with id: 395910465288404","code":"ENTITY_NOT_FOUND"},{"description":"Could not find keyword with id: 200017162921376","code":"ENTITY_NOT_FOUND"},{"description":"Could not find keyword with id: 185988464000576","code":"ENTITY_NOT_FOUND"},{"description":"Could not find keyword with id: 308198267531833","code":"ENTITY_NOT_FOUND"},{"description":"Could not find keyword with id: 474128925978050","code":"ENTITY_NOT_FOUND"},{"description":"Could not find keyword with id: 398416150047505","code":"ENTITY_NOT_FOUND"},{"description":"Could not find keyword with id: 313892507897383","code":"ENTITY_NOT_FOUND"},{"description":"Could not find keyword with id: 86217704317447","code":"ENTITY_NOT_FOUND"},{"description":"Could not find keyword with id: 417448209506802","code":"ENTITY_NOT_FOUND"},{"description":"Could not find keyword with id: 492680702899297","code":"ENTITY_NOT_FOUND"},{"description":"Could not find keyword with id: 416257114826579","code":"ENTITY_NOT_FOUND"},{"description":"Could not find keyword with id: 302815581008786","code":"ENTITY_NOT_FOUND"},{"description":"Could not find keyword with id: 398867796065467","code":"ENTITY_NOT_FOUND"},{"description":"Could not find keyword with id: 354238316286167","code":"ENTITY_NOT_FOUND"},{"description":"Could not find keyword with id: 548943930358496","code":"ENTITY_NOT_FOUND"},{"description":"Could not find keyword with id: 384211027323004","code":"ENTITY_NOT_FOUND"},{"description":"Could not find keyword with id: 295820569493410","code":"ENTITY_NOT_FOUND"},{"description":"Could not find keyword with id: 379773549932808","code":"ENTITY_NOT_FOUND"},{"description":"Could not find keyword with id: 554159516170805","code":"ENTITY_NOT_FOUND"},{"description":"Could not find keyword with id: 384888105099863","code":"ENTITY_NOT_FOUND"},{"description":"Could not find keyword with id: 401253453834313","code":"ENTITY_NOT_FOUND"},{"description":"Could not find keyword with id: 471006486018956","code":"ENTITY_NOT_FOUND"},{"description":"Could not find keyword with id: 382822169028151","code":"ENTITY_NOT_FOUND"},{"description":"Could not find keyword with id: 537459110267588","code":"ENTITY_NOT_FOUND"},{"description":"Could not find keyword with id: 315775257774544","code":"ENTITY_NOT_FOUND"},{"description":"Could not find keyword with id: 503786357300796","code":"ENTITY_NOT_FOUND"},{"description":"Could not find keyword with id: 359013588032937","code":"ENTITY_NOT_FOUND"},{"description":"Could not find keyword with id: 481449217246167","code":"ENTITY_NOT_FOUND"},{"description":"Could not find keyword with id: 298625870167537","code":"ENTITY_NOT_FOUND"},{"description":"Could not find keyword with id: 523845808786738","code":"ENTITY_NOT_FOUND"},{"description":"Could not find keyword with id: 322083151061270","code":"ENTITY_NOT_FOUND"},{"description":"Could not find keyword with id: 325608575635170","code":"ENTITY_NOT_FOUND"},{"description":"Could not find keyword with id: 296130924036588","code":"ENTITY_NOT_FOUND"},{"description":"Could not find keyword with id: 295357188983284","code":"ENTITY_NOT_FOUND"},{"description":"Could not find keyword with id: 462634476566251","code":"ENTITY_NOT_FOUND"},{"description":"Could not find keyword with id: 348947493006877","code":"ENTITY_NOT_FOUND"},{"description":"Could not find keyword with id: 317037633628047","code":"ENTITY_NOT_FOUND"},{"description":"Could not find keyword with id: 494970838718734","code":"ENTITY_NOT_FOUND"},{"description":"Could not find keyword with id: 363509147293042","code":"ENTITY_NOT_FOUND"},{"description":"Could not find keyword with id: 335336846796446","code":"ENTITY_NOT_FOUND"},{"description":"Could not find keyword with id: 425974578346292","code":"ENTITY_NOT_FOUND"},{"description":"Could not find keyword with id: 396884715236285","code":"ENTITY_NOT_FOUND"},{"description":"Could not find keyword with id: 290736297555643","code":"ENTITY_NOT_FOUND"},{"description":"Could not find keyword with id: 343274106732949","code":"ENTITY_NOT_FOUND"},{"description":"Could not find keyword with id: 332241830584286","code":"ENTITY_NOT_FOUND"},{"description":"Could not find keyword with id: 312988296530773","code":"ENTITY_NOT_FOUND"},{"description":"Could not find keyword with id: 325812709205261","code":"ENTITY_NOT_FOUND"},{"description":"Could not find keyword with id: 403743223786545","code":"ENTITY_NOT_FOUND"},{"description":"Could not find keyword with id: 434965569298460","code":"ENTITY_NOT_FOUND"}]]}
2026-09-17 11:20:38 - 处理keyword失败：amazon 308489126829345
2026-09-17 11:20:38 - 处理keyword失败：amazon 543503102934344
2026-09-17 11:20:38 - 处理keyword失败：amazon 548793679066663
2026-09-17 11:20:38 - 处理keyword失败：amazon 318411309078321
2026-09-17 11:20:38 - 处理keyword失败：amazon 462847029067300
2026-09-17 11:20:38 - 处理keyword失败：amazon 553507386055606
2026-09-17 11:20:38 - 处理keyword失败：amazon 476988564764511
2026-09-17 11:20:38 - 处理keyword失败：amazon 321190818281906
2026-09-17 11:20:38 - 处理keyword失败：amazon 430941147957908
2026-09-17 11:20:38 - 处理keyword失败：amazon 454279326905379
2026-09-17 11:20:38 - 处理keyword失败：amazon 416438308310490
2026-09-17 11:20:38 - 处理keyword失败：amazon 328536032932361
2026-09-17 11:20:38 - 处理keyword失败：amazon 322848100198031
2026-09-17 11:20:38 - 处理keyword失败：amazon 420091411824478
2026-09-17 11:20:38 - 处理keyword失败：amazon 367630559670684
2026-09-17 11:20:38 - 处理keyword失败：amazon 420383704829859
2026-09-17 11:20:38 - 处理keyword成功：amazon 154270438536231
2026-09-17 11:20:38 - 处理keyword失败：amazon 557746334084838
2026-09-17 11:20:38 - 处理keyword失败：amazon 298078643525456
2026-09-17 11:20:38 - 处理keyword失败：amazon 77652392980244
2026-09-17 11:20:38 - 处理keyword失败：amazon 512551227326273
2026-09-17 11:20:38 - 处理keyword失败：amazon 477388608684869
2026-09-17 11:20:38 - 处理keyword失败：amazon 411183876769730
2026-09-17 11:20:38 - 处理keyword失败：amazon 382320119526349
2026-09-17 11:20:38 - 处理keyword失败：amazon 488767922984225
2026-09-17 11:20:38 - 处理keyword失败：amazon 372472906525562
2026-09-17 11:20:38 - 处理keyword失败：amazon 409061706315728
2026-09-17 11:20:38 - 处理keyword失败：amazon 518470585310081
2026-09-17 11:20:38 - 处理keyword失败：amazon 288489399552669
2026-09-17 11:20:38 - 处理keyword失败：amazon 481754689602647
2026-09-17 11:20:38 - 处理keyword成功：amazon 124708899723699
2026-09-17 11:20:38 - 处理keyword成功：amazon 27112214907069
2026-09-17 11:20:38 - 处理keyword失败：amazon 540194675797893
2026-09-17 11:20:38 - 处理keyword失败：amazon 302112694158460
2026-09-17 11:20:38 - 处理keyword失败：amazon 304073956841199
2026-09-17 11:20:38 - 处理keyword失败：amazon 32695728373597
2026-09-17 11:20:38 - 处理keyword失败：amazon 436709080318676
2026-09-17 11:20:38 - 处理keyword失败：amazon 395910465288404
2026-09-17 11:20:38 - 处理keyword失败：amazon 200017162921376
2026-09-17 11:20:38 - 处理keyword失败：amazon 185988464000576
2026-09-17 11:20:38 - 处理keyword失败：amazon 308198267531833
2026-09-17 11:20:38 - 处理keyword失败：amazon 474128925978050
2026-09-17 11:20:38 - 处理keyword失败：amazon 398416150047505
2026-09-17 11:20:38 - 处理keyword成功：amazon 174004042384480
2026-09-17 11:20:38 - 处理keyword失败：amazon 313892507897383
2026-09-17 11:20:38 - 处理keyword失败：amazon 86217704317447
2026-09-17 11:20:38 - 处理keyword失败：amazon 417448209506802
2026-09-17 11:20:38 - 处理keyword失败：amazon 492680702899297
2026-09-17 11:20:38 - 处理keyword失败：amazon 416257114826579
2026-09-17 11:20:38 - 处理keyword失败：amazon 302815581008786
2026-09-17 11:20:38 - 处理keyword失败：amazon 398867796065467
2026-09-17 11:20:38 - 处理keyword失败：amazon 354238316286167
2026-09-17 11:20:38 - 处理keyword失败：amazon 548943930358496
2026-09-17 11:20:38 - 处理keyword失败：amazon 384211027323004
2026-09-17 11:20:38 - 处理keyword成功：amazon 287787033869039
2026-09-17 11:20:38 - 处理keyword成功：amazon 525325253356340
2026-09-17 11:20:38 - 处理keyword失败：amazon 295820569493410
2026-09-17 11:20:38 - 处理keyword失败：amazon 379773549932808
2026-09-17 11:20:38 - 处理keyword失败：amazon 554159516170805
2026-09-17 11:20:38 - 处理keyword失败：amazon 384888105099863
2026-09-17 11:20:38 - 处理keyword失败：amazon 401253453834313
2026-09-17 11:20:38 - 处理keyword失败：amazon 471006486018956
2026-09-17 11:20:38 - 处理keyword成功：amazon 122948960132522
2026-09-17 11:20:38 - 处理keyword失败：amazon 382822169028151
2026-09-17 11:20:38 - 处理keyword失败：amazon 537459110267588
2026-09-17 11:20:38 - 处理keyword失败：amazon 315775257774544
2026-09-17 11:20:38 - 处理keyword失败：amazon 503786357300796
2026-09-17 11:20:38 - 处理keyword失败：amazon 359013588032937
2026-09-17 11:20:38 - 处理keyword失败：amazon 481449217246167
2026-09-17 11:20:38 - 处理keyword失败：amazon 298625870167537
2026-09-17 11:20:38 - 处理keyword失败：amazon 523845808786738
2026-09-17 11:20:38 - 处理keyword失败：amazon 322083151061270
2026-09-17 11:20:38 - 处理keyword失败：amazon 325608575635170
2026-09-17 11:20:38 - 处理keyword成功：amazon 31721014076949
2026-09-17 11:20:38 - 处理keyword失败：amazon 296130924036588
2026-09-17 11:20:38 - 处理keyword失败：amazon 295357188983284
2026-09-17 11:20:38 - 处理keyword失败：amazon 462634476566251
2026-09-17 11:20:38 - 处理keyword成功：amazon 427663015154069
2026-09-17 11:20:38 - 处理keyword失败：amazon 348947493006877
2026-09-17 11:20:38 - 处理keyword失败：amazon 317037633628047
2026-09-17 11:20:38 - 处理keyword成功：amazon 396520924642307
2026-09-17 11:20:38 - 处理keyword失败：amazon 494970838718734
2026-09-17 11:20:38 - 处理keyword成功：amazon 442939940518700
2026-09-17 11:20:38 - 处理keyword失败：amazon 363509147293042
2026-09-17 11:20:38 - 处理keyword失败：amazon 335336846796446
2026-09-17 11:20:38 - 处理keyword失败：amazon 425974578346292
2026-09-17 11:20:38 - 处理keyword失败：amazon 396884715236285
2026-09-17 11:20:38 - 处理keyword失败：amazon 290736297555643
2026-09-17 11:20:38 - 处理keyword失败：amazon 343274106732949
2026-09-17 11:20:38 - 处理keyword失败：amazon 332241830584286
2026-09-17 11:20:38 - 处理keyword失败：amazon 312988296530773
2026-09-17 11:20:38 - 处理keyword成功：amazon 176887520201459
2026-09-17 11:20:38 - 处理keyword失败：amazon 325812709205261
2026-09-17 11:20:38 - 处理keyword失败：amazon 403743223786545
2026-09-17 11:20:38 - 处理keyword失败：amazon 434965569298460
2026-09-17 11:20:38 - batchMongoUpdateKeyword：共3条，成功3条，失败0条
2026-09-17 11:20:38 - batchMongoUpdateKeyword：共25条，成功25条，失败0条
2026-09-17 11:20:39 - {"status":"success","message":"success","data":[{"targetId":313923894403492,"value":"","code":"SUCCESS"},{"targetId":295671951959806,"value":"","code":"SUCCESS"},{"targetId":529366644678230,"value":"","code":"SUCCESS"},{"targetId":404665884980699,"value":"","code":"SUCCESS"},{"targetId":305727815999123,"value":"","code":"SUCCESS"},{"targetId":521302888104285,"value":"","code":"SUCCESS"},{"targetId":365809814263506,"value":"","code":"SUCCESS"},{"targetId":460202696861831,"value":"","code":"SUCCESS"},{"targetId":502139892811650,"value":"","code":"SUCCESS"},{"targetId":300620024724722,"value":"","code":"SUCCESS"},{"targetId":401190533654347,"value":"","code":"SUCCESS"},{"targetId":471155219021385,"value":"","code":"SUCCESS"},{"targetId":323760958264346,"value":"","code":"SUCCESS"},{"targetId":183501525196077,"value":"","code":"SUCCESS"},{"targetId":427221177957896,"value":"","code":"SUCCESS"},{"targetId":292897994064340,"value":"","code":"SUCCESS"},{"targetId":491984215936628,"value":"","code":"SUCCESS"},{"targetId":471184003352201,"value":"","code":"SUCCESS"},{"targetId":443490679788021,"value":"","code":"SUCCESS"},{"targetId":345980628401970,"value":"","code":"SUCCESS"},{"targetId":389999053126954,"value":"","code":"SUCCESS"},{"targetId":456168192269727,"value":"","code":"SUCCESS"},{"targetId":531083614354172,"value":"","code":"SUCCESS"},{"targetId":460874821967871,"value":"","code":"SUCCESS"},{"targetId":430305993681832,"value":"","code":"SUCCESS"},{"targetId":463773102453738,"value":"","code":"SUCCESS"},{"targetId":380338357391540,"value":"","code":"SUCCESS"},{"targetId":454068915030340,"value":"","code":"SUCCESS"},{"targetId":366388947290953,"value":"","code":"SUCCESS"},{"targetId":484276237473073,"value":"","code":"SUCCESS"},{"targetId":537495714568423,"value":"","code":"SUCCESS"},{"targetId":286061266454921,"value":"","code":"SUCCESS"},{"targetId":366722539028739,"value":"","code":"SUCCESS"},{"targetId":376149210192323,"value":"","code":"SUCCESS"},{"targetId":539751134548994,"value":"","code":"SUCCESS"},{"targetId":500567392393823,"value":"","code":"SUCCESS"},{"targetId":377264688660997,"value":"","code":"SUCCESS"},{"targetId":315774462340357,"value":"","code":"SUCCESS"},{"targetId":490568642064998,"value":"","code":"SUCCESS"},{"targetId":307740772477746,"value":"","code":"SUCCESS"},{"targetId":503894243225573,"value":"","code":"SUCCESS"},{"targetId":82942186077881,"value":"","code":"SUCCESS"},{"targetId":497616422169451,"value":"","code":"SUCCESS"},{"targetId":392819341813515,"value":"","code":"SUCCESS"},{"targetId":421253212120160,"value":"","code":"SUCCESS"},{"targetId":497265006114528,"value":"","code":"SUCCESS"},{"targetId":359904718148225,"value":"","code":"SUCCESS"},{"targetId":353724360881720,"value":"","code":"SUCCESS"},{"targetId":237018539191526,"value":"","code":"SUCCESS"},{"targetId":336013263408861,"value":"","code":"SUCCESS"},{"targetId":547673120768976,"value":"","code":"SUCCESS"},{"targetId":424032561516497,"value":"","code":"SUCCESS"},{"targetId":465607655350847,"value":"","code":"SUCCESS"},{"targetId":525061644708622,"value":"","code":"SUCCESS"},{"targetId":555867806967460,"value":"","code":"SUCCESS"},{"targetId":461706917091048,"value":"","code":"SUCCESS"},{"targetId":329229922600351,"value":"","code":"SUCCESS"},{"targetId":529491420617892,"value":"","code":"SUCCESS"},{"targetId":376963774730954,"value":"","code":"SUCCESS"},{"targetId":287764708008034,"value":"","code":"SUCCESS"},{"targetId":532286706901916,"value":"","code":"SUCCESS"},{"targetId":292272320395389,"value":"","code":"SUCCESS"},{"targetId":78895042367526,"value":"","code":"SUCCESS"},{"targetId":292675568871650,"value":"","code":"SUCCESS"},{"targetId":329732511571241,"value":"","code":"SUCCESS"},{"targetId":380001357234854,"value":"","code":"SUCCESS"},{"targetId":330711698364611,"value":"","code":"SUCCESS"},{"targetId":510623276294697,"value":"","code":"SUCCESS"},{"targetId":335148523131879,"value":"","code":"SUCCESS"},{"targetId":505924496488513,"value":"","code":"SUCCESS"},{"targetId":471726443963815,"value":"","code":"SUCCESS"},{"targetId":511102575101527,"value":"","code":"SUCCESS"},{"targetId":412332501031540,"value":"","code":"SUCCESS"},{"targetId":513703833752845,"value":"","code":"SUCCESS"},{"targetId":366350929285452,"value":"","code":"SUCCESS"},{"targetId":348787081762055,"value":"","code":"SUCCESS"},{"targetId":402256889216210,"value":"","code":"SUCCESS"},{"targetId":419399111898350,"value":"","code":"SUCCESS"},{"targetId":556454327883539,"value":"","code":"SUCCESS"},{"targetId":388560487731456,"value":"","code":"SUCCESS"},{"targetId":518363925445881,"value":"","code":"SUCCESS"},{"targetId":371954323461509,"value":"","code":"SUCCESS"},{"targetId":132165989192023,"value":"","code":"SUCCESS"},{"targetId":364673927724983,"value":"","code":"SUCCESS"},{"targetId":558601764682415,"value":"","code":"SUCCESS"},{"targetId":517192370991604,"value":"","code":"SUCCESS"},{"targetId":398479678875402,"value":"","code":"SUCCESS"},{"targetId":234116264815773,"value":"","code":"SUCCESS"},{"targetId":407390858757496,"value":"","code":"SUCCESS"},{"targetId":426082807340383,"value":"","code":"SUCCESS"},{"targetId":357326533206235,"value":"","code":"SUCCESS"},{"targetId":388041697140577,"value":"","code":"SUCCESS"},{"targetId":527147821388118,"value":"","code":"SUCCESS"},{"targetId":351841807813983,"value":"","code":"SUCCESS"},{"targetId":448198681928421,"value":"","code":"SUCCESS"},{"targetId":299129722942802,"value":"","code":"SUCCESS"},{"targetId":463839642983672,"value":"","code":"SUCCESS"},{"targetId":388582311224082,"value":"","code":"SUCCESS"},{"targetId":420137145308309,"value":"","code":"SUCCESS"},{"targetId":501620177561940,"value":"","code":"SUCCESS"},{"targetId":544040303147176,"value":"","code":"SUCCESS"},{"targetId":417835806407700,"value":"","code":"SUCCESS"},{"targetId":498389705331735,"value":"","code":"SUCCESS"},{"targetId":477324234490007,"value":"","code":"SUCCESS"},{"targetId":310727675143099,"value":"","code":"SUCCESS"},{"targetId":532447547039216,"value":"","code":"SUCCESS"},{"targetId":334992792104244,"value":"","code":"SUCCESS"},{"targetId":318624230386139,"value":"","code":"SUCCESS"},{"targetId":514989450142179,"value":"","code":"SUCCESS"},{"targetId":302871262782217,"value":"","code":"SUCCESS"},{"targetId":68156464106040,"value":"","code":"SUCCESS"},{"targetId":464104999182811,"value":"","code":"SUCCESS"},{"targetId":369552813126247,"value":"","code":"SUCCESS"},{"targetId":424000190785481,"value":"","code":"SUCCESS"},{"targetId":428396610498343,"value":"","code":"SUCCESS"},{"targetId":482733667200990,"value":"","code":"SUCCESS"},{"targetId":533870408813485,"value":"","code":"SUCCESS"},{"targetId":387472398228826,"value":"","code":"SUCCESS"},{"targetId":395714674797637,"value":"","code":"SUCCESS"},{"targetId":548597425388047,"value":"","code":"SUCCESS"},{"targetId":540140119685756,"value":"","code":"SUCCESS"},{"targetId":287161553661095,"value":"","code":"SUCCESS"},{"targetId":521657143849062,"value":"","code":"SUCCESS"},{"targetId":526437336601137,"value":"","code":"SUCCESS"},{"targetId":526514808885899,"value":"","code":"SUCCESS"},{"targetId":380348454648872,"value":"","code":"SUCCESS"},{"targetId":359229024038079,"value":"","code":"SUCCESS"},{"targetId":354291780728890,"value":"","code":"SUCCESS"},{"targetId":318008826477938,"value":"","code":"SUCCESS"},{"targetId":483253908855361,"value":"","code":"SUCCESS"},{"targetId":467267431795966,"value":"","code":"SUCCESS"},{"targetId":331164804901412,"value":"","code":"SUCCESS"},{"targetId":329616157239121,"value":"","code":"SUCCESS"},{"targetId":429197219949781,"value":"","code":"SUCCESS"},{"targetId":304052754155870,"value":"","code":"SUCCESS"},{"targetId":447461195400910,"value":"","code":"SUCCESS"},{"targetId":326859017119754,"value":"","code":"SUCCESS"},{"targetId":283855592253093,"value":"","code":"SUCCESS"},{"targetId":498138799933284,"value":"","code":"SUCCESS"},{"targetId":533304069868847,"value":"","code":"SUCCESS"},{"targetId":309622680665298,"value":"","code":"SUCCESS"},{"targetId":462971360510179,"value":"","code":"SUCCESS"},{"targetId":356667361709531,"value":"","code":"SUCCESS"},{"targetId":369698890905380,"value":"","code":"SUCCESS"},{"targetId":365909658694096,"value":"","code":"SUCCESS"},{"targetId":388341741254055,"value":"","code":"SUCCESS"},{"targetId":430596670393355,"value":"","code":"SUCCESS"},{"targetId":356160461205745,"value":"","code":"SUCCESS"},{"targetId":490452302853554,"value":"","code":"SUCCESS"},{"targetId":506000793626020,"value":"","code":"SUCCESS"},{"targetId":67905670728256,"value":"","code":"SUCCESS"},{"targetId":554685231309663,"value":"","code":"SUCCESS"},{"targetId":385995141569616,"value":"","code":"SUCCESS"},{"targetId":557925885422623,"value":"","code":"SUCCESS"},{"targetId":543825394162414,"value":"","code":"SUCCESS"},{"targetId":518828585357636,"value":"","code":"SUCCESS"},{"targetId":397384097698498,"value":"","code":"SUCCESS"},{"targetId":460218784794020,"value":"","code":"SUCCESS"},{"targetId":432790758873127,"value":"","code":"SUCCESS"},{"targetId":401538436323080,"value":"","code":"SUCCESS"},{"targetId":538132541249598,"value":"","code":"SUCCESS"},{"targetId":527151107199198,"value":"","code":"SUCCESS"},{"targetId":480376338003055,"value":"","code":"SUCCESS"},{"targetId":388029400376878,"value":"","code":"SUCCESS"},{"targetId":287090656719675,"value":"","code":"SUCCESS"},{"targetId":436382191450702,"value":"","code":"SUCCESS"},{"targetId":380315965179793,"value":"","code":"SUCCESS"},{"targetId":494420732979277,"value":"","code":"SUCCESS"},{"targetId":285001877909315,"value":"","code":"SUCCESS"},{"targetId":330847723860123,"value":"","code":"SUCCESS"},{"targetId":343908094411609,"value":"","code":"SUCCESS"},{"targetId":484464233769170,"value":"","code":"SUCCESS"},{"targetId":313096038279517,"value":"","code":"SUCCESS"},{"targetId":308489126829345,"value":"","code":"SUCCESS"},{"targetId":543503102934344,"value":"","code":"SUCCESS"},{"targetId":548793679066663,"value":"","code":"SUCCESS"},{"targetId":318411309078321,"value":"","code":"SUCCESS"},{"targetId":462847029067300,"value":"","code":"SUCCESS"},{"targetId":553507386055606,"value":"","code":"SUCCESS"},{"targetId":476988564764511,"value":"","code":"SUCCESS"},{"targetId":321190818281906,"value":"","code":"SUCCESS"},{"targetId":430941147957908,"value":"","code":"SUCCESS"},{"targetId":454279326905379,"value":"","code":"SUCCESS"},{"targetId":416438308310490,"value":"","code":"SUCCESS"},{"targetId":328536032932361,"value":"","code":"SUCCESS"},{"targetId":322848100198031,"value":"","code":"SUCCESS"},{"targetId":420091411824478,"value":"","code":"SUCCESS"},{"targetId":367630559670684,"value":"","code":"SUCCESS"},{"targetId":420383704829859,"value":"","code":"SUCCESS"},{"targetId":557746334084838,"value":"","code":"SUCCESS"},{"targetId":298078643525456,"value":"","code":"SUCCESS"},{"targetId":77652392980244,"value":"","code":"SUCCESS"},{"targetId":512551227326273,"value":"","code":"SUCCESS"},{"targetId":477388608684869,"value":"","code":"SUCCESS"},{"targetId":411183876769730,"value":"","code":"SUCCESS"},{"targetId":382320119526349,"value":"","code":"SUCCESS"},{"targetId":488767922984225,"value":"","code":"SUCCESS"},{"targetId":372472906525562,"value":"","code":"SUCCESS"},{"targetId":409061706315728,"value":"","code":"SUCCESS"},{"targetId":518470585310081,"value":"","code":"SUCCESS"}]}
2026-09-17 11:20:39 - 处理target成功：amazon 313923894403492
2026-09-17 11:20:39 - 处理target成功：amazon 295671951959806
2026-09-17 11:20:39 - 处理target成功：amazon 529366644678230
2026-09-17 11:20:39 - 处理target成功：amazon 404665884980699
2026-09-17 11:20:39 - 处理target成功：amazon 305727815999123
2026-09-17 11:20:39 - 处理target成功：amazon 521302888104285
2026-09-17 11:20:39 - 处理target成功：amazon 365809814263506
2026-09-17 11:20:39 - 处理target成功：amazon 460202696861831
2026-09-17 11:20:39 - 处理target成功：amazon 502139892811650
2026-09-17 11:20:39 - 处理target成功：amazon 300620024724722
2026-09-17 11:20:39 - 处理target成功：amazon 401190533654347
2026-09-17 11:20:39 - 处理target成功：amazon 471155219021385
2026-09-17 11:20:39 - 处理target成功：amazon 323760958264346
2026-09-17 11:20:39 - 处理target成功：amazon 183501525196077
2026-09-17 11:20:39 - 处理target成功：amazon 427221177957896
2026-09-17 11:20:39 - 处理target成功：amazon 292897994064340
2026-09-17 11:20:39 - 处理target成功：amazon 491984215936628
2026-09-17 11:20:39 - 处理target成功：amazon 471184003352201
2026-09-17 11:20:39 - 处理target成功：amazon 443490679788021
2026-09-17 11:20:39 - 处理target成功：amazon 345980628401970
2026-09-17 11:20:39 - 处理target成功：amazon 389999053126954
2026-09-17 11:20:39 - 处理target成功：amazon 456168192269727
2026-09-17 11:20:39 - 处理target成功：amazon 531083614354172
2026-09-17 11:20:39 - 处理target成功：amazon 460874821967871
2026-09-17 11:20:39 - 处理target成功：amazon 430305993681832
2026-09-17 11:20:39 - 处理target成功：amazon 463773102453738
2026-09-17 11:20:39 - 处理target成功：amazon 380338357391540
2026-09-17 11:20:39 - 处理target成功：amazon 454068915030340
2026-09-17 11:20:39 - 处理target成功：amazon 366388947290953
2026-09-17 11:20:39 - 处理target成功：amazon 484276237473073
2026-09-17 11:20:39 - 处理target成功：amazon 537495714568423
2026-09-17 11:20:39 - 处理target成功：amazon 286061266454921
2026-09-17 11:20:39 - 处理target成功：amazon 366722539028739
2026-09-17 11:20:39 - 处理target成功：amazon 376149210192323
2026-09-17 11:20:39 - 处理target成功：amazon 539751134548994
2026-09-17 11:20:39 - 处理target成功：amazon 500567392393823
2026-09-17 11:20:39 - 处理target成功：amazon 377264688660997
2026-09-17 11:20:39 - 处理target成功：amazon 315774462340357
2026-09-17 11:20:39 - 处理target成功：amazon 490568642064998
2026-09-17 11:20:39 - 处理target成功：amazon 307740772477746
2026-09-17 11:20:39 - 处理target成功：amazon 503894243225573
2026-09-17 11:20:39 - 处理target成功：amazon 82942186077881
2026-09-17 11:20:39 - 处理target成功：amazon 497616422169451
2026-09-17 11:20:39 - 处理target成功：amazon 392819341813515
2026-09-17 11:20:39 - 处理target成功：amazon 421253212120160
2026-09-17 11:20:39 - 处理target成功：amazon 497265006114528
2026-09-17 11:20:39 - 处理target成功：amazon 359904718148225
2026-09-17 11:20:39 - 处理target成功：amazon 353724360881720
2026-09-17 11:20:39 - 处理target成功：amazon 237018539191526
2026-09-17 11:20:39 - 处理target成功：amazon 336013263408861
2026-09-17 11:20:39 - 处理target成功：amazon 547673120768976
2026-09-17 11:20:39 - 处理target成功：amazon 424032561516497
2026-09-17 11:20:39 - 处理target成功：amazon 465607655350847
2026-09-17 11:20:39 - 处理target成功：amazon 525061644708622
2026-09-17 11:20:39 - 处理target成功：amazon 555867806967460
2026-09-17 11:20:39 - 处理target成功：amazon 461706917091048
2026-09-17 11:20:39 - 处理target成功：amazon 329229922600351
2026-09-17 11:20:39 - 处理target成功：amazon 529491420617892
2026-09-17 11:20:39 - 处理target成功：amazon 376963774730954
2026-09-17 11:20:39 - 处理target成功：amazon 287764708008034
2026-09-17 11:20:39 - 处理target成功：amazon 532286706901916
2026-09-17 11:20:39 - 处理target成功：amazon 292272320395389
2026-09-17 11:20:39 - 处理target成功：amazon 78895042367526
2026-09-17 11:20:39 - 处理target成功：amazon 292675568871650
2026-09-17 11:20:39 - 处理target成功：amazon 329732511571241
2026-09-17 11:20:39 - 处理target成功：amazon 380001357234854
2026-09-17 11:20:39 - 处理target成功：amazon 330711698364611
2026-09-17 11:20:39 - 处理target成功：amazon 510623276294697
2026-09-17 11:20:39 - 处理target成功：amazon 335148523131879
2026-09-17 11:20:39 - 处理target成功：amazon 505924496488513
2026-09-17 11:20:39 - 处理target成功：amazon 471726443963815
2026-09-17 11:20:39 - 处理target成功：amazon 511102575101527
2026-09-17 11:20:39 - 处理target成功：amazon 412332501031540
2026-09-17 11:20:39 - 处理target成功：amazon 513703833752845
2026-09-17 11:20:39 - 处理target成功：amazon 366350929285452
2026-09-17 11:20:39 - 处理target成功：amazon 348787081762055
2026-09-17 11:20:39 - 处理target成功：amazon 402256889216210
2026-09-17 11:20:39 - 处理target成功：amazon 419399111898350
2026-09-17 11:20:39 - 处理target成功：amazon 556454327883539
2026-09-17 11:20:39 - 处理target成功：amazon 388560487731456
2026-09-17 11:20:39 - 处理target成功：amazon 518363925445881
2026-09-17 11:20:39 - 处理target成功：amazon 371954323461509
2026-09-17 11:20:39 - 处理target成功：amazon 132165989192023
2026-09-17 11:20:39 - 处理target成功：amazon 364673927724983
2026-09-17 11:20:39 - 处理target成功：amazon 558601764682415
2026-09-17 11:20:39 - 处理target成功：amazon 517192370991604
2026-09-17 11:20:39 - 处理target成功：amazon 398479678875402
2026-09-17 11:20:39 - 处理target成功：amazon 234116264815773
2026-09-17 11:20:39 - 处理target成功：amazon 407390858757496
2026-09-17 11:20:39 - 处理target成功：amazon 426082807340383
2026-09-17 11:20:39 - 处理target成功：amazon 357326533206235
2026-09-17 11:20:39 - 处理target成功：amazon 388041697140577
2026-09-17 11:20:39 - 处理target成功：amazon 527147821388118
2026-09-17 11:20:39 - 处理target成功：amazon 351841807813983
2026-09-17 11:20:39 - 处理target成功：amazon 448198681928421
2026-09-17 11:20:39 - 处理target成功：amazon 299129722942802
2026-09-17 11:20:39 - 处理target成功：amazon 463839642983672
2026-09-17 11:20:39 - 处理target成功：amazon 388582311224082
2026-09-17 11:20:39 - 处理target成功：amazon 420137145308309
2026-09-17 11:20:39 - 处理target成功：amazon 501620177561940
2026-09-17 11:20:39 - 处理target成功：amazon 544040303147176
2026-09-17 11:20:39 - 处理target成功：amazon 417835806407700
2026-09-17 11:20:39 - 处理target成功：amazon 498389705331735
2026-09-17 11:20:39 - 处理target成功：amazon 477324234490007
2026-09-17 11:20:39 - 处理target成功：amazon 310727675143099
2026-09-17 11:20:39 - 处理target成功：amazon 532447547039216
2026-09-17 11:20:39 - 处理target成功：amazon 334992792104244
2026-09-17 11:20:39 - 处理target成功：amazon 318624230386139
2026-09-17 11:20:39 - 处理target成功：amazon 514989450142179
2026-09-17 11:20:39 - 处理target成功：amazon 302871262782217
2026-09-17 11:20:39 - 处理target成功：amazon 68156464106040
2026-09-17 11:20:39 - 处理target成功：amazon 464104999182811
2026-09-17 11:20:39 - 处理target成功：amazon 369552813126247
2026-09-17 11:20:39 - 处理target成功：amazon 424000190785481
2026-09-17 11:20:39 - 处理target成功：amazon 428396610498343
2026-09-17 11:20:39 - 处理target成功：amazon 482733667200990
2026-09-17 11:20:39 - 处理target成功：amazon 533870408813485
2026-09-17 11:20:39 - 处理target成功：amazon 387472398228826
2026-09-17 11:20:39 - 处理target成功：amazon 395714674797637
2026-09-17 11:20:39 - 处理target成功：amazon 548597425388047
2026-09-17 11:20:39 - 处理target成功：amazon 540140119685756
2026-09-17 11:20:39 - 处理target成功：amazon 287161553661095
2026-09-17 11:20:39 - 处理target成功：amazon 521657143849062
2026-09-17 11:20:39 - 处理target成功：amazon 526437336601137
2026-09-17 11:20:39 - 处理target成功：amazon 526514808885899
2026-09-17 11:20:39 - 处理target成功：amazon 380348454648872
2026-09-17 11:20:39 - 处理target成功：amazon 359229024038079
2026-09-17 11:20:39 - 处理target成功：amazon 354291780728890
2026-09-17 11:20:39 - 处理target成功：amazon 318008826477938
2026-09-17 11:20:39 - 处理target成功：amazon 483253908855361
2026-09-17 11:20:39 - 处理target成功：amazon 467267431795966
2026-09-17 11:20:39 - 处理target成功：amazon 331164804901412
2026-09-17 11:20:39 - 处理target成功：amazon 329616157239121
2026-09-17 11:20:39 - 处理target成功：amazon 429197219949781
2026-09-17 11:20:39 - 处理target成功：amazon 304052754155870
2026-09-17 11:20:39 - 处理target成功：amazon 447461195400910
2026-09-17 11:20:39 - 处理target成功：amazon 326859017119754
2026-09-17 11:20:39 - 处理target成功：amazon 283855592253093
2026-09-17 11:20:39 - 处理target成功：amazon 498138799933284
2026-09-17 11:20:39 - 处理target成功：amazon 533304069868847
2026-09-17 11:20:39 - 处理target成功：amazon 309622680665298
2026-09-17 11:20:39 - 处理target成功：amazon 462971360510179
2026-09-17 11:20:39 - 处理target成功：amazon 356667361709531
2026-09-17 11:20:39 - 处理target成功：amazon 369698890905380
2026-09-17 11:20:39 - 处理target成功：amazon 365909658694096
2026-09-17 11:20:39 - 处理target成功：amazon 388341741254055
2026-09-17 11:20:39 - 处理target成功：amazon 430596670393355
2026-09-17 11:20:39 - 处理target成功：amazon 356160461205745
2026-09-17 11:20:39 - 处理target成功：amazon 490452302853554
2026-09-17 11:20:39 - 处理target成功：amazon 506000793626020
2026-09-17 11:20:39 - 处理target成功：amazon 67905670728256
2026-09-17 11:20:39 - 处理target成功：amazon 554685231309663
2026-09-17 11:20:39 - 处理target成功：amazon 385995141569616
2026-09-17 11:20:39 - 处理target成功：amazon 557925885422623
2026-09-17 11:20:39 - 处理target成功：amazon 543825394162414
2026-09-17 11:20:39 - 处理target成功：amazon 518828585357636
2026-09-17 11:20:39 - 处理target成功：amazon 397384097698498
2026-09-17 11:20:39 - 处理target成功：amazon 460218784794020
2026-09-17 11:20:39 - 处理target成功：amazon 432790758873127
2026-09-17 11:20:39 - 处理target成功：amazon 401538436323080
2026-09-17 11:20:39 - 处理target成功：amazon 538132541249598
2026-09-17 11:20:39 - 处理target成功：amazon 527151107199198
2026-09-17 11:20:39 - 处理target成功：amazon 480376338003055
2026-09-17 11:20:39 - 处理target成功：amazon 388029400376878
2026-09-17 11:20:39 - 处理target成功：amazon 287090656719675
2026-09-17 11:20:39 - 处理target成功：amazon 436382191450702
2026-09-17 11:20:39 - 处理target成功：amazon 380315965179793
2026-09-17 11:20:39 - 处理target成功：amazon 494420732979277
2026-09-17 11:20:39 - 处理target成功：amazon 285001877909315
2026-09-17 11:20:39 - 处理target成功：amazon 330847723860123
2026-09-17 11:20:39 - 处理target成功：amazon 343908094411609
2026-09-17 11:20:39 - 处理target成功：amazon 484464233769170
2026-09-17 11:20:39 - 处理target成功：amazon 313096038279517
2026-09-17 11:20:39 - 处理target成功：amazon 308489126829345
2026-09-17 11:20:39 - 处理target成功：amazon 543503102934344
2026-09-17 11:20:39 - 处理target成功：amazon 548793679066663
2026-09-17 11:20:39 - 处理target成功：amazon 318411309078321
2026-09-17 11:20:39 - 处理target成功：amazon 462847029067300
2026-09-17 11:20:39 - 处理target成功：amazon 553507386055606
2026-09-17 11:20:39 - 处理target成功：amazon 476988564764511
2026-09-17 11:20:39 - 处理target成功：amazon 321190818281906
2026-09-17 11:20:39 - 处理target成功：amazon 430941147957908
2026-09-17 11:20:39 - 处理target成功：amazon 454279326905379
2026-09-17 11:20:39 - 处理target成功：amazon 416438308310490
2026-09-17 11:20:39 - 处理target成功：amazon 328536032932361
2026-09-17 11:20:39 - 处理target成功：amazon 322848100198031
2026-09-17 11:20:39 - 处理target成功：amazon 420091411824478
2026-09-17 11:20:39 - 处理target成功：amazon 367630559670684
2026-09-17 11:20:39 - 处理target成功：amazon 420383704829859
2026-09-17 11:20:39 - 处理target成功：amazon 557746334084838
2026-09-17 11:20:39 - 处理target成功：amazon 298078643525456
2026-09-17 11:20:39 - 处理target成功：amazon 77652392980244
2026-09-17 11:20:39 - 处理target成功：amazon 512551227326273
2026-09-17 11:20:39 - 处理target成功：amazon 477388608684869
2026-09-17 11:20:39 - 处理target成功：amazon 411183876769730
2026-09-17 11:20:39 - 处理target成功：amazon 382320119526349
2026-09-17 11:20:39 - 处理target成功：amazon 488767922984225
2026-09-17 11:20:39 - 处理target成功：amazon 372472906525562
2026-09-17 11:20:39 - 处理target成功：amazon 409061706315728
2026-09-17 11:20:39 - 处理target成功：amazon 518470585310081
2026-09-17 11:20:40 - {"status":"success","message":"success","data":[{"targetId":288489399552669,"value":"","code":"SUCCESS"},{"targetId":481754689602647,"value":"","code":"SUCCESS"},{"targetId":540194675797893,"value":"","code":"SUCCESS"},{"targetId":302112694158460,"value":"","code":"SUCCESS"},{"targetId":304073956841199,"value":"","code":"SUCCESS"},{"targetId":32695728373597,"value":"","code":"SUCCESS"},{"targetId":436709080318676,"value":"","code":"SUCCESS"},{"targetId":395910465288404,"value":"","code":"SUCCESS"},{"targetId":200017162921376,"value":"","code":"SUCCESS"},{"targetId":185988464000576,"value":"","code":"SUCCESS"},{"targetId":308198267531833,"value":"","code":"SUCCESS"},{"targetId":474128925978050,"value":"","code":"SUCCESS"},{"targetId":398416150047505,"value":"","code":"SUCCESS"},{"targetId":313892507897383,"value":"","code":"SUCCESS"},{"targetId":86217704317447,"value":"","code":"SUCCESS"},{"targetId":417448209506802,"value":"","code":"SUCCESS"},{"targetId":492680702899297,"value":"","code":"SUCCESS"},{"targetId":416257114826579,"value":"","code":"SUCCESS"},{"targetId":302815581008786,"value":"","code":"SUCCESS"},{"targetId":398867796065467,"value":"","code":"SUCCESS"},{"targetId":354238316286167,"value":"","code":"SUCCESS"},{"targetId":548943930358496,"value":"","code":"SUCCESS"},{"targetId":384211027323004,"value":"","code":"SUCCESS"},{"targetId":295820569493410,"value":"","code":"SUCCESS"},{"targetId":379773549932808,"value":"","code":"SUCCESS"},{"targetId":554159516170805,"value":"","code":"SUCCESS"},{"targetId":384888105099863,"value":"","code":"SUCCESS"},{"targetId":401253453834313,"value":"","code":"SUCCESS"},{"targetId":471006486018956,"value":"","code":"SUCCESS"},{"targetId":382822169028151,"value":"","code":"SUCCESS"},{"targetId":537459110267588,"value":"","code":"SUCCESS"},{"targetId":315775257774544,"value":"","code":"SUCCESS"},{"targetId":503786357300796,"value":"","code":"SUCCESS"},{"targetId":359013588032937,"value":"","code":"SUCCESS"},{"targetId":481449217246167,"value":"","code":"SUCCESS"},{"targetId":298625870167537,"value":"","code":"SUCCESS"},{"targetId":523845808786738,"value":"","code":"SUCCESS"},{"targetId":322083151061270,"value":"","code":"SUCCESS"},{"targetId":325608575635170,"value":"","code":"SUCCESS"},{"targetId":296130924036588,"value":"","code":"SUCCESS"},{"targetId":295357188983284,"value":"","code":"SUCCESS"},{"targetId":462634476566251,"value":"","code":"SUCCESS"},{"targetId":348947493006877,"value":"","code":"SUCCESS"},{"targetId":317037633628047,"value":"","code":"SUCCESS"},{"targetId":494970838718734,"value":"","code":"SUCCESS"},{"targetId":363509147293042,"value":"","code":"SUCCESS"},{"targetId":335336846796446,"value":"","code":"SUCCESS"},{"targetId":425974578346292,"value":"","code":"SUCCESS"},{"targetId":396884715236285,"value":"","code":"SUCCESS"},{"targetId":290736297555643,"value":"","code":"SUCCESS"},{"targetId":343274106732949,"value":"","code":"SUCCESS"},{"targetId":332241830584286,"value":"","code":"SUCCESS"},{"targetId":312988296530773,"value":"","code":"SUCCESS"},{"targetId":325812709205261,"value":"","code":"SUCCESS"},{"targetId":403743223786545,"value":"","code":"SUCCESS"},{"targetId":434965569298460,"value":"","code":"SUCCESS"}]}
2026-09-17 11:20:40 - 处理target成功：amazon 288489399552669
2026-09-17 11:20:40 - 处理target成功：amazon 481754689602647
2026-09-17 11:20:40 - 处理target成功：amazon 540194675797893
2026-09-17 11:20:40 - 处理target成功：amazon 302112694158460
2026-09-17 11:20:40 - 处理target成功：amazon 304073956841199
2026-09-17 11:20:40 - 处理target成功：amazon 32695728373597
2026-09-17 11:20:40 - 处理target成功：amazon 436709080318676
2026-09-17 11:20:40 - 处理target成功：amazon 395910465288404
2026-09-17 11:20:40 - 处理target成功：amazon 200017162921376
2026-09-17 11:20:40 - 处理target成功：amazon 185988464000576
2026-09-17 11:20:40 - 处理target成功：amazon 308198267531833
2026-09-17 11:20:40 - 处理target成功：amazon 474128925978050
2026-09-17 11:20:40 - 处理target成功：amazon 398416150047505
2026-09-17 11:20:40 - 处理target成功：amazon 313892507897383
2026-09-17 11:20:40 - 处理target成功：amazon 86217704317447
2026-09-17 11:20:40 - 处理target成功：amazon 417448209506802
2026-09-17 11:20:40 - 处理target成功：amazon 492680702899297
2026-09-17 11:20:40 - 处理target成功：amazon 416257114826579
2026-09-17 11:20:40 - 处理target成功：amazon 302815581008786
2026-09-17 11:20:40 - 处理target成功：amazon 398867796065467
2026-09-17 11:20:40 - 处理target成功：amazon 354238316286167
2026-09-17 11:20:40 - 处理target成功：amazon 548943930358496
2026-09-17 11:20:40 - 处理target成功：amazon 384211027323004
2026-09-17 11:20:40 - 处理target成功：amazon 295820569493410
2026-09-17 11:20:40 - 处理target成功：amazon 379773549932808
2026-09-17 11:20:40 - 处理target成功：amazon 554159516170805
2026-09-17 11:20:40 - 处理target成功：amazon 384888105099863
2026-09-17 11:20:40 - 处理target成功：amazon 401253453834313
2026-09-17 11:20:40 - 处理target成功：amazon 471006486018956
2026-09-17 11:20:40 - 处理target成功：amazon 382822169028151
2026-09-17 11:20:40 - 处理target成功：amazon 537459110267588
2026-09-17 11:20:40 - 处理target成功：amazon 315775257774544
2026-09-17 11:20:40 - 处理target成功：amazon 503786357300796
2026-09-17 11:20:40 - 处理target成功：amazon 359013588032937
2026-09-17 11:20:40 - 处理target成功：amazon 481449217246167
2026-09-17 11:20:40 - 处理target成功：amazon 298625870167537
2026-09-17 11:20:40 - 处理target成功：amazon 523845808786738
2026-09-17 11:20:40 - 处理target成功：amazon 322083151061270
2026-09-17 11:20:40 - 处理target成功：amazon 325608575635170
2026-09-17 11:20:40 - 处理target成功：amazon 296130924036588
2026-09-17 11:20:40 - 处理target成功：amazon 295357188983284
2026-09-17 11:20:40 - 处理target成功：amazon 462634476566251
2026-09-17 11:20:40 - 处理target成功：amazon 348947493006877
2026-09-17 11:20:40 - 处理target成功：amazon 317037633628047
2026-09-17 11:20:40 - 处理target成功：amazon 494970838718734
2026-09-17 11:20:40 - 处理target成功：amazon 363509147293042
2026-09-17 11:20:40 - 处理target成功：amazon 335336846796446
2026-09-17 11:20:40 - 处理target成功：amazon 425974578346292
2026-09-17 11:20:40 - 处理target成功：amazon 396884715236285
2026-09-17 11:20:40 - 处理target成功：amazon 290736297555643
2026-09-17 11:20:40 - 处理target成功：amazon 343274106732949
2026-09-17 11:20:40 - 处理target成功：amazon 332241830584286
2026-09-17 11:20:40 - 处理target成功：amazon 312988296530773
2026-09-17 11:20:40 - 处理target成功：amazon 325812709205261
2026-09-17 11:20:40 - 处理target成功：amazon 403743223786545
2026-09-17 11:20:40 - 处理target成功：amazon 434965569298460
2026-09-17 11:20:41 - batchMongoUpdateTarget：共5条，成功5条，失败0条
2026-09-17 11:20:41 - batchMongoUpdateTarget：共4条，成功4条，失败0条
2026-09-17 11:20:42 - {"status":"success","message":"success","data":[{"keywordId":509887101522146,"code":"SUCCESS"},{"keywordId":336921661364669,"code":"SUCCESS"},{"keywordId":485710925123912,"code":"SUCCESS"},{"keywordId":334879571915592,"code":"SUCCESS"},{"keywordId":207290707473037,"code":"SUCCESS"},{"keywordId":337585369302868,"code":"SUCCESS"},{"keywordId":389213215687833,"code":"SUCCESS"},{"keywordId":331664396171382,"code":"SUCCESS"},{"keywordId":433368844986026,"code":"SUCCESS"},{"keywordId":90210647614787,"code":"SUCCESS"},[{"description":"Could not find keyword with id: 467407314486216","code":"ENTITY_NOT_FOUND"},{"description":"Could not find keyword with id: 561408230886803","code":"ENTITY_NOT_FOUND"},{"description":"Could not find keyword with id: 424415689207764","code":"ENTITY_NOT_FOUND"},{"description":"Could not find keyword with id: 515819100290492","code":"ENTITY_NOT_FOUND"},{"description":"Could not find keyword with id: 459898942240732","code":"ENTITY_NOT_FOUND"},{"description":"Could not find keyword with id: 384169044336717","code":"ENTITY_NOT_FOUND"},{"description":"Could not find keyword with id: 524517008936345","code":"ENTITY_NOT_FOUND"},{"description":"Could not find keyword with id: 512822520072865","code":"ENTITY_NOT_FOUND"},{"description":"Could not find keyword with id: 416394742038317","code":"ENTITY_NOT_FOUND"},{"description":"Could not find keyword with id: 386370881498663","code":"ENTITY_NOT_FOUND"},{"description":"Could not find keyword with id: 413697033634013","code":"ENTITY_NOT_FOUND"},{"description":"Could not find keyword with id: 305740841532782","code":"ENTITY_NOT_FOUND"},{"description":"Could not find keyword with id: 385837170629432","code":"ENTITY_NOT_FOUND"},{"description":"Could not find keyword with id: 329463291558038","code":"ENTITY_NOT_FOUND"},{"description":"Could not find keyword with id: 363618312023194","code":"ENTITY_NOT_FOUND"},{"description":"Could not find keyword with id: 429536261188329","code":"ENTITY_NOT_FOUND"},{"description":"Could not find keyword with id: 480469383158688","code":"ENTITY_NOT_FOUND"},{"description":"Could not find keyword with id: 367818068878375","code":"ENTITY_NOT_FOUND"},{"description":"Could not find keyword with id: 397976361818029","code":"ENTITY_NOT_FOUND"},{"description":"Could not find keyword with id: 406762001689462","code":"ENTITY_NOT_FOUND"},{"description":"Could not find keyword with id: 303881047415108","code":"ENTITY_NOT_FOUND"},{"description":"Could not find keyword with id: 290435150852906","code":"ENTITY_NOT_FOUND"},{"description":"Could not find keyword with id: 526019498126751","code":"ENTITY_NOT_FOUND"},{"description":"Could not find keyword with id: 327245782139678","code":"ENTITY_NOT_FOUND"},{"description":"Could not find keyword with id: 449199813339541","code":"ENTITY_NOT_FOUND"},{"description":"Could not find keyword with id: 389243934006098","code":"ENTITY_NOT_FOUND"},{"description":"Could not find keyword with id: 361840914028121","code":"ENTITY_NOT_FOUND"},{"description":"Could not find keyword with id: 509493966106161","code":"ENTITY_NOT_FOUND"},{"description":"Could not find keyword with id: 395446310523174","code":"ENTITY_NOT_FOUND"},{"description":"Could not find keyword with id: 319106257883629","code":"ENTITY_NOT_FOUND"},{"description":"Could not find keyword with id: 339949076988805","code":"ENTITY_NOT_FOUND"},{"description":"Could not find keyword with id: 290056176603062","code":"ENTITY_NOT_FOUND"},{"description":"Could not find keyword with id: 403939563314614","code":"ENTITY_NOT_FOUND"},{"description":"Could not find keyword with id: 501875924259430","code":"ENTITY_NOT_FOUND"},{"description":"Could not find keyword with id: 434774930882349","code":"ENTITY_NOT_FOUND"},{"description":"Could not find keyword with id: 288164776057421","code":"ENTITY_NOT_FOUND"},{"description":"Could not find keyword with id: 437485009547820","code":"ENTITY_NOT_FOUND"},{"description":"Could not find keyword with id: 545803919695736","code":"ENTITY_NOT_FOUND"},{"description":"Could not find keyword with id: 447519157612602","code":"ENTITY_NOT_FOUND"},{"description":"Could not find keyword with id: 437091727591757","code":"ENTITY_NOT_FOUND"},{"description":"Could not find keyword with id: 469055962981309","code":"ENTITY_NOT_FOUND"},{"description":"Could not find keyword with id: 487620053882959","code":"ENTITY_NOT_FOUND"},{"description":"Could not find keyword with id: 457030953731443","code":"ENTITY_NOT_FOUND"},{"description":"Could not find keyword with id: 406501513016372","code":"ENTITY_NOT_FOUND"},{"description":"Could not find keyword with id: 294485591019160","code":"ENTITY_NOT_FOUND"},{"description":"Could not find keyword with id: 533192995327384","code":"ENTITY_NOT_FOUND"},{"description":"Could not find keyword with id: 409485145470837","code":"ENTITY_NOT_FOUND"},{"description":"Could not find keyword with id: 465420368560475","code":"ENTITY_NOT_FOUND"},{"description":"Could not find keyword with id: 535172814819401","code":"ENTITY_NOT_FOUND"},{"description":"Could not find keyword with id: 534902845695742","code":"ENTITY_NOT_FOUND"},{"description":"Could not find keyword with id: 478615522779674","code":"ENTITY_NOT_FOUND"},{"description":"Could not find keyword with id: 469808546059848","code":"ENTITY_NOT_FOUND"},{"description":"Could not find keyword with id: 408606539387591","code":"ENTITY_NOT_FOUND"},{"description":"Could not find keyword with id: 324476742403432","code":"ENTITY_NOT_FOUND"},{"description":"Could not find keyword with id: 562566764054595","code":"ENTITY_NOT_FOUND"}]]}
2026-09-17 11:20:42 - 处理keyword失败：amazon_us_moto 467407314486216
2026-09-17 11:20:42 - 处理keyword失败：amazon_us_moto 561408230886803
2026-09-17 11:20:42 - 处理keyword失败：amazon_us_moto 424415689207764
2026-09-17 11:20:42 - 处理keyword失败：amazon_us_moto 515819100290492
2026-09-17 11:20:42 - 处理keyword失败：amazon_us_moto 459898942240732
2026-09-17 11:20:42 - 处理keyword失败：amazon_us_moto 384169044336717
2026-09-17 11:20:42 - 处理keyword失败：amazon_us_moto 524517008936345
2026-09-17 11:20:42 - 处理keyword失败：amazon_us_moto 512822520072865
2026-09-17 11:20:42 - 处理keyword失败：amazon_us_moto 416394742038317
2026-09-17 11:20:42 - 处理keyword失败：amazon_us_moto 386370881498663
2026-09-17 11:20:42 - 处理keyword失败：amazon_us_moto 413697033634013
2026-09-17 11:20:42 - 处理keyword失败：amazon_us_moto 305740841532782
2026-09-17 11:20:42 - 处理keyword失败：amazon_us_moto 385837170629432
2026-09-17 11:20:42 - 处理keyword失败：amazon_us_moto 329463291558038
2026-09-17 11:20:42 - 处理keyword失败：amazon_us_moto 363618312023194
2026-09-17 11:20:42 - 处理keyword失败：amazon_us_moto 429536261188329
2026-09-17 11:20:42 - 处理keyword失败：amazon_us_moto 480469383158688
2026-09-17 11:20:42 - 处理keyword成功：amazon_us_moto 509887101522146
2026-09-17 11:20:42 - 处理keyword成功：amazon_us_moto 336921661364669
2026-09-17 11:20:42 - 处理keyword失败：amazon_us_moto 367818068878375
2026-09-17 11:20:42 - 处理keyword失败：amazon_us_moto 397976361818029
2026-09-17 11:20:42 - 处理keyword失败：amazon_us_moto 406762001689462
2026-09-17 11:20:42 - 处理keyword失败：amazon_us_moto 303881047415108
2026-09-17 11:20:42 - 处理keyword失败：amazon_us_moto 290435150852906
2026-09-17 11:20:42 - 处理keyword失败：amazon_us_moto 526019498126751
2026-09-17 11:20:42 - 处理keyword失败：amazon_us_moto 327245782139678
2026-09-17 11:20:42 - 处理keyword成功：amazon_us_moto 485710925123912
2026-09-17 11:20:42 - 处理keyword失败：amazon_us_moto 449199813339541
2026-09-17 11:20:42 - 处理keyword成功：amazon_us_moto 334879571915592
2026-09-17 11:20:42 - 处理keyword失败：amazon_us_moto 389243934006098
2026-09-17 11:20:42 - 处理keyword失败：amazon_us_moto 361840914028121
2026-09-17 11:20:42 - 处理keyword失败：amazon_us_moto 509493966106161
2026-09-17 11:20:42 - 处理keyword成功：amazon_us_moto 207290707473037
2026-09-17 11:20:42 - 处理keyword失败：amazon_us_moto 395446310523174
2026-09-17 11:20:42 - 处理keyword失败：amazon_us_moto 319106257883629
2026-09-17 11:20:42 - 处理keyword失败：amazon_us_moto 339949076988805
2026-09-17 11:20:42 - 处理keyword失败：amazon_us_moto 290056176603062
2026-09-17 11:20:42 - 处理keyword失败：amazon_us_moto 403939563314614
2026-09-17 11:20:42 - 处理keyword失败：amazon_us_moto 501875924259430
2026-09-17 11:20:42 - 处理keyword失败：amazon_us_moto 434774930882349
2026-09-17 11:20:42 - 处理keyword成功：amazon_us_moto 337585369302868
2026-09-17 11:20:42 - 处理keyword失败：amazon_us_moto 288164776057421
2026-09-17 11:20:42 - 处理keyword失败：amazon_us_moto 437485009547820
2026-09-17 11:20:42 - 处理keyword失败：amazon_us_moto 545803919695736
2026-09-17 11:20:42 - 处理keyword失败：amazon_us_moto 447519157612602
2026-09-17 11:20:42 - 处理keyword失败：amazon_us_moto 437091727591757
2026-09-17 11:20:42 - 处理keyword成功：amazon_us_moto 389213215687833
2026-09-17 11:20:42 - 处理keyword失败：amazon_us_moto 469055962981309
2026-09-17 11:20:42 - 处理keyword失败：amazon_us_moto 487620053882959
2026-09-17 11:20:42 - 处理keyword失败：amazon_us_moto 457030953731443
2026-09-17 11:20:42 - 处理keyword失败：amazon_us_moto 406501513016372
2026-09-17 11:20:42 - 处理keyword失败：amazon_us_moto 294485591019160
2026-09-17 11:20:42 - 处理keyword成功：amazon_us_moto 331664396171382
2026-09-17 11:20:42 - 处理keyword失败：amazon_us_moto 533192995327384
2026-09-17 11:20:42 - 处理keyword失败：amazon_us_moto 409485145470837
2026-09-17 11:20:42 - 处理keyword失败：amazon_us_moto 465420368560475
2026-09-17 11:20:42 - 处理keyword失败：amazon_us_moto 535172814819401
2026-09-17 11:20:42 - 处理keyword失败：amazon_us_moto 534902845695742
2026-09-17 11:20:42 - 处理keyword成功：amazon_us_moto 433368844986026
2026-09-17 11:20:42 - 处理keyword失败：amazon_us_moto 478615522779674
2026-09-17 11:20:42 - 处理keyword失败：amazon_us_moto 469808546059848
2026-09-17 11:20:42 - 处理keyword成功：amazon_us_moto 90210647614787
2026-09-17 11:20:42 - 处理keyword失败：amazon_us_moto 408606539387591
2026-09-17 11:20:42 - 处理keyword失败：amazon_us_moto 324476742403432
2026-09-17 11:20:42 - 处理keyword失败：amazon_us_moto 562566764054595
2026-09-17 11:20:42 - batchMongoUpdateKeyword：共1条，成功1条，失败0条
2026-09-17 11:20:42 - batchMongoUpdateKeyword：共6条，成功6条，失败0条
2026-09-17 11:20:44 - {"status":"success","message":"success","data":[{"targetId":467407314486216,"value":"","code":"SUCCESS"},{"targetId":561408230886803,"value":"","code":"SUCCESS"},{"targetId":424415689207764,"value":"","code":"SUCCESS"},{"targetId":515819100290492,"value":"","code":"SUCCESS"},{"targetId":459898942240732,"value":"","code":"SUCCESS"},{"targetId":384169044336717,"value":"","code":"SUCCESS"},{"targetId":524517008936345,"value":"","code":"SUCCESS"},{"targetId":512822520072865,"value":"","code":"SUCCESS"},{"targetId":416394742038317,"value":"","code":"SUCCESS"},{"targetId":386370881498663,"value":"","code":"SUCCESS"},{"targetId":413697033634013,"value":"","code":"SUCCESS"},{"targetId":305740841532782,"value":"","code":"SUCCESS"},{"targetId":385837170629432,"value":"","code":"SUCCESS"},{"targetId":329463291558038,"value":"","code":"SUCCESS"},{"targetId":363618312023194,"value":"","code":"SUCCESS"},{"targetId":429536261188329,"value":"","code":"SUCCESS"},{"targetId":480469383158688,"value":"","code":"SUCCESS"},{"targetId":367818068878375,"value":"","code":"SUCCESS"},{"targetId":397976361818029,"value":"","code":"SUCCESS"},{"targetId":406762001689462,"value":"","code":"SUCCESS"},{"targetId":303881047415108,"value":"","code":"SUCCESS"},{"targetId":290435150852906,"value":"","code":"SUCCESS"},{"targetId":526019498126751,"value":"","code":"SUCCESS"},{"targetId":327245782139678,"value":"","code":"SUCCESS"},{"targetId":449199813339541,"value":"","code":"SUCCESS"},{"targetId":389243934006098,"value":"","code":"SUCCESS"},{"targetId":361840914028121,"value":"","code":"SUCCESS"},{"targetId":509493966106161,"value":"","code":"SUCCESS"},{"targetId":395446310523174,"value":"","code":"SUCCESS"},{"targetId":319106257883629,"value":"","code":"SUCCESS"},{"targetId":339949076988805,"value":"","code":"SUCCESS"},{"targetId":290056176603062,"value":"","code":"SUCCESS"},{"targetId":403939563314614,"value":"","code":"SUCCESS"},{"targetId":501875924259430,"value":"","code":"SUCCESS"},{"targetId":434774930882349,"value":"","code":"SUCCESS"},{"targetId":288164776057421,"value":"","code":"SUCCESS"},{"targetId":437485009547820,"value":"","code":"SUCCESS"},{"targetId":545803919695736,"value":"","code":"SUCCESS"},{"targetId":447519157612602,"value":"","code":"SUCCESS"},{"targetId":437091727591757,"value":"","code":"SUCCESS"},{"targetId":469055962981309,"value":"","code":"SUCCESS"},{"targetId":487620053882959,"value":"","code":"SUCCESS"},{"targetId":457030953731443,"value":"","code":"SUCCESS"},{"targetId":406501513016372,"value":"","code":"SUCCESS"},{"targetId":294485591019160,"value":"","code":"SUCCESS"},{"targetId":533192995327384,"value":"","code":"SUCCESS"},{"targetId":409485145470837,"value":"","code":"SUCCESS"},{"targetId":465420368560475,"value":"","code":"SUCCESS"},{"targetId":535172814819401,"value":"","code":"SUCCESS"},{"targetId":534902845695742,"value":"","code":"SUCCESS"},{"targetId":478615522779674,"value":"","code":"SUCCESS"},{"targetId":469808546059848,"value":"","code":"SUCCESS"},{"targetId":408606539387591,"value":"","code":"SUCCESS"},{"targetId":324476742403432,"value":"","code":"SUCCESS"},{"targetId":562566764054595,"value":"","code":"SUCCESS"}]}
2026-09-17 11:20:44 - 处理target成功：amazon_us_moto 467407314486216
2026-09-17 11:20:44 - 处理target成功：amazon_us_moto 561408230886803
2026-09-17 11:20:44 - 处理target成功：amazon_us_moto 424415689207764
2026-09-17 11:20:44 - 处理target成功：amazon_us_moto 515819100290492
2026-09-17 11:20:44 - 处理target成功：amazon_us_moto 459898942240732
2026-09-17 11:20:44 - 处理target成功：amazon_us_moto 384169044336717
2026-09-17 11:20:44 - 处理target成功：amazon_us_moto 524517008936345
2026-09-17 11:20:44 - 处理target成功：amazon_us_moto 512822520072865
2026-09-17 11:20:44 - 处理target成功：amazon_us_moto 416394742038317
2026-09-17 11:20:44 - 处理target成功：amazon_us_moto 386370881498663
2026-09-17 11:20:44 - 处理target成功：amazon_us_moto 413697033634013
2026-09-17 11:20:44 - 处理target成功：amazon_us_moto 305740841532782
2026-09-17 11:20:44 - 处理target成功：amazon_us_moto 385837170629432
2026-09-17 11:20:44 - 处理target成功：amazon_us_moto 329463291558038
2026-09-17 11:20:44 - 处理target成功：amazon_us_moto 363618312023194
2026-09-17 11:20:44 - 处理target成功：amazon_us_moto 429536261188329
2026-09-17 11:20:44 - 处理target成功：amazon_us_moto 480469383158688
2026-09-17 11:20:44 - 处理target成功：amazon_us_moto 367818068878375
2026-09-17 11:20:44 - 处理target成功：amazon_us_moto 397976361818029
2026-09-17 11:20:44 - 处理target成功：amazon_us_moto 406762001689462
2026-09-17 11:20:44 - 处理target成功：amazon_us_moto 303881047415108
2026-09-17 11:20:44 - 处理target成功：amazon_us_moto 290435150852906
2026-09-17 11:20:44 - 处理target成功：amazon_us_moto 526019498126751
2026-09-17 11:20:44 - 处理target成功：amazon_us_moto 327245782139678
2026-09-17 11:20:44 - 处理target成功：amazon_us_moto 449199813339541
2026-09-17 11:20:44 - 处理target成功：amazon_us_moto 389243934006098
2026-09-17 11:20:44 - 处理target成功：amazon_us_moto 361840914028121
2026-09-17 11:20:44 - 处理target成功：amazon_us_moto 509493966106161
2026-09-17 11:20:44 - 处理target成功：amazon_us_moto 395446310523174
2026-09-17 11:20:44 - 处理target成功：amazon_us_moto 319106257883629
2026-09-17 11:20:44 - 处理target成功：amazon_us_moto 339949076988805
2026-09-17 11:20:44 - 处理target成功：amazon_us_moto 290056176603062
2026-09-17 11:20:44 - 处理target成功：amazon_us_moto 403939563314614
2026-09-17 11:20:44 - 处理target成功：amazon_us_moto 501875924259430
2026-09-17 11:20:44 - 处理target成功：amazon_us_moto 434774930882349
2026-09-17 11:20:44 - 处理target成功：amazon_us_moto 288164776057421
2026-09-17 11:20:44 - 处理target成功：amazon_us_moto 437485009547820
2026-09-17 11:20:44 - 处理target成功：amazon_us_moto 545803919695736
2026-09-17 11:20:44 - 处理target成功：amazon_us_moto 447519157612602
2026-09-17 11:20:44 - 处理target成功：amazon_us_moto 437091727591757
2026-09-17 11:20:44 - 处理target成功：amazon_us_moto 469055962981309
2026-09-17 11:20:44 - 处理target成功：amazon_us_moto 487620053882959
2026-09-17 11:20:44 - 处理target成功：amazon_us_moto 457030953731443
2026-09-17 11:20:44 - 处理target成功：amazon_us_moto 406501513016372
2026-09-17 11:20:44 - 处理target成功：amazon_us_moto 294485591019160
2026-09-17 11:20:44 - 处理target成功：amazon_us_moto 533192995327384
2026-09-17 11:20:44 - 处理target成功：amazon_us_moto 409485145470837
2026-09-17 11:20:44 - 处理target成功：amazon_us_moto 465420368560475
2026-09-17 11:20:44 - 处理target成功：amazon_us_moto 535172814819401
2026-09-17 11:20:44 - 处理target成功：amazon_us_moto 534902845695742
2026-09-17 11:20:44 - 处理target成功：amazon_us_moto 478615522779674
2026-09-17 11:20:44 - 处理target成功：amazon_us_moto 469808546059848
2026-09-17 11:20:44 - 处理target成功：amazon_us_moto 408606539387591
2026-09-17 11:20:44 - 处理target成功：amazon_us_moto 324476742403432
2026-09-17 11:20:44 - 处理target成功：amazon_us_moto 562566764054595
2026-09-17 11:20:44 - batchMongoUpdateTarget：共1条，成功1条，失败0条
2026-09-17 11:20:45 - {"status":"success","message":"success","data":[{"keywordId":244058464085367,"code":"SUCCESS"},{"keywordId":276632532632529,"code":"SUCCESS"},{"keywordId":236164739763309,"code":"SUCCESS"},{"keywordId":339654399351207,"code":"SUCCESS"},{"keywordId":161659539504396,"code":"SUCCESS"},[{"description":"Could not find keyword with id: 371992889519966","code":"ENTITY_NOT_FOUND"},{"description":"Could not find keyword with id: 535961094282470","code":"ENTITY_NOT_FOUND"},{"description":"Could not find keyword with id: 436512142275279","code":"ENTITY_NOT_FOUND"},{"description":"Could not find keyword with id: 444066074812655","code":"ENTITY_NOT_FOUND"},{"description":"Could not find keyword with id: 490919703641097","code":"ENTITY_NOT_FOUND"},{"description":"Could not find keyword with id: 503894301767755","code":"ENTITY_NOT_FOUND"},{"description":"Could not find keyword with id: 341264437049388","code":"ENTITY_NOT_FOUND"},{"description":"Could not find keyword with id: 339062509218246","code":"ENTITY_NOT_FOUND"},{"description":"Could not find keyword with id: 391817005834842","code":"ENTITY_NOT_FOUND"},{"description":"Could not find keyword with id: 417919966216039","code":"ENTITY_NOT_FOUND"},{"description":"Could not find keyword with id: 397414679458059","code":"ENTITY_NOT_FOUND"},{"description":"Could not find keyword with id: 449196582074894","code":"ENTITY_NOT_FOUND"},{"description":"Could not find keyword with id: 439171035548063","code":"ENTITY_NOT_FOUND"},{"description":"Could not find keyword with id: 536836418008303","code":"ENTITY_NOT_FOUND"},{"description":"Could not find keyword with id: 369671786970223","code":"ENTITY_NOT_FOUND"},{"description":"Could not find keyword with id: 537946271990912","code":"ENTITY_NOT_FOUND"},{"description":"Could not find keyword with id: 441007798522535","code":"ENTITY_NOT_FOUND"},{"description":"Could not find keyword with id: 317889770048799","code":"ENTITY_NOT_FOUND"},{"description":"Could not find keyword with id: 447209267821227","code":"ENTITY_NOT_FOUND"},{"description":"Could not find keyword with id: 428382953851691","code":"ENTITY_NOT_FOUND"},{"description":"Could not find keyword with id: 470270875931211","code":"ENTITY_NOT_FOUND"},{"description":"Could not find keyword with id: 305896917426524","code":"ENTITY_NOT_FOUND"},{"description":"Could not find keyword with id: 394070506951655","code":"ENTITY_NOT_FOUND"},{"description":"Could not find keyword with id: 317240084245452","code":"ENTITY_NOT_FOUND"},{"description":"Could not find keyword with id: 389150872336864","code":"ENTITY_NOT_FOUND"},{"description":"Could not find keyword with id: 494426939489089","code":"ENTITY_NOT_FOUND"},{"description":"Could not find keyword with id: 454625712142276","code":"ENTITY_NOT_FOUND"},{"description":"Could not find keyword with id: 485188128262947","code":"ENTITY_NOT_FOUND"},{"description":"Could not find keyword with id: 558470396173612","code":"ENTITY_NOT_FOUND"},{"description":"Could not find keyword with id: 513781065351596","code":"ENTITY_NOT_FOUND"},{"description":"Could not find keyword with id: 492425830446994","code":"ENTITY_NOT_FOUND"},{"description":"Could not find keyword with id: 368401467461894","code":"ENTITY_NOT_FOUND"},{"description":"Could not find keyword with id: 455245539094662","code":"ENTITY_NOT_FOUND"},{"description":"Could not find keyword with id: 358996564920005","code":"ENTITY_NOT_FOUND"},{"description":"Could not find keyword with id: 464762774811846","code":"ENTITY_NOT_FOUND"},{"description":"Could not find keyword with id: 415853253056074","code":"ENTITY_NOT_FOUND"},{"description":"Could not find keyword with id: 468925054020707","code":"ENTITY_NOT_FOUND"},{"description":"Could not find keyword with id: 333655212806383","code":"ENTITY_NOT_FOUND"},{"description":"Could not find keyword with id: 432536678921955","code":"ENTITY_NOT_FOUND"},{"description":"Could not find keyword with id: 302665549099361","code":"ENTITY_NOT_FOUND"},{"description":"Could not find keyword with id: 315491071012834","code":"ENTITY_NOT_FOUND"}]]}
2026-09-17 11:20:45 - 处理keyword失败：amazon_ca_moto 371992889519966
2026-09-17 11:20:45 - 处理keyword失败：amazon_ca_moto 535961094282470
2026-09-17 11:20:45 - 处理keyword失败：amazon_ca_moto 436512142275279
2026-09-17 11:20:45 - 处理keyword失败：amazon_ca_moto 444066074812655
2026-09-17 11:20:45 - 处理keyword失败：amazon_ca_moto 490919703641097
2026-09-17 11:20:45 - 处理keyword失败：amazon_ca_moto 503894301767755
2026-09-17 11:20:45 - 处理keyword失败：amazon_ca_moto 341264437049388
2026-09-17 11:20:45 - 处理keyword失败：amazon_ca_moto 339062509218246
2026-09-17 11:20:45 - 处理keyword失败：amazon_ca_moto 391817005834842
2026-09-17 11:20:45 - 处理keyword失败：amazon_ca_moto 417919966216039
2026-09-17 11:20:45 - 处理keyword成功：amazon_ca_moto 244058464085367
2026-09-17 11:20:45 - 处理keyword失败：amazon_ca_moto 397414679458059
2026-09-17 11:20:45 - 处理keyword失败：amazon_ca_moto 449196582074894
2026-09-17 11:20:45 - 处理keyword失败：amazon_ca_moto 439171035548063
2026-09-17 11:20:45 - 处理keyword成功：amazon_ca_moto 276632532632529
2026-09-17 11:20:45 - 处理keyword失败：amazon_ca_moto 536836418008303
2026-09-17 11:20:45 - 处理keyword失败：amazon_ca_moto 369671786970223
2026-09-17 11:20:45 - 处理keyword失败：amazon_ca_moto 537946271990912
2026-09-17 11:20:45 - 处理keyword成功：amazon_ca_moto 236164739763309
2026-09-17 11:20:45 - 处理keyword失败：amazon_ca_moto 441007798522535
2026-09-17 11:20:45 - 处理keyword成功：amazon_ca_moto 339654399351207
2026-09-17 11:20:45 - 处理keyword失败：amazon_ca_moto 317889770048799
2026-09-17 11:20:45 - 处理keyword失败：amazon_ca_moto 447209267821227
2026-09-17 11:20:45 - 处理keyword失败：amazon_ca_moto 428382953851691
2026-09-17 11:20:45 - 处理keyword失败：amazon_ca_moto 470270875931211
2026-09-17 11:20:45 - 处理keyword失败：amazon_ca_moto 305896917426524
2026-09-17 11:20:45 - 处理keyword失败：amazon_ca_moto 394070506951655
2026-09-17 11:20:45 - 处理keyword失败：amazon_ca_moto 317240084245452
2026-09-17 11:20:45 - 处理keyword失败：amazon_ca_moto 389150872336864
2026-09-17 11:20:45 - 处理keyword失败：amazon_ca_moto 494426939489089
2026-09-17 11:20:45 - 处理keyword失败：amazon_ca_moto 454625712142276
2026-09-17 11:20:45 - 处理keyword失败：amazon_ca_moto 485188128262947
2026-09-17 11:20:45 - 处理keyword失败：amazon_ca_moto 558470396173612
2026-09-17 11:20:45 - 处理keyword失败：amazon_ca_moto 513781065351596
2026-09-17 11:20:45 - 处理keyword失败：amazon_ca_moto 492425830446994
2026-09-17 11:20:45 - 处理keyword失败：amazon_ca_moto 368401467461894
2026-09-17 11:20:45 - 处理keyword失败：amazon_ca_moto 455245539094662
2026-09-17 11:20:45 - 处理keyword失败：amazon_ca_moto 358996564920005
2026-09-17 11:20:45 - 处理keyword失败：amazon_ca_moto 464762774811846
2026-09-17 11:20:45 - 处理keyword失败：amazon_ca_moto 415853253056074
2026-09-17 11:20:45 - 处理keyword失败：amazon_ca_moto 468925054020707
2026-09-17 11:20:45 - 处理keyword失败：amazon_ca_moto 333655212806383
2026-09-17 11:20:45 - 处理keyword成功：amazon_ca_moto 161659539504396
2026-09-17 11:20:45 - 处理keyword失败：amazon_ca_moto 432536678921955
2026-09-17 11:20:45 - 处理keyword失败：amazon_ca_moto 302665549099361
2026-09-17 11:20:45 - 处理keyword失败：amazon_ca_moto 315491071012834
2026-09-17 11:20:45 - batchMongoUpdateKeyword：共3条，成功3条，失败0条
2026-09-17 11:20:55 - {"status":"success","message":"success","data":[{"targetId":371992889519966,"value":"","code":"SUCCESS"},{"targetId":535961094282470,"value":"","code":"SUCCESS"},{"targetId":436512142275279,"value":"","code":"SUCCESS"},{"targetId":444066074812655,"value":"","code":"SUCCESS"},{"targetId":490919703641097,"value":"","code":"SUCCESS"},{"targetId":503894301767755,"value":"","code":"SUCCESS"},{"targetId":341264437049388,"value":"","code":"SUCCESS"},{"targetId":339062509218246,"value":"","code":"SUCCESS"},{"targetId":391817005834842,"value":"","code":"SUCCESS"},{"targetId":417919966216039,"value":"","code":"SUCCESS"},{"targetId":397414679458059,"value":"","code":"SUCCESS"},{"targetId":449196582074894,"value":"","code":"SUCCESS"},{"targetId":439171035548063,"value":"","code":"SUCCESS"},{"targetId":536836418008303,"value":"","code":"SUCCESS"},{"targetId":369671786970223,"value":"","code":"SUCCESS"},{"targetId":537946271990912,"value":"","code":"SUCCESS"},{"targetId":441007798522535,"value":"","code":"SUCCESS"},{"targetId":317889770048799,"value":"","code":"SUCCESS"},{"targetId":447209267821227,"value":"","code":"SUCCESS"},{"targetId":428382953851691,"value":"","code":"SUCCESS"},{"targetId":470270875931211,"value":"","code":"SUCCESS"},{"targetId":305896917426524,"value":"","code":"SUCCESS"},{"targetId":394070506951655,"value":"","code":"SUCCESS"},{"targetId":317240084245452,"value":"","code":"SUCCESS"},{"targetId":389150872336864,"value":"","code":"SUCCESS"},{"targetId":494426939489089,"value":"","code":"SUCCESS"},{"targetId":454625712142276,"value":"","code":"SUCCESS"},{"targetId":485188128262947,"value":"","code":"SUCCESS"},{"targetId":558470396173612,"value":"","code":"SUCCESS"},{"targetId":513781065351596,"value":"","code":"SUCCESS"},{"targetId":492425830446994,"value":"","code":"SUCCESS"},{"targetId":368401467461894,"value":"","code":"SUCCESS"},{"targetId":455245539094662,"value":"","code":"SUCCESS"},{"targetId":358996564920005,"value":"","code":"SUCCESS"},{"targetId":464762774811846,"value":"","code":"SUCCESS"},{"targetId":415853253056074,"value":"","code":"SUCCESS"},{"targetId":468925054020707,"value":"","code":"SUCCESS"},{"targetId":333655212806383,"value":"","code":"SUCCESS"},{"targetId":432536678921955,"value":"","code":"SUCCESS"},{"targetId":302665549099361,"value":"","code":"SUCCESS"},{"targetId":315491071012834,"value":"","code":"SUCCESS"}]}
2026-09-17 11:20:55 - 处理target成功：amazon_ca_moto 371992889519966
2026-09-17 11:20:55 - 处理target成功：amazon_ca_moto 535961094282470
2026-09-17 11:20:55 - 处理target成功：amazon_ca_moto 436512142275279
2026-09-17 11:20:55 - 处理target成功：amazon_ca_moto 444066074812655
2026-09-17 11:20:55 - 处理target成功：amazon_ca_moto 490919703641097
2026-09-17 11:20:55 - 处理target成功：amazon_ca_moto 503894301767755
2026-09-17 11:20:55 - 处理target成功：amazon_ca_moto 341264437049388
2026-09-17 11:20:55 - 处理target成功：amazon_ca_moto 339062509218246
2026-09-17 11:20:55 - 处理target成功：amazon_ca_moto 391817005834842
2026-09-17 11:20:55 - 处理target成功：amazon_ca_moto 417919966216039
2026-09-17 11:20:55 - 处理target成功：amazon_ca_moto 397414679458059
2026-09-17 11:20:55 - 处理target成功：amazon_ca_moto 449196582074894
2026-09-17 11:20:55 - 处理target成功：amazon_ca_moto 439171035548063
2026-09-17 11:20:55 - 处理target成功：amazon_ca_moto 536836418008303
2026-09-17 11:20:55 - 处理target成功：amazon_ca_moto 369671786970223
2026-09-17 11:20:55 - 处理target成功：amazon_ca_moto 537946271990912
2026-09-17 11:20:55 - 处理target成功：amazon_ca_moto 441007798522535
2026-09-17 11:20:55 - 处理target成功：amazon_ca_moto 317889770048799
2026-09-17 11:20:55 - 处理target成功：amazon_ca_moto 447209267821227
2026-09-17 11:20:55 - 处理target成功：amazon_ca_moto 428382953851691
2026-09-17 11:20:55 - 处理target成功：amazon_ca_moto 470270875931211
2026-09-17 11:20:55 - 处理target成功：amazon_ca_moto 305896917426524
2026-09-17 11:20:55 - 处理target成功：amazon_ca_moto 394070506951655
2026-09-17 11:20:55 - 处理target成功：amazon_ca_moto 317240084245452
2026-09-17 11:20:55 - 处理target成功：amazon_ca_moto 389150872336864
2026-09-17 11:20:55 - 处理target成功：amazon_ca_moto 494426939489089
2026-09-17 11:20:55 - 处理target成功：amazon_ca_moto 454625712142276
2026-09-17 11:20:55 - 处理target成功：amazon_ca_moto 485188128262947
2026-09-17 11:20:55 - 处理target成功：amazon_ca_moto 558470396173612
2026-09-17 11:20:55 - 处理target成功：amazon_ca_moto 513781065351596
2026-09-17 11:20:55 - 处理target成功：amazon_ca_moto 492425830446994
2026-09-17 11:20:55 - 处理target成功：amazon_ca_moto 368401467461894
2026-09-17 11:20:55 - 处理target成功：amazon_ca_moto 455245539094662
2026-09-17 11:20:55 - 处理target成功：amazon_ca_moto 358996564920005
2026-09-17 11:20:55 - 处理target成功：amazon_ca_moto 464762774811846
2026-09-17 11:20:55 - 处理target成功：amazon_ca_moto 415853253056074
2026-09-17 11:20:55 - 处理target成功：amazon_ca_moto 468925054020707
2026-09-17 11:20:55 - 处理target成功：amazon_ca_moto 333655212806383
2026-09-17 11:20:55 - 处理target成功：amazon_ca_moto 432536678921955
2026-09-17 11:20:55 - 处理target成功：amazon_ca_moto 302665549099361
2026-09-17 11:20:55 - 处理target成功：amazon_ca_moto 315491071012834
2026-09-17 11:20:56 - {"status":"success","message":"success","data":[{"keywordId":522382414622242,"code":"SUCCESS"},{"keywordId":326155559748785,"code":"SUCCESS"},{"keywordId":308226775652713,"code":"SUCCESS"},{"keywordId":153144617758256,"code":"SUCCESS"},{"keywordId":307450106866024,"code":"SUCCESS"},{"keywordId":226052580430531,"code":"SUCCESS"},{"keywordId":519399849189569,"code":"SUCCESS"},{"keywordId":534408942427227,"code":"SUCCESS"},{"keywordId":525013981350160,"code":"SUCCESS"},{"keywordId":508374834342482,"code":"SUCCESS"},{"keywordId":15024325891438,"code":"SUCCESS"},{"keywordId":403199308039310,"code":"SUCCESS"},[{"description":"Could not find keyword with id: 371005827068354","code":"ENTITY_NOT_FOUND"},{"description":"Could not find keyword with id: 459933991617539","code":"ENTITY_NOT_FOUND"},{"description":"Could not find keyword with id: 485693861921474","code":"ENTITY_NOT_FOUND"},{"description":"Could not find keyword with id: 337675242902363","code":"ENTITY_NOT_FOUND"},{"description":"Could not find keyword with id: 407966321892883","code":"ENTITY_NOT_FOUND"},{"description":"Could not find keyword with id: 420928906904062","code":"ENTITY_NOT_FOUND"},{"description":"Could not find keyword with id: 542968665162569","code":"ENTITY_NOT_FOUND"},{"description":"Could not find keyword with id: 395964095483872","code":"ENTITY_NOT_FOUND"},{"description":"Could not find keyword with id: 551861526238507","code":"ENTITY_NOT_FOUND"},{"description":"Could not find keyword with id: 546998121986657","code":"ENTITY_NOT_FOUND"},{"description":"Could not find keyword with id: 518586545445612","code":"ENTITY_NOT_FOUND"},{"description":"Could not find keyword with id: 532981439084126","code":"ENTITY_NOT_FOUND"},{"description":"Could not find keyword with id: 557331197930667","code":"ENTITY_NOT_FOUND"},{"description":"Could not find keyword with id: 435790229056851","code":"ENTITY_NOT_FOUND"},{"description":"Could not find keyword with id: 469736346402479","code":"ENTITY_NOT_FOUND"},{"description":"Could not find keyword with id: 521469253812325","code":"ENTITY_NOT_FOUND"},{"description":"Could not find keyword with id: 20691201375590","code":"ENTITY_NOT_FOUND"},{"description":"Could not find keyword with id: 335013211671883","code":"ENTITY_NOT_FOUND"},{"description":"Could not find keyword with id: 423571070358478","code":"ENTITY_NOT_FOUND"},{"description":"Could not find keyword with id: 425886147461629","code":"ENTITY_NOT_FOUND"},{"description":"Could not find keyword with id: 302735781246456","code":"ENTITY_NOT_FOUND"},{"description":"Could not find keyword with id: 357315602254500","code":"ENTITY_NOT_FOUND"},{"description":"Could not find keyword with id: 495971348263344","code":"ENTITY_NOT_FOUND"},{"description":"Could not find keyword with id: 429460568246041","code":"ENTITY_NOT_FOUND"},{"description":"Could not find keyword with id: 405836217498969","code":"ENTITY_NOT_FOUND"},{"description":"Could not find keyword with id: 351012603614770","code":"ENTITY_NOT_FOUND"},{"description":"Could not find keyword with id: 495084657301095","code":"ENTITY_NOT_FOUND"},{"description":"Could not find keyword with id: 519324813064417","code":"ENTITY_NOT_FOUND"}]]}
2026-09-17 11:20:56 - 处理keyword成功：amazon_us_ac1 522382414622242
2026-09-17 11:20:56 - 处理keyword成功：amazon_us_ac1 326155559748785
2026-09-17 11:20:56 - 处理keyword失败：amazon_us_ac1 371005827068354
2026-09-17 11:20:56 - 处理keyword失败：amazon_us_ac1 459933991617539
2026-09-17 11:20:56 - 处理keyword成功：amazon_us_ac1 308226775652713
2026-09-17 11:20:56 - 处理keyword成功：amazon_us_ac1 153144617758256
2026-09-17 11:20:56 - 处理keyword失败：amazon_us_ac1 485693861921474
2026-09-17 11:20:56 - 处理keyword失败：amazon_us_ac1 337675242902363
2026-09-17 11:20:56 - 处理keyword失败：amazon_us_ac1 407966321892883
2026-09-17 11:20:56 - 处理keyword失败：amazon_us_ac1 420928906904062
2026-09-17 11:20:56 - 处理keyword失败：amazon_us_ac1 542968665162569
2026-09-17 11:20:56 - 处理keyword失败：amazon_us_ac1 395964095483872
2026-09-17 11:20:56 - 处理keyword失败：amazon_us_ac1 551861526238507
2026-09-17 11:20:56 - 处理keyword失败：amazon_us_ac1 546998121986657
2026-09-17 11:20:56 - 处理keyword失败：amazon_us_ac1 518586545445612
2026-09-17 11:20:56 - 处理keyword失败：amazon_us_ac1 532981439084126
2026-09-17 11:20:56 - 处理keyword失败：amazon_us_ac1 557331197930667
2026-09-17 11:20:56 - 处理keyword成功：amazon_us_ac1 307450106866024
2026-09-17 11:20:56 - 处理keyword失败：amazon_us_ac1 435790229056851
2026-09-17 11:20:56 - 处理keyword失败：amazon_us_ac1 469736346402479
2026-09-17 11:20:56 - 处理keyword失败：amazon_us_ac1 521469253812325
2026-09-17 11:20:56 - 处理keyword成功：amazon_us_ac1 226052580430531
2026-09-17 11:20:56 - 处理keyword成功：amazon_us_ac1 519399849189569
2026-09-17 11:20:56 - 处理keyword失败：amazon_us_ac1 20691201375590
2026-09-17 11:20:56 - 处理keyword失败：amazon_us_ac1 335013211671883
2026-09-17 11:20:56 - 处理keyword成功：amazon_us_ac1 534408942427227
2026-09-17 11:20:56 - 处理keyword成功：amazon_us_ac1 525013981350160
2026-09-17 11:20:56 - 处理keyword失败：amazon_us_ac1 423571070358478
2026-09-17 11:20:56 - 处理keyword失败：amazon_us_ac1 425886147461629
2026-09-17 11:20:56 - 处理keyword失败：amazon_us_ac1 302735781246456
2026-09-17 11:20:56 - 处理keyword失败：amazon_us_ac1 357315602254500
2026-09-17 11:20:56 - 处理keyword成功：amazon_us_ac1 508374834342482
2026-09-17 11:20:56 - 处理keyword失败：amazon_us_ac1 495971348263344
2026-09-17 11:20:56 - 处理keyword失败：amazon_us_ac1 429460568246041
2026-09-17 11:20:56 - 处理keyword成功：amazon_us_ac1 15024325891438
2026-09-17 11:20:56 - 处理keyword失败：amazon_us_ac1 405836217498969
2026-09-17 11:20:56 - 处理keyword失败：amazon_us_ac1 351012603614770
2026-09-17 11:20:56 - 处理keyword成功：amazon_us_ac1 403199308039310
2026-09-17 11:20:56 - 处理keyword失败：amazon_us_ac1 495084657301095
2026-09-17 11:20:56 - 处理keyword失败：amazon_us_ac1 519324813064417
2026-09-17 11:20:57 - batchMongoUpdateKeyword：共2条，成功2条，失败0条
2026-09-17 11:20:58 - {"status":"success","message":"success","data":[{"targetId":371005827068354,"value":"","code":"SUCCESS"},{"targetId":459933991617539,"value":"","code":"SUCCESS"},{"targetId":485693861921474,"value":"","code":"SUCCESS"},{"targetId":337675242902363,"value":"","code":"SUCCESS"},{"targetId":407966321892883,"value":"","code":"SUCCESS"},{"targetId":420928906904062,"value":"","code":"SUCCESS"},{"targetId":542968665162569,"value":"","code":"SUCCESS"},{"targetId":395964095483872,"value":"","code":"SUCCESS"},{"targetId":551861526238507,"value":"","code":"SUCCESS"},{"targetId":546998121986657,"value":"","code":"SUCCESS"},{"targetId":518586545445612,"value":"","code":"SUCCESS"},{"targetId":532981439084126,"value":"","code":"SUCCESS"},{"targetId":557331197930667,"value":"","code":"SUCCESS"},{"targetId":435790229056851,"value":"","code":"SUCCESS"},{"targetId":469736346402479,"value":"","code":"SUCCESS"},{"targetId":521469253812325,"value":"","code":"SUCCESS"},{"targetId":20691201375590,"value":"","code":"SUCCESS"},{"targetId":335013211671883,"value":"","code":"SUCCESS"},{"targetId":423571070358478,"value":"","code":"SUCCESS"},{"targetId":425886147461629,"value":"","code":"SUCCESS"},{"targetId":302735781246456,"value":"","code":"SUCCESS"},{"targetId":357315602254500,"value":"","code":"SUCCESS"},{"targetId":495971348263344,"value":"","code":"SUCCESS"},{"targetId":429460568246041,"value":"","code":"SUCCESS"},{"targetId":405836217498969,"value":"","code":"SUCCESS"},{"targetId":351012603614770,"value":"","code":"SUCCESS"},{"targetId":495084657301095,"value":"","code":"SUCCESS"},{"targetId":519324813064417,"value":"","code":"SUCCESS"}]}
2026-09-17 11:20:58 - 处理target成功：amazon_us_ac1 371005827068354
2026-09-17 11:20:58 - 处理target成功：amazon_us_ac1 459933991617539
2026-09-17 11:20:58 - 处理target成功：amazon_us_ac1 485693861921474
2026-09-17 11:20:58 - 处理target成功：amazon_us_ac1 337675242902363
2026-09-17 11:20:58 - 处理target成功：amazon_us_ac1 407966321892883
2026-09-17 11:20:58 - 处理target成功：amazon_us_ac1 420928906904062
2026-09-17 11:20:58 - 处理target成功：amazon_us_ac1 542968665162569
2026-09-17 11:20:58 - 处理target成功：amazon_us_ac1 395964095483872
2026-09-17 11:20:58 - 处理target成功：amazon_us_ac1 551861526238507
2026-09-17 11:20:58 - 处理target成功：amazon_us_ac1 546998121986657
2026-09-17 11:20:58 - 处理target成功：amazon_us_ac1 518586545445612
2026-09-17 11:20:58 - 处理target成功：amazon_us_ac1 532981439084126
2026-09-17 11:20:58 - 处理target成功：amazon_us_ac1 557331197930667
2026-09-17 11:20:58 - 处理target成功：amazon_us_ac1 435790229056851
2026-09-17 11:20:58 - 处理target成功：amazon_us_ac1 469736346402479
2026-09-17 11:20:58 - 处理target成功：amazon_us_ac1 521469253812325
2026-09-17 11:20:58 - 处理target成功：amazon_us_ac1 20691201375590
2026-09-17 11:20:58 - 处理target成功：amazon_us_ac1 335013211671883
2026-09-17 11:20:58 - 处理target成功：amazon_us_ac1 423571070358478
2026-09-17 11:20:58 - 处理target成功：amazon_us_ac1 425886147461629
2026-09-17 11:20:58 - 处理target成功：amazon_us_ac1 302735781246456
2026-09-17 11:20:58 - 处理target成功：amazon_us_ac1 357315602254500
2026-09-17 11:20:58 - 处理target成功：amazon_us_ac1 495971348263344
2026-09-17 11:20:58 - 处理target成功：amazon_us_ac1 429460568246041
2026-09-17 11:20:58 - 处理target成功：amazon_us_ac1 405836217498969
2026-09-17 11:20:58 - 处理target成功：amazon_us_ac1 351012603614770
2026-09-17 11:20:58 - 处理target成功：amazon_us_ac1 495084657301095
2026-09-17 11:20:58 - 处理target成功：amazon_us_ac1 519324813064417
2026-09-17 11:20:58 - batchMongoUpdateTarget：共1条，成功1条，失败0条
2026-09-17 11:21:00 - {"status":"success","message":"success","data":[{"keywordId":529114610644544,"code":"SUCCESS"},{"keywordId":404594369368913,"code":"SUCCESS"},[{"description":"Could not find keyword with id: 526687531690600","code":"ENTITY_NOT_FOUND"},{"description":"Could not find keyword with id: 530023643099141","code":"ENTITY_NOT_FOUND"},{"description":"Could not find keyword with id: 367185769849170","code":"ENTITY_NOT_FOUND"},{"description":"Could not find keyword with id: 533250020116870","code":"ENTITY_NOT_FOUND"},{"description":"Could not find keyword with id: 471472067732101","code":"ENTITY_NOT_FOUND"},{"description":"Could not find keyword with id: 488043052570780","code":"ENTITY_NOT_FOUND"},{"description":"Could not find keyword with id: 292416981463849","code":"ENTITY_NOT_FOUND"},{"description":"Could not find keyword with id: 325560080827335","code":"ENTITY_NOT_FOUND"},{"description":"Could not find keyword with id: 400600739303370","code":"ENTITY_NOT_FOUND"},{"description":"Could not find keyword with id: 373455963415729","code":"ENTITY_NOT_FOUND"},{"description":"Could not find keyword with id: 542379018806611","code":"ENTITY_NOT_FOUND"},{"description":"Could not find keyword with id: 377649905012286","code":"ENTITY_NOT_FOUND"},{"description":"Could not find keyword with id: 527544025076447","code":"ENTITY_NOT_FOUND"},{"description":"Could not find keyword with id: 341721482770607","code":"ENTITY_NOT_FOUND"},{"description":"Could not find keyword with id: 221362420372108","code":"ENTITY_NOT_FOUND"},{"description":"Could not find keyword with id: 480229485422066","code":"ENTITY_NOT_FOUND"}]]}
2026-09-17 11:21:00 - 处理keyword失败：amazon_ca_tuto 526687531690600
2026-09-17 11:21:00 - 处理keyword失败：amazon_ca_tuto 530023643099141
2026-09-17 11:21:00 - 处理keyword失败：amazon_ca_tuto 367185769849170
2026-09-17 11:21:00 - 处理keyword失败：amazon_ca_tuto 533250020116870
2026-09-17 11:21:00 - 处理keyword失败：amazon_ca_tuto 471472067732101
2026-09-17 11:21:00 - 处理keyword失败：amazon_ca_tuto 488043052570780
2026-09-17 11:21:00 - 处理keyword失败：amazon_ca_tuto 292416981463849
2026-09-17 11:21:00 - 处理keyword失败：amazon_ca_tuto 325560080827335
2026-09-17 11:21:00 - 处理keyword成功：amazon_ca_tuto 529114610644544
2026-09-17 11:21:00 - 处理keyword成功：amazon_ca_tuto 404594369368913
2026-09-17 11:21:00 - 处理keyword失败：amazon_ca_tuto 400600739303370
2026-09-17 11:21:00 - 处理keyword失败：amazon_ca_tuto 373455963415729
2026-09-17 11:21:00 - 处理keyword失败：amazon_ca_tuto 542379018806611
2026-09-17 11:21:00 - 处理keyword失败：amazon_ca_tuto 377649905012286
2026-09-17 11:21:00 - 处理keyword失败：amazon_ca_tuto 527544025076447
2026-09-17 11:21:00 - 处理keyword失败：amazon_ca_tuto 341721482770607
2026-09-17 11:21:00 - 处理keyword失败：amazon_ca_tuto 221362420372108
2026-09-17 11:21:00 - 处理keyword失败：amazon_ca_tuto 480229485422066
2026-09-17 11:21:01 - {"status":"success","message":"success","data":[{"targetId":526687531690600,"value":"","code":"SUCCESS"},{"targetId":530023643099141,"value":"","code":"SUCCESS"},{"targetId":367185769849170,"value":"","code":"SUCCESS"},{"targetId":533250020116870,"value":"","code":"SUCCESS"},{"targetId":471472067732101,"value":"","code":"SUCCESS"},{"targetId":488043052570780,"value":"","code":"SUCCESS"},{"targetId":292416981463849,"value":"","code":"SUCCESS"},{"targetId":325560080827335,"value":"","code":"SUCCESS"},{"targetId":400600739303370,"value":"","code":"SUCCESS"},{"targetId":373455963415729,"value":"","code":"SUCCESS"},{"targetId":542379018806611,"value":"","code":"SUCCESS"},{"targetId":377649905012286,"value":"","code":"SUCCESS"},{"targetId":527544025076447,"value":"","code":"SUCCESS"},{"targetId":341721482770607,"value":"","code":"SUCCESS"},{"targetId":221362420372108,"value":"","code":"SUCCESS"},{"targetId":480229485422066,"value":"","code":"SUCCESS"}]}
2026-09-17 11:21:01 - 处理target成功：amazon_ca_tuto 526687531690600
2026-09-17 11:21:01 - 处理target成功：amazon_ca_tuto 530023643099141
2026-09-17 11:21:01 - 处理target成功：amazon_ca_tuto 367185769849170
2026-09-17 11:21:01 - 处理target成功：amazon_ca_tuto 533250020116870
2026-09-17 11:21:01 - 处理target成功：amazon_ca_tuto 471472067732101
2026-09-17 11:21:01 - 处理target成功：amazon_ca_tuto 488043052570780
2026-09-17 11:21:01 - 处理target成功：amazon_ca_tuto 292416981463849
2026-09-17 11:21:01 - 处理target成功：amazon_ca_tuto 325560080827335
2026-09-17 11:21:01 - 处理target成功：amazon_ca_tuto 400600739303370
2026-09-17 11:21:01 - 处理target成功：amazon_ca_tuto 373455963415729
2026-09-17 11:21:01 - 处理target成功：amazon_ca_tuto 542379018806611
2026-09-17 11:21:01 - 处理target成功：amazon_ca_tuto 377649905012286
2026-09-17 11:21:01 - 处理target成功：amazon_ca_tuto 527544025076447
2026-09-17 11:21:01 - 处理target成功：amazon_ca_tuto 341721482770607
2026-09-17 11:21:01 - 处理target成功：amazon_ca_tuto 221362420372108
2026-09-17 11:21:01 - 处理target成功：amazon_ca_tuto 480229485422066
2026-09-17 11:21:01 - batchMongoUpdateTarget：共2条，成功2条，失败0条
2026-09-17 11:21:03 - {"status":"success","message":"success","data":[{"keywordId":181652220915035,"code":"SUCCESS"},{"keywordId":125835970676703,"code":"SUCCESS"},{"keywordId":454533112341910,"code":"SUCCESS"}]}
2026-09-17 11:21:03 - 处理keyword成功：amazon_ca_sopro 181652220915035
2026-09-17 11:21:03 - 处理keyword成功：amazon_ca_sopro 125835970676703
2026-09-17 11:21:03 - 处理keyword成功：amazon_ca_sopro 454533112341910
2026-09-17 11:21:03 - batchMongoUpdateKeyword：共2条，成功2条，失败0条
2026-09-17 11:21:05 - {"status":"success","message":"success","data":[{"targetId":520562428922908,"value":"","code":"SUCCESS"},{"targetId":423252351946009,"value":"","code":"SUCCESS"},{"targetId":555225389886476,"value":"","code":"SUCCESS"},{"targetId":520826494354626,"value":"","code":"SUCCESS"},{"targetId":338250672298271,"value":"","code":"SUCCESS"},{"targetId":315536622144868,"value":"","code":"SUCCESS"},{"targetId":444702315779888,"value":"","code":"SUCCESS"},{"targetId":335428215178907,"value":"","code":"SUCCESS"},{"targetId":433321411268989,"value":"","code":"SUCCESS"},{"targetId":328272921507006,"value":"","code":"SUCCESS"},{"targetId":336817974231794,"value":"","code":"SUCCESS"},{"targetId":439416003584315,"value":"","code":"SUCCESS"},{"targetId":359811756118952,"value":"","code":"SUCCESS"},{"targetId":343419834040060,"value":"","code":"SUCCESS"},{"targetId":493573800902177,"value":"","code":"SUCCESS"},{"targetId":376529511912410,"value":"","code":"SUCCESS"},{"targetId":329441495841089,"value":"","code":"SUCCESS"},{"targetId":545140142840869,"value":"","code":"SUCCESS"},{"targetId":553261381151028,"value":"","code":"SUCCESS"},{"targetId":522166815007952,"value":"","code":"SUCCESS"},{"targetId":549605277289508,"value":"","code":"SUCCESS"},{"targetId":398634974126384,"value":"","code":"SUCCESS"},{"targetId":283736219063329,"value":"","code":"SUCCESS"},{"targetId":542214466500700,"value":"","code":"SUCCESS"},{"targetId":484007558097231,"value":"","code":"SUCCESS"},{"targetId":291649137631305,"value":"","code":"SUCCESS"},{"targetId":552649170037385,"value":"","code":"SUCCESS"},{"targetId":345462846939647,"value":"","code":"SUCCESS"},{"targetId":535619146059859,"value":"","code":"SUCCESS"},{"targetId":319295327676565,"value":"","code":"SUCCESS"},{"targetId":392490220044152,"value":"","code":"SUCCESS"},{"targetId":555760314046299,"value":"","code":"SUCCESS"},{"targetId":340053575182158,"value":"","code":"SUCCESS"},{"targetId":504996172880029,"value":"","code":"SUCCESS"},{"targetId":483349895694011,"value":"","code":"SUCCESS"},{"targetId":315198748012892,"value":"","code":"SUCCESS"},{"targetId":545202443076609,"value":"","code":"SUCCESS"},{"targetId":419050605637464,"value":"","code":"SUCCESS"},{"targetId":419576502985242,"value":"","code":"SUCCESS"},{"targetId":401166069965073,"value":"","code":"SUCCESS"},{"targetId":356591640241990,"value":"","code":"SUCCESS"},{"targetId":526438185172650,"value":"","code":"SUCCESS"}]}
2026-09-17 11:21:05 - 处理target成功：amazon_ca_sopro 520562428922908
2026-09-17 11:21:05 - 处理target成功：amazon_ca_sopro 423252351946009
2026-09-17 11:21:05 - 处理target成功：amazon_ca_sopro 555225389886476
2026-09-17 11:21:05 - 处理target成功：amazon_ca_sopro 520826494354626
2026-09-17 11:21:05 - 处理target成功：amazon_ca_sopro 338250672298271
2026-09-17 11:21:05 - 处理target成功：amazon_ca_sopro 315536622144868
2026-09-17 11:21:05 - 处理target成功：amazon_ca_sopro 444702315779888
2026-09-17 11:21:05 - 处理target成功：amazon_ca_sopro 335428215178907
2026-09-17 11:21:05 - 处理target成功：amazon_ca_sopro 433321411268989
2026-09-17 11:21:05 - 处理target成功：amazon_ca_sopro 328272921507006
2026-09-17 11:21:05 - 处理target成功：amazon_ca_sopro 336817974231794
2026-09-17 11:21:05 - 处理target成功：amazon_ca_sopro 439416003584315
2026-09-17 11:21:05 - 处理target成功：amazon_ca_sopro 359811756118952
2026-09-17 11:21:05 - 处理target成功：amazon_ca_sopro 343419834040060
2026-09-17 11:21:05 - 处理target成功：amazon_ca_sopro 493573800902177
2026-09-17 11:21:05 - 处理target成功：amazon_ca_sopro 376529511912410
2026-09-17 11:21:05 - 处理target成功：amazon_ca_sopro 329441495841089
2026-09-17 11:21:05 - 处理target成功：amazon_ca_sopro 545140142840869
2026-09-17 11:21:05 - 处理target成功：amazon_ca_sopro 553261381151028
2026-09-17 11:21:05 - 处理target成功：amazon_ca_sopro 522166815007952
2026-09-17 11:21:05 - 处理target成功：amazon_ca_sopro 549605277289508
2026-09-17 11:21:05 - 处理target成功：amazon_ca_sopro 398634974126384
2026-09-17 11:21:05 - 处理target成功：amazon_ca_sopro 283736219063329
2026-09-17 11:21:05 - 处理target成功：amazon_ca_sopro 542214466500700
2026-09-17 11:21:05 - 处理target成功：amazon_ca_sopro 484007558097231
2026-09-17 11:21:05 - 处理target成功：amazon_ca_sopro 291649137631305
2026-09-17 11:21:05 - 处理target成功：amazon_ca_sopro 552649170037385
2026-09-17 11:21:05 - 处理target成功：amazon_ca_sopro 345462846939647
2026-09-17 11:21:05 - 处理target成功：amazon_ca_sopro 535619146059859
2026-09-17 11:21:05 - 处理target成功：amazon_ca_sopro 319295327676565
2026-09-17 11:21:05 - 处理target成功：amazon_ca_sopro 392490220044152
2026-09-17 11:21:05 - 处理target成功：amazon_ca_sopro 555760314046299
2026-09-17 11:21:05 - 处理target成功：amazon_ca_sopro 340053575182158
2026-09-17 11:21:05 - 处理target成功：amazon_ca_sopro 504996172880029
2026-09-17 11:21:05 - 处理target成功：amazon_ca_sopro 483349895694011
2026-09-17 11:21:05 - 处理target成功：amazon_ca_sopro 315198748012892
2026-09-17 11:21:05 - 处理target成功：amazon_ca_sopro 545202443076609
2026-09-17 11:21:05 - 处理target成功：amazon_ca_sopro 419050605637464
2026-09-17 11:21:05 - 处理target成功：amazon_ca_sopro 419576502985242
2026-09-17 11:21:05 - 处理target成功：amazon_ca_sopro 401166069965073
2026-09-17 11:21:05 - 处理target成功：amazon_ca_sopro 356591640241990
2026-09-17 11:21:05 - 处理target成功：amazon_ca_sopro 526438185172650
2026-09-17 11:21:05 - batchMongoUpdateTarget：共2条，成功2条，失败0条
2026-09-17 11:21:08 - {"status":"success","message":"success","data":[{"keywordId":315872281707515,"code":"SUCCESS"},{"keywordId":493271504772027,"code":"SUCCESS"},{"keywordId":462743831438757,"code":"SUCCESS"},{"keywordId":498718814806991,"code":"SUCCESS"},{"keywordId":471805517849029,"code":"SUCCESS"},{"keywordId":430333998512484,"code":"SUCCESS"},{"keywordId":511537598579658,"code":"SUCCESS"},{"keywordId":509975758559058,"code":"SUCCESS"},{"keywordId":163216900886256,"code":"SUCCESS"},{"keywordId":15650839301465,"code":"SUCCESS"},{"keywordId":268527589174473,"code":"SUCCESS"},{"keywordId":451717168800094,"code":"SUCCESS"}]}
2026-09-17 11:21:08 - 处理keyword成功：amazon_us_moto 315872281707515
2026-09-17 11:21:08 - 处理keyword成功：amazon_us_moto 493271504772027
2026-09-17 11:21:08 - 处理keyword成功：amazon_us_moto 462743831438757
2026-09-17 11:21:08 - 处理keyword成功：amazon_us_moto 498718814806991
2026-09-17 11:21:08 - 处理keyword成功：amazon_us_moto 471805517849029
2026-09-17 11:21:08 - 处理keyword成功：amazon_us_moto 430333998512484
2026-09-17 11:21:08 - 处理keyword成功：amazon_us_moto 511537598579658
2026-09-17 11:21:08 - 处理keyword成功：amazon_us_moto 509975758559058
2026-09-17 11:21:08 - 处理keyword成功：amazon_us_moto 163216900886256
2026-09-17 11:21:08 - 处理keyword成功：amazon_us_moto 15650839301465
2026-09-17 11:21:08 - 处理keyword成功：amazon_us_moto 268527589174473
2026-09-17 11:21:08 - 处理keyword成功：amazon_us_moto 451717168800094
2026-09-17 11:21:08 - batchMongoUpdateKeyword：共3条，成功3条，失败0条
2026-09-17 11:21:08 - batchMongoUpdateKeyword：共1条，成功1条，失败0条
2026-09-17 11:21:15 - {"status":"success","message":"success","data":[{"keywordId":157489545595109,"code":"SUCCESS"},{"keywordId":547984726728757,"code":"SUCCESS"},{"keywordId":159147698303321,"code":"SUCCESS"},[{"description":"Could not find keyword with id: 515497373863692","code":"ENTITY_NOT_FOUND"},{"description":"Could not find keyword with id: 303812905831152","code":"ENTITY_NOT_FOUND"},{"description":"Could not find keyword with id: 526393862600027","code":"ENTITY_NOT_FOUND"},{"description":"Could not find keyword with id: 398431743245172","code":"ENTITY_NOT_FOUND"}]]}
2026-09-17 11:21:15 - 处理keyword成功：amazon_us_lift 157489545595109
2026-09-17 11:21:15 - 处理keyword成功：amazon_us_lift 547984726728757
2026-09-17 11:21:15 - 处理keyword成功：amazon_us_lift 159147698303321
2026-09-17 11:21:15 - 处理keyword失败：amazon_us_lift 515497373863692
2026-09-17 11:21:15 - 处理keyword失败：amazon_us_lift 303812905831152
2026-09-17 11:21:15 - 处理keyword失败：amazon_us_lift 526393862600027
2026-09-17 11:21:15 - 处理keyword失败：amazon_us_lift 398431743245172
2026-09-17 11:21:16 - {"status":"success","message":"success","data":[{"targetId":515497373863692,"value":"","code":"SUCCESS"},{"targetId":303812905831152,"value":"","code":"SUCCESS"},{"targetId":526393862600027,"value":"","code":"SUCCESS"},{"targetId":398431743245172,"value":"","code":"SUCCESS"}]}
2026-09-17 11:21:16 - 处理target成功：amazon_us_lift 515497373863692
2026-09-17 11:21:16 - 处理target成功：amazon_us_lift 303812905831152
2026-09-17 11:21:16 - 处理target成功：amazon_us_lift 526393862600027
2026-09-17 11:21:16 - 处理target成功：amazon_us_lift 398431743245172
2026-09-17 11:21:17 - {"status":"success","message":"success","data":[{"keywordId":279041832557775,"code":"SUCCESS"},{"keywordId":447507182281406,"code":"SUCCESS"},[{"description":"Could not find keyword with id: 294686953755994","code":"ENTITY_NOT_FOUND"},{"description":"Could not find keyword with id: 536175305583223","code":"ENTITY_NOT_FOUND"},{"description":"Could not find keyword with id: 328958745996615","code":"ENTITY_NOT_FOUND"},{"description":"Could not find keyword with id: 382103423853254","code":"ENTITY_NOT_FOUND"},{"description":"Could not find keyword with id: 484932324344945","code":"ENTITY_NOT_FOUND"},{"description":"Could not find keyword with id: 462125828761382","code":"ENTITY_NOT_FOUND"},{"description":"Could not find keyword with id: 406215794703237","code":"ENTITY_NOT_FOUND"},{"description":"Could not find keyword with id: 332437818425352","code":"ENTITY_NOT_FOUND"},{"description":"Could not find keyword with id: 503778873296588","code":"ENTITY_NOT_FOUND"},{"description":"Could not find keyword with id: 410405246203502","code":"ENTITY_NOT_FOUND"},{"description":"Could not find keyword with id: 283670817097734","code":"ENTITY_NOT_FOUND"},{"description":"Could not find keyword with id: 457297173926630","code":"ENTITY_NOT_FOUND"},{"description":"Could not find keyword with id: 351393500261793","code":"ENTITY_NOT_FOUND"},{"description":"Could not find keyword with id: 504463474656001","code":"ENTITY_NOT_FOUND"},{"description":"Could not find keyword with id: 324746221732062","code":"ENTITY_NOT_FOUND"},{"description":"Could not find keyword with id: 558684975884381","code":"ENTITY_NOT_FOUND"}]]}
2026-09-17 11:21:17 - 处理keyword失败：amazon_ca_hope 294686953755994
2026-09-17 11:21:17 - 处理keyword失败：amazon_ca_hope 536175305583223
2026-09-17 11:21:17 - 处理keyword失败：amazon_ca_hope 328958745996615
2026-09-17 11:21:17 - 处理keyword失败：amazon_ca_hope 382103423853254
2026-09-17 11:21:17 - 处理keyword失败：amazon_ca_hope 484932324344945
2026-09-17 11:21:17 - 处理keyword失败：amazon_ca_hope 462125828761382
2026-09-17 11:21:17 - 处理keyword失败：amazon_ca_hope 406215794703237
2026-09-17 11:21:17 - 处理keyword失败：amazon_ca_hope 332437818425352
2026-09-17 11:21:17 - 处理keyword失败：amazon_ca_hope 503778873296588
2026-09-17 11:21:17 - 处理keyword失败：amazon_ca_hope 410405246203502
2026-09-17 11:21:17 - 处理keyword成功：amazon_ca_hope 279041832557775
2026-09-17 11:21:17 - 处理keyword失败：amazon_ca_hope 283670817097734
2026-09-17 11:21:17 - 处理keyword失败：amazon_ca_hope 457297173926630
2026-09-17 11:21:17 - 处理keyword失败：amazon_ca_hope 351393500261793
2026-09-17 11:21:17 - 处理keyword成功：amazon_ca_hope 447507182281406
2026-09-17 11:21:17 - 处理keyword失败：amazon_ca_hope 504463474656001
2026-09-17 11:21:17 - 处理keyword失败：amazon_ca_hope 324746221732062
2026-09-17 11:21:17 - 处理keyword失败：amazon_ca_hope 558684975884381
2026-09-17 11:21:17 - batchMongoUpdateKeyword：共1条，成功1条，失败0条
2026-09-17 11:21:19 - {"status":"success","message":"success","data":[{"targetId":294686953755994,"value":"","code":"SUCCESS"},{"targetId":536175305583223,"value":"","code":"SUCCESS"},{"targetId":328958745996615,"value":"","code":"SUCCESS"},{"targetId":382103423853254,"value":"","code":"SUCCESS"},{"targetId":484932324344945,"value":"","code":"SUCCESS"},{"targetId":462125828761382,"value":"","code":"SUCCESS"},{"targetId":406215794703237,"value":"","code":"SUCCESS"},{"targetId":332437818425352,"value":"","code":"SUCCESS"},{"targetId":503778873296588,"value":"","code":"SUCCESS"},{"targetId":410405246203502,"value":"","code":"SUCCESS"},{"targetId":283670817097734,"value":"","code":"SUCCESS"},{"targetId":457297173926630,"value":"","code":"SUCCESS"},{"targetId":351393500261793,"value":"","code":"SUCCESS"},{"targetId":504463474656001,"value":"","code":"SUCCESS"},{"targetId":324746221732062,"value":"","code":"SUCCESS"},{"targetId":558684975884381,"value":"","code":"SUCCESS"}]}
2026-09-17 11:21:19 - 处理target成功：amazon_ca_hope 294686953755994
2026-09-17 11:21:19 - 处理target成功：amazon_ca_hope 536175305583223
2026-09-17 11:21:19 - 处理target成功：amazon_ca_hope 328958745996615
2026-09-17 11:21:19 - 处理target成功：amazon_ca_hope 382103423853254
2026-09-17 11:21:19 - 处理target成功：amazon_ca_hope 484932324344945
2026-09-17 11:21:19 - 处理target成功：amazon_ca_hope 462125828761382
2026-09-17 11:21:19 - 处理target成功：amazon_ca_hope 406215794703237
2026-09-17 11:21:19 - 处理target成功：amazon_ca_hope 332437818425352
2026-09-17 11:21:19 - 处理target成功：amazon_ca_hope 503778873296588
2026-09-17 11:21:19 - 处理target成功：amazon_ca_hope 410405246203502
2026-09-17 11:21:19 - 处理target成功：amazon_ca_hope 283670817097734
2026-09-17 11:21:19 - 处理target成功：amazon_ca_hope 457297173926630
2026-09-17 11:21:19 - 处理target成功：amazon_ca_hope 351393500261793
2026-09-17 11:21:19 - 处理target成功：amazon_ca_hope 504463474656001
2026-09-17 11:21:19 - 处理target成功：amazon_ca_hope 324746221732062
2026-09-17 11:21:19 - 处理target成功：amazon_ca_hope 558684975884381
2026-09-17 11:21:20 - {"status":"success","message":"success","data":[{"keywordId":121336054906399,"code":"SUCCESS"},{"keywordId":74357865045160,"code":"SUCCESS"},{"keywordId":315820029138675,"code":"SUCCESS"},{"keywordId":173725433516792,"code":"SUCCESS"},{"keywordId":99339760700207,"code":"SUCCESS"},[{"description":"Could not find keyword with id: 298754818816181","code":"ENTITY_NOT_FOUND"},{"description":"Could not find keyword with id: 300711309684369","code":"ENTITY_NOT_FOUND"},{"description":"Could not find keyword with id: 303086562019001","code":"ENTITY_NOT_FOUND"},{"description":"Could not find keyword with id: 384623094998676","code":"ENTITY_NOT_FOUND"},{"description":"Could not find keyword with id: 543974189951499","code":"ENTITY_NOT_FOUND"},{"description":"Could not find keyword with id: 422878407046737","code":"ENTITY_NOT_FOUND"},{"description":"Could not find keyword with id: 445354634862893","code":"ENTITY_NOT_FOUND"},{"description":"Could not find keyword with id: 424920571735389","code":"ENTITY_NOT_FOUND"},{"description":"Could not find keyword with id: 445866821031951","code":"ENTITY_NOT_FOUND"},{"description":"Could not find keyword with id: 489711593502923","code":"ENTITY_NOT_FOUND"},{"description":"Could not find keyword with id: 284606592535022","code":"ENTITY_NOT_FOUND"},{"description":"Could not find keyword with id: 403217467633643","code":"ENTITY_NOT_FOUND"},{"description":"Could not find keyword with id: 543560395057412","code":"ENTITY_NOT_FOUND"},{"description":"Could not find keyword with id: 324114791860479","code":"ENTITY_NOT_FOUND"},{"description":"Could not find keyword with id: 509683561667079","code":"ENTITY_NOT_FOUND"},{"description":"Could not find keyword with id: 456185433590393","code":"ENTITY_NOT_FOUND"},{"description":"Could not find keyword with id: 552534706217905","code":"ENTITY_NOT_FOUND"},{"description":"Could not find keyword with id: 390148607382271","code":"ENTITY_NOT_FOUND"},{"description":"Could not find keyword with id: 397333647439729","code":"ENTITY_NOT_FOUND"},{"description":"Could not find keyword with id: 332548921332479","code":"ENTITY_NOT_FOUND"},{"description":"Could not find keyword with id: 526223343937025","code":"ENTITY_NOT_FOUND"},{"description":"Could not find keyword with id: 488698837170537","code":"ENTITY_NOT_FOUND"},{"description":"Could not find keyword with id: 504744867350966","code":"ENTITY_NOT_FOUND"},{"description":"Could not find keyword with id: 526329372239568","code":"ENTITY_NOT_FOUND"},{"description":"Could not find keyword with id: 541525913553567","code":"ENTITY_NOT_FOUND"},{"description":"Could not find keyword with id: 396830345105271","code":"ENTITY_NOT_FOUND"},{"description":"Could not find keyword with id: 332848056010760","code":"ENTITY_NOT_FOUND"},{"description":"Could not find keyword with id: 404841310320991","code":"ENTITY_NOT_FOUND"},{"description":"Could not find keyword with id: 513821145553415","code":"ENTITY_NOT_FOUND"}]]}
2026-09-17 11:21:20 - 处理keyword失败：amazon_us_luux 298754818816181
2026-09-17 11:21:20 - 处理keyword失败：amazon_us_luux 300711309684369
2026-09-17 11:21:20 - 处理keyword失败：amazon_us_luux 303086562019001
2026-09-17 11:21:20 - 处理keyword失败：amazon_us_luux 384623094998676
2026-09-17 11:21:20 - 处理keyword失败：amazon_us_luux 543974189951499
2026-09-17 11:21:20 - 处理keyword失败：amazon_us_luux 422878407046737
2026-09-17 11:21:20 - 处理keyword失败：amazon_us_luux 445354634862893
2026-09-17 11:21:20 - 处理keyword失败：amazon_us_luux 424920571735389
2026-09-17 11:21:20 - 处理keyword失败：amazon_us_luux 445866821031951
2026-09-17 11:21:20 - 处理keyword失败：amazon_us_luux 489711593502923
2026-09-17 11:21:20 - 处理keyword成功：amazon_us_luux 121336054906399
2026-09-17 11:21:20 - 处理keyword失败：amazon_us_luux 284606592535022
2026-09-17 11:21:20 - 处理keyword失败：amazon_us_luux 403217467633643
2026-09-17 11:21:20 - 处理keyword成功：amazon_us_luux 74357865045160
2026-09-17 11:21:20 - 处理keyword失败：amazon_us_luux 543560395057412
2026-09-17 11:21:20 - 处理keyword失败：amazon_us_luux 324114791860479
2026-09-17 11:21:20 - 处理keyword失败：amazon_us_luux 509683561667079
2026-09-17 11:21:20 - 处理keyword失败：amazon_us_luux 456185433590393
2026-09-17 11:21:20 - 处理keyword失败：amazon_us_luux 552534706217905
2026-09-17 11:21:20 - 处理keyword失败：amazon_us_luux 390148607382271
2026-09-17 11:21:20 - 处理keyword成功：amazon_us_luux 315820029138675
2026-09-17 11:21:20 - 处理keyword失败：amazon_us_luux 397333647439729
2026-09-17 11:21:20 - 处理keyword成功：amazon_us_luux 173725433516792
2026-09-17 11:21:20 - 处理keyword失败：amazon_us_luux 332548921332479
2026-09-17 11:21:20 - 处理keyword失败：amazon_us_luux 526223343937025
2026-09-17 11:21:20 - 处理keyword失败：amazon_us_luux 488698837170537
2026-09-17 11:21:20 - 处理keyword失败：amazon_us_luux 504744867350966
2026-09-17 11:21:20 - 处理keyword失败：amazon_us_luux 526329372239568
2026-09-17 11:21:20 - 处理keyword失败：amazon_us_luux 541525913553567
2026-09-17 11:21:20 - 处理keyword失败：amazon_us_luux 396830345105271
2026-09-17 11:21:20 - 处理keyword失败：amazon_us_luux 332848056010760
2026-09-17 11:21:20 - 处理keyword失败：amazon_us_luux 404841310320991
2026-09-17 11:21:20 - 处理keyword成功：amazon_us_luux 99339760700207
2026-09-17 11:21:20 - 处理keyword失败：amazon_us_luux 513821145553415
2026-09-17 11:21:20 - batchMongoUpdateKeyword：共4条，成功4条，失败0条
2026-09-17 11:21:21 - {"status":"success","message":"success","data":[{"targetId":298754818816181,"value":"","code":"SUCCESS"},{"targetId":300711309684369,"value":"","code":"SUCCESS"},{"targetId":303086562019001,"value":"","code":"SUCCESS"},{"targetId":384623094998676,"value":"","code":"SUCCESS"},{"targetId":543974189951499,"value":"","code":"SUCCESS"},{"targetId":422878407046737,"value":"","code":"SUCCESS"},{"targetId":445354634862893,"value":"","code":"SUCCESS"},{"targetId":424920571735389,"value":"","code":"SUCCESS"},{"targetId":445866821031951,"value":"","code":"SUCCESS"},{"targetId":489711593502923,"value":"","code":"SUCCESS"},{"targetId":284606592535022,"value":"","code":"SUCCESS"},{"targetId":403217467633643,"value":"","code":"SUCCESS"},{"targetId":543560395057412,"value":"","code":"SUCCESS"},{"targetId":324114791860479,"value":"","code":"SUCCESS"},{"targetId":509683561667079,"value":"","code":"SUCCESS"},{"targetId":456185433590393,"value":"","code":"SUCCESS"},{"targetId":552534706217905,"value":"","code":"SUCCESS"},{"targetId":390148607382271,"value":"","code":"SUCCESS"},{"targetId":397333647439729,"value":"","code":"SUCCESS"},{"targetId":332548921332479,"value":"","code":"SUCCESS"},{"targetId":526223343937025,"value":"","code":"SUCCESS"},{"targetId":488698837170537,"value":"","code":"SUCCESS"},{"targetId":504744867350966,"value":"","code":"SUCCESS"},{"targetId":526329372239568,"value":"","code":"SUCCESS"},{"targetId":541525913553567,"value":"","code":"SUCCESS"},{"targetId":396830345105271,"value":"","code":"SUCCESS"},{"targetId":332848056010760,"value":"","code":"SUCCESS"},{"targetId":404841310320991,"value":"","code":"SUCCESS"},{"targetId":513821145553415,"value":"","code":"SUCCESS"}]}
2026-09-17 11:21:21 - 处理target成功：amazon_us_luux 298754818816181
2026-09-17 11:21:21 - 处理target成功：amazon_us_luux 300711309684369
2026-09-17 11:21:21 - 处理target成功：amazon_us_luux 303086562019001
2026-09-17 11:21:21 - 处理target成功：amazon_us_luux 384623094998676
2026-09-17 11:21:21 - 处理target成功：amazon_us_luux 543974189951499
2026-09-17 11:21:21 - 处理target成功：amazon_us_luux 422878407046737
2026-09-17 11:21:21 - 处理target成功：amazon_us_luux 445354634862893
2026-09-17 11:21:21 - 处理target成功：amazon_us_luux 424920571735389
2026-09-17 11:21:21 - 处理target成功：amazon_us_luux 445866821031951
2026-09-17 11:21:21 - 处理target成功：amazon_us_luux 489711593502923
2026-09-17 11:21:21 - 处理target成功：amazon_us_luux 284606592535022
2026-09-17 11:21:21 - 处理target成功：amazon_us_luux 403217467633643
2026-09-17 11:21:21 - 处理target成功：amazon_us_luux 543560395057412
2026-09-17 11:21:21 - 处理target成功：amazon_us_luux 324114791860479
2026-09-17 11:21:21 - 处理target成功：amazon_us_luux 509683561667079
2026-09-17 11:21:21 - 处理target成功：amazon_us_luux 456185433590393
2026-09-17 11:21:21 - 处理target成功：amazon_us_luux 552534706217905
2026-09-17 11:21:21 - 处理target成功：amazon_us_luux 390148607382271
2026-09-17 11:21:21 - 处理target成功：amazon_us_luux 397333647439729
2026-09-17 11:21:21 - 处理target成功：amazon_us_luux 332548921332479
2026-09-17 11:21:21 - 处理target成功：amazon_us_luux 526223343937025
2026-09-17 11:21:21 - 处理target成功：amazon_us_luux 488698837170537
2026-09-17 11:21:21 - 处理target成功：amazon_us_luux 504744867350966
2026-09-17 11:21:21 - 处理target成功：amazon_us_luux 526329372239568
2026-09-17 11:21:21 - 处理target成功：amazon_us_luux 541525913553567
2026-09-17 11:21:21 - 处理target成功：amazon_us_luux 396830345105271
2026-09-17 11:21:21 - 处理target成功：amazon_us_luux 332848056010760
2026-09-17 11:21:21 - 处理target成功：amazon_us_luux 404841310320991
2026-09-17 11:21:21 - 处理target成功：amazon_us_luux 513821145553415
2026-09-17 11:21:22 - {"status":"success","message":"success","data":[{"keywordId":536043878867775,"code":"SUCCESS"},{"keywordId":40132655917986,"code":"SUCCESS"},{"keywordId":500628457691496,"code":"SUCCESS"},{"keywordId":172832235503309,"code":"SUCCESS"},{"keywordId":171562329115625,"code":"SUCCESS"},{"keywordId":383543287884588,"code":"SUCCESS"},{"keywordId":399929815565898,"code":"SUCCESS"},{"keywordId":431767988556959,"code":"SUCCESS"},{"keywordId":435191228081129,"code":"SUCCESS"},{"keywordId":262010290871408,"code":"SUCCESS"},[{"description":"Could not find keyword with id: 533563548379538","code":"ENTITY_NOT_FOUND"},{"description":"Could not find keyword with id: 544179068552777","code":"ENTITY_NOT_FOUND"},{"description":"Could not find keyword with id: 522230216893305","code":"ENTITY_NOT_FOUND"},{"description":"Could not find keyword with id: 501134459733461","code":"ENTITY_NOT_FOUND"},{"description":"Could not find keyword with id: 477264194435100","code":"ENTITY_NOT_FOUND"},{"description":"Could not find keyword with id: 527461008978410","code":"ENTITY_NOT_FOUND"},{"description":"Could not find keyword with id: 369363335410537","code":"ENTITY_NOT_FOUND"},{"description":"Could not find keyword with id: 476773128074090","code":"ENTITY_NOT_FOUND"},{"description":"Could not find keyword with id: 375445544206979","code":"ENTITY_NOT_FOUND"},{"description":"Could not find keyword with id: 508406694192154","code":"ENTITY_NOT_FOUND"},{"description":"Could not find keyword with id: 441486255284249","code":"ENTITY_NOT_FOUND"},{"description":"Could not find keyword with id: 385825180521047","code":"ENTITY_NOT_FOUND"},{"description":"Could not find keyword with id: 454514170846313","code":"ENTITY_NOT_FOUND"},{"description":"Could not find keyword with id: 384603931733301","code":"ENTITY_NOT_FOUND"},{"description":"Could not find keyword with id: 374252335302872","code":"ENTITY_NOT_FOUND"},{"description":"Could not find keyword with id: 460359472807713","code":"ENTITY_NOT_FOUND"},{"description":"Could not find keyword with id: 489514414125511","code":"ENTITY_NOT_FOUND"},{"description":"Could not find keyword with id: 553664440176647","code":"ENTITY_NOT_FOUND"},{"description":"Could not find keyword with id: 399915076309503","code":"ENTITY_NOT_FOUND"},{"description":"Could not find keyword with id: 498421522890180","code":"ENTITY_NOT_FOUND"},{"description":"Could not find keyword with id: 281690596033282","code":"ENTITY_NOT_FOUND"},{"description":"Could not find keyword with id: 523060997343619","code":"ENTITY_NOT_FOUND"},{"description":"Could not find keyword with id: 367691267326125","code":"ENTITY_NOT_FOUND"},{"description":"Could not find keyword with id: 325240093295971","code":"ENTITY_NOT_FOUND"},{"description":"Could not find keyword with id: 319850208141785","code":"ENTITY_NOT_FOUND"},{"description":"Could not find keyword with id: 354991011304624","code":"ENTITY_NOT_FOUND"},{"description":"Could not find keyword with id: 345028376503738","code":"ENTITY_NOT_FOUND"},{"description":"Could not find keyword with id: 422096795138896","code":"ENTITY_NOT_FOUND"},{"description":"Could not find keyword with id: 513145889079873","code":"ENTITY_NOT_FOUND"},{"description":"Could not find keyword with id: 533492371124962","code":"ENTITY_NOT_FOUND"},{"description":"Could not find keyword with id: 329430849485098","code":"ENTITY_NOT_FOUND"},{"description":"Could not find keyword with id: 463999115479000","code":"ENTITY_NOT_FOUND"},{"description":"Could not find keyword with id: 523869406958101","code":"ENTITY_NOT_FOUND"},{"description":"Could not find keyword with id: 543087444690340","code":"ENTITY_NOT_FOUND"},{"description":"Could not find keyword with id: 510489128233399","code":"ENTITY_NOT_FOUND"},{"description":"Could not find keyword with id: 439912963609703","code":"ENTITY_NOT_FOUND"},{"description":"Could not find keyword with id: 437412555416138","code":"ENTITY_NOT_FOUND"},{"description":"Could not find keyword with id: 493669689504614","code":"ENTITY_NOT_FOUND"},{"description":"Could not find keyword with id: 548445406054666","code":"ENTITY_NOT_FOUND"},{"description":"Could not find keyword with id: 380377180234488","code":"ENTITY_NOT_FOUND"}]]}
2026-09-17 11:21:22 - 处理keyword失败：amazon_us_sopro 533563548379538
2026-09-17 11:21:22 - 处理keyword失败：amazon_us_sopro 544179068552777
2026-09-17 11:21:22 - 处理keyword失败：amazon_us_sopro 522230216893305
2026-09-17 11:21:22 - 处理keyword失败：amazon_us_sopro 501134459733461
2026-09-17 11:21:22 - 处理keyword成功：amazon_us_sopro 536043878867775
2026-09-17 11:21:22 - 处理keyword成功：amazon_us_sopro 40132655917986
2026-09-17 11:21:22 - 处理keyword失败：amazon_us_sopro 477264194435100
2026-09-17 11:21:22 - 处理keyword失败：amazon_us_sopro 527461008978410
2026-09-17 11:21:22 - 处理keyword失败：amazon_us_sopro 369363335410537
2026-09-17 11:21:22 - 处理keyword失败：amazon_us_sopro 476773128074090
2026-09-17 11:21:22 - 处理keyword失败：amazon_us_sopro 375445544206979
2026-09-17 11:21:22 - 处理keyword失败：amazon_us_sopro 508406694192154
2026-09-17 11:21:22 - 处理keyword失败：amazon_us_sopro 441486255284249
2026-09-17 11:21:22 - 处理keyword失败：amazon_us_sopro 385825180521047
2026-09-17 11:21:22 - 处理keyword失败：amazon_us_sopro 454514170846313
2026-09-17 11:21:22 - 处理keyword成功：amazon_us_sopro 500628457691496
2026-09-17 11:21:22 - 处理keyword失败：amazon_us_sopro 384603931733301
2026-09-17 11:21:22 - 处理keyword成功：amazon_us_sopro 172832235503309
2026-09-17 11:21:22 - 处理keyword失败：amazon_us_sopro 374252335302872
2026-09-17 11:21:22 - 处理keyword失败：amazon_us_sopro 460359472807713
2026-09-17 11:21:22 - 处理keyword成功：amazon_us_sopro 171562329115625
2026-09-17 11:21:22 - 处理keyword失败：amazon_us_sopro 489514414125511
2026-09-17 11:21:22 - 处理keyword失败：amazon_us_sopro 553664440176647
2026-09-17 11:21:22 - 处理keyword失败：amazon_us_sopro 399915076309503
2026-09-17 11:21:22 - 处理keyword失败：amazon_us_sopro 498421522890180
2026-09-17 11:21:22 - 处理keyword成功：amazon_us_sopro 383543287884588
2026-09-17 11:21:22 - 处理keyword失败：amazon_us_sopro 281690596033282
2026-09-17 11:21:22 - 处理keyword失败：amazon_us_sopro 523060997343619
2026-09-17 11:21:22 - 处理keyword失败：amazon_us_sopro 367691267326125
2026-09-17 11:21:22 - 处理keyword成功：amazon_us_sopro 399929815565898
2026-09-17 11:21:22 - 处理keyword成功：amazon_us_sopro 431767988556959
2026-09-17 11:21:22 - 处理keyword失败：amazon_us_sopro 325240093295971
2026-09-17 11:21:22 - 处理keyword成功：amazon_us_sopro 435191228081129
2026-09-17 11:21:22 - 处理keyword失败：amazon_us_sopro 319850208141785
2026-09-17 11:21:22 - 处理keyword失败：amazon_us_sopro 354991011304624
2026-09-17 11:21:22 - 处理keyword失败：amazon_us_sopro 345028376503738
2026-09-17 11:21:22 - 处理keyword失败：amazon_us_sopro 422096795138896
2026-09-17 11:21:22 - 处理keyword失败：amazon_us_sopro 513145889079873
2026-09-17 11:21:22 - 处理keyword失败：amazon_us_sopro 533492371124962
2026-09-17 11:21:22 - 处理keyword失败：amazon_us_sopro 329430849485098
2026-09-17 11:21:22 - 处理keyword失败：amazon_us_sopro 463999115479000
2026-09-17 11:21:22 - 处理keyword成功：amazon_us_sopro 262010290871408
2026-09-17 11:21:22 - 处理keyword失败：amazon_us_sopro 523869406958101
2026-09-17 11:21:22 - 处理keyword失败：amazon_us_sopro 543087444690340
2026-09-17 11:21:22 - 处理keyword失败：amazon_us_sopro 510489128233399
2026-09-17 11:21:22 - 处理keyword失败：amazon_us_sopro 439912963609703
2026-09-17 11:21:22 - 处理keyword失败：amazon_us_sopro 437412555416138
2026-09-17 11:21:22 - 处理keyword失败：amazon_us_sopro 493669689504614
2026-09-17 11:21:22 - 处理keyword失败：amazon_us_sopro 548445406054666
2026-09-17 11:21:22 - 处理keyword失败：amazon_us_sopro 380377180234488
2026-09-17 11:21:23 - batchMongoUpdateKeyword：共5条，成功5条，失败0条
2026-09-17 11:21:24 - {"status":"success","message":"success","data":[{"targetId":533563548379538,"value":"","code":"SUCCESS"},{"targetId":544179068552777,"value":"","code":"SUCCESS"},{"targetId":522230216893305,"value":"","code":"SUCCESS"},{"targetId":501134459733461,"value":"","code":"SUCCESS"},{"targetId":477264194435100,"value":"","code":"SUCCESS"},{"targetId":527461008978410,"value":"","code":"SUCCESS"},{"targetId":369363335410537,"value":"","code":"SUCCESS"},{"targetId":476773128074090,"value":"","code":"SUCCESS"},{"targetId":375445544206979,"value":"","code":"SUCCESS"},{"targetId":508406694192154,"value":"","code":"SUCCESS"},{"targetId":441486255284249,"value":"","code":"SUCCESS"},{"targetId":385825180521047,"value":"","code":"SUCCESS"},{"targetId":454514170846313,"value":"","code":"SUCCESS"},{"targetId":384603931733301,"value":"","code":"SUCCESS"},{"targetId":374252335302872,"value":"","code":"SUCCESS"},{"targetId":460359472807713,"value":"","code":"SUCCESS"},{"targetId":489514414125511,"value":"","code":"SUCCESS"},{"targetId":553664440176647,"value":"","code":"SUCCESS"},{"targetId":399915076309503,"value":"","code":"SUCCESS"},{"targetId":498421522890180,"value":"","code":"SUCCESS"},{"targetId":281690596033282,"value":"","code":"SUCCESS"},{"targetId":523060997343619,"value":"","code":"SUCCESS"},{"targetId":367691267326125,"value":"","code":"SUCCESS"},{"targetId":325240093295971,"value":"","code":"SUCCESS"},{"targetId":319850208141785,"value":"","code":"SUCCESS"},{"targetId":354991011304624,"value":"","code":"SUCCESS"},{"targetId":345028376503738,"value":"","code":"SUCCESS"},{"targetId":422096795138896,"value":"","code":"SUCCESS"},{"targetId":513145889079873,"value":"","code":"SUCCESS"},{"targetId":533492371124962,"value":"","code":"SUCCESS"},{"targetId":329430849485098,"value":"","code":"SUCCESS"},{"targetId":463999115479000,"value":"","code":"SUCCESS"},{"targetId":523869406958101,"value":"","code":"SUCCESS"},{"targetId":543087444690340,"value":"","code":"SUCCESS"},{"targetId":510489128233399,"value":"","code":"SUCCESS"},{"targetId":439912963609703,"value":"","code":"SUCCESS"},{"targetId":437412555416138,"value":"","code":"SUCCESS"},{"targetId":493669689504614,"value":"","code":"SUCCESS"},{"targetId":548445406054666,"value":"","code":"SUCCESS"},{"targetId":380377180234488,"value":"","code":"SUCCESS"}]}
2026-09-17 11:21:24 - 处理target成功：amazon_us_sopro 533563548379538
2026-09-17 11:21:24 - 处理target成功：amazon_us_sopro 544179068552777
2026-09-17 11:21:24 - 处理target成功：amazon_us_sopro 522230216893305
2026-09-17 11:21:24 - 处理target成功：amazon_us_sopro 501134459733461
2026-09-17 11:21:24 - 处理target成功：amazon_us_sopro 477264194435100
2026-09-17 11:21:24 - 处理target成功：amazon_us_sopro 527461008978410
2026-09-17 11:21:24 - 处理target成功：amazon_us_sopro 369363335410537
2026-09-17 11:21:24 - 处理target成功：amazon_us_sopro 476773128074090
2026-09-17 11:21:24 - 处理target成功：amazon_us_sopro 375445544206979
2026-09-17 11:21:24 - 处理target成功：amazon_us_sopro 508406694192154
2026-09-17 11:21:24 - 处理target成功：amazon_us_sopro 441486255284249
2026-09-17 11:21:24 - 处理target成功：amazon_us_sopro 385825180521047
2026-09-17 11:21:24 - 处理target成功：amazon_us_sopro 454514170846313
2026-09-17 11:21:24 - 处理target成功：amazon_us_sopro 384603931733301
2026-09-17 11:21:24 - 处理target成功：amazon_us_sopro 374252335302872
2026-09-17 11:21:24 - 处理target成功：amazon_us_sopro 460359472807713
2026-09-17 11:21:24 - 处理target成功：amazon_us_sopro 489514414125511
2026-09-17 11:21:24 - 处理target成功：amazon_us_sopro 553664440176647
2026-09-17 11:21:24 - 处理target成功：amazon_us_sopro 399915076309503
2026-09-17 11:21:24 - 处理target成功：amazon_us_sopro 498421522890180
2026-09-17 11:21:24 - 处理target成功：amazon_us_sopro 281690596033282
2026-09-17 11:21:24 - 处理target成功：amazon_us_sopro 523060997343619
2026-09-17 11:21:24 - 处理target成功：amazon_us_sopro 367691267326125
2026-09-17 11:21:24 - 处理target成功：amazon_us_sopro 325240093295971
2026-09-17 11:21:24 - 处理target成功：amazon_us_sopro 319850208141785
2026-09-17 11:21:24 - 处理target成功：amazon_us_sopro 354991011304624
2026-09-17 11:21:24 - 处理target成功：amazon_us_sopro 345028376503738
2026-09-17 11:21:24 - 处理target成功：amazon_us_sopro 422096795138896
2026-09-17 11:21:24 - 处理target成功：amazon_us_sopro 513145889079873
2026-09-17 11:21:24 - 处理target成功：amazon_us_sopro 533492371124962
2026-09-17 11:21:24 - 处理target成功：amazon_us_sopro 329430849485098
2026-09-17 11:21:24 - 处理target成功：amazon_us_sopro 463999115479000
2026-09-17 11:21:24 - 处理target成功：amazon_us_sopro 523869406958101
2026-09-17 11:21:24 - 处理target成功：amazon_us_sopro 543087444690340
2026-09-17 11:21:24 - 处理target成功：amazon_us_sopro 510489128233399
2026-09-17 11:21:24 - 处理target成功：amazon_us_sopro 439912963609703
2026-09-17 11:21:24 - 处理target成功：amazon_us_sopro 437412555416138
2026-09-17 11:21:24 - 处理target成功：amazon_us_sopro 493669689504614
2026-09-17 11:21:24 - 处理target成功：amazon_us_sopro 548445406054666
2026-09-17 11:21:24 - 处理target成功：amazon_us_sopro 380377180234488
2026-09-17 11:21:26 - {"status":"fail","message":"Could not find keyword with id: 106533826790708","data":[{"code":"ENTITY_NOT_FOUND","description":"Could not find keyword with id: 1076032009847"},{"code":"ENTITY_NOT_FOUND","description":"Could not find keyword with id: 70972953283692"},{"code":"ENTITY_NOT_FOUND","description":"Could not find keyword with id: 106533826790708"}]}
2026-09-17 11:21:26 - 处理keyword失败：amazon_uk_luux 1076032009847
2026-09-17 11:21:26 - 处理keyword失败：amazon_uk_luux 70972953283692
2026-09-17 11:21:26 - 处理keyword失败：amazon_uk_luux 106533826790708
2026-09-17 11:21:31 - {"status":"success","message":"success","data":[{"targetId":1076032009847,"value":"","code":"SUCCESS"},{"targetId":70972953283692,"value":"","code":"SUCCESS"},{"targetId":106533826790708,"value":"","code":"SUCCESS"}]}
2026-09-17 11:21:31 - 处理target成功：amazon_uk_luux 1076032009847
2026-09-17 11:21:31 - 处理target成功：amazon_uk_luux 70972953283692
2026-09-17 11:21:31 - 处理target成功：amazon_uk_luux 106533826790708
2026-09-17 11:21:32 - {"status":"success","message":"success","data":[{"keywordId":162074768645756,"code":"SUCCESS"},{"keywordId":425351231259790,"code":"SUCCESS"},{"keywordId":513048106458452,"code":"SUCCESS"},{"keywordId":428047615835180,"code":"SUCCESS"},{"keywordId":518537423403504,"code":"SUCCESS"},{"keywordId":432696097544930,"code":"SUCCESS"},{"keywordId":120008929933591,"code":"SUCCESS"},{"keywordId":71308545197989,"code":"SUCCESS"},[{"description":"Could not find keyword with id: 482427357224068","code":"ENTITY_NOT_FOUND"},{"description":"Could not find keyword with id: 305031899391135","code":"ENTITY_NOT_FOUND"},{"description":"Could not find keyword with id: 397437956703971","code":"ENTITY_NOT_FOUND"},{"description":"Could not find keyword with id: 427655888321871","code":"ENTITY_NOT_FOUND"},{"description":"Could not find keyword with id: 362409570210881","code":"ENTITY_NOT_FOUND"},{"description":"Could not find keyword with id: 459795560705639","code":"ENTITY_NOT_FOUND"},{"description":"Could not find keyword with id: 302299832248030","code":"ENTITY_NOT_FOUND"},{"description":"Could not find keyword with id: 338047607273958","code":"ENTITY_NOT_FOUND"},{"description":"Could not find keyword with id: 289463929816250","code":"ENTITY_NOT_FOUND"},{"description":"Could not find keyword with id: 378235202106723","code":"ENTITY_NOT_FOUND"},{"description":"Could not find keyword with id: 352738308179549","code":"ENTITY_NOT_FOUND"},{"description":"Could not find keyword with id: 395988376020057","code":"ENTITY_NOT_FOUND"},{"description":"Could not find keyword with id: 311994933075712","code":"ENTITY_NOT_FOUND"},{"description":"Could not find keyword with id: 345756683802055","code":"ENTITY_NOT_FOUND"},{"description":"Could not find keyword with id: 392106220937790","code":"ENTITY_NOT_FOUND"},{"description":"Could not find keyword with id: 338246570145401","code":"ENTITY_NOT_FOUND"},{"description":"Could not find keyword with id: 514742893925107","code":"ENTITY_NOT_FOUND"},{"description":"Could not find keyword with id: 540840435394654","code":"ENTITY_NOT_FOUND"},{"description":"Could not find keyword with id: 526434692029919","code":"ENTITY_NOT_FOUND"},{"description":"Could not find keyword with id: 425181150193190","code":"ENTITY_NOT_FOUND"},{"description":"Could not find keyword with id: 561825123953731","code":"ENTITY_NOT_FOUND"}]]}
2026-09-17 11:21:32 - 处理keyword失败：amazon_us_tuto 482427357224068
2026-09-17 11:21:32 - 处理keyword成功：amazon_us_tuto 162074768645756
2026-09-17 11:21:32 - 处理keyword成功：amazon_us_tuto 425351231259790
2026-09-17 11:21:32 - 处理keyword成功：amazon_us_tuto 513048106458452
2026-09-17 11:21:32 - 处理keyword失败：amazon_us_tuto 305031899391135
2026-09-17 11:21:32 - 处理keyword失败：amazon_us_tuto 397437956703971
2026-09-17 11:21:32 - 处理keyword成功：amazon_us_tuto 428047615835180
2026-09-17 11:21:32 - 处理keyword失败：amazon_us_tuto 427655888321871
2026-09-17 11:21:32 - 处理keyword失败：amazon_us_tuto 362409570210881
2026-09-17 11:21:32 - 处理keyword失败：amazon_us_tuto 459795560705639
2026-09-17 11:21:32 - 处理keyword失败：amazon_us_tuto 302299832248030
2026-09-17 11:21:32 - 处理keyword失败：amazon_us_tuto 338047607273958
2026-09-17 11:21:32 - 处理keyword失败：amazon_us_tuto 289463929816250
2026-09-17 11:21:32 - 处理keyword成功：amazon_us_tuto 518537423403504
2026-09-17 11:21:32 - 处理keyword失败：amazon_us_tuto 378235202106723
2026-09-17 11:21:32 - 处理keyword失败：amazon_us_tuto 352738308179549
2026-09-17 11:21:32 - 处理keyword失败：amazon_us_tuto 395988376020057
2026-09-17 11:21:32 - 处理keyword失败：amazon_us_tuto 311994933075712
2026-09-17 11:21:32 - 处理keyword失败：amazon_us_tuto 345756683802055
2026-09-17 11:21:32 - 处理keyword失败：amazon_us_tuto 392106220937790
2026-09-17 11:21:32 - 处理keyword失败：amazon_us_tuto 338246570145401
2026-09-17 11:21:32 - 处理keyword成功：amazon_us_tuto 432696097544930
2026-09-17 11:21:32 - 处理keyword失败：amazon_us_tuto 514742893925107
2026-09-17 11:21:32 - 处理keyword成功：amazon_us_tuto 120008929933591
2026-09-17 11:21:32 - 处理keyword失败：amazon_us_tuto 540840435394654
2026-09-17 11:21:32 - 处理keyword失败：amazon_us_tuto 526434692029919
2026-09-17 11:21:32 - 处理keyword成功：amazon_us_tuto 71308545197989
2026-09-17 11:21:32 - 处理keyword失败：amazon_us_tuto 425181150193190
2026-09-17 11:21:32 - 处理keyword失败：amazon_us_tuto 561825123953731
2026-09-17 11:21:32 - batchMongoUpdateKeyword：共3条，成功3条，失败0条
2026-09-17 11:21:32 - batchMongoUpdateKeyword：共2条，成功2条，失败0条
2026-09-17 11:21:35 - {"status":"success","message":"success","data":[{"targetId":294232427058982,"value":"","code":"SUCCESS"},{"targetId":330980345151381,"value":"","code":"SUCCESS"},{"targetId":378454927272595,"value":"","code":"SUCCESS"},{"targetId":329880303424940,"value":"","code":"SUCCESS"},{"targetId":473150726703298,"value":"","code":"SUCCESS"},{"targetId":300917246067116,"value":"","code":"SUCCESS"},{"targetId":465744474570357,"value":"","code":"SUCCESS"},{"targetId":421595309146234,"value":"","code":"SUCCESS"},{"targetId":331067041222172,"value":"","code":"SUCCESS"},{"targetId":512049609847942,"value":"","code":"SUCCESS"},{"targetId":523186165896603,"value":"","code":"SUCCESS"},{"targetId":338844712412916,"value":"","code":"SUCCESS"},{"targetId":431065760624842,"value":"","code":"SUCCESS"},{"targetId":382334296110007,"value":"","code":"SUCCESS"},{"targetId":505988824309821,"value":"","code":"SUCCESS"},{"targetId":365530635263096,"value":"","code":"SUCCESS"},{"targetId":540659983962212,"value":"","code":"SUCCESS"},{"targetId":325643563032858,"value":"","code":"SUCCESS"},{"targetId":320565214013146,"value":"","code":"SUCCESS"},{"targetId":396550484407242,"value":"","code":"SUCCESS"},{"targetId":443965302310302,"value":"","code":"SUCCESS"},{"targetId":528429193955540,"value":"","code":"SUCCESS"},{"targetId":501049516210538,"value":"","code":"SUCCESS"},{"targetId":538684021092605,"value":"","code":"SUCCESS"},{"targetId":532334956083883,"value":"","code":"SUCCESS"},{"targetId":435490257871035,"value":"","code":"SUCCESS"},{"targetId":547104114708906,"value":"","code":"SUCCESS"},{"targetId":330698496775276,"value":"","code":"SUCCESS"},{"targetId":532104118264835,"value":"","code":"SUCCESS"},{"targetId":435745131543869,"value":"","code":"SUCCESS"},{"targetId":337306474717631,"value":"","code":"SUCCESS"},{"targetId":369596099181044,"value":"","code":"SUCCESS"},{"targetId":450723105464908,"value":"","code":"SUCCESS"},{"targetId":384459616257251,"value":"","code":"SUCCESS"},{"targetId":446752075945730,"value":"","code":"SUCCESS"},{"targetId":305099136999361,"value":"","code":"SUCCESS"},{"targetId":446855884724320,"value":"","code":"SUCCESS"},{"targetId":302128071942277,"value":"","code":"SUCCESS"},{"targetId":505906910968672,"value":"","code":"SUCCESS"},{"targetId":345465262917260,"value":"","code":"SUCCESS"},{"targetId":404281837000614,"value":"","code":"SUCCESS"},{"targetId":387067011599636,"value":"","code":"SUCCESS"},{"targetId":532171157794080,"value":"","code":"SUCCESS"},{"targetId":358998371448685,"value":"","code":"SUCCESS"},{"targetId":365269819846262,"value":"","code":"SUCCESS"},{"targetId":543395891273109,"value":"","code":"SUCCESS"},{"targetId":503617069965115,"value":"","code":"SUCCESS"},{"targetId":316170078762707,"value":"","code":"SUCCESS"},{"targetId":491626854415581,"value":"","code":"SUCCESS"},{"targetId":543478560442263,"value":"","code":"SUCCESS"},{"targetId":524623551501099,"value":"","code":"SUCCESS"},{"targetId":317487486097276,"value":"","code":"SUCCESS"},{"targetId":448648913723305,"value":"","code":"SUCCESS"},{"targetId":306128597038796,"value":"","code":"SUCCESS"},{"targetId":539176640456292,"value":"","code":"SUCCESS"},{"targetId":292305770296795,"value":"","code":"SUCCESS"},{"targetId":350483725947896,"value":"","code":"SUCCESS"},{"targetId":435027722361195,"value":"","code":"SUCCESS"},{"targetId":364857993660132,"value":"","code":"SUCCESS"},{"targetId":478879947544529,"value":"","code":"SUCCESS"},{"targetId":310068502346929,"value":"","code":"SUCCESS"},{"targetId":314064566621561,"value":"","code":"SUCCESS"},{"targetId":400416302249905,"value":"","code":"SUCCESS"},{"targetId":321380514021960,"value":"","code":"SUCCESS"},{"targetId":524731824502195,"value":"","code":"SUCCESS"},{"targetId":540002121116879,"value":"","code":"SUCCESS"},{"targetId":351608774130901,"value":"","code":"SUCCESS"},{"targetId":556907494006314,"value":"","code":"SUCCESS"},{"targetId":286460588346734,"value":"","code":"SUCCESS"},{"targetId":451538637306143,"value":"","code":"SUCCESS"},{"targetId":503859037269124,"value":"","code":"SUCCESS"},{"targetId":466750663171192,"value":"","code":"SUCCESS"},{"targetId":341851040794200,"value":"","code":"SUCCESS"},{"targetId":455315598741172,"value":"","code":"SUCCESS"},{"targetId":441478331161988,"value":"","code":"SUCCESS"},{"targetId":473651981275818,"value":"","code":"SUCCESS"},{"targetId":511295483478085,"value":"","code":"SUCCESS"},{"targetId":388081002456574,"value":"","code":"SUCCESS"},{"targetId":403754966933512,"value":"","code":"SUCCESS"},{"targetId":301843264777994,"value":"","code":"SUCCESS"}]}
2026-09-17 11:21:35 - 处理target成功：amazon_us_moto 294232427058982
2026-09-17 11:21:35 - 处理target成功：amazon_us_moto 330980345151381
2026-09-17 11:21:35 - 处理target成功：amazon_us_moto 378454927272595
2026-09-17 11:21:35 - 处理target成功：amazon_us_moto 329880303424940
2026-09-17 11:21:35 - 处理target成功：amazon_us_moto 473150726703298
2026-09-17 11:21:35 - 处理target成功：amazon_us_moto 300917246067116
2026-09-17 11:21:35 - 处理target成功：amazon_us_moto 465744474570357
2026-09-17 11:21:35 - 处理target成功：amazon_us_moto 421595309146234
2026-09-17 11:21:35 - 处理target成功：amazon_us_moto 331067041222172
2026-09-17 11:21:35 - 处理target成功：amazon_us_moto 512049609847942
2026-09-17 11:21:35 - 处理target成功：amazon_us_moto 523186165896603
2026-09-17 11:21:35 - 处理target成功：amazon_us_moto 338844712412916
2026-09-17 11:21:35 - 处理target成功：amazon_us_moto 431065760624842
2026-09-17 11:21:35 - 处理target成功：amazon_us_moto 382334296110007
2026-09-17 11:21:35 - 处理target成功：amazon_us_moto 505988824309821
2026-09-17 11:21:35 - 处理target成功：amazon_us_moto 365530635263096
2026-09-17 11:21:35 - 处理target成功：amazon_us_moto 540659983962212
2026-09-17 11:21:35 - 处理target成功：amazon_us_moto 325643563032858
2026-09-17 11:21:35 - 处理target成功：amazon_us_moto 320565214013146
2026-09-17 11:21:35 - 处理target成功：amazon_us_moto 396550484407242
2026-09-17 11:21:35 - 处理target成功：amazon_us_moto 443965302310302
2026-09-17 11:21:35 - 处理target成功：amazon_us_moto 528429193955540
2026-09-17 11:21:35 - 处理target成功：amazon_us_moto 501049516210538
2026-09-17 11:21:35 - 处理target成功：amazon_us_moto 538684021092605
2026-09-17 11:21:35 - 处理target成功：amazon_us_moto 532334956083883
2026-09-17 11:21:35 - 处理target成功：amazon_us_moto 435490257871035
2026-09-17 11:21:35 - 处理target成功：amazon_us_moto 547104114708906
2026-09-17 11:21:35 - 处理target成功：amazon_us_moto 330698496775276
2026-09-17 11:21:35 - 处理target成功：amazon_us_moto 532104118264835
2026-09-17 11:21:35 - 处理target成功：amazon_us_moto 435745131543869
2026-09-17 11:21:35 - 处理target成功：amazon_us_moto 337306474717631
2026-09-17 11:21:35 - 处理target成功：amazon_us_moto 369596099181044
2026-09-17 11:21:35 - 处理target成功：amazon_us_moto 450723105464908
2026-09-17 11:21:35 - 处理target成功：amazon_us_moto 384459616257251
2026-09-17 11:21:35 - 处理target成功：amazon_us_moto 446752075945730
2026-09-17 11:21:35 - 处理target成功：amazon_us_moto 305099136999361
2026-09-17 11:21:35 - 处理target成功：amazon_us_moto 446855884724320
2026-09-17 11:21:35 - 处理target成功：amazon_us_moto 302128071942277
2026-09-17 11:21:35 - 处理target成功：amazon_us_moto 505906910968672
2026-09-17 11:21:35 - 处理target成功：amazon_us_moto 345465262917260
2026-09-17 11:21:35 - 处理target成功：amazon_us_moto 404281837000614
2026-09-17 11:21:35 - 处理target成功：amazon_us_moto 387067011599636
2026-09-17 11:21:35 - 处理target成功：amazon_us_moto 532171157794080
2026-09-17 11:21:35 - 处理target成功：amazon_us_moto 358998371448685
2026-09-17 11:21:35 - 处理target成功：amazon_us_moto 365269819846262
2026-09-17 11:21:35 - 处理target成功：amazon_us_moto 543395891273109
2026-09-17 11:21:35 - 处理target成功：amazon_us_moto 503617069965115
2026-09-17 11:21:35 - 处理target成功：amazon_us_moto 316170078762707
2026-09-17 11:21:35 - 处理target成功：amazon_us_moto 491626854415581
2026-09-17 11:21:35 - 处理target成功：amazon_us_moto 543478560442263
2026-09-17 11:21:35 - 处理target成功：amazon_us_moto 524623551501099
2026-09-17 11:21:35 - 处理target成功：amazon_us_moto 317487486097276
2026-09-17 11:21:35 - 处理target成功：amazon_us_moto 448648913723305
2026-09-17 11:21:35 - 处理target成功：amazon_us_moto 306128597038796
2026-09-17 11:21:35 - 处理target成功：amazon_us_moto 539176640456292
2026-09-17 11:21:35 - 处理target成功：amazon_us_moto 292305770296795
2026-09-17 11:21:35 - 处理target成功：amazon_us_moto 350483725947896
2026-09-17 11:21:35 - 处理target成功：amazon_us_moto 435027722361195
2026-09-17 11:21:35 - 处理target成功：amazon_us_moto 364857993660132
2026-09-17 11:21:35 - 处理target成功：amazon_us_moto 478879947544529
2026-09-17 11:21:35 - 处理target成功：amazon_us_moto 310068502346929
2026-09-17 11:21:35 - 处理target成功：amazon_us_moto 314064566621561
2026-09-17 11:21:35 - 处理target成功：amazon_us_moto 400416302249905
2026-09-17 11:21:35 - 处理target成功：amazon_us_moto 321380514021960
2026-09-17 11:21:35 - 处理target成功：amazon_us_moto 524731824502195
2026-09-17 11:21:35 - 处理target成功：amazon_us_moto 540002121116879
2026-09-17 11:21:35 - 处理target成功：amazon_us_moto 351608774130901
2026-09-17 11:21:35 - 处理target成功：amazon_us_moto 556907494006314
2026-09-17 11:21:35 - 处理target成功：amazon_us_moto 286460588346734
2026-09-17 11:21:35 - 处理target成功：amazon_us_moto 451538637306143
2026-09-17 11:21:35 - 处理target成功：amazon_us_moto 503859037269124
2026-09-17 11:21:35 - 处理target成功：amazon_us_moto 466750663171192
2026-09-17 11:21:35 - 处理target成功：amazon_us_moto 341851040794200
2026-09-17 11:21:35 - 处理target成功：amazon_us_moto 455315598741172
2026-09-17 11:21:35 - 处理target成功：amazon_us_moto 441478331161988
2026-09-17 11:21:35 - 处理target成功：amazon_us_moto 473651981275818
2026-09-17 11:21:35 - 处理target成功：amazon_us_moto 511295483478085
2026-09-17 11:21:35 - 处理target成功：amazon_us_moto 388081002456574
2026-09-17 11:21:35 - 处理target成功：amazon_us_moto 403754966933512
2026-09-17 11:21:35 - 处理target成功：amazon_us_moto 301843264777994
2026-09-17 11:21:35 - batchMongoUpdateTarget：共1条，成功1条，失败0条
2026-09-17 11:21:35 - batchMongoUpdateTarget：共1条，成功1条，失败0条
2026-09-17 11:21:38 - {"status":"success","message":"success","data":[{"keywordId":134358735504552,"code":"SUCCESS"},{"keywordId":66690876864134,"code":"SUCCESS"},{"keywordId":84393781721839,"code":"SUCCESS"},{"keywordId":155502276731045,"code":"SUCCESS"},{"keywordId":217919267601671,"code":"SUCCESS"},{"keywordId":239135156554111,"code":"SUCCESS"},{"keywordId":104938796765378,"code":"SUCCESS"},{"keywordId":39327890862369,"code":"SUCCESS"},{"keywordId":106922685345814,"code":"SUCCESS"},{"keywordId":131425369839767,"code":"SUCCESS"},{"keywordId":38222662485841,"code":"SUCCESS"}]}
2026-09-17 11:21:38 - 处理keyword成功：amazon_uk2 134358735504552
2026-09-17 11:21:38 - 处理keyword成功：amazon_uk2 66690876864134
2026-09-17 11:21:38 - 处理keyword成功：amazon_uk2 84393781721839
2026-09-17 11:21:38 - 处理keyword成功：amazon_uk2 155502276731045
2026-09-17 11:21:38 - 处理keyword成功：amazon_uk2 217919267601671
2026-09-17 11:21:38 - 处理keyword成功：amazon_uk2 239135156554111
2026-09-17 11:21:38 - 处理keyword成功：amazon_uk2 104938796765378
2026-09-17 11:21:38 - 处理keyword成功：amazon_uk2 39327890862369
2026-09-17 11:21:38 - 处理keyword成功：amazon_uk2 106922685345814
2026-09-17 11:21:38 - 处理keyword成功：amazon_uk2 131425369839767
2026-09-17 11:21:38 - 处理keyword成功：amazon_uk2 38222662485841
2026-09-17 11:21:39 - batchMongoUpdateKeyword：共1条，成功1条，失败0条
2026-09-17 11:21:39 - {"status":"success","message":"success","data":[{"targetId":482427357224068,"value":"","code":"SUCCESS"},{"targetId":305031899391135,"value":"","code":"SUCCESS"},{"targetId":397437956703971,"value":"","code":"SUCCESS"},{"targetId":427655888321871,"value":"","code":"SUCCESS"},{"targetId":362409570210881,"value":"","code":"SUCCESS"},{"targetId":459795560705639,"value":"","code":"SUCCESS"},{"targetId":302299832248030,"value":"","code":"SUCCESS"},{"targetId":338047607273958,"value":"","code":"SUCCESS"},{"targetId":289463929816250,"value":"","code":"SUCCESS"},{"targetId":378235202106723,"value":"","code":"SUCCESS"},{"targetId":352738308179549,"value":"","code":"SUCCESS"},{"targetId":395988376020057,"value":"","code":"SUCCESS"},{"targetId":311994933075712,"value":"","code":"SUCCESS"},{"targetId":345756683802055,"value":"","code":"SUCCESS"},{"targetId":392106220937790,"value":"","code":"SUCCESS"},{"targetId":338246570145401,"value":"","code":"SUCCESS"},{"targetId":514742893925107,"value":"","code":"SUCCESS"},{"targetId":540840435394654,"value":"","code":"SUCCESS"},{"targetId":526434692029919,"value":"","code":"SUCCESS"},{"targetId":425181150193190,"value":"","code":"SUCCESS"},{"targetId":561825123953731,"value":"","code":"SUCCESS"}]}
2026-09-17 11:21:39 - 处理target成功：amazon_us_tuto 482427357224068
2026-09-17 11:21:39 - 处理target成功：amazon_us_tuto 305031899391135
2026-09-17 11:21:39 - 处理target成功：amazon_us_tuto 397437956703971
2026-09-17 11:21:39 - 处理target成功：amazon_us_tuto 427655888321871
2026-09-17 11:21:39 - 处理target成功：amazon_us_tuto 362409570210881
2026-09-17 11:21:39 - 处理target成功：amazon_us_tuto 459795560705639
2026-09-17 11:21:39 - 处理target成功：amazon_us_tuto 302299832248030
2026-09-17 11:21:39 - 处理target成功：amazon_us_tuto 338047607273958
2026-09-17 11:21:39 - 处理target成功：amazon_us_tuto 289463929816250
2026-09-17 11:21:39 - 处理target成功：amazon_us_tuto 378235202106723
2026-09-17 11:21:39 - 处理target成功：amazon_us_tuto 352738308179549
2026-09-17 11:21:39 - 处理target成功：amazon_us_tuto 395988376020057
2026-09-17 11:21:39 - 处理target成功：amazon_us_tuto 311994933075712
2026-09-17 11:21:39 - 处理target成功：amazon_us_tuto 345756683802055
2026-09-17 11:21:39 - 处理target成功：amazon_us_tuto 392106220937790
2026-09-17 11:21:39 - 处理target成功：amazon_us_tuto 338246570145401
2026-09-17 11:21:39 - 处理target成功：amazon_us_tuto 514742893925107
2026-09-17 11:21:39 - 处理target成功：amazon_us_tuto 540840435394654
2026-09-17 11:21:39 - 处理target成功：amazon_us_tuto 526434692029919
2026-09-17 11:21:39 - 处理target成功：amazon_us_tuto 425181150193190
2026-09-17 11:21:39 - 处理target成功：amazon_us_tuto 561825123953731
2026-09-17 11:21:40 - {"status":"success","message":"success","data":[{"keywordId":192491022704426,"code":"SUCCESS"},[{"description":"Could not find keyword with id: 541605203832730","code":"ENTITY_NOT_FOUND"},{"description":"Could not find keyword with id: 329555624423172","code":"ENTITY_NOT_FOUND"},{"description":"Could not find keyword with id: 425791650725017","code":"ENTITY_NOT_FOUND"},{"description":"Could not find keyword with id: 457170969132230","code":"ENTITY_NOT_FOUND"},{"description":"Could not find keyword with id: 479130275974496","code":"ENTITY_NOT_FOUND"},{"description":"Could not find keyword with id: 487533856592813","code":"ENTITY_NOT_FOUND"},{"description":"Could not find keyword with id: 494033874283331","code":"ENTITY_NOT_FOUND"},{"description":"Could not find keyword with id: 450129008128871","code":"ENTITY_NOT_FOUND"},{"description":"Could not find keyword with id: 489675374549741","code":"ENTITY_NOT_FOUND"},{"description":"Could not find keyword with id: 495723039121955","code":"ENTITY_NOT_FOUND"},{"description":"Could not find keyword with id: 304869887679269","code":"ENTITY_NOT_FOUND"},{"description":"Could not find keyword with id: 444396767396723","code":"ENTITY_NOT_FOUND"},{"description":"Could not find keyword with id: 486961726503658","code":"ENTITY_NOT_FOUND"},{"description":"Could not find keyword with id: 422477422537783","code":"ENTITY_NOT_FOUND"},{"description":"Could not find keyword with id: 412735895390995","code":"ENTITY_NOT_FOUND"},{"description":"Could not find keyword with id: 408036374914533","code":"ENTITY_NOT_FOUND"},{"description":"Could not find keyword with id: 496557227574678","code":"ENTITY_NOT_FOUND"},{"description":"Could not find keyword with id: 301893060046450","code":"ENTITY_NOT_FOUND"},{"description":"Could not find keyword with id: 562013616221626","code":"ENTITY_NOT_FOUND"},{"description":"Could not find keyword with id: 460279291153484","code":"ENTITY_NOT_FOUND"},{"description":"Could not find keyword with id: 464979192861917","code":"ENTITY_NOT_FOUND"},{"description":"Could not find keyword with id: 322734462133677","code":"ENTITY_NOT_FOUND"}]]}
2026-09-17 11:21:40 - 处理keyword失败：amazon_ca_tuc 541605203832730
2026-09-17 11:21:40 - 处理keyword失败：amazon_ca_tuc 329555624423172
2026-09-17 11:21:40 - 处理keyword失败：amazon_ca_tuc 425791650725017
2026-09-17 11:21:40 - 处理keyword失败：amazon_ca_tuc 457170969132230
2026-09-17 11:21:40 - 处理keyword失败：amazon_ca_tuc 479130275974496
2026-09-17 11:21:40 - 处理keyword失败：amazon_ca_tuc 487533856592813
2026-09-17 11:21:40 - 处理keyword失败：amazon_ca_tuc 494033874283331
2026-09-17 11:21:40 - 处理keyword失败：amazon_ca_tuc 450129008128871
2026-09-17 11:21:40 - 处理keyword失败：amazon_ca_tuc 489675374549741
2026-09-17 11:21:40 - 处理keyword失败：amazon_ca_tuc 495723039121955
2026-09-17 11:21:40 - 处理keyword失败：amazon_ca_tuc 304869887679269
2026-09-17 11:21:40 - 处理keyword失败：amazon_ca_tuc 444396767396723
2026-09-17 11:21:40 - 处理keyword成功：amazon_ca_tuc 192491022704426
2026-09-17 11:21:40 - 处理keyword失败：amazon_ca_tuc 486961726503658
2026-09-17 11:21:40 - 处理keyword失败：amazon_ca_tuc 422477422537783
2026-09-17 11:21:40 - 处理keyword失败：amazon_ca_tuc 412735895390995
2026-09-17 11:21:40 - 处理keyword失败：amazon_ca_tuc 408036374914533
2026-09-17 11:21:40 - 处理keyword失败：amazon_ca_tuc 496557227574678
2026-09-17 11:21:40 - 处理keyword失败：amazon_ca_tuc 301893060046450
2026-09-17 11:21:40 - 处理keyword失败：amazon_ca_tuc 562013616221626
2026-09-17 11:21:40 - 处理keyword失败：amazon_ca_tuc 460279291153484
2026-09-17 11:21:40 - 处理keyword失败：amazon_ca_tuc 464979192861917
2026-09-17 11:21:40 - 处理keyword失败：amazon_ca_tuc 322734462133677
2026-09-17 11:21:42 - {"status":"success","message":"success","data":[{"targetId":274732241396356,"value":"","code":"SUCCESS"},{"targetId":166325055103353,"value":"","code":"SUCCESS"},{"targetId":129214238522671,"value":"","code":"SUCCESS"},{"targetId":26180988317557,"value":"","code":"SUCCESS"},{"targetId":117029585473680,"value":"","code":"SUCCESS"},{"targetId":44298396918922,"value":"","code":"SUCCESS"},{"targetId":186462139558566,"value":"","code":"SUCCESS"},{"targetId":183679812063058,"value":"","code":"SUCCESS"},{"targetId":10153621686152,"value":"","code":"SUCCESS"},{"targetId":250415421172797,"value":"","code":"SUCCESS"},{"targetId":154317501980633,"value":"","code":"SUCCESS"},{"targetId":271040503933277,"value":"","code":"SUCCESS"},{"targetId":14501498612588,"value":"","code":"SUCCESS"},{"targetId":258171143137435,"value":"","code":"SUCCESS"},{"targetId":209182463676803,"value":"","code":"SUCCESS"},{"targetId":93338494350197,"value":"","code":"SUCCESS"},{"targetId":86908584202704,"value":"","code":"SUCCESS"},{"targetId":239533848463170,"value":"","code":"SUCCESS"},{"targetId":51766812830546,"value":"","code":"SUCCESS"},{"targetId":111761581105341,"value":"","code":"SUCCESS"},{"targetId":129091275915437,"value":"","code":"SUCCESS"},{"targetId":217141286639164,"value":"","code":"SUCCESS"},{"targetId":89893681584594,"value":"","code":"SUCCESS"},{"targetId":196870075291118,"value":"","code":"SUCCESS"},{"targetId":202006737799811,"value":"","code":"SUCCESS"},{"targetId":117920472300351,"value":"","code":"SUCCESS"},{"targetId":33104002073382,"value":"","code":"SUCCESS"},{"targetId":26808164696435,"value":"","code":"SUCCESS"},{"targetId":103367728029858,"value":"","code":"SUCCESS"},{"targetId":23914396184110,"value":"","code":"SUCCESS"},{"targetId":210801972974824,"value":"","code":"SUCCESS"},{"targetId":45334100694274,"value":"","code":"SUCCESS"},{"targetId":255441307437243,"value":"","code":"SUCCESS"},{"targetId":236530072697076,"value":"","code":"SUCCESS"},{"targetId":80700675250225,"value":"","code":"SUCCESS"},{"targetId":14436913862278,"value":"","code":"SUCCESS"},{"targetId":194375227756131,"value":"","code":"SUCCESS"},{"targetId":227481613320388,"value":"","code":"SUCCESS"},{"targetId":6427722757716,"value":"","code":"SUCCESS"},{"targetId":179293440770737,"value":"","code":"SUCCESS"},{"targetId":172362057604843,"value":"","code":"SUCCESS"},{"targetId":6778363376600,"value":"","code":"SUCCESS"},{"targetId":55885701567686,"value":"","code":"SUCCESS"},{"targetId":263464229410274,"value":"","code":"SUCCESS"},{"targetId":25714062647644,"value":"","code":"SUCCESS"},{"targetId":228856183010289,"value":"","code":"SUCCESS"},{"targetId":56760698689311,"value":"","code":"SUCCESS"},{"targetId":11521608285816,"value":"","code":"SUCCESS"},{"targetId":117471647787577,"value":"","code":"SUCCESS"},{"targetId":280210487530452,"value":"","code":"SUCCESS"},{"targetId":184561647557770,"value":"","code":"SUCCESS"},{"targetId":17889498396408,"value":"","code":"SUCCESS"},{"targetId":42351860956852,"value":"","code":"SUCCESS"},{"targetId":245609332935783,"value":"","code":"SUCCESS"},{"targetId":23553253447025,"value":"","code":"SUCCESS"},{"targetId":61267677923676,"value":"","code":"SUCCESS"},{"targetId":116782128403733,"value":"","code":"SUCCESS"},{"targetId":35234295453752,"value":"","code":"SUCCESS"},{"targetId":96899565580021,"value":"","code":"SUCCESS"},{"targetId":222358801099911,"value":"","code":"SUCCESS"},{"targetId":238257262486208,"value":"","code":"SUCCESS"},{"targetId":112470283054787,"value":"","code":"SUCCESS"},{"targetId":206914772955255,"value":"","code":"SUCCESS"},{"targetId":279890472042833,"value":"","code":"SUCCESS"}]}
2026-09-17 11:21:42 - 处理target成功：amazon_uk2 274732241396356
2026-09-17 11:21:42 - 处理target成功：amazon_uk2 166325055103353
2026-09-17 11:21:42 - 处理target成功：amazon_uk2 129214238522671
2026-09-17 11:21:42 - 处理target成功：amazon_uk2 26180988317557
2026-09-17 11:21:42 - 处理target成功：amazon_uk2 117029585473680
2026-09-17 11:21:42 - 处理target成功：amazon_uk2 44298396918922
2026-09-17 11:21:42 - 处理target成功：amazon_uk2 186462139558566
2026-09-17 11:21:42 - 处理target成功：amazon_uk2 183679812063058
2026-09-17 11:21:42 - 处理target成功：amazon_uk2 10153621686152
2026-09-17 11:21:42 - 处理target成功：amazon_uk2 250415421172797
2026-09-17 11:21:42 - 处理target成功：amazon_uk2 154317501980633
2026-09-17 11:21:42 - 处理target成功：amazon_uk2 271040503933277
2026-09-17 11:21:42 - 处理target成功：amazon_uk2 14501498612588
2026-09-17 11:21:42 - 处理target成功：amazon_uk2 258171143137435
2026-09-17 11:21:42 - 处理target成功：amazon_uk2 209182463676803
2026-09-17 11:21:42 - 处理target成功：amazon_uk2 93338494350197
2026-09-17 11:21:42 - 处理target成功：amazon_uk2 86908584202704
2026-09-17 11:21:42 - 处理target成功：amazon_uk2 239533848463170
2026-09-17 11:21:42 - 处理target成功：amazon_uk2 51766812830546
2026-09-17 11:21:42 - 处理target成功：amazon_uk2 111761581105341
2026-09-17 11:21:42 - 处理target成功：amazon_uk2 129091275915437
2026-09-17 11:21:42 - 处理target成功：amazon_uk2 217141286639164
2026-09-17 11:21:42 - 处理target成功：amazon_uk2 89893681584594
2026-09-17 11:21:42 - 处理target成功：amazon_uk2 196870075291118
2026-09-17 11:21:42 - 处理target成功：amazon_uk2 202006737799811
2026-09-17 11:21:42 - 处理target成功：amazon_uk2 117920472300351
2026-09-17 11:21:42 - 处理target成功：amazon_uk2 33104002073382
2026-09-17 11:21:42 - 处理target成功：amazon_uk2 26808164696435
2026-09-17 11:21:42 - 处理target成功：amazon_uk2 103367728029858
2026-09-17 11:21:42 - 处理target成功：amazon_uk2 23914396184110
2026-09-17 11:21:42 - 处理target成功：amazon_uk2 210801972974824
2026-09-17 11:21:42 - 处理target成功：amazon_uk2 45334100694274
2026-09-17 11:21:42 - 处理target成功：amazon_uk2 255441307437243
2026-09-17 11:21:42 - 处理target成功：amazon_uk2 236530072697076
2026-09-17 11:21:42 - 处理target成功：amazon_uk2 80700675250225
2026-09-17 11:21:42 - 处理target成功：amazon_uk2 14436913862278
2026-09-17 11:21:42 - 处理target成功：amazon_uk2 194375227756131
2026-09-17 11:21:42 - 处理target成功：amazon_uk2 227481613320388
2026-09-17 11:21:42 - 处理target成功：amazon_uk2 6427722757716
2026-09-17 11:21:42 - 处理target成功：amazon_uk2 179293440770737
2026-09-17 11:21:42 - 处理target成功：amazon_uk2 172362057604843
2026-09-17 11:21:42 - 处理target成功：amazon_uk2 6778363376600
2026-09-17 11:21:42 - 处理target成功：amazon_uk2 55885701567686
2026-09-17 11:21:42 - 处理target成功：amazon_uk2 263464229410274
2026-09-17 11:21:42 - 处理target成功：amazon_uk2 25714062647644
2026-09-17 11:21:42 - 处理target成功：amazon_uk2 228856183010289
2026-09-17 11:21:42 - 处理target成功：amazon_uk2 56760698689311
2026-09-17 11:21:42 - 处理target成功：amazon_uk2 11521608285816
2026-09-17 11:21:42 - 处理target成功：amazon_uk2 117471647787577
2026-09-17 11:21:42 - 处理target成功：amazon_uk2 280210487530452
2026-09-17 11:21:42 - 处理target成功：amazon_uk2 184561647557770
2026-09-17 11:21:42 - 处理target成功：amazon_uk2 17889498396408
2026-09-17 11:21:42 - 处理target成功：amazon_uk2 42351860956852
2026-09-17 11:21:42 - 处理target成功：amazon_uk2 245609332935783
2026-09-17 11:21:42 - 处理target成功：amazon_uk2 23553253447025
2026-09-17 11:21:42 - 处理target成功：amazon_uk2 61267677923676
2026-09-17 11:21:42 - 处理target成功：amazon_uk2 116782128403733
2026-09-17 11:21:42 - 处理target成功：amazon_uk2 35234295453752
2026-09-17 11:21:42 - 处理target成功：amazon_uk2 96899565580021
2026-09-17 11:21:42 - 处理target成功：amazon_uk2 222358801099911
2026-09-17 11:21:42 - 处理target成功：amazon_uk2 238257262486208
2026-09-17 11:21:42 - 处理target成功：amazon_uk2 112470283054787
2026-09-17 11:21:42 - 处理target成功：amazon_uk2 206914772955255
2026-09-17 11:21:42 - 处理target成功：amazon_uk2 279890472042833
2026-09-17 11:21:42 - batchMongoUpdateTarget：共6条，成功6条，失败0条
2026-09-17 11:21:42 - {"status":"success","message":"success","data":[{"targetId":541605203832730,"value":"","code":"SUCCESS"},{"targetId":329555624423172,"value":"","code":"SUCCESS"},{"targetId":425791650725017,"value":"","code":"SUCCESS"},{"targetId":457170969132230,"value":"","code":"SUCCESS"},{"targetId":479130275974496,"value":"","code":"SUCCESS"},{"targetId":487533856592813,"value":"","code":"SUCCESS"},{"targetId":494033874283331,"value":"","code":"SUCCESS"},{"targetId":450129008128871,"value":"","code":"SUCCESS"},{"targetId":489675374549741,"value":"","code":"SUCCESS"},{"targetId":495723039121955,"value":"","code":"SUCCESS"},{"targetId":304869887679269,"value":"","code":"SUCCESS"},{"targetId":444396767396723,"value":"","code":"SUCCESS"},{"targetId":486961726503658,"value":"","code":"SUCCESS"},{"targetId":422477422537783,"value":"","code":"SUCCESS"},{"targetId":412735895390995,"value":"","code":"SUCCESS"},{"targetId":408036374914533,"value":"","code":"SUCCESS"},{"targetId":496557227574678,"value":"","code":"SUCCESS"},{"targetId":301893060046450,"value":"","code":"SUCCESS"},{"targetId":562013616221626,"value":"","code":"SUCCESS"},{"targetId":460279291153484,"value":"","code":"SUCCESS"},{"targetId":464979192861917,"value":"","code":"SUCCESS"},{"targetId":322734462133677,"value":"","code":"SUCCESS"}]}
2026-09-17 11:21:42 - 处理target成功：amazon_ca_tuc 541605203832730
2026-09-17 11:21:42 - 处理target成功：amazon_ca_tuc 329555624423172
2026-09-17 11:21:42 - 处理target成功：amazon_ca_tuc 425791650725017
2026-09-17 11:21:42 - 处理target成功：amazon_ca_tuc 457170969132230
2026-09-17 11:21:42 - 处理target成功：amazon_ca_tuc 479130275974496
2026-09-17 11:21:42 - 处理target成功：amazon_ca_tuc 487533856592813
2026-09-17 11:21:42 - 处理target成功：amazon_ca_tuc 494033874283331
2026-09-17 11:21:42 - 处理target成功：amazon_ca_tuc 450129008128871
2026-09-17 11:21:42 - 处理target成功：amazon_ca_tuc 489675374549741
2026-09-17 11:21:42 - 处理target成功：amazon_ca_tuc 495723039121955
2026-09-17 11:21:42 - 处理target成功：amazon_ca_tuc 304869887679269
2026-09-17 11:21:42 - 处理target成功：amazon_ca_tuc 444396767396723
2026-09-17 11:21:42 - 处理target成功：amazon_ca_tuc 486961726503658
2026-09-17 11:21:42 - 处理target成功：amazon_ca_tuc 422477422537783
2026-09-17 11:21:42 - 处理target成功：amazon_ca_tuc 412735895390995
2026-09-17 11:21:42 - 处理target成功：amazon_ca_tuc 408036374914533
2026-09-17 11:21:42 - 处理target成功：amazon_ca_tuc 496557227574678
2026-09-17 11:21:42 - 处理target成功：amazon_ca_tuc 301893060046450
2026-09-17 11:21:42 - 处理target成功：amazon_ca_tuc 562013616221626
2026-09-17 11:21:42 - 处理target成功：amazon_ca_tuc 460279291153484
2026-09-17 11:21:42 - 处理target成功：amazon_ca_tuc 464979192861917
2026-09-17 11:21:42 - 处理target成功：amazon_ca_tuc 322734462133677
2026-09-17 11:21:42 - batchMongoUpdateTarget：共1条，成功1条，失败0条
2026-09-17 11:21:42 - batchMongoUpdateTarget：共4条，成功4条，失败0条
2026-09-17 11:21:43 - {"status":"fail","message":"Could not find keyword with id: 543553368499282","data":[{"code":"ENTITY_NOT_FOUND","description":"Could not find keyword with id: 466308729126469"},{"code":"ENTITY_NOT_FOUND","description":"Could not find keyword with id: 488599188134888"},{"code":"ENTITY_NOT_FOUND","description":"Could not find keyword with id: 378197671687679"},{"code":"ENTITY_NOT_FOUND","description":"Could not find keyword with id: 390937008195425"},{"code":"ENTITY_NOT_FOUND","description":"Could not find keyword with id: 481181317909925"},{"code":"ENTITY_NOT_FOUND","description":"Could not find keyword with id: 417324682655165"},{"code":"ENTITY_NOT_FOUND","description":"Could not find keyword with id: 520607329479960"},{"code":"ENTITY_NOT_FOUND","description":"Could not find keyword with id: 544483160727482"},{"code":"ENTITY_NOT_FOUND","description":"Could not find keyword with id: 543553368499282"}]}
2026-09-17 11:21:43 - 处理keyword失败：amazon_ca_rrc 466308729126469
2026-09-17 11:21:43 - 处理keyword失败：amazon_ca_rrc 488599188134888
2026-09-17 11:21:43 - 处理keyword失败：amazon_ca_rrc 378197671687679
2026-09-17 11:21:43 - 处理keyword失败：amazon_ca_rrc 390937008195425
2026-09-17 11:21:43 - 处理keyword失败：amazon_ca_rrc 481181317909925
2026-09-17 11:21:43 - 处理keyword失败：amazon_ca_rrc 417324682655165
2026-09-17 11:21:43 - 处理keyword失败：amazon_ca_rrc 520607329479960
2026-09-17 11:21:43 - 处理keyword失败：amazon_ca_rrc 544483160727482
2026-09-17 11:21:43 - 处理keyword失败：amazon_ca_rrc 543553368499282
2026-09-17 11:21:44 - {"status":"success","message":"success","data":[{"targetId":466308729126469,"value":"","code":"SUCCESS"},{"targetId":488599188134888,"value":"","code":"SUCCESS"},{"targetId":378197671687679,"value":"","code":"SUCCESS"},{"targetId":390937008195425,"value":"","code":"SUCCESS"},{"targetId":481181317909925,"value":"","code":"SUCCESS"},{"targetId":417324682655165,"value":"","code":"SUCCESS"},{"targetId":520607329479960,"value":"","code":"SUCCESS"},{"targetId":544483160727482,"value":"","code":"SUCCESS"},{"targetId":543553368499282,"value":"","code":"SUCCESS"}]}
2026-09-17 11:21:44 - 处理target成功：amazon_ca_rrc 466308729126469
2026-09-17 11:21:44 - 处理target成功：amazon_ca_rrc 488599188134888
2026-09-17 11:21:44 - 处理target成功：amazon_ca_rrc 378197671687679
2026-09-17 11:21:44 - 处理target成功：amazon_ca_rrc 390937008195425
2026-09-17 11:21:44 - 处理target成功：amazon_ca_rrc 481181317909925
2026-09-17 11:21:44 - 处理target成功：amazon_ca_rrc 417324682655165
2026-09-17 11:21:44 - 处理target成功：amazon_ca_rrc 520607329479960
2026-09-17 11:21:44 - 处理target成功：amazon_ca_rrc 544483160727482
2026-09-17 11:21:44 - 处理target成功：amazon_ca_rrc 543553368499282
2026-09-17 11:21:44 - batchMongoUpdateTarget：共1条，成功1条，失败0条
2026-09-17 11:21:46 - {"status":"success","message":"success","data":[{"keywordId":190581453405227,"code":"SUCCESS"},{"keywordId":70150391076198,"code":"SUCCESS"},{"keywordId":326608362798299,"code":"SUCCESS"},{"keywordId":220622711997127,"code":"SUCCESS"},{"keywordId":198151655055415,"code":"SUCCESS"},[{"description":"Could not find keyword with id: 296671605803500","code":"ENTITY_NOT_FOUND"},{"description":"Could not find keyword with id: 390184901579975","code":"ENTITY_NOT_FOUND"},{"description":"Could not find keyword with id: 559794432064475","code":"ENTITY_NOT_FOUND"},{"description":"Could not find keyword with id: 532952958263156","code":"ENTITY_NOT_FOUND"},{"description":"Could not find keyword with id: 518335600883090","code":"ENTITY_NOT_FOUND"},{"description":"Could not find keyword with id: 325863617039458","code":"ENTITY_NOT_FOUND"},{"description":"Could not find keyword with id: 404309123355058","code":"ENTITY_NOT_FOUND"},{"description":"Could not find keyword with id: 414950133673324","code":"ENTITY_NOT_FOUND"},{"description":"Could not find keyword with id: 306026221168689","code":"ENTITY_NOT_FOUND"},{"description":"Could not find keyword with id: 514610516285405","code":"ENTITY_NOT_FOUND"},{"description":"Could not find keyword with id: 408310143162094","code":"ENTITY_NOT_FOUND"},{"description":"Could not find keyword with id: 533176377064208","code":"ENTITY_NOT_FOUND"},{"description":"Could not find keyword with id: 464937240071601","code":"ENTITY_NOT_FOUND"},{"description":"Could not find keyword with id: 406684322593266","code":"ENTITY_NOT_FOUND"},{"description":"Could not find keyword with id: 533506791903231","code":"ENTITY_NOT_FOUND"},{"description":"Could not find keyword with id: 334241013572593","code":"ENTITY_NOT_FOUND"},{"description":"Could not find keyword with id: 359997798827137","code":"ENTITY_NOT_FOUND"},{"description":"Could not find keyword with id: 547798281885315","code":"ENTITY_NOT_FOUND"},{"description":"Could not find keyword with id: 514309789784965","code":"ENTITY_NOT_FOUND"},{"description":"Could not find keyword with id: 298132596351578","code":"ENTITY_NOT_FOUND"},{"description":"Could not find keyword with id: 467116931116746","code":"ENTITY_NOT_FOUND"},{"description":"Could not find keyword with id: 378230405763130","code":"ENTITY_NOT_FOUND"},{"description":"Could not find keyword with id: 439981092314394","code":"ENTITY_NOT_FOUND"},{"description":"Could not find keyword with id: 471436135901790","code":"ENTITY_NOT_FOUND"},{"description":"Could not find keyword with id: 358360963106463","code":"ENTITY_NOT_FOUND"},{"description":"Could not find keyword with id: 313709997827100","code":"ENTITY_NOT_FOUND"},{"description":"Could not find keyword with id: 511970842417768","code":"ENTITY_NOT_FOUND"},{"description":"Could not find keyword with id: 399833731085151","code":"ENTITY_NOT_FOUND"},{"description":"Could not find keyword with id: 387581877260507","code":"ENTITY_NOT_FOUND"},{"description":"Could not find keyword with id: 455323849484430","code":"ENTITY_NOT_FOUND"},{"description":"Could not find keyword with id: 516963188308276","code":"ENTITY_NOT_FOUND"},{"description":"Could not find keyword with id: 411158293171068","code":"ENTITY_NOT_FOUND"},{"description":"Could not find keyword with id: 558282105607873","code":"ENTITY_NOT_FOUND"},{"description":"Could not find keyword with id: 339898807257946","code":"ENTITY_NOT_FOUND"},{"description":"Could not find keyword with id: 443991704366307","code":"ENTITY_NOT_FOUND"},{"description":"Could not find keyword with id: 363186104857392","code":"ENTITY_NOT_FOUND"},{"description":"Could not find keyword with id: 382691098207432","code":"ENTITY_NOT_FOUND"},{"description":"Could not find keyword with id: 413449722420718","code":"ENTITY_NOT_FOUND"},{"description":"Could not find keyword with id: 452920111119055","code":"ENTITY_NOT_FOUND"},{"description":"Could not find keyword with id: 482289289905906","code":"ENTITY_NOT_FOUND"},{"description":"Could not find keyword with id: 508924601209232","code":"ENTITY_NOT_FOUND"},{"description":"Could not find keyword with id: 378729682985360","code":"ENTITY_NOT_FOUND"},{"description":"Could not find keyword with id: 533068674176132","code":"ENTITY_NOT_FOUND"},{"description":"Could not find keyword with id: 442114215584437","code":"ENTITY_NOT_FOUND"},{"description":"Could not find keyword with id: 314033776258192","code":"ENTITY_NOT_FOUND"},{"description":"Could not find keyword with id: 549015183476274","code":"ENTITY_NOT_FOUND"},{"description":"Could not find keyword with id: 536560084894896","code":"ENTITY_NOT_FOUND"},{"description":"Could not find keyword with id: 562002755891014","code":"ENTITY_NOT_FOUND"},{"description":"Could not find keyword with id: 286678904809689","code":"ENTITY_NOT_FOUND"},{"description":"Could not find keyword with id: 322102061170112","code":"ENTITY_NOT_FOUND"},{"description":"Could not find keyword with id: 506436939289182","code":"ENTITY_NOT_FOUND"},{"description":"Could not find keyword with id: 437583758462568","code":"ENTITY_NOT_FOUND"},{"description":"Could not find keyword with id: 332588619206441","code":"ENTITY_NOT_FOUND"},{"description":"Could not find keyword with id: 557759098930064","code":"ENTITY_NOT_FOUND"},{"description":"Could not find keyword with id: 395431013307496","code":"ENTITY_NOT_FOUND"},{"description":"Could not find keyword with id: 500495891548466","code":"ENTITY_NOT_FOUND"},{"description":"Could not find keyword with id: 454179571428240","code":"ENTITY_NOT_FOUND"},{"description":"Could not find keyword with id: 356808550469964","code":"ENTITY_NOT_FOUND"},{"description":"Could not find keyword with id: 328109068429246","code":"ENTITY_NOT_FOUND"},{"description":"Could not find keyword with id: 452042877857598","code":"ENTITY_NOT_FOUND"},{"description":"Could not find keyword with id: 486591202769518","code":"ENTITY_NOT_FOUND"},{"description":"Could not find keyword with id: 520046201721674","code":"ENTITY_NOT_FOUND"},{"description":"Could not find keyword with id: 351948173314432","code":"ENTITY_NOT_FOUND"},{"description":"Could not find keyword with id: 329557024620008","code":"ENTITY_NOT_FOUND"},{"description":"Could not find keyword with id: 360534327736871","code":"ENTITY_NOT_FOUND"},{"description":"Could not find keyword with id: 441178279679717","code":"ENTITY_NOT_FOUND"},{"description":"Could not find keyword with id: 340493105208693","code":"ENTITY_NOT_FOUND"},{"description":"Could not find keyword with id: 473363700185439","code":"ENTITY_NOT_FOUND"},{"description":"Could not find keyword with id: 344435149557934","code":"ENTITY_NOT_FOUND"},{"description":"Could not find keyword with id: 364967463640170","code":"ENTITY_NOT_FOUND"},{"description":"Could not find keyword with id: 330364137309087","code":"ENTITY_NOT_FOUND"},{"description":"Could not find keyword with id: 410782160028671","code":"ENTITY_NOT_FOUND"},{"description":"Could not find keyword with id: 427160749242707","code":"ENTITY_NOT_FOUND"},{"description":"Could not find keyword with id: 358873859413421","code":"ENTITY_NOT_FOUND"},{"description":"Could not find keyword with id: 399461665349271","code":"ENTITY_NOT_FOUND"},{"description":"Could not find keyword with id: 519494115109741","code":"ENTITY_NOT_FOUND"},{"description":"Could not find keyword with id: 312196269774541","code":"ENTITY_NOT_FOUND"},{"description":"Could not find keyword with id: 362417725248393","code":"ENTITY_NOT_FOUND"},{"description":"Could not find keyword with id: 445306980245532","code":"ENTITY_NOT_FOUND"},{"description":"Could not find keyword with id: 428696481858459","code":"ENTITY_NOT_FOUND"},{"description":"Could not find keyword with id: 369766855245428","code":"ENTITY_NOT_FOUND"},{"description":"Could not find keyword with id: 415226415780929","code":"ENTITY_NOT_FOUND"},{"description":"Could not find keyword with id: 375345092000242","code":"ENTITY_NOT_FOUND"},{"description":"Could not find keyword with id: 552076755993295","code":"ENTITY_NOT_FOUND"},{"description":"Could not find keyword with id: 452909345002637","code":"ENTITY_NOT_FOUND"},{"description":"Could not find keyword with id: 411346455408679","code":"ENTITY_NOT_FOUND"},{"description":"Could not find keyword with id: 382712025415619","code":"ENTITY_NOT_FOUND"},{"description":"Could not find keyword with id: 356689529015819","code":"ENTITY_NOT_FOUND"},{"description":"Could not find keyword with id: 493066756956512","code":"ENTITY_NOT_FOUND"},{"description":"Could not find keyword with id: 449102304355263","code":"ENTITY_NOT_FOUND"},{"description":"Could not find keyword with id: 379730624623040","code":"ENTITY_NOT_FOUND"},{"description":"Could not find keyword with id: 527892075197252","code":"ENTITY_NOT_FOUND"},{"description":"Could not find keyword with id: 516898927496496","code":"ENTITY_NOT_FOUND"},{"description":"Could not find keyword with id: 360132449585473","code":"ENTITY_NOT_FOUND"},{"description":"Could not find keyword with id: 426543767209654","code":"ENTITY_NOT_FOUND"},{"description":"Could not find keyword with id: 539561483749066","code":"ENTITY_NOT_FOUND"},{"description":"Could not find keyword with id: 529893206813388","code":"ENTITY_NOT_FOUND"},{"description":"Could not find keyword with id: 365206190902538","code":"ENTITY_NOT_FOUND"}]]}
2026-09-17 11:21:46 - 处理keyword失败：amazon_ca_piccocasa 296671605803500
2026-09-17 11:21:46 - 处理keyword失败：amazon_ca_piccocasa 390184901579975
2026-09-17 11:21:46 - 处理keyword失败：amazon_ca_piccocasa 559794432064475
2026-09-17 11:21:46 - 处理keyword失败：amazon_ca_piccocasa 532952958263156
2026-09-17 11:21:46 - 处理keyword失败：amazon_ca_piccocasa 518335600883090
2026-09-17 11:21:46 - 处理keyword失败：amazon_ca_piccocasa 325863617039458
2026-09-17 11:21:46 - 处理keyword失败：amazon_ca_piccocasa 404309123355058
2026-09-17 11:21:46 - 处理keyword失败：amazon_ca_piccocasa 414950133673324
2026-09-17 11:21:46 - 处理keyword失败：amazon_ca_piccocasa 306026221168689
2026-09-17 11:21:46 - 处理keyword失败：amazon_ca_piccocasa 514610516285405
2026-09-17 11:21:46 - 处理keyword失败：amazon_ca_piccocasa 408310143162094
2026-09-17 11:21:46 - 处理keyword失败：amazon_ca_piccocasa 533176377064208
2026-09-17 11:21:46 - 处理keyword失败：amazon_ca_piccocasa 464937240071601
2026-09-17 11:21:46 - 处理keyword失败：amazon_ca_piccocasa 406684322593266
2026-09-17 11:21:46 - 处理keyword失败：amazon_ca_piccocasa 533506791903231
2026-09-17 11:21:46 - 处理keyword失败：amazon_ca_piccocasa 334241013572593
2026-09-17 11:21:46 - 处理keyword成功：amazon_ca_piccocasa 190581453405227
2026-09-17 11:21:46 - 处理keyword失败：amazon_ca_piccocasa 359997798827137
2026-09-17 11:21:46 - 处理keyword失败：amazon_ca_piccocasa 547798281885315
2026-09-17 11:21:46 - 处理keyword失败：amazon_ca_piccocasa 514309789784965
2026-09-17 11:21:46 - 处理keyword失败：amazon_ca_piccocasa 298132596351578
2026-09-17 11:21:46 - 处理keyword失败：amazon_ca_piccocasa 467116931116746
2026-09-17 11:21:46 - 处理keyword失败：amazon_ca_piccocasa 378230405763130
2026-09-17 11:21:46 - 处理keyword失败：amazon_ca_piccocasa 439981092314394
2026-09-17 11:21:46 - 处理keyword失败：amazon_ca_piccocasa 471436135901790
2026-09-17 11:21:46 - 处理keyword失败：amazon_ca_piccocasa 358360963106463
2026-09-17 11:21:46 - 处理keyword成功：amazon_ca_piccocasa 70150391076198
2026-09-17 11:21:46 - 处理keyword失败：amazon_ca_piccocasa 313709997827100
2026-09-17 11:21:46 - 处理keyword失败：amazon_ca_piccocasa 511970842417768
2026-09-17 11:21:46 - 处理keyword失败：amazon_ca_piccocasa 399833731085151
2026-09-17 11:21:46 - 处理keyword失败：amazon_ca_piccocasa 387581877260507
2026-09-17 11:21:46 - 处理keyword失败：amazon_ca_piccocasa 455323849484430
2026-09-17 11:21:46 - 处理keyword失败：amazon_ca_piccocasa 516963188308276
2026-09-17 11:21:46 - 处理keyword失败：amazon_ca_piccocasa 411158293171068
2026-09-17 11:21:46 - 处理keyword失败：amazon_ca_piccocasa 558282105607873
2026-09-17 11:21:46 - 处理keyword失败：amazon_ca_piccocasa 339898807257946
2026-09-17 11:21:46 - 处理keyword失败：amazon_ca_piccocasa 443991704366307
2026-09-17 11:21:46 - 处理keyword失败：amazon_ca_piccocasa 363186104857392
2026-09-17 11:21:46 - 处理keyword失败：amazon_ca_piccocasa 382691098207432
2026-09-17 11:21:46 - 处理keyword失败：amazon_ca_piccocasa 413449722420718
2026-09-17 11:21:46 - 处理keyword失败：amazon_ca_piccocasa 452920111119055
2026-09-17 11:21:46 - 处理keyword失败：amazon_ca_piccocasa 482289289905906
2026-09-17 11:21:46 - 处理keyword失败：amazon_ca_piccocasa 508924601209232
2026-09-17 11:21:46 - 处理keyword失败：amazon_ca_piccocasa 378729682985360
2026-09-17 11:21:46 - 处理keyword失败：amazon_ca_piccocasa 533068674176132
2026-09-17 11:21:46 - 处理keyword失败：amazon_ca_piccocasa 442114215584437
2026-09-17 11:21:46 - 处理keyword失败：amazon_ca_piccocasa 314033776258192
2026-09-17 11:21:46 - 处理keyword失败：amazon_ca_piccocasa 549015183476274
2026-09-17 11:21:46 - 处理keyword成功：amazon_ca_piccocasa 326608362798299
2026-09-17 11:21:46 - 处理keyword失败：amazon_ca_piccocasa 536560084894896
2026-09-17 11:21:46 - 处理keyword失败：amazon_ca_piccocasa 562002755891014
2026-09-17 11:21:46 - 处理keyword失败：amazon_ca_piccocasa 286678904809689
2026-09-17 11:21:46 - 处理keyword失败：amazon_ca_piccocasa 322102061170112
2026-09-17 11:21:46 - 处理keyword失败：amazon_ca_piccocasa 506436939289182
2026-09-17 11:21:46 - 处理keyword失败：amazon_ca_piccocasa 437583758462568
2026-09-17 11:21:46 - 处理keyword失败：amazon_ca_piccocasa 332588619206441
2026-09-17 11:21:46 - 处理keyword失败：amazon_ca_piccocasa 557759098930064
2026-09-17 11:21:46 - 处理keyword失败：amazon_ca_piccocasa 395431013307496
2026-09-17 11:21:46 - 处理keyword失败：amazon_ca_piccocasa 500495891548466
2026-09-17 11:21:46 - 处理keyword失败：amazon_ca_piccocasa 454179571428240
2026-09-17 11:21:46 - 处理keyword失败：amazon_ca_piccocasa 356808550469964
2026-09-17 11:21:46 - 处理keyword失败：amazon_ca_piccocasa 328109068429246
2026-09-17 11:21:46 - 处理keyword失败：amazon_ca_piccocasa 452042877857598
2026-09-17 11:21:46 - 处理keyword成功：amazon_ca_piccocasa 220622711997127
2026-09-17 11:21:46 - 处理keyword失败：amazon_ca_piccocasa 486591202769518
2026-09-17 11:21:46 - 处理keyword失败：amazon_ca_piccocasa 520046201721674
2026-09-17 11:21:46 - 处理keyword失败：amazon_ca_piccocasa 351948173314432
2026-09-17 11:21:46 - 处理keyword失败：amazon_ca_piccocasa 329557024620008
2026-09-17 11:21:46 - 处理keyword失败：amazon_ca_piccocasa 360534327736871
2026-09-17 11:21:46 - 处理keyword失败：amazon_ca_piccocasa 441178279679717
2026-09-17 11:21:46 - 处理keyword失败：amazon_ca_piccocasa 340493105208693
2026-09-17 11:21:46 - 处理keyword成功：amazon_ca_piccocasa 198151655055415
2026-09-17 11:21:46 - 处理keyword失败：amazon_ca_piccocasa 473363700185439
2026-09-17 11:21:46 - 处理keyword失败：amazon_ca_piccocasa 344435149557934
2026-09-17 11:21:46 - 处理keyword失败：amazon_ca_piccocasa 364967463640170
2026-09-17 11:21:46 - 处理keyword失败：amazon_ca_piccocasa 330364137309087
2026-09-17 11:21:46 - 处理keyword失败：amazon_ca_piccocasa 410782160028671
2026-09-17 11:21:46 - 处理keyword失败：amazon_ca_piccocasa 427160749242707
2026-09-17 11:21:46 - 处理keyword失败：amazon_ca_piccocasa 358873859413421
2026-09-17 11:21:46 - 处理keyword失败：amazon_ca_piccocasa 399461665349271
2026-09-17 11:21:46 - 处理keyword失败：amazon_ca_piccocasa 519494115109741
2026-09-17 11:21:46 - 处理keyword失败：amazon_ca_piccocasa 312196269774541
2026-09-17 11:21:46 - 处理keyword失败：amazon_ca_piccocasa 362417725248393
2026-09-17 11:21:46 - 处理keyword失败：amazon_ca_piccocasa 445306980245532
2026-09-17 11:21:46 - 处理keyword失败：amazon_ca_piccocasa 428696481858459
2026-09-17 11:21:46 - 处理keyword失败：amazon_ca_piccocasa 369766855245428
2026-09-17 11:21:46 - 处理keyword失败：amazon_ca_piccocasa 415226415780929
2026-09-17 11:21:46 - 处理keyword失败：amazon_ca_piccocasa 375345092000242
2026-09-17 11:21:46 - 处理keyword失败：amazon_ca_piccocasa 552076755993295
2026-09-17 11:21:46 - 处理keyword失败：amazon_ca_piccocasa 452909345002637
2026-09-17 11:21:46 - 处理keyword失败：amazon_ca_piccocasa 411346455408679
2026-09-17 11:21:46 - 处理keyword失败：amazon_ca_piccocasa 382712025415619
2026-09-17 11:21:46 - 处理keyword失败：amazon_ca_piccocasa 356689529015819
2026-09-17 11:21:46 - 处理keyword失败：amazon_ca_piccocasa 493066756956512
2026-09-17 11:21:46 - 处理keyword失败：amazon_ca_piccocasa 449102304355263
2026-09-17 11:21:46 - 处理keyword失败：amazon_ca_piccocasa 379730624623040
2026-09-17 11:21:46 - 处理keyword失败：amazon_ca_piccocasa 527892075197252
2026-09-17 11:21:46 - 处理keyword失败：amazon_ca_piccocasa 516898927496496
2026-09-17 11:21:46 - 处理keyword失败：amazon_ca_piccocasa 360132449585473
2026-09-17 11:21:46 - 处理keyword失败：amazon_ca_piccocasa 426543767209654
2026-09-17 11:21:46 - 处理keyword失败：amazon_ca_piccocasa 539561483749066
2026-09-17 11:21:46 - 处理keyword失败：amazon_ca_piccocasa 529893206813388
2026-09-17 11:21:46 - 处理keyword失败：amazon_ca_piccocasa 365206190902538
2026-09-17 11:21:46 - batchMongoUpdateKeyword：共1条，成功1条，失败0条
2026-09-17 11:21:46 - batchMongoUpdateKeyword：共4条，成功4条，失败0条
2026-09-17 11:21:56 - {"status":"success","message":"success","data":[{"targetId":296671605803500,"value":"","code":"SUCCESS"},{"targetId":390184901579975,"value":"","code":"SUCCESS"},{"targetId":559794432064475,"value":"","code":"SUCCESS"},{"targetId":532952958263156,"value":"","code":"SUCCESS"},{"targetId":518335600883090,"value":"","code":"SUCCESS"},{"targetId":325863617039458,"value":"","code":"SUCCESS"},{"targetId":404309123355058,"value":"","code":"SUCCESS"},{"targetId":414950133673324,"value":"","code":"SUCCESS"},{"targetId":306026221168689,"value":"","code":"SUCCESS"},{"targetId":514610516285405,"value":"","code":"SUCCESS"},{"targetId":408310143162094,"value":"","code":"SUCCESS"},{"targetId":533176377064208,"value":"","code":"SUCCESS"},{"targetId":464937240071601,"value":"","code":"SUCCESS"},{"targetId":406684322593266,"value":"","code":"SUCCESS"},{"targetId":533506791903231,"value":"","code":"SUCCESS"},{"targetId":334241013572593,"value":"","code":"SUCCESS"},{"targetId":359997798827137,"value":"","code":"SUCCESS"},{"targetId":547798281885315,"value":"","code":"SUCCESS"},{"targetId":514309789784965,"value":"","code":"SUCCESS"},{"targetId":298132596351578,"value":"","code":"SUCCESS"},{"targetId":467116931116746,"value":"","code":"SUCCESS"},{"targetId":378230405763130,"value":"","code":"SUCCESS"},{"targetId":439981092314394,"value":"","code":"SUCCESS"},{"targetId":471436135901790,"value":"","code":"SUCCESS"},{"targetId":358360963106463,"value":"","code":"SUCCESS"},{"targetId":313709997827100,"value":"","code":"SUCCESS"},{"targetId":511970842417768,"value":"","code":"SUCCESS"},{"targetId":399833731085151,"value":"","code":"SUCCESS"},{"targetId":387581877260507,"value":"","code":"SUCCESS"},{"targetId":455323849484430,"value":"","code":"SUCCESS"},{"targetId":516963188308276,"value":"","code":"SUCCESS"},{"targetId":411158293171068,"value":"","code":"SUCCESS"},{"targetId":558282105607873,"value":"","code":"SUCCESS"},{"targetId":339898807257946,"value":"","code":"SUCCESS"},{"targetId":443991704366307,"value":"","code":"SUCCESS"},{"targetId":363186104857392,"value":"","code":"SUCCESS"},{"targetId":382691098207432,"value":"","code":"SUCCESS"},{"targetId":413449722420718,"value":"","code":"SUCCESS"},{"targetId":452920111119055,"value":"","code":"SUCCESS"},{"targetId":482289289905906,"value":"","code":"SUCCESS"},{"targetId":508924601209232,"value":"","code":"SUCCESS"},{"targetId":378729682985360,"value":"","code":"SUCCESS"},{"targetId":533068674176132,"value":"","code":"SUCCESS"},{"targetId":442114215584437,"value":"","code":"SUCCESS"},{"targetId":314033776258192,"value":"","code":"SUCCESS"},{"targetId":549015183476274,"value":"","code":"SUCCESS"},{"targetId":536560084894896,"value":"","code":"SUCCESS"},{"targetId":562002755891014,"value":"","code":"SUCCESS"},{"targetId":286678904809689,"value":"","code":"SUCCESS"},{"targetId":322102061170112,"value":"","code":"SUCCESS"},{"targetId":506436939289182,"value":"","code":"SUCCESS"},{"targetId":437583758462568,"value":"","code":"SUCCESS"},{"targetId":332588619206441,"value":"","code":"SUCCESS"},{"targetId":557759098930064,"value":"","code":"SUCCESS"},{"targetId":395431013307496,"value":"","code":"SUCCESS"},{"targetId":500495891548466,"value":"","code":"SUCCESS"},{"targetId":454179571428240,"value":"","code":"SUCCESS"},{"targetId":356808550469964,"value":"","code":"SUCCESS"},{"targetId":328109068429246,"value":"","code":"SUCCESS"},{"targetId":452042877857598,"value":"","code":"SUCCESS"},{"targetId":486591202769518,"value":"","code":"SUCCESS"},{"targetId":520046201721674,"value":"","code":"SUCCESS"},{"targetId":351948173314432,"value":"","code":"SUCCESS"},{"targetId":329557024620008,"value":"","code":"SUCCESS"},{"targetId":360534327736871,"value":"","code":"SUCCESS"},{"targetId":441178279679717,"value":"","code":"SUCCESS"},{"targetId":340493105208693,"value":"","code":"SUCCESS"},{"targetId":473363700185439,"value":"","code":"SUCCESS"},{"targetId":344435149557934,"value":"","code":"SUCCESS"},{"targetId":364967463640170,"value":"","code":"SUCCESS"},{"targetId":330364137309087,"value":"","code":"SUCCESS"},{"targetId":410782160028671,"value":"","code":"SUCCESS"},{"targetId":427160749242707,"value":"","code":"SUCCESS"},{"targetId":358873859413421,"value":"","code":"SUCCESS"},{"targetId":399461665349271,"value":"","code":"SUCCESS"},{"targetId":519494115109741,"value":"","code":"SUCCESS"},{"targetId":312196269774541,"value":"","code":"SUCCESS"},{"targetId":362417725248393,"value":"","code":"SUCCESS"},{"targetId":445306980245532,"value":"","code":"SUCCESS"},{"targetId":428696481858459,"value":"","code":"SUCCESS"},{"targetId":369766855245428,"value":"","code":"SUCCESS"},{"targetId":415226415780929,"value":"","code":"SUCCESS"},{"targetId":375345092000242,"value":"","code":"SUCCESS"},{"targetId":552076755993295,"value":"","code":"SUCCESS"},{"targetId":452909345002637,"value":"","code":"SUCCESS"},{"targetId":411346455408679,"value":"","code":"SUCCESS"},{"targetId":382712025415619,"value":"","code":"SUCCESS"},{"targetId":356689529015819,"value":"","code":"SUCCESS"},{"targetId":493066756956512,"value":"","code":"SUCCESS"},{"targetId":449102304355263,"value":"","code":"SUCCESS"},{"targetId":379730624623040,"value":"","code":"SUCCESS"},{"targetId":527892075197252,"value":"","code":"SUCCESS"},{"targetId":516898927496496,"value":"","code":"SUCCESS"},{"targetId":360132449585473,"value":"","code":"SUCCESS"},{"targetId":426543767209654,"value":"","code":"SUCCESS"},{"targetId":539561483749066,"value":"","code":"SUCCESS"},{"targetId":529893206813388,"value":"","code":"SUCCESS"},{"targetId":365206190902538,"value":"","code":"SUCCESS"}]}
2026-09-17 11:21:56 - 处理target成功：amazon_ca_piccocasa 296671605803500
2026-09-17 11:21:56 - 处理target成功：amazon_ca_piccocasa 390184901579975
2026-09-17 11:21:56 - 处理target成功：amazon_ca_piccocasa 559794432064475
2026-09-17 11:21:56 - 处理target成功：amazon_ca_piccocasa 532952958263156
2026-09-17 11:21:56 - 处理target成功：amazon_ca_piccocasa 518335600883090
2026-09-17 11:21:56 - 处理target成功：amazon_ca_piccocasa 325863617039458
2026-09-17 11:21:56 - 处理target成功：amazon_ca_piccocasa 404309123355058
2026-09-17 11:21:56 - 处理target成功：amazon_ca_piccocasa 414950133673324
2026-09-17 11:21:56 - 处理target成功：amazon_ca_piccocasa 306026221168689
2026-09-17 11:21:56 - 处理target成功：amazon_ca_piccocasa 514610516285405
2026-09-17 11:21:56 - 处理target成功：amazon_ca_piccocasa 408310143162094
2026-09-17 11:21:56 - 处理target成功：amazon_ca_piccocasa 533176377064208
2026-09-17 11:21:56 - 处理target成功：amazon_ca_piccocasa 464937240071601
2026-09-17 11:21:56 - 处理target成功：amazon_ca_piccocasa 406684322593266
2026-09-17 11:21:56 - 处理target成功：amazon_ca_piccocasa 533506791903231
2026-09-17 11:21:56 - 处理target成功：amazon_ca_piccocasa 334241013572593
2026-09-17 11:21:56 - 处理target成功：amazon_ca_piccocasa 359997798827137
2026-09-17 11:21:56 - 处理target成功：amazon_ca_piccocasa 547798281885315
2026-09-17 11:21:56 - 处理target成功：amazon_ca_piccocasa 514309789784965
2026-09-17 11:21:56 - 处理target成功：amazon_ca_piccocasa 298132596351578
2026-09-17 11:21:56 - 处理target成功：amazon_ca_piccocasa 467116931116746
2026-09-17 11:21:56 - 处理target成功：amazon_ca_piccocasa 378230405763130
2026-09-17 11:21:56 - 处理target成功：amazon_ca_piccocasa 439981092314394
2026-09-17 11:21:56 - 处理target成功：amazon_ca_piccocasa 471436135901790
2026-09-17 11:21:56 - 处理target成功：amazon_ca_piccocasa 358360963106463
2026-09-17 11:21:56 - 处理target成功：amazon_ca_piccocasa 313709997827100
2026-09-17 11:21:56 - 处理target成功：amazon_ca_piccocasa 511970842417768
2026-09-17 11:21:56 - 处理target成功：amazon_ca_piccocasa 399833731085151
2026-09-17 11:21:56 - 处理target成功：amazon_ca_piccocasa 387581877260507
2026-09-17 11:21:56 - 处理target成功：amazon_ca_piccocasa 455323849484430
2026-09-17 11:21:56 - 处理target成功：amazon_ca_piccocasa 516963188308276
2026-09-17 11:21:56 - 处理target成功：amazon_ca_piccocasa 411158293171068
2026-09-17 11:21:56 - 处理target成功：amazon_ca_piccocasa 558282105607873
2026-09-17 11:21:56 - 处理target成功：amazon_ca_piccocasa 339898807257946
2026-09-17 11:21:56 - 处理target成功：amazon_ca_piccocasa 443991704366307
2026-09-17 11:21:56 - 处理target成功：amazon_ca_piccocasa 363186104857392
2026-09-17 11:21:56 - 处理target成功：amazon_ca_piccocasa 382691098207432
2026-09-17 11:21:56 - 处理target成功：amazon_ca_piccocasa 413449722420718
2026-09-17 11:21:56 - 处理target成功：amazon_ca_piccocasa 452920111119055
2026-09-17 11:21:56 - 处理target成功：amazon_ca_piccocasa 482289289905906
2026-09-17 11:21:56 - 处理target成功：amazon_ca_piccocasa 508924601209232
2026-09-17 11:21:56 - 处理target成功：amazon_ca_piccocasa 378729682985360
2026-09-17 11:21:56 - 处理target成功：amazon_ca_piccocasa 533068674176132
2026-09-17 11:21:56 - 处理target成功：amazon_ca_piccocasa 442114215584437
2026-09-17 11:21:56 - 处理target成功：amazon_ca_piccocasa 314033776258192
2026-09-17 11:21:56 - 处理target成功：amazon_ca_piccocasa 549015183476274
2026-09-17 11:21:56 - 处理target成功：amazon_ca_piccocasa 536560084894896
2026-09-17 11:21:56 - 处理target成功：amazon_ca_piccocasa 562002755891014
2026-09-17 11:21:56 - 处理target成功：amazon_ca_piccocasa 286678904809689
2026-09-17 11:21:56 - 处理target成功：amazon_ca_piccocasa 322102061170112
2026-09-17 11:21:56 - 处理target成功：amazon_ca_piccocasa 506436939289182
2026-09-17 11:21:56 - 处理target成功：amazon_ca_piccocasa 437583758462568
2026-09-17 11:21:56 - 处理target成功：amazon_ca_piccocasa 332588619206441
2026-09-17 11:21:56 - 处理target成功：amazon_ca_piccocasa 557759098930064
2026-09-17 11:21:56 - 处理target成功：amazon_ca_piccocasa 395431013307496
2026-09-17 11:21:56 - 处理target成功：amazon_ca_piccocasa 500495891548466
2026-09-17 11:21:56 - 处理target成功：amazon_ca_piccocasa 454179571428240
2026-09-17 11:21:56 - 处理target成功：amazon_ca_piccocasa 356808550469964
2026-09-17 11:21:56 - 处理target成功：amazon_ca_piccocasa 328109068429246
2026-09-17 11:21:56 - 处理target成功：amazon_ca_piccocasa 452042877857598
2026-09-17 11:21:56 - 处理target成功：amazon_ca_piccocasa 486591202769518
2026-09-17 11:21:56 - 处理target成功：amazon_ca_piccocasa 520046201721674
2026-09-17 11:21:56 - 处理target成功：amazon_ca_piccocasa 351948173314432
2026-09-17 11:21:56 - 处理target成功：amazon_ca_piccocasa 329557024620008
2026-09-17 11:21:56 - 处理target成功：amazon_ca_piccocasa 360534327736871
2026-09-17 11:21:56 - 处理target成功：amazon_ca_piccocasa 441178279679717
2026-09-17 11:21:56 - 处理target成功：amazon_ca_piccocasa 340493105208693
2026-09-17 11:21:56 - 处理target成功：amazon_ca_piccocasa 473363700185439
2026-09-17 11:21:56 - 处理target成功：amazon_ca_piccocasa 344435149557934
2026-09-17 11:21:56 - 处理target成功：amazon_ca_piccocasa 364967463640170
2026-09-17 11:21:56 - 处理target成功：amazon_ca_piccocasa 330364137309087
2026-09-17 11:21:56 - 处理target成功：amazon_ca_piccocasa 410782160028671
2026-09-17 11:21:56 - 处理target成功：amazon_ca_piccocasa 427160749242707
2026-09-17 11:21:56 - 处理target成功：amazon_ca_piccocasa 358873859413421
2026-09-17 11:21:56 - 处理target成功：amazon_ca_piccocasa 399461665349271
2026-09-17 11:21:56 - 处理target成功：amazon_ca_piccocasa 519494115109741
2026-09-17 11:21:56 - 处理target成功：amazon_ca_piccocasa 312196269774541
2026-09-17 11:21:56 - 处理target成功：amazon_ca_piccocasa 362417725248393
2026-09-17 11:21:56 - 处理target成功：amazon_ca_piccocasa 445306980245532
2026-09-17 11:21:56 - 处理target成功：amazon_ca_piccocasa 428696481858459
2026-09-17 11:21:56 - 处理target成功：amazon_ca_piccocasa 369766855245428
2026-09-17 11:21:56 - 处理target成功：amazon_ca_piccocasa 415226415780929
2026-09-17 11:21:56 - 处理target成功：amazon_ca_piccocasa 375345092000242
2026-09-17 11:21:56 - 处理target成功：amazon_ca_piccocasa 552076755993295
2026-09-17 11:21:56 - 处理target成功：amazon_ca_piccocasa 452909345002637
2026-09-17 11:21:56 - 处理target成功：amazon_ca_piccocasa 411346455408679
2026-09-17 11:21:56 - 处理target成功：amazon_ca_piccocasa 382712025415619
2026-09-17 11:21:56 - 处理target成功：amazon_ca_piccocasa 356689529015819
2026-09-17 11:21:56 - 处理target成功：amazon_ca_piccocasa 493066756956512
2026-09-17 11:21:56 - 处理target成功：amazon_ca_piccocasa 449102304355263
2026-09-17 11:21:56 - 处理target成功：amazon_ca_piccocasa 379730624623040
2026-09-17 11:21:56 - 处理target成功：amazon_ca_piccocasa 527892075197252
2026-09-17 11:21:56 - 处理target成功：amazon_ca_piccocasa 516898927496496
2026-09-17 11:21:56 - 处理target成功：amazon_ca_piccocasa 360132449585473
2026-09-17 11:21:56 - 处理target成功：amazon_ca_piccocasa 426543767209654
2026-09-17 11:21:56 - 处理target成功：amazon_ca_piccocasa 539561483749066
2026-09-17 11:21:56 - 处理target成功：amazon_ca_piccocasa 529893206813388
2026-09-17 11:21:56 - 处理target成功：amazon_ca_piccocasa 365206190902538
2026-09-17 11:21:56 - batchMongoUpdateTarget：共1条，成功1条，失败0条
2026-09-17 11:21:56 - batchMongoUpdateTarget：共2条，成功2条，失败0条
2026-09-17 11:21:58 - {"status":"fail","message":"Could not find keyword with id: 239618174770852","data":[{"code":"ENTITY_NOT_FOUND","description":"Could not find keyword with id: 252899613692667"},{"code":"ENTITY_NOT_FOUND","description":"Could not find keyword with id: 77015052336417"},{"code":"ENTITY_NOT_FOUND","description":"Could not find keyword with id: 68410039644264"},{"code":"ENTITY_NOT_FOUND","description":"Could not find keyword with id: 90238272332235"},{"code":"ENTITY_NOT_FOUND","description":"Could not find keyword with id: 11888609356343"},{"code":"ENTITY_NOT_FOUND","description":"Could not find keyword with id: 112814668289518"},{"code":"ENTITY_NOT_FOUND","description":"Could not find keyword with id: 191092674620194"},{"code":"ENTITY_NOT_FOUND","description":"Could not find keyword with id: 235911051369478"},{"code":"ENTITY_NOT_FOUND","description":"Could not find keyword with id: 239618174770852"}]}
2026-09-17 11:21:58 - {"status":"success","message":"success","data":[{"keywordId":507548260221283,"code":"SUCCESS"},{"keywordId":294278929516685,"code":"SUCCESS"},{"keywordId":251325081187545,"code":"SUCCESS"},{"keywordId":441661914280181,"code":"SUCCESS"},{"keywordId":443712334427253,"code":"SUCCESS"},{"keywordId":459833066789074,"code":"SUCCESS"},{"keywordId":290758963962716,"code":"SUCCESS"},{"keywordId":70117264325521,"code":"SUCCESS"},{"keywordId":250338646148751,"code":"SUCCESS"},{"keywordId":327325563493409,"code":"SUCCESS"},{"keywordId":540499816532201,"code":"SUCCESS"},{"keywordId":113997708740556,"code":"SUCCESS"},{"keywordId":133366425484034,"code":"SUCCESS"},{"keywordId":65991471107874,"code":"SUCCESS"},{"keywordId":224881686955165,"code":"SUCCESS"},{"keywordId":270209213823797,"code":"SUCCESS"},{"keywordId":74862642408493,"code":"SUCCESS"},{"keywordId":298004081558861,"code":"SUCCESS"},{"keywordId":529874809267896,"code":"SUCCESS"},{"keywordId":69344407606183,"code":"SUCCESS"},{"keywordId":92788876323253,"code":"SUCCESS"},{"keywordId":32373781383554,"code":"SUCCESS"},{"keywordId":234531068009569,"code":"SUCCESS"},{"keywordId":262150152721226,"code":"SUCCESS"},{"keywordId":77491855484117,"code":"SUCCESS"},{"keywordId":335452481212893,"code":"SUCCESS"},{"keywordId":472796869598011,"code":"SUCCESS"},{"keywordId":207874792307306,"code":"SUCCESS"},{"keywordId":345215993705914,"code":"SUCCESS"},{"keywordId":143600076662805,"code":"SUCCESS"},{"keywordId":141150426424266,"code":"SUCCESS"},{"keywordId":88485114785970,"code":"SUCCESS"},{"keywordId":80727169720194,"code":"SUCCESS"},{"keywordId":529208867151720,"code":"SUCCESS"},{"keywordId":420701957321187,"code":"SUCCESS"},{"keywordId":520493459517910,"code":"SUCCESS"},{"keywordId":263275220734553,"code":"SUCCESS"},{"keywordId":79769086287103,"code":"SUCCESS"},{"keywordId":417668697939548,"code":"SUCCESS"},{"keywordId":54177801830608,"code":"SUCCESS"},{"keywordId":312753533636223,"code":"SUCCESS"},{"keywordId":56180028824646,"code":"SUCCESS"},{"keywordId":294992029151506,"code":"SUCCESS"},{"keywordId":68890127228651,"code":"SUCCESS"},{"keywordId":79365804144499,"code":"SUCCESS"},{"keywordId":3401249507023,"code":"SUCCESS"},{"keywordId":445401416525597,"code":"SUCCESS"},{"keywordId":74524638145214,"code":"SUCCESS"},{"keywordId":480866627464275,"code":"SUCCESS"},{"keywordId":38061371533233,"code":"SUCCESS"},{"keywordId":187221121717001,"code":"SUCCESS"},{"keywordId":35611998895788,"code":"SUCCESS"},{"keywordId":319988011941487,"code":"SUCCESS"},{"keywordId":165893398786628,"code":"SUCCESS"},{"keywordId":163159377612545,"code":"SUCCESS"},{"keywordId":297352637922449,"code":"SUCCESS"},{"keywordId":504481289667403,"code":"SUCCESS"},{"keywordId":483963828241275,"code":"SUCCESS"},{"keywordId":271784721409406,"code":"SUCCESS"},{"keywordId":338995081185491,"code":"SUCCESS"},{"keywordId":448204143188593,"code":"SUCCESS"},{"keywordId":107180075336436,"code":"SUCCESS"},{"keywordId":28380814203883,"code":"SUCCESS"},{"keywordId":357714350617264,"code":"SUCCESS"},{"keywordId":318042556959721,"code":"SUCCESS"},{"keywordId":355897903029993,"code":"SUCCESS"},{"keywordId":336225918885026,"code":"SUCCESS"},{"keywordId":70544179108115,"code":"SUCCESS"},{"keywordId":28441927123131,"code":"SUCCESS"},{"keywordId":1248290698516,"code":"SUCCESS"},{"keywordId":29393241253494,"code":"SUCCESS"},{"keywordId":370366878850892,"code":"SUCCESS"},{"keywordId":362881481751673,"code":"SUCCESS"},{"keywordId":176673378046961,"code":"SUCCESS"},{"keywordId":323655977976202,"code":"SUCCESS"},{"keywordId":43547422809901,"code":"SUCCESS"},{"keywordId":255837278075216,"code":"SUCCESS"},{"keywordId":230247989101573,"code":"SUCCESS"},{"keywordId":329338517289910,"code":"SUCCESS"},{"keywordId":550604396955320,"code":"SUCCESS"},{"keywordId":543965639077362,"code":"SUCCESS"},{"keywordId":94996754621744,"code":"SUCCESS"},{"keywordId":333048211392992,"code":"SUCCESS"},{"keywordId":427009437643587,"code":"SUCCESS"},{"keywordId":170201466778353,"code":"SUCCESS"},{"keywordId":209131545652111,"code":"SUCCESS"},{"keywordId":445671297759069,"code":"SUCCESS"},{"keywordId":34955681589728,"code":"SUCCESS"},{"keywordId":326014350306167,"code":"SUCCESS"},{"keywordId":227124239416012,"code":"SUCCESS"},{"keywordId":136058248171931,"code":"SUCCESS"},{"keywordId":321865290679092,"code":"SUCCESS"},{"keywordId":228973176985776,"code":"SUCCESS"},{"keywordId":265975496960016,"code":"SUCCESS"},{"keywordId":173071095813523,"code":"SUCCESS"},{"keywordId":185575585204810,"code":"SUCCESS"},{"keywordId":104012448739615,"code":"SUCCESS"},{"keywordId":449648283925359,"code":"SUCCESS"},{"keywordId":321070087792481,"code":"SUCCESS"},{"keywordId":128069961807215,"code":"SUCCESS"},{"keywordId":226438229633055,"code":"SUCCESS"},{"keywordId":203742351957344,"code":"SUCCESS"},{"keywordId":435170144118397,"code":"SUCCESS"},{"keywordId":43846908324087,"code":"SUCCESS"},{"keywordId":84820455910020,"code":"SUCCESS"},{"keywordId":329532608686743,"code":"SUCCESS"},{"keywordId":81541796790758,"code":"SUCCESS"},{"keywordId":58822659624840,"code":"SUCCESS"},{"keywordId":270375912079987,"code":"SUCCESS"},{"keywordId":122007859260902,"code":"SUCCESS"},{"keywordId":135514558189832,"code":"SUCCESS"},{"keywordId":561946640102572,"code":"SUCCESS"},{"keywordId":336548740124307,"code":"SUCCESS"},{"keywordId":305971283965530,"code":"SUCCESS"},{"keywordId":180467937533382,"code":"SUCCESS"},{"keywordId":427714993558440,"code":"SUCCESS"},{"keywordId":321459975713175,"code":"SUCCESS"}]}
2026-09-17 11:21:58 - 处理keyword失败：amazon_uk_moto 252899613692667
2026-09-17 11:21:58 - 处理keyword成功：amazon 507548260221283
2026-09-17 11:21:58 - 处理keyword失败：amazon_uk_moto 77015052336417
2026-09-17 11:21:58 - 处理keyword成功：amazon 294278929516685
2026-09-17 11:21:58 - 处理keyword失败：amazon_uk_moto 68410039644264
2026-09-17 11:21:58 - 处理keyword成功：amazon 251325081187545
2026-09-17 11:21:58 - 处理keyword成功：amazon 441661914280181
2026-09-17 11:21:58 - 处理keyword失败：amazon_uk_moto 90238272332235
2026-09-17 11:21:58 - 处理keyword成功：amazon 443712334427253
2026-09-17 11:21:58 - 处理keyword失败：amazon_uk_moto 11888609356343
2026-09-17 11:21:58 - 处理keyword成功：amazon 459833066789074
2026-09-17 11:21:58 - 处理keyword成功：amazon 290758963962716
2026-09-17 11:21:58 - 处理keyword失败：amazon_uk_moto 112814668289518
2026-09-17 11:21:58 - 处理keyword成功：amazon 70117264325521
2026-09-17 11:21:58 - 处理keyword失败：amazon_uk_moto 191092674620194
2026-09-17 11:21:58 - 处理keyword成功：amazon 250338646148751
2026-09-17 11:21:58 - 处理keyword失败：amazon_uk_moto 235911051369478
2026-09-17 11:21:58 - 处理keyword成功：amazon 327325563493409
2026-09-17 11:21:58 - 处理keyword失败：amazon_uk_moto 239618174770852
2026-09-17 11:21:58 - 处理keyword成功：amazon 540499816532201
2026-09-17 11:21:58 - 处理keyword成功：amazon 113997708740556
2026-09-17 11:21:58 - 处理keyword成功：amazon 133366425484034
2026-09-17 11:21:58 - 处理keyword成功：amazon 65991471107874
2026-09-17 11:21:58 - 处理keyword成功：amazon 224881686955165
2026-09-17 11:21:58 - 处理keyword成功：amazon 270209213823797
2026-09-17 11:21:58 - 处理keyword成功：amazon 74862642408493
2026-09-17 11:21:58 - 处理keyword成功：amazon 298004081558861
2026-09-17 11:21:58 - 处理keyword成功：amazon 529874809267896
2026-09-17 11:21:58 - 处理keyword成功：amazon 69344407606183
2026-09-17 11:21:58 - 处理keyword成功：amazon 92788876323253
2026-09-17 11:21:58 - 处理keyword成功：amazon 32373781383554
2026-09-17 11:21:58 - 处理keyword成功：amazon 234531068009569
2026-09-17 11:21:58 - 处理keyword成功：amazon 262150152721226
2026-09-17 11:21:58 - 处理keyword成功：amazon 77491855484117
2026-09-17 11:21:58 - 处理keyword成功：amazon 335452481212893
2026-09-17 11:21:58 - 处理keyword成功：amazon 472796869598011
2026-09-17 11:21:58 - 处理keyword成功：amazon 207874792307306
2026-09-17 11:21:58 - 处理keyword成功：amazon 345215993705914
2026-09-17 11:21:58 - 处理keyword成功：amazon 143600076662805
2026-09-17 11:21:58 - 处理keyword成功：amazon 141150426424266
2026-09-17 11:21:58 - 处理keyword成功：amazon 88485114785970
2026-09-17 11:21:58 - 处理keyword成功：amazon 80727169720194
2026-09-17 11:21:58 - 处理keyword成功：amazon 529208867151720
2026-09-17 11:21:58 - 处理keyword成功：amazon 420701957321187
2026-09-17 11:21:58 - 处理keyword成功：amazon 520493459517910
2026-09-17 11:21:58 - 处理keyword成功：amazon 263275220734553
2026-09-17 11:21:58 - 处理keyword成功：amazon 79769086287103
2026-09-17 11:21:58 - 处理keyword成功：amazon 417668697939548
2026-09-17 11:21:58 - 处理keyword成功：amazon 54177801830608
2026-09-17 11:21:58 - 处理keyword成功：amazon 312753533636223
2026-09-17 11:21:58 - 处理keyword成功：amazon 56180028824646
2026-09-17 11:21:58 - 处理keyword成功：amazon 294992029151506
2026-09-17 11:21:58 - 处理keyword成功：amazon 68890127228651
2026-09-17 11:21:58 - 处理keyword成功：amazon 79365804144499
2026-09-17 11:21:58 - 处理keyword成功：amazon 3401249507023
2026-09-17 11:21:58 - 处理keyword成功：amazon 445401416525597
2026-09-17 11:21:58 - 处理keyword成功：amazon 74524638145214
2026-09-17 11:21:58 - 处理keyword成功：amazon 480866627464275
2026-09-17 11:21:58 - 处理keyword成功：amazon 38061371533233
2026-09-17 11:21:58 - 处理keyword成功：amazon 187221121717001
2026-09-17 11:21:58 - 处理keyword成功：amazon 35611998895788
2026-09-17 11:21:58 - 处理keyword成功：amazon 319988011941487
2026-09-17 11:21:58 - 处理keyword成功：amazon 165893398786628
2026-09-17 11:21:58 - 处理keyword成功：amazon 163159377612545
2026-09-17 11:21:58 - 处理keyword成功：amazon 297352637922449
2026-09-17 11:21:58 - 处理keyword成功：amazon 504481289667403
2026-09-17 11:21:58 - 处理keyword成功：amazon 483963828241275
2026-09-17 11:21:58 - 处理keyword成功：amazon 271784721409406
2026-09-17 11:21:58 - 处理keyword成功：amazon 338995081185491
2026-09-17 11:21:58 - 处理keyword成功：amazon 448204143188593
2026-09-17 11:21:58 - 处理keyword成功：amazon 107180075336436
2026-09-17 11:21:58 - 处理keyword成功：amazon 28380814203883
2026-09-17 11:21:58 - 处理keyword成功：amazon 357714350617264
2026-09-17 11:21:58 - 处理keyword成功：amazon 318042556959721
2026-09-17 11:21:58 - 处理keyword成功：amazon 355897903029993
2026-09-17 11:21:58 - 处理keyword成功：amazon 336225918885026
2026-09-17 11:21:58 - 处理keyword成功：amazon 70544179108115
2026-09-17 11:21:58 - 处理keyword成功：amazon 28441927123131
2026-09-17 11:21:58 - 处理keyword成功：amazon 1248290698516
2026-09-17 11:21:58 - 处理keyword成功：amazon 29393241253494
2026-09-17 11:21:58 - 处理keyword成功：amazon 370366878850892
2026-09-17 11:21:58 - 处理keyword成功：amazon 362881481751673
2026-09-17 11:21:58 - 处理keyword成功：amazon 176673378046961
2026-09-17 11:21:58 - 处理keyword成功：amazon 323655977976202
2026-09-17 11:21:58 - 处理keyword成功：amazon 43547422809901
2026-09-17 11:21:58 - 处理keyword成功：amazon 255837278075216
2026-09-17 11:21:58 - 处理keyword成功：amazon 230247989101573
2026-09-17 11:21:58 - 处理keyword成功：amazon 329338517289910
2026-09-17 11:21:58 - 处理keyword成功：amazon 550604396955320
2026-09-17 11:21:58 - 处理keyword成功：amazon 543965639077362
2026-09-17 11:21:58 - 处理keyword成功：amazon 94996754621744
2026-09-17 11:21:58 - 处理keyword成功：amazon 333048211392992
2026-09-17 11:21:58 - 处理keyword成功：amazon 427009437643587
2026-09-17 11:21:58 - 处理keyword成功：amazon 170201466778353
2026-09-17 11:21:58 - 处理keyword成功：amazon 209131545652111
2026-09-17 11:21:58 - 处理keyword成功：amazon 445671297759069
2026-09-17 11:21:58 - 处理keyword成功：amazon 34955681589728
2026-09-17 11:21:58 - 处理keyword成功：amazon 326014350306167
2026-09-17 11:21:58 - 处理keyword成功：amazon 227124239416012
2026-09-17 11:21:58 - 处理keyword成功：amazon 136058248171931
2026-09-17 11:21:58 - 处理keyword成功：amazon 321865290679092
2026-09-17 11:21:58 - 处理keyword成功：amazon 228973176985776
2026-09-17 11:21:58 - 处理keyword成功：amazon 265975496960016
2026-09-17 11:21:58 - 处理keyword成功：amazon 173071095813523
2026-09-17 11:21:58 - 处理keyword成功：amazon 185575585204810
2026-09-17 11:21:58 - 处理keyword成功：amazon 104012448739615
2026-09-17 11:21:58 - 处理keyword成功：amazon 449648283925359
2026-09-17 11:21:58 - 处理keyword成功：amazon 321070087792481
2026-09-17 11:21:58 - 处理keyword成功：amazon 128069961807215
2026-09-17 11:21:58 - 处理keyword成功：amazon 226438229633055
2026-09-17 11:21:58 - 处理keyword成功：amazon 203742351957344
2026-09-17 11:21:58 - 处理keyword成功：amazon 435170144118397
2026-09-17 11:21:58 - 处理keyword成功：amazon 43846908324087
2026-09-17 11:21:58 - 处理keyword成功：amazon 84820455910020
2026-09-17 11:21:58 - 处理keyword成功：amazon 329532608686743
2026-09-17 11:21:58 - 处理keyword成功：amazon 81541796790758
2026-09-17 11:21:58 - 处理keyword成功：amazon 58822659624840
2026-09-17 11:21:58 - 处理keyword成功：amazon 270375912079987
2026-09-17 11:21:58 - 处理keyword成功：amazon 122007859260902
2026-09-17 11:21:58 - 处理keyword成功：amazon 135514558189832
2026-09-17 11:21:58 - 处理keyword成功：amazon 561946640102572
2026-09-17 11:21:58 - 处理keyword成功：amazon 336548740124307
2026-09-17 11:21:58 - 处理keyword成功：amazon 305971283965530
2026-09-17 11:21:58 - 处理keyword成功：amazon 180467937533382
2026-09-17 11:21:58 - 处理keyword成功：amazon 427714993558440
2026-09-17 11:21:58 - 处理keyword成功：amazon 321459975713175
2026-09-17 11:21:58 - batchMongoUpdateKeyword：共16条，成功16条，失败0条
2026-09-17 11:21:58 - batchMongoUpdateKeyword：共43条，成功43条，失败0条
2026-09-17 11:21:59 - {"status":"success","message":"success","data":[{"targetId":252899613692667,"value":"","code":"SUCCESS"},{"targetId":77015052336417,"value":"","code":"SUCCESS"},{"targetId":68410039644264,"value":"","code":"SUCCESS"},{"targetId":90238272332235,"value":"","code":"SUCCESS"},{"targetId":11888609356343,"value":"","code":"SUCCESS"},{"targetId":112814668289518,"value":"","code":"SUCCESS"},{"targetId":191092674620194,"value":"","code":"SUCCESS"},{"targetId":235911051369478,"value":"","code":"SUCCESS"},{"targetId":239618174770852,"value":"","code":"SUCCESS"}]}
2026-09-17 11:21:59 - 处理target成功：amazon_uk_moto 252899613692667
2026-09-17 11:21:59 - 处理target成功：amazon_uk_moto 77015052336417
2026-09-17 11:21:59 - 处理target成功：amazon_uk_moto 68410039644264
2026-09-17 11:21:59 - 处理target成功：amazon_uk_moto 90238272332235
2026-09-17 11:21:59 - 处理target成功：amazon_uk_moto 11888609356343
2026-09-17 11:21:59 - 处理target成功：amazon_uk_moto 112814668289518
2026-09-17 11:21:59 - 处理target成功：amazon_uk_moto 191092674620194
2026-09-17 11:21:59 - 处理target成功：amazon_uk_moto 235911051369478
2026-09-17 11:21:59 - 处理target成功：amazon_uk_moto 239618174770852
2026-09-17 11:22:00 - {"status":"success","message":"success","data":[{"keywordId":24294339672729,"code":"SUCCESS"},{"keywordId":270076623639856,"code":"SUCCESS"},{"keywordId":331744841206227,"code":"SUCCESS"},{"keywordId":507226759961318,"code":"SUCCESS"},{"keywordId":160704723427038,"code":"SUCCESS"},{"keywordId":555389919507514,"code":"SUCCESS"},[{"description":"Could not find keyword with id: 479571923124099","code":"ENTITY_NOT_FOUND"},{"description":"Could not find keyword with id: 363479971175546","code":"ENTITY_NOT_FOUND"},{"description":"Could not find keyword with id: 479001048651355","code":"ENTITY_NOT_FOUND"},{"description":"Could not find keyword with id: 346311186348543","code":"ENTITY_NOT_FOUND"},{"description":"Could not find keyword with id: 547641126367163","code":"ENTITY_NOT_FOUND"},{"description":"Could not find keyword with id: 451034136875038","code":"ENTITY_NOT_FOUND"},{"description":"Could not find keyword with id: 312084612995634","code":"ENTITY_NOT_FOUND"},{"description":"Could not find keyword with id: 417313176207782","code":"ENTITY_NOT_FOUND"},{"description":"Could not find keyword with id: 455889243449041","code":"ENTITY_NOT_FOUND"},{"description":"Could not find keyword with id: 374340605459582","code":"ENTITY_NOT_FOUND"},{"description":"Could not find keyword with id: 513755716173506","code":"ENTITY_NOT_FOUND"},{"description":"Could not find keyword with id: 410318932139332","code":"ENTITY_NOT_FOUND"},{"description":"Could not find keyword with id: 284857140475816","code":"ENTITY_NOT_FOUND"}]]}
2026-09-17 11:22:00 - 处理keyword失败：amazon_us_swi 479571923124099
2026-09-17 11:22:00 - 处理keyword失败：amazon_us_swi 363479971175546
2026-09-17 11:22:00 - 处理keyword成功：amazon_us_swi 24294339672729
2026-09-17 11:22:00 - 处理keyword成功：amazon_us_swi 270076623639856
2026-09-17 11:22:00 - 处理keyword失败：amazon_us_swi 479001048651355
2026-09-17 11:22:00 - 处理keyword失败：amazon_us_swi 346311186348543
2026-09-17 11:22:00 - 处理keyword失败：amazon_us_swi 547641126367163
2026-09-17 11:22:00 - 处理keyword失败：amazon_us_swi 451034136875038
2026-09-17 11:22:00 - 处理keyword失败：amazon_us_swi 312084612995634
2026-09-17 11:22:00 - 处理keyword失败：amazon_us_swi 417313176207782
2026-09-17 11:22:00 - 处理keyword成功：amazon_us_swi 331744841206227
2026-09-17 11:22:00 - 处理keyword成功：amazon_us_swi 507226759961318
2026-09-17 11:22:00 - 处理keyword失败：amazon_us_swi 455889243449041
2026-09-17 11:22:00 - 处理keyword失败：amazon_us_swi 374340605459582
2026-09-17 11:22:00 - 处理keyword成功：amazon_us_swi 160704723427038
2026-09-17 11:22:00 - 处理keyword失败：amazon_us_swi 513755716173506
2026-09-17 11:22:00 - 处理keyword成功：amazon_us_swi 555389919507514
2026-09-17 11:22:00 - 处理keyword失败：amazon_us_swi 410318932139332
2026-09-17 11:22:00 - 处理keyword失败：amazon_us_swi 284857140475816
2026-09-17 11:22:00 - batchMongoUpdateKeyword：共4条，成功4条，失败0条
2026-09-17 11:22:03 - {"status":"success","message":"success","data":[{"targetId":479571923124099,"value":"","code":"SUCCESS"},{"targetId":363479971175546,"value":"","code":"SUCCESS"},{"targetId":479001048651355,"value":"","code":"SUCCESS"},{"targetId":346311186348543,"value":"","code":"SUCCESS"},{"targetId":547641126367163,"value":"","code":"SUCCESS"},{"targetId":451034136875038,"value":"","code":"SUCCESS"},{"targetId":312084612995634,"value":"","code":"SUCCESS"},{"targetId":417313176207782,"value":"","code":"SUCCESS"},{"targetId":455889243449041,"value":"","code":"SUCCESS"},{"targetId":374340605459582,"value":"","code":"SUCCESS"},{"targetId":513755716173506,"value":"","code":"SUCCESS"},{"targetId":410318932139332,"value":"","code":"SUCCESS"},{"targetId":284857140475816,"value":"","code":"SUCCESS"}]}
2026-09-17 11:22:03 - 处理target成功：amazon_us_swi 479571923124099
2026-09-17 11:22:03 - 处理target成功：amazon_us_swi 363479971175546
2026-09-17 11:22:03 - 处理target成功：amazon_us_swi 479001048651355
2026-09-17 11:22:03 - 处理target成功：amazon_us_swi 346311186348543
2026-09-17 11:22:03 - 处理target成功：amazon_us_swi 547641126367163
2026-09-17 11:22:03 - 处理target成功：amazon_us_swi 451034136875038
2026-09-17 11:22:03 - 处理target成功：amazon_us_swi 312084612995634
2026-09-17 11:22:03 - 处理target成功：amazon_us_swi 417313176207782
2026-09-17 11:22:03 - 处理target成功：amazon_us_swi 455889243449041
2026-09-17 11:22:03 - 处理target成功：amazon_us_swi 374340605459582
2026-09-17 11:22:03 - 处理target成功：amazon_us_swi 513755716173506
2026-09-17 11:22:03 - 处理target成功：amazon_us_swi 410318932139332
2026-09-17 11:22:03 - 处理target成功：amazon_us_swi 284857140475816
2026-09-17 11:22:04 - {"status":"success","message":"success","data":[{"keywordId":516919323941279,"code":"SUCCESS"},{"keywordId":222477722025034,"code":"SUCCESS"},{"keywordId":229979827957164,"code":"SUCCESS"},{"keywordId":101650004477214,"code":"SUCCESS"},{"keywordId":97018401535509,"code":"SUCCESS"},{"keywordId":54664902427519,"code":"SUCCESS"},[{"description":"Could not find keyword with id: 301353709205895","code":"ENTITY_NOT_FOUND"},{"description":"Could not find keyword with id: 290065627006110","code":"ENTITY_NOT_FOUND"},{"description":"Could not find keyword with id: 364117472352454","code":"ENTITY_NOT_FOUND"},{"description":"Could not find keyword with id: 500896677624655","code":"ENTITY_NOT_FOUND"},{"description":"Could not find keyword with id: 445182214899085","code":"ENTITY_NOT_FOUND"},{"description":"Could not find keyword with id: 554412874932584","code":"ENTITY_NOT_FOUND"},{"description":"Could not find keyword with id: 283641808980097","code":"ENTITY_NOT_FOUND"},{"description":"Could not find keyword with id: 428528603089978","code":"ENTITY_NOT_FOUND"},{"description":"Could not find keyword with id: 341987160105569","code":"ENTITY_NOT_FOUND"},{"description":"Could not find keyword with id: 404942582315202","code":"ENTITY_NOT_FOUND"},{"description":"Could not find keyword with id: 378070919826040","code":"ENTITY_NOT_FOUND"},{"description":"Could not find keyword with id: 308932767985681","code":"ENTITY_NOT_FOUND"},{"description":"Could not find keyword with id: 370772583466644","code":"ENTITY_NOT_FOUND"},{"description":"Could not find keyword with id: 498751018847985","code":"ENTITY_NOT_FOUND"},{"description":"Could not find keyword with id: 490501095642339","code":"ENTITY_NOT_FOUND"},{"description":"Could not find keyword with id: 533333298374845","code":"ENTITY_NOT_FOUND"},{"description":"Could not find keyword with id: 378337784493034","code":"ENTITY_NOT_FOUND"},{"description":"Could not find keyword with id: 486566329551964","code":"ENTITY_NOT_FOUND"},{"description":"Could not find keyword with id: 518502143849104","code":"ENTITY_NOT_FOUND"},{"description":"Could not find keyword with id: 385162715924317","code":"ENTITY_NOT_FOUND"},{"description":"Could not find keyword with id: 487508590155962","code":"ENTITY_NOT_FOUND"},{"description":"Could not find keyword with id: 529403412728920","code":"ENTITY_NOT_FOUND"},{"description":"Could not find keyword with id: 336094824431504","code":"ENTITY_NOT_FOUND"},{"description":"Could not find keyword with id: 471995158940990","code":"ENTITY_NOT_FOUND"},{"description":"Could not find keyword with id: 303492395725268","code":"ENTITY_NOT_FOUND"},{"description":"Could not find keyword with id: 465311824760129","code":"ENTITY_NOT_FOUND"},{"description":"Could not find keyword with id: 472101283965596","code":"ENTITY_NOT_FOUND"},{"description":"Could not find keyword with id: 306567636309863","code":"ENTITY_NOT_FOUND"}]]}
2026-09-17 11:22:04 - 处理keyword失败：amazon_us_hero 301353709205895
2026-09-17 11:22:04 - 处理keyword失败：amazon_us_hero 290065627006110
2026-09-17 11:22:04 - 处理keyword失败：amazon_us_hero 364117472352454
2026-09-17 11:22:04 - 处理keyword成功：amazon_us_hero 516919323941279
2026-09-17 11:22:04 - 处理keyword失败：amazon_us_hero 500896677624655
2026-09-17 11:22:04 - 处理keyword失败：amazon_us_hero 445182214899085
2026-09-17 11:22:04 - 处理keyword失败：amazon_us_hero 554412874932584
2026-09-17 11:22:04 - 处理keyword成功：amazon_us_hero 222477722025034
2026-09-17 11:22:04 - 处理keyword失败：amazon_us_hero 283641808980097
2026-09-17 11:22:04 - 处理keyword成功：amazon_us_hero 229979827957164
2026-09-17 11:22:04 - 处理keyword失败：amazon_us_hero 428528603089978
2026-09-17 11:22:04 - 处理keyword成功：amazon_us_hero 101650004477214
2026-09-17 11:22:04 - 处理keyword失败：amazon_us_hero 341987160105569
2026-09-17 11:22:04 - 处理keyword失败：amazon_us_hero 404942582315202
2026-09-17 11:22:04 - 处理keyword失败：amazon_us_hero 378070919826040
2026-09-17 11:22:04 - 处理keyword失败：amazon_us_hero 308932767985681
2026-09-17 11:22:04 - 处理keyword失败：amazon_us_hero 370772583466644
2026-09-17 11:22:04 - 处理keyword失败：amazon_us_hero 498751018847985
2026-09-17 11:22:04 - 处理keyword失败：amazon_us_hero 490501095642339
2026-09-17 11:22:04 - 处理keyword失败：amazon_us_hero 533333298374845
2026-09-17 11:22:04 - 处理keyword失败：amazon_us_hero 378337784493034
2026-09-17 11:22:04 - 处理keyword失败：amazon_us_hero 486566329551964
2026-09-17 11:22:04 - 处理keyword失败：amazon_us_hero 518502143849104
2026-09-17 11:22:04 - 处理keyword失败：amazon_us_hero 385162715924317
2026-09-17 11:22:04 - 处理keyword失败：amazon_us_hero 487508590155962
2026-09-17 11:22:04 - 处理keyword成功：amazon_us_hero 97018401535509
2026-09-17 11:22:04 - 处理keyword成功：amazon_us_hero 54664902427519
2026-09-17 11:22:04 - 处理keyword失败：amazon_us_hero 529403412728920
2026-09-17 11:22:04 - 处理keyword失败：amazon_us_hero 336094824431504
2026-09-17 11:22:04 - 处理keyword失败：amazon_us_hero 471995158940990
2026-09-17 11:22:04 - 处理keyword失败：amazon_us_hero 303492395725268
2026-09-17 11:22:04 - 处理keyword失败：amazon_us_hero 465311824760129
2026-09-17 11:22:04 - 处理keyword失败：amazon_us_hero 472101283965596
2026-09-17 11:22:04 - 处理keyword失败：amazon_us_hero 306567636309863
2026-09-17 11:22:04 - batchMongoUpdateKeyword：共2条，成功2条，失败0条
2026-09-17 11:22:04 - batchMongoUpdateKeyword：共2条，成功2条，失败0条
2026-09-17 11:22:05 - {"status":"success","message":"success","data":[{"targetId":301353709205895,"value":"","code":"SUCCESS"},{"targetId":290065627006110,"value":"","code":"SUCCESS"},{"targetId":364117472352454,"value":"","code":"SUCCESS"},{"targetId":500896677624655,"value":"","code":"SUCCESS"},{"targetId":445182214899085,"value":"","code":"SUCCESS"},{"targetId":554412874932584,"value":"","code":"SUCCESS"},{"targetId":283641808980097,"value":"","code":"SUCCESS"},{"targetId":428528603089978,"value":"","code":"SUCCESS"},{"targetId":341987160105569,"value":"","code":"SUCCESS"},{"targetId":404942582315202,"value":"","code":"SUCCESS"},{"targetId":378070919826040,"value":"","code":"SUCCESS"},{"targetId":308932767985681,"value":"","code":"SUCCESS"},{"targetId":370772583466644,"value":"","code":"SUCCESS"},{"targetId":498751018847985,"value":"","code":"SUCCESS"},{"targetId":490501095642339,"value":"","code":"SUCCESS"},{"targetId":533333298374845,"value":"","code":"SUCCESS"},{"targetId":378337784493034,"value":"","code":"SUCCESS"},{"targetId":486566329551964,"value":"","code":"SUCCESS"},{"targetId":518502143849104,"value":"","code":"SUCCESS"},{"targetId":385162715924317,"value":"","code":"SUCCESS"},{"targetId":487508590155962,"value":"","code":"SUCCESS"},{"targetId":529403412728920,"value":"","code":"SUCCESS"},{"targetId":336094824431504,"value":"","code":"SUCCESS"},{"targetId":471995158940990,"value":"","code":"SUCCESS"},{"targetId":303492395725268,"value":"","code":"SUCCESS"},{"targetId":465311824760129,"value":"","code":"SUCCESS"},{"targetId":472101283965596,"value":"","code":"SUCCESS"},{"targetId":306567636309863,"value":"","code":"SUCCESS"}]}
2026-09-17 11:22:05 - 处理target成功：amazon_us_hero 301353709205895
2026-09-17 11:22:05 - 处理target成功：amazon_us_hero 290065627006110
2026-09-17 11:22:05 - 处理target成功：amazon_us_hero 364117472352454
2026-09-17 11:22:05 - 处理target成功：amazon_us_hero 500896677624655
2026-09-17 11:22:05 - 处理target成功：amazon_us_hero 445182214899085
2026-09-17 11:22:05 - 处理target成功：amazon_us_hero 554412874932584
2026-09-17 11:22:05 - 处理target成功：amazon_us_hero 283641808980097
2026-09-17 11:22:05 - 处理target成功：amazon_us_hero 428528603089978
2026-09-17 11:22:05 - 处理target成功：amazon_us_hero 341987160105569
2026-09-17 11:22:05 - 处理target成功：amazon_us_hero 404942582315202
2026-09-17 11:22:05 - 处理target成功：amazon_us_hero 378070919826040
2026-09-17 11:22:05 - 处理target成功：amazon_us_hero 308932767985681
2026-09-17 11:22:05 - 处理target成功：amazon_us_hero 370772583466644
2026-09-17 11:22:05 - 处理target成功：amazon_us_hero 498751018847985
2026-09-17 11:22:05 - 处理target成功：amazon_us_hero 490501095642339
2026-09-17 11:22:05 - 处理target成功：amazon_us_hero 533333298374845
2026-09-17 11:22:05 - 处理target成功：amazon_us_hero 378337784493034
2026-09-17 11:22:05 - 处理target成功：amazon_us_hero 486566329551964
2026-09-17 11:22:05 - 处理target成功：amazon_us_hero 518502143849104
2026-09-17 11:22:05 - 处理target成功：amazon_us_hero 385162715924317
2026-09-17 11:22:05 - 处理target成功：amazon_us_hero 487508590155962
2026-09-17 11:22:05 - 处理target成功：amazon_us_hero 529403412728920
2026-09-17 11:22:05 - 处理target成功：amazon_us_hero 336094824431504
2026-09-17 11:22:05 - 处理target成功：amazon_us_hero 471995158940990
2026-09-17 11:22:05 - 处理target成功：amazon_us_hero 303492395725268
2026-09-17 11:22:05 - 处理target成功：amazon_us_hero 465311824760129
2026-09-17 11:22:05 - 处理target成功：amazon_us_hero 472101283965596
2026-09-17 11:22:05 - 处理target成功：amazon_us_hero 306567636309863
2026-09-17 11:22:06 - {"status":"success","message":"success","data":[{"keywordId":500433270457042,"code":"SUCCESS"},{"keywordId":453887859355788,"code":"SUCCESS"},{"keywordId":40287286201171,"code":"SUCCESS"},{"keywordId":203999576982326,"code":"SUCCESS"},[{"description":"Could not find keyword with id: 527395389075344","code":"ENTITY_NOT_FOUND"},{"description":"Could not find keyword with id: 491551245385557","code":"ENTITY_NOT_FOUND"},{"description":"Could not find keyword with id: 445309855906757","code":"ENTITY_NOT_FOUND"},{"description":"Could not find keyword with id: 494678290101719","code":"ENTITY_NOT_FOUND"},{"description":"Could not find keyword with id: 425167768790141","code":"ENTITY_NOT_FOUND"},{"description":"Could not find keyword with id: 404053919430455","code":"ENTITY_NOT_FOUND"},{"description":"Could not find keyword with id: 395102377268780","code":"ENTITY_NOT_FOUND"},{"description":"Could not find keyword with id: 405503850608851","code":"ENTITY_NOT_FOUND"},{"description":"Could not find keyword with id: 409341466614196","code":"ENTITY_NOT_FOUND"},{"description":"Could not find keyword with id: 358682417125201","code":"ENTITY_NOT_FOUND"},{"description":"Could not find keyword with id: 345644411067164","code":"ENTITY_NOT_FOUND"},{"description":"Could not find keyword with id: 369512387383613","code":"ENTITY_NOT_FOUND"},{"description":"Could not find keyword with id: 497770308492580","code":"ENTITY_NOT_FOUND"},{"description":"Could not find keyword with id: 422600249728207","code":"ENTITY_NOT_FOUND"},{"description":"Could not find keyword with id: 443105857440783","code":"ENTITY_NOT_FOUND"},{"description":"Could not find keyword with id: 345583534942195","code":"ENTITY_NOT_FOUND"},{"description":"Could not find keyword with id: 431712289890562","code":"ENTITY_NOT_FOUND"},{"description":"Could not find keyword with id: 378014572645803","code":"ENTITY_NOT_FOUND"},{"description":"Could not find keyword with id: 466454067443961","code":"ENTITY_NOT_FOUND"},{"description":"Could not find keyword with id: 312991548474460","code":"ENTITY_NOT_FOUND"},{"description":"Could not find keyword with id: 529860385066005","code":"ENTITY_NOT_FOUND"},{"description":"Could not find keyword with id: 450120539896333","code":"ENTITY_NOT_FOUND"},{"description":"Could not find keyword with id: 514113681277510","code":"ENTITY_NOT_FOUND"}]]}
2026-09-17 11:22:06 - 处理keyword失败：amazon_ca_ifn 527395389075344
2026-09-17 11:22:06 - 处理keyword成功：amazon_ca_ifn 500433270457042
2026-09-17 11:22:06 - 处理keyword失败：amazon_ca_ifn 491551245385557
2026-09-17 11:22:06 - 处理keyword失败：amazon_ca_ifn 445309855906757
2026-09-17 11:22:06 - 处理keyword失败：amazon_ca_ifn 494678290101719
2026-09-17 11:22:06 - 处理keyword失败：amazon_ca_ifn 425167768790141
2026-09-17 11:22:06 - 处理keyword失败：amazon_ca_ifn 404053919430455
2026-09-17 11:22:06 - 处理keyword失败：amazon_ca_ifn 395102377268780
2026-09-17 11:22:06 - 处理keyword失败：amazon_ca_ifn 405503850608851
2026-09-17 11:22:06 - 处理keyword失败：amazon_ca_ifn 409341466614196
2026-09-17 11:22:06 - 处理keyword失败：amazon_ca_ifn 358682417125201
2026-09-17 11:22:06 - 处理keyword成功：amazon_ca_ifn 453887859355788
2026-09-17 11:22:06 - 处理keyword失败：amazon_ca_ifn 345644411067164
2026-09-17 11:22:06 - 处理keyword失败：amazon_ca_ifn 369512387383613
2026-09-17 11:22:06 - 处理keyword失败：amazon_ca_ifn 497770308492580
2026-09-17 11:22:06 - 处理keyword失败：amazon_ca_ifn 422600249728207
2026-09-17 11:22:06 - 处理keyword失败：amazon_ca_ifn 443105857440783
2026-09-17 11:22:06 - 处理keyword失败：amazon_ca_ifn 345583534942195
2026-09-17 11:22:06 - 处理keyword成功：amazon_ca_ifn 40287286201171
2026-09-17 11:22:06 - 处理keyword失败：amazon_ca_ifn 431712289890562
2026-09-17 11:22:06 - 处理keyword成功：amazon_ca_ifn 203999576982326
2026-09-17 11:22:06 - 处理keyword失败：amazon_ca_ifn 378014572645803
2026-09-17 11:22:06 - 处理keyword失败：amazon_ca_ifn 466454067443961
2026-09-17 11:22:06 - 处理keyword失败：amazon_ca_ifn 312991548474460
2026-09-17 11:22:06 - 处理keyword失败：amazon_ca_ifn 529860385066005
2026-09-17 11:22:06 - 处理keyword失败：amazon_ca_ifn 450120539896333
2026-09-17 11:22:06 - 处理keyword失败：amazon_ca_ifn 514113681277510
2026-09-17 11:22:07 - batchMongoUpdateKeyword：共3条，成功3条，失败0条
2026-09-17 11:22:08 - {"status":"success","message":"success","data":[{"targetId":527395389075344,"value":"","code":"SUCCESS"},{"targetId":491551245385557,"value":"","code":"SUCCESS"},{"targetId":445309855906757,"value":"","code":"SUCCESS"},{"targetId":494678290101719,"value":"","code":"SUCCESS"},{"targetId":425167768790141,"value":"","code":"SUCCESS"},{"targetId":404053919430455,"value":"","code":"SUCCESS"},{"targetId":395102377268780,"value":"","code":"SUCCESS"},{"targetId":405503850608851,"value":"","code":"SUCCESS"},{"targetId":409341466614196,"value":"","code":"SUCCESS"},{"targetId":358682417125201,"value":"","code":"SUCCESS"},{"targetId":345644411067164,"value":"","code":"SUCCESS"},{"targetId":369512387383613,"value":"","code":"SUCCESS"},{"targetId":497770308492580,"value":"","code":"SUCCESS"},{"targetId":422600249728207,"value":"","code":"SUCCESS"},{"targetId":443105857440783,"value":"","code":"SUCCESS"},{"targetId":345583534942195,"value":"","code":"SUCCESS"},{"targetId":431712289890562,"value":"","code":"SUCCESS"},{"targetId":378014572645803,"value":"","code":"SUCCESS"},{"targetId":466454067443961,"value":"","code":"SUCCESS"},{"targetId":312991548474460,"value":"","code":"SUCCESS"},{"targetId":529860385066005,"value":"","code":"SUCCESS"},{"targetId":450120539896333,"value":"","code":"SUCCESS"},{"targetId":514113681277510,"value":"","code":"SUCCESS"}]}
2026-09-17 11:22:08 - 处理target成功：amazon_ca_ifn 527395389075344
2026-09-17 11:22:08 - 处理target成功：amazon_ca_ifn 491551245385557
2026-09-17 11:22:08 - 处理target成功：amazon_ca_ifn 445309855906757
2026-09-17 11:22:08 - 处理target成功：amazon_ca_ifn 494678290101719
2026-09-17 11:22:08 - 处理target成功：amazon_ca_ifn 425167768790141
2026-09-17 11:22:08 - 处理target成功：amazon_ca_ifn 404053919430455
2026-09-17 11:22:08 - 处理target成功：amazon_ca_ifn 395102377268780
2026-09-17 11:22:08 - 处理target成功：amazon_ca_ifn 405503850608851
2026-09-17 11:22:08 - 处理target成功：amazon_ca_ifn 409341466614196
2026-09-17 11:22:08 - 处理target成功：amazon_ca_ifn 358682417125201
2026-09-17 11:22:08 - 处理target成功：amazon_ca_ifn 345644411067164
2026-09-17 11:22:08 - 处理target成功：amazon_ca_ifn 369512387383613
2026-09-17 11:22:08 - 处理target成功：amazon_ca_ifn 497770308492580
2026-09-17 11:22:08 - 处理target成功：amazon_ca_ifn 422600249728207
2026-09-17 11:22:08 - 处理target成功：amazon_ca_ifn 443105857440783
2026-09-17 11:22:08 - 处理target成功：amazon_ca_ifn 345583534942195
2026-09-17 11:22:08 - 处理target成功：amazon_ca_ifn 431712289890562
2026-09-17 11:22:08 - 处理target成功：amazon_ca_ifn 378014572645803
2026-09-17 11:22:08 - 处理target成功：amazon_ca_ifn 466454067443961
2026-09-17 11:22:08 - 处理target成功：amazon_ca_ifn 312991548474460
2026-09-17 11:22:08 - 处理target成功：amazon_ca_ifn 529860385066005
2026-09-17 11:22:08 - 处理target成功：amazon_ca_ifn 450120539896333
2026-09-17 11:22:08 - 处理target成功：amazon_ca_ifn 514113681277510
2026-09-17 11:22:09 - {"status":"success","message":"success","data":[{"keywordId":194486889340318,"code":"SUCCESS"},{"keywordId":52076184439132,"code":"SUCCESS"},{"keywordId":113906668011811,"code":"SUCCESS"},[{"description":"Could not find keyword with id: 491128601557733","code":"ENTITY_NOT_FOUND"},{"description":"Could not find keyword with id: 531820450579034","code":"ENTITY_NOT_FOUND"},{"description":"Could not find keyword with id: 333431767600399","code":"ENTITY_NOT_FOUND"},{"description":"Could not find keyword with id: 370981816533127","code":"ENTITY_NOT_FOUND"},{"description":"Could not find keyword with id: 525942932946220","code":"ENTITY_NOT_FOUND"},{"description":"Could not find keyword with id: 308815446809508","code":"ENTITY_NOT_FOUND"},{"description":"Could not find keyword with id: 445610701555891","code":"ENTITY_NOT_FOUND"},{"description":"Could not find keyword with id: 260590718524155","code":"ENTITY_NOT_FOUND"},{"description":"Could not find keyword with id: 469937141784148","code":"ENTITY_NOT_FOUND"},{"description":"Could not find keyword with id: 345294477482964","code":"ENTITY_NOT_FOUND"},{"description":"Could not find keyword with id: 529306143644472","code":"ENTITY_NOT_FOUND"},{"description":"Could not find keyword with id: 303290427060824","code":"ENTITY_NOT_FOUND"},{"description":"Could not find keyword with id: 377840097113552","code":"ENTITY_NOT_FOUND"},{"description":"Could not find keyword with id: 324023373992892","code":"ENTITY_NOT_FOUND"},{"description":"Could not find keyword with id: 306228329885485","code":"ENTITY_NOT_FOUND"},{"description":"Could not find keyword with id: 331113491968142","code":"ENTITY_NOT_FOUND"},{"description":"Could not find keyword with id: 438503695091973","code":"ENTITY_NOT_FOUND"},{"description":"Could not find keyword with id: 483004859175042","code":"ENTITY_NOT_FOUND"}]]}
2026-09-17 11:22:09 - 处理keyword成功：amazon_ca_hero 194486889340318
2026-09-17 11:22:09 - 处理keyword失败：amazon_ca_hero 491128601557733
2026-09-17 11:22:09 - 处理keyword失败：amazon_ca_hero 531820450579034
2026-09-17 11:22:09 - 处理keyword失败：amazon_ca_hero 333431767600399
2026-09-17 11:22:09 - 处理keyword失败：amazon_ca_hero 370981816533127
2026-09-17 11:22:09 - 处理keyword失败：amazon_ca_hero 525942932946220
2026-09-17 11:22:09 - 处理keyword成功：amazon_ca_hero 52076184439132
2026-09-17 11:22:09 - 处理keyword失败：amazon_ca_hero 308815446809508
2026-09-17 11:22:09 - 处理keyword成功：amazon_ca_hero 113906668011811
2026-09-17 11:22:09 - 处理keyword失败：amazon_ca_hero 445610701555891
2026-09-17 11:22:09 - 处理keyword失败：amazon_ca_hero 260590718524155
2026-09-17 11:22:09 - 处理keyword失败：amazon_ca_hero 469937141784148
2026-09-17 11:22:09 - 处理keyword失败：amazon_ca_hero 345294477482964
2026-09-17 11:22:09 - 处理keyword失败：amazon_ca_hero 529306143644472
2026-09-17 11:22:09 - 处理keyword失败：amazon_ca_hero 303290427060824
2026-09-17 11:22:09 - 处理keyword失败：amazon_ca_hero 377840097113552
2026-09-17 11:22:09 - 处理keyword失败：amazon_ca_hero 324023373992892
2026-09-17 11:22:09 - 处理keyword失败：amazon_ca_hero 306228329885485
2026-09-17 11:22:09 - 处理keyword失败：amazon_ca_hero 331113491968142
2026-09-17 11:22:09 - 处理keyword失败：amazon_ca_hero 438503695091973
2026-09-17 11:22:09 - 处理keyword失败：amazon_ca_hero 483004859175042
2026-09-17 11:22:09 - batchMongoUpdateKeyword：共1条，成功1条，失败0条
2026-09-17 11:22:11 - {"status":"success","message":"success","data":[{"targetId":491128601557733,"value":"","code":"SUCCESS"},{"targetId":531820450579034,"value":"","code":"SUCCESS"},{"targetId":333431767600399,"value":"","code":"SUCCESS"},{"targetId":370981816533127,"value":"","code":"SUCCESS"},{"targetId":525942932946220,"value":"","code":"SUCCESS"},{"targetId":308815446809508,"value":"","code":"SUCCESS"},{"targetId":445610701555891,"value":"","code":"SUCCESS"},{"targetId":260590718524155,"value":"","code":"SUCCESS"},{"targetId":469937141784148,"value":"","code":"SUCCESS"},{"targetId":345294477482964,"value":"","code":"SUCCESS"},{"targetId":529306143644472,"value":"","code":"SUCCESS"},{"targetId":303290427060824,"value":"","code":"SUCCESS"},{"targetId":377840097113552,"value":"","code":"SUCCESS"},{"targetId":324023373992892,"value":"","code":"SUCCESS"},{"targetId":306228329885485,"value":"","code":"SUCCESS"},{"targetId":331113491968142,"value":"","code":"SUCCESS"},{"targetId":438503695091973,"value":"","code":"SUCCESS"},{"targetId":483004859175042,"value":"","code":"SUCCESS"}]}
2026-09-17 11:22:11 - 处理target成功：amazon_ca_hero 491128601557733
2026-09-17 11:22:11 - 处理target成功：amazon_ca_hero 531820450579034
2026-09-17 11:22:11 - 处理target成功：amazon_ca_hero 333431767600399
2026-09-17 11:22:11 - 处理target成功：amazon_ca_hero 370981816533127
2026-09-17 11:22:11 - 处理target成功：amazon_ca_hero 525942932946220
2026-09-17 11:22:11 - 处理target成功：amazon_ca_hero 308815446809508
2026-09-17 11:22:11 - 处理target成功：amazon_ca_hero 445610701555891
2026-09-17 11:22:11 - 处理target成功：amazon_ca_hero 260590718524155
2026-09-17 11:22:11 - 处理target成功：amazon_ca_hero 469937141784148
2026-09-17 11:22:11 - 处理target成功：amazon_ca_hero 345294477482964
2026-09-17 11:22:11 - 处理target成功：amazon_ca_hero 529306143644472
2026-09-17 11:22:11 - 处理target成功：amazon_ca_hero 303290427060824
2026-09-17 11:22:11 - 处理target成功：amazon_ca_hero 377840097113552
2026-09-17 11:22:11 - 处理target成功：amazon_ca_hero 324023373992892
2026-09-17 11:22:11 - 处理target成功：amazon_ca_hero 306228329885485
2026-09-17 11:22:11 - 处理target成功：amazon_ca_hero 331113491968142
2026-09-17 11:22:11 - 处理target成功：amazon_ca_hero 438503695091973
2026-09-17 11:22:11 - 处理target成功：amazon_ca_hero 483004859175042
2026-09-17 11:22:11 - batchMongoUpdateTarget：共1条，成功1条，失败0条
2026-09-17 11:22:15 - {"status":"success","message":"success","data":[{"keywordId":130809291052192,"code":"SUCCESS"},[{"description":"Could not find keyword with id: 183629993072946","code":"ENTITY_NOT_FOUND"},{"description":"Could not find keyword with id: 90855372817599","code":"ENTITY_NOT_FOUND"}]]}
2026-09-17 11:22:15 - 处理keyword成功：amazon_uk_hero 130809291052192
2026-09-17 11:22:15 - 处理keyword失败：amazon_uk_hero 183629993072946
2026-09-17 11:22:15 - 处理keyword失败：amazon_uk_hero 90855372817599
2026-09-17 11:22:15 - batchMongoUpdateKeyword：共1条，成功1条，失败0条
2026-09-17 11:22:16 - {"status":"success","message":"success","data":[{"targetId":183629993072946,"value":"","code":"SUCCESS"},{"targetId":90855372817599,"value":"","code":"SUCCESS"}]}
2026-09-17 11:22:16 - 处理target成功：amazon_uk_hero 183629993072946
2026-09-17 11:22:16 - 处理target成功：amazon_uk_hero 90855372817599
2026-09-17 11:22:18 - {"status":"fail","message":"Could not find keyword with id: 508757149355475","data":[{"code":"ENTITY_NOT_FOUND","description":"Could not find keyword with id: 515015672757434"},{"code":"ENTITY_NOT_FOUND","description":"Could not find keyword with id: 377251997705038"},{"code":"ENTITY_NOT_FOUND","description":"Could not find keyword with id: 385176365609467"},{"code":"ENTITY_NOT_FOUND","description":"Could not find keyword with id: 359741097726973"},{"code":"ENTITY_NOT_FOUND","description":"Could not find keyword with id: 555317692507309"},{"code":"ENTITY_NOT_FOUND","description":"Could not find keyword with id: 508757149355475"}]}
2026-09-17 11:22:18 - 处理keyword失败：amazon_us_rock 515015672757434
2026-09-17 11:22:18 - 处理keyword失败：amazon_us_rock 377251997705038
2026-09-17 11:22:18 - 处理keyword失败：amazon_us_rock 385176365609467
2026-09-17 11:22:18 - 处理keyword失败：amazon_us_rock 359741097726973
2026-09-17 11:22:18 - 处理keyword失败：amazon_us_rock 555317692507309
2026-09-17 11:22:18 - 处理keyword失败：amazon_us_rock 508757149355475
2026-09-17 11:22:19 - {"status":"success","message":"success","data":[{"targetId":515015672757434,"value":"","code":"SUCCESS"},{"targetId":377251997705038,"value":"","code":"SUCCESS"},{"targetId":385176365609467,"value":"","code":"SUCCESS"},{"targetId":359741097726973,"value":"","code":"SUCCESS"},{"targetId":555317692507309,"value":"","code":"SUCCESS"},{"targetId":508757149355475,"value":"","code":"SUCCESS"}]}
2026-09-17 11:22:19 - 处理target成功：amazon_us_rock 515015672757434
2026-09-17 11:22:19 - 处理target成功：amazon_us_rock 377251997705038
2026-09-17 11:22:19 - 处理target成功：amazon_us_rock 385176365609467
2026-09-17 11:22:19 - 处理target成功：amazon_us_rock 359741097726973
2026-09-17 11:22:19 - 处理target成功：amazon_us_rock 555317692507309
2026-09-17 11:22:19 - 处理target成功：amazon_us_rock 508757149355475
2026-09-17 11:22:21 - {"status":"fail","message":"Could not find keyword with id: 489477407756386","data":[{"code":"ENTITY_NOT_FOUND","description":"Could not find keyword with id: 302139920427524"},{"code":"ENTITY_NOT_FOUND","description":"Could not find keyword with id: 486797276401838"},{"code":"ENTITY_NOT_FOUND","description":"Could not find keyword with id: 444266133120864"},{"code":"ENTITY_NOT_FOUND","description":"Could not find keyword with id: 401249460345773"},{"code":"ENTITY_NOT_FOUND","description":"Could not find keyword with id: 306113821911530"},{"code":"ENTITY_NOT_FOUND","description":"Could not find keyword with id: 497181339544639"},{"code":"ENTITY_NOT_FOUND","description":"Could not find keyword with id: 473047149904977"},{"code":"ENTITY_NOT_FOUND","description":"Could not find keyword with id: 522412213214534"},{"code":"ENTITY_NOT_FOUND","description":"Could not find keyword with id: 326537359379411"},{"code":"ENTITY_NOT_FOUND","description":"Could not find keyword with id: 300113552871384"},{"code":"ENTITY_NOT_FOUND","description":"Could not find keyword with id: 316522075922835"},{"code":"ENTITY_NOT_FOUND","description":"Could not find keyword with id: 338606357805528"},{"code":"ENTITY_NOT_FOUND","description":"Could not find keyword with id: 364711250799528"},{"code":"ENTITY_NOT_FOUND","description":"Could not find keyword with id: 361616485000048"},{"code":"ENTITY_NOT_FOUND","description":"Could not find keyword with id: 356373495948897"},{"code":"ENTITY_NOT_FOUND","description":"Could not find keyword with id: 285880563325964"},{"code":"ENTITY_NOT_FOUND","description":"Could not find keyword with id: 505327337854228"},{"code":"ENTITY_NOT_FOUND","description":"Could not find keyword with id: 561299153096284"},{"code":"ENTITY_NOT_FOUND","description":"Could not find keyword with id: 406625334645864"},{"code":"ENTITY_NOT_FOUND","description":"Could not find keyword with id: 507842921239338"},{"code":"ENTITY_NOT_FOUND","description":"Could not find keyword with id: 351957320648877"},{"code":"ENTITY_NOT_FOUND","description":"Could not find keyword with id: 561523883823365"},{"code":"ENTITY_NOT_FOUND","description":"Could not find keyword with id: 553778007627643"},{"code":"ENTITY_NOT_FOUND","description":"Could not find keyword with id: 465735948591992"},{"code":"ENTITY_NOT_FOUND","description":"Could not find keyword with id: 557792807147603"},{"code":"ENTITY_NOT_FOUND","description":"Could not find keyword with id: 439338874578075"},{"code":"ENTITY_NOT_FOUND","description":"Could not find keyword with id: 375108948117014"},{"code":"ENTITY_NOT_FOUND","description":"Could not find keyword with id: 312520079985912"},{"code":"ENTITY_NOT_FOUND","description":"Could not find keyword with id: 524476100575747"},{"code":"ENTITY_NOT_FOUND","description":"Could not find keyword with id: 353853490273031"},{"code":"ENTITY_NOT_FOUND","description":"Could not find keyword with id: 406062386718439"},{"code":"ENTITY_NOT_FOUND","description":"Could not find keyword with id: 423007867572045"},{"code":"ENTITY_NOT_FOUND","description":"Could not find keyword with id: 490576475380153"},{"code":"ENTITY_NOT_FOUND","description":"Could not find keyword with id: 552339425162385"},{"code":"ENTITY_NOT_FOUND","description":"Could not find keyword with id: 452996385936483"},{"code":"ENTITY_NOT_FOUND","description":"Could not find keyword with id: 401830654281206"},{"code":"ENTITY_NOT_FOUND","description":"Could not find keyword with id: 311577150997114"},{"code":"ENTITY_NOT_FOUND","description":"Could not find keyword with id: 489477407756386"}]}
2026-09-17 11:22:21 - 处理keyword失败：amazon_ca_ac1 302139920427524
2026-09-17 11:22:21 - 处理keyword失败：amazon_ca_ac1 486797276401838
2026-09-17 11:22:21 - 处理keyword失败：amazon_ca_ac1 444266133120864
2026-09-17 11:22:21 - 处理keyword失败：amazon_ca_ac1 401249460345773
2026-09-17 11:22:21 - 处理keyword失败：amazon_ca_ac1 306113821911530
2026-09-17 11:22:21 - 处理keyword失败：amazon_ca_ac1 497181339544639
2026-09-17 11:22:21 - 处理keyword失败：amazon_ca_ac1 473047149904977
2026-09-17 11:22:21 - 处理keyword失败：amazon_ca_ac1 522412213214534
2026-09-17 11:22:21 - 处理keyword失败：amazon_ca_ac1 326537359379411
2026-09-17 11:22:21 - 处理keyword失败：amazon_ca_ac1 300113552871384
2026-09-17 11:22:21 - 处理keyword失败：amazon_ca_ac1 316522075922835
2026-09-17 11:22:21 - 处理keyword失败：amazon_ca_ac1 338606357805528
2026-09-17 11:22:21 - 处理keyword失败：amazon_ca_ac1 364711250799528
2026-09-17 11:22:21 - 处理keyword失败：amazon_ca_ac1 361616485000048
2026-09-17 11:22:21 - 处理keyword失败：amazon_ca_ac1 356373495948897
2026-09-17 11:22:21 - 处理keyword失败：amazon_ca_ac1 285880563325964
2026-09-17 11:22:21 - 处理keyword失败：amazon_ca_ac1 505327337854228
2026-09-17 11:22:21 - 处理keyword失败：amazon_ca_ac1 561299153096284
2026-09-17 11:22:21 - 处理keyword失败：amazon_ca_ac1 406625334645864
2026-09-17 11:22:21 - 处理keyword失败：amazon_ca_ac1 507842921239338
2026-09-17 11:22:21 - 处理keyword失败：amazon_ca_ac1 351957320648877
2026-09-17 11:22:21 - 处理keyword失败：amazon_ca_ac1 561523883823365
2026-09-17 11:22:21 - 处理keyword失败：amazon_ca_ac1 553778007627643
2026-09-17 11:22:21 - 处理keyword失败：amazon_ca_ac1 465735948591992
2026-09-17 11:22:21 - 处理keyword失败：amazon_ca_ac1 557792807147603
2026-09-17 11:22:21 - 处理keyword失败：amazon_ca_ac1 439338874578075
2026-09-17 11:22:21 - 处理keyword失败：amazon_ca_ac1 375108948117014
2026-09-17 11:22:21 - 处理keyword失败：amazon_ca_ac1 312520079985912
2026-09-17 11:22:21 - 处理keyword失败：amazon_ca_ac1 524476100575747
2026-09-17 11:22:21 - 处理keyword失败：amazon_ca_ac1 353853490273031
2026-09-17 11:22:21 - 处理keyword失败：amazon_ca_ac1 406062386718439
2026-09-17 11:22:21 - 处理keyword失败：amazon_ca_ac1 423007867572045
2026-09-17 11:22:21 - 处理keyword失败：amazon_ca_ac1 490576475380153
2026-09-17 11:22:21 - 处理keyword失败：amazon_ca_ac1 552339425162385
2026-09-17 11:22:21 - 处理keyword失败：amazon_ca_ac1 452996385936483
2026-09-17 11:22:21 - 处理keyword失败：amazon_ca_ac1 401830654281206
2026-09-17 11:22:21 - 处理keyword失败：amazon_ca_ac1 311577150997114
2026-09-17 11:22:21 - 处理keyword失败：amazon_ca_ac1 489477407756386
2026-09-17 11:22:22 - {"status":"success","message":"success","data":[{"targetId":302139920427524,"value":"","code":"SUCCESS"},{"targetId":486797276401838,"value":"","code":"SUCCESS"},{"targetId":444266133120864,"value":"","code":"SUCCESS"},{"targetId":401249460345773,"value":"","code":"SUCCESS"},{"targetId":306113821911530,"value":"","code":"SUCCESS"},{"targetId":497181339544639,"value":"","code":"SUCCESS"},{"targetId":473047149904977,"value":"","code":"SUCCESS"},{"targetId":522412213214534,"value":"","code":"SUCCESS"},{"targetId":326537359379411,"value":"","code":"SUCCESS"},{"targetId":300113552871384,"value":"","code":"SUCCESS"},{"targetId":316522075922835,"value":"","code":"SUCCESS"},{"targetId":338606357805528,"value":"","code":"SUCCESS"},{"targetId":364711250799528,"value":"","code":"SUCCESS"},{"targetId":361616485000048,"value":"","code":"SUCCESS"},{"targetId":356373495948897,"value":"","code":"SUCCESS"},{"targetId":285880563325964,"value":"","code":"SUCCESS"},{"targetId":505327337854228,"value":"","code":"SUCCESS"},{"targetId":561299153096284,"value":"","code":"SUCCESS"},{"targetId":406625334645864,"value":"","code":"SUCCESS"},{"targetId":507842921239338,"value":"","code":"SUCCESS"},{"targetId":351957320648877,"value":"","code":"SUCCESS"},{"targetId":561523883823365,"value":"","code":"SUCCESS"},{"targetId":553778007627643,"value":"","code":"SUCCESS"},{"targetId":465735948591992,"value":"","code":"SUCCESS"},{"targetId":557792807147603,"value":"","code":"SUCCESS"},{"targetId":439338874578075,"value":"","code":"SUCCESS"},{"targetId":375108948117014,"value":"","code":"SUCCESS"},{"targetId":312520079985912,"value":"","code":"SUCCESS"},{"targetId":524476100575747,"value":"","code":"SUCCESS"},{"targetId":353853490273031,"value":"","code":"SUCCESS"},{"targetId":406062386718439,"value":"","code":"SUCCESS"},{"targetId":423007867572045,"value":"","code":"SUCCESS"},{"targetId":490576475380153,"value":"","code":"SUCCESS"},{"targetId":552339425162385,"value":"","code":"SUCCESS"},{"targetId":452996385936483,"value":"","code":"SUCCESS"},{"targetId":401830654281206,"value":"","code":"SUCCESS"},{"targetId":311577150997114,"value":"","code":"SUCCESS"},{"targetId":489477407756386,"value":"","code":"SUCCESS"}]}
2026-09-17 11:22:22 - 处理target成功：amazon_ca_ac1 302139920427524
2026-09-17 11:22:22 - 处理target成功：amazon_ca_ac1 486797276401838
2026-09-17 11:22:22 - 处理target成功：amazon_ca_ac1 444266133120864
2026-09-17 11:22:22 - 处理target成功：amazon_ca_ac1 401249460345773
2026-09-17 11:22:22 - 处理target成功：amazon_ca_ac1 306113821911530
2026-09-17 11:22:22 - 处理target成功：amazon_ca_ac1 497181339544639
2026-09-17 11:22:22 - 处理target成功：amazon_ca_ac1 473047149904977
2026-09-17 11:22:22 - 处理target成功：amazon_ca_ac1 522412213214534
2026-09-17 11:22:22 - 处理target成功：amazon_ca_ac1 326537359379411
2026-09-17 11:22:22 - 处理target成功：amazon_ca_ac1 300113552871384
2026-09-17 11:22:22 - 处理target成功：amazon_ca_ac1 316522075922835
2026-09-17 11:22:22 - 处理target成功：amazon_ca_ac1 338606357805528
2026-09-17 11:22:22 - 处理target成功：amazon_ca_ac1 364711250799528
2026-09-17 11:22:22 - 处理target成功：amazon_ca_ac1 361616485000048
2026-09-17 11:22:22 - 处理target成功：amazon_ca_ac1 356373495948897
2026-09-17 11:22:22 - 处理target成功：amazon_ca_ac1 285880563325964
2026-09-17 11:22:22 - 处理target成功：amazon_ca_ac1 505327337854228
2026-09-17 11:22:22 - 处理target成功：amazon_ca_ac1 561299153096284
2026-09-17 11:22:22 - 处理target成功：amazon_ca_ac1 406625334645864
2026-09-17 11:22:22 - 处理target成功：amazon_ca_ac1 507842921239338
2026-09-17 11:22:22 - 处理target成功：amazon_ca_ac1 351957320648877
2026-09-17 11:22:22 - 处理target成功：amazon_ca_ac1 561523883823365
2026-09-17 11:22:22 - 处理target成功：amazon_ca_ac1 553778007627643
2026-09-17 11:22:22 - 处理target成功：amazon_ca_ac1 465735948591992
2026-09-17 11:22:22 - 处理target成功：amazon_ca_ac1 557792807147603
2026-09-17 11:22:22 - 处理target成功：amazon_ca_ac1 439338874578075
2026-09-17 11:22:22 - 处理target成功：amazon_ca_ac1 375108948117014
2026-09-17 11:22:22 - 处理target成功：amazon_ca_ac1 312520079985912
2026-09-17 11:22:22 - 处理target成功：amazon_ca_ac1 524476100575747
2026-09-17 11:22:22 - 处理target成功：amazon_ca_ac1 353853490273031
2026-09-17 11:22:22 - 处理target成功：amazon_ca_ac1 406062386718439
2026-09-17 11:22:22 - 处理target成功：amazon_ca_ac1 423007867572045
2026-09-17 11:22:22 - 处理target成功：amazon_ca_ac1 490576475380153
2026-09-17 11:22:22 - 处理target成功：amazon_ca_ac1 552339425162385
2026-09-17 11:22:22 - 处理target成功：amazon_ca_ac1 452996385936483
2026-09-17 11:22:22 - 处理target成功：amazon_ca_ac1 401830654281206
2026-09-17 11:22:22 - 处理target成功：amazon_ca_ac1 311577150997114
2026-09-17 11:22:22 - 处理target成功：amazon_ca_ac1 489477407756386
2026-09-17 11:22:24 - {"status":"success","message":"success","data":[{"keywordId":379282033077629,"code":"SUCCESS"},{"keywordId":471262765551685,"code":"SUCCESS"},{"keywordId":359850866069997,"code":"SUCCESS"},[{"description":"Could not find keyword with id: 443748824394191","code":"ENTITY_NOT_FOUND"},{"description":"Could not find keyword with id: 526932999968450","code":"ENTITY_NOT_FOUND"},{"description":"Could not find keyword with id: 460657107830969","code":"ENTITY_NOT_FOUND"},{"description":"Could not find keyword with id: 357563509739398","code":"ENTITY_NOT_FOUND"},{"description":"Could not find keyword with id: 397494681836146","code":"ENTITY_NOT_FOUND"},{"description":"Could not find keyword with id: 399046445377193","code":"ENTITY_NOT_FOUND"},{"description":"Could not find keyword with id: 448888982486672","code":"ENTITY_NOT_FOUND"},{"description":"Could not find keyword with id: 457522077606608","code":"ENTITY_NOT_FOUND"},{"description":"Could not find keyword with id: 374797751891825","code":"ENTITY_NOT_FOUND"},{"description":"Could not find keyword with id: 507577467647119","code":"ENTITY_NOT_FOUND"},{"description":"Could not find keyword with id: 361025857966787","code":"ENTITY_NOT_FOUND"},{"description":"Could not find keyword with id: 470667020073808","code":"ENTITY_NOT_FOUND"},{"description":"Could not find keyword with id: 390652815457690","code":"ENTITY_NOT_FOUND"},{"description":"Could not find keyword with id: 420299565389003","code":"ENTITY_NOT_FOUND"},{"description":"Could not find keyword with id: 304990355578067","code":"ENTITY_NOT_FOUND"},{"description":"Could not find keyword with id: 552774462260080","code":"ENTITY_NOT_FOUND"},{"description":"Could not find keyword with id: 511805427273025","code":"ENTITY_NOT_FOUND"},{"description":"Could not find keyword with id: 379420883861905","code":"ENTITY_NOT_FOUND"},{"description":"Could not find keyword with id: 340157005375771","code":"ENTITY_NOT_FOUND"},{"description":"Could not find keyword with id: 501386383789977","code":"ENTITY_NOT_FOUND"},{"description":"Could not find keyword with id: 530249966374268","code":"ENTITY_NOT_FOUND"},{"description":"Could not find keyword with id: 562555470666104","code":"ENTITY_NOT_FOUND"},{"description":"Could not find keyword with id: 426497596706308","code":"ENTITY_NOT_FOUND"},{"description":"Could not find keyword with id: 376188117121513","code":"ENTITY_NOT_FOUND"},{"description":"Could not find keyword with id: 370404778003171","code":"ENTITY_NOT_FOUND"},{"description":"Could not find keyword with id: 361636586956699","code":"ENTITY_NOT_FOUND"},{"description":"Could not find keyword with id: 286584305292850","code":"ENTITY_NOT_FOUND"},{"description":"Could not find keyword with id: 378537914253821","code":"ENTITY_NOT_FOUND"},{"description":"Could not find keyword with id: 423351199941584","code":"ENTITY_NOT_FOUND"},{"description":"Could not find keyword with id: 322935464544100","code":"ENTITY_NOT_FOUND"},{"description":"Could not find keyword with id: 397353540917625","code":"ENTITY_NOT_FOUND"}]]}
2026-09-17 11:22:24 - 处理keyword失败：amazon_us_tuc 443748824394191
2026-09-17 11:22:24 - 处理keyword失败：amazon_us_tuc 526932999968450
2026-09-17 11:22:24 - 处理keyword失败：amazon_us_tuc 460657107830969
2026-09-17 11:22:24 - 处理keyword成功：amazon_us_tuc 379282033077629
2026-09-17 11:22:24 - 处理keyword失败：amazon_us_tuc 357563509739398
2026-09-17 11:22:24 - 处理keyword成功：amazon_us_tuc 471262765551685
2026-09-17 11:22:24 - 处理keyword失败：amazon_us_tuc 397494681836146
2026-09-17 11:22:24 - 处理keyword失败：amazon_us_tuc 399046445377193
2026-09-17 11:22:24 - 处理keyword失败：amazon_us_tuc 448888982486672
2026-09-17 11:22:24 - 处理keyword失败：amazon_us_tuc 457522077606608
2026-09-17 11:22:24 - 处理keyword成功：amazon_us_tuc 359850866069997
2026-09-17 11:22:24 - 处理keyword失败：amazon_us_tuc 374797751891825
2026-09-17 11:22:24 - 处理keyword失败：amazon_us_tuc 507577467647119
2026-09-17 11:22:24 - 处理keyword失败：amazon_us_tuc 361025857966787
2026-09-17 11:22:24 - 处理keyword失败：amazon_us_tuc 470667020073808
2026-09-17 11:22:24 - 处理keyword失败：amazon_us_tuc 390652815457690
2026-09-17 11:22:24 - 处理keyword失败：amazon_us_tuc 420299565389003
2026-09-17 11:22:24 - 处理keyword失败：amazon_us_tuc 304990355578067
2026-09-17 11:22:24 - 处理keyword失败：amazon_us_tuc 552774462260080
2026-09-17 11:22:24 - 处理keyword失败：amazon_us_tuc 511805427273025
2026-09-17 11:22:24 - 处理keyword失败：amazon_us_tuc 379420883861905
2026-09-17 11:22:24 - 处理keyword失败：amazon_us_tuc 340157005375771
2026-09-17 11:22:24 - 处理keyword失败：amazon_us_tuc 501386383789977
2026-09-17 11:22:24 - 处理keyword失败：amazon_us_tuc 530249966374268
2026-09-17 11:22:24 - 处理keyword失败：amazon_us_tuc 562555470666104
2026-09-17 11:22:24 - 处理keyword失败：amazon_us_tuc 426497596706308
2026-09-17 11:22:24 - 处理keyword失败：amazon_us_tuc 376188117121513
2026-09-17 11:22:24 - 处理keyword失败：amazon_us_tuc 370404778003171
2026-09-17 11:22:24 - 处理keyword失败：amazon_us_tuc 361636586956699
2026-09-17 11:22:24 - 处理keyword失败：amazon_us_tuc 286584305292850
2026-09-17 11:22:24 - 处理keyword失败：amazon_us_tuc 378537914253821
2026-09-17 11:22:24 - 处理keyword失败：amazon_us_tuc 423351199941584
2026-09-17 11:22:24 - 处理keyword失败：amazon_us_tuc 322935464544100
2026-09-17 11:22:24 - 处理keyword失败：amazon_us_tuc 397353540917625
2026-09-17 11:22:24 - batchMongoUpdateKeyword：共1条，成功1条，失败0条
2026-09-17 11:22:25 - {"status":"success","message":"success","data":[{"targetId":443748824394191,"value":"","code":"SUCCESS"},{"targetId":526932999968450,"value":"","code":"SUCCESS"},{"targetId":460657107830969,"value":"","code":"SUCCESS"},{"targetId":357563509739398,"value":"","code":"SUCCESS"},{"targetId":397494681836146,"value":"","code":"SUCCESS"},{"targetId":399046445377193,"value":"","code":"SUCCESS"},{"targetId":448888982486672,"value":"","code":"SUCCESS"},{"targetId":457522077606608,"value":"","code":"SUCCESS"},{"targetId":374797751891825,"value":"","code":"SUCCESS"},{"targetId":507577467647119,"value":"","code":"SUCCESS"},{"targetId":361025857966787,"value":"","code":"SUCCESS"},{"targetId":470667020073808,"value":"","code":"SUCCESS"},{"targetId":390652815457690,"value":"","code":"SUCCESS"},{"targetId":420299565389003,"value":"","code":"SUCCESS"},{"targetId":304990355578067,"value":"","code":"SUCCESS"},{"targetId":552774462260080,"value":"","code":"SUCCESS"},{"targetId":511805427273025,"value":"","code":"SUCCESS"},{"targetId":379420883861905,"value":"","code":"SUCCESS"},{"targetId":340157005375771,"value":"","code":"SUCCESS"},{"targetId":501386383789977,"value":"","code":"SUCCESS"},{"targetId":530249966374268,"value":"","code":"SUCCESS"},{"targetId":562555470666104,"value":"","code":"SUCCESS"},{"targetId":426497596706308,"value":"","code":"SUCCESS"},{"targetId":376188117121513,"value":"","code":"SUCCESS"},{"targetId":370404778003171,"value":"","code":"SUCCESS"},{"targetId":361636586956699,"value":"","code":"SUCCESS"},{"targetId":286584305292850,"value":"","code":"SUCCESS"},{"targetId":378537914253821,"value":"","code":"SUCCESS"},{"targetId":423351199941584,"value":"","code":"SUCCESS"},{"targetId":322935464544100,"value":"","code":"SUCCESS"},{"targetId":397353540917625,"value":"","code":"SUCCESS"}]}
2026-09-17 11:22:25 - 处理target成功：amazon_us_tuc 443748824394191
2026-09-17 11:22:25 - 处理target成功：amazon_us_tuc 526932999968450
2026-09-17 11:22:25 - 处理target成功：amazon_us_tuc 460657107830969
2026-09-17 11:22:25 - 处理target成功：amazon_us_tuc 357563509739398
2026-09-17 11:22:25 - 处理target成功：amazon_us_tuc 397494681836146
2026-09-17 11:22:25 - 处理target成功：amazon_us_tuc 399046445377193
2026-09-17 11:22:25 - 处理target成功：amazon_us_tuc 448888982486672
2026-09-17 11:22:25 - 处理target成功：amazon_us_tuc 457522077606608
2026-09-17 11:22:25 - 处理target成功：amazon_us_tuc 374797751891825
2026-09-17 11:22:25 - 处理target成功：amazon_us_tuc 507577467647119
2026-09-17 11:22:25 - 处理target成功：amazon_us_tuc 361025857966787
2026-09-17 11:22:25 - 处理target成功：amazon_us_tuc 470667020073808
2026-09-17 11:22:25 - 处理target成功：amazon_us_tuc 390652815457690
2026-09-17 11:22:25 - 处理target成功：amazon_us_tuc 420299565389003
2026-09-17 11:22:25 - 处理target成功：amazon_us_tuc 304990355578067
2026-09-17 11:22:25 - 处理target成功：amazon_us_tuc 552774462260080
2026-09-17 11:22:25 - 处理target成功：amazon_us_tuc 511805427273025
2026-09-17 11:22:25 - 处理target成功：amazon_us_tuc 379420883861905
2026-09-17 11:22:25 - 处理target成功：amazon_us_tuc 340157005375771
2026-09-17 11:22:25 - 处理target成功：amazon_us_tuc 501386383789977
2026-09-17 11:22:25 - 处理target成功：amazon_us_tuc 530249966374268
2026-09-17 11:22:25 - 处理target成功：amazon_us_tuc 562555470666104
2026-09-17 11:22:25 - 处理target成功：amazon_us_tuc 426497596706308
2026-09-17 11:22:25 - 处理target成功：amazon_us_tuc 376188117121513
2026-09-17 11:22:25 - 处理target成功：amazon_us_tuc 370404778003171
2026-09-17 11:22:25 - 处理target成功：amazon_us_tuc 361636586956699
2026-09-17 11:22:25 - 处理target成功：amazon_us_tuc 286584305292850
2026-09-17 11:22:25 - 处理target成功：amazon_us_tuc 378537914253821
2026-09-17 11:22:25 - 处理target成功：amazon_us_tuc 423351199941584
2026-09-17 11:22:25 - 处理target成功：amazon_us_tuc 322935464544100
2026-09-17 11:22:25 - 处理target成功：amazon_us_tuc 397353540917625
2026-09-17 11:22:25 - batchMongoUpdateTarget：共1条，成功1条，失败0条
2026-09-17 11:22:27 - {"status":"fail","message":"Could not find keyword with id: 478448356362889","data":[{"code":"ENTITY_NOT_FOUND","description":"Could not find keyword with id: 460169594962893"},{"code":"ENTITY_NOT_FOUND","description":"Could not find keyword with id: 498565433798295"},{"code":"ENTITY_NOT_FOUND","description":"Could not find keyword with id: 493490351770329"},{"code":"ENTITY_NOT_FOUND","description":"Could not find keyword with id: 478448356362889"}]}
2026-09-17 11:22:27 - 处理keyword失败：amazon_ca_swi 460169594962893
2026-09-17 11:22:27 - 处理keyword失败：amazon_ca_swi 498565433798295
2026-09-17 11:22:27 - 处理keyword失败：amazon_ca_swi 493490351770329
2026-09-17 11:22:27 - 处理keyword失败：amazon_ca_swi 478448356362889
2026-09-17 11:22:28 - {"status":"success","message":"success","data":[{"targetId":460169594962893,"value":"","code":"SUCCESS"},{"targetId":498565433798295,"value":"","code":"SUCCESS"},{"targetId":493490351770329,"value":"","code":"SUCCESS"},{"targetId":478448356362889,"value":"","code":"SUCCESS"}]}
2026-09-17 11:22:28 - 处理target成功：amazon_ca_swi 460169594962893
2026-09-17 11:22:28 - 处理target成功：amazon_ca_swi 498565433798295
2026-09-17 11:22:28 - 处理target成功：amazon_ca_swi 493490351770329
2026-09-17 11:22:28 - 处理target成功：amazon_ca_swi 478448356362889
2026-09-17 11:22:29 - {"status":"success","message":"success","data":[{"keywordId":28059388824969,"code":"SUCCESS"},{"keywordId":483041917642812,"code":"SUCCESS"},{"keywordId":493356873894800,"code":"SUCCESS"},{"keywordId":56687602609326,"code":"SUCCESS"},[{"description":"Could not find keyword with id: 296068822910408","code":"ENTITY_NOT_FOUND"},{"description":"Could not find keyword with id: 321333279301493","code":"ENTITY_NOT_FOUND"},{"description":"Could not find keyword with id: 516983337920218","code":"ENTITY_NOT_FOUND"},{"description":"Could not find keyword with id: 422743521283309","code":"ENTITY_NOT_FOUND"},{"description":"Could not find keyword with id: 379408362744718","code":"ENTITY_NOT_FOUND"},{"description":"Could not find keyword with id: 427526348013515","code":"ENTITY_NOT_FOUND"},{"description":"Could not find keyword with id: 528268446901194","code":"ENTITY_NOT_FOUND"},{"description":"Could not find keyword with id: 330171172760627","code":"ENTITY_NOT_FOUND"},{"description":"Could not find keyword with id: 319252483903291","code":"ENTITY_NOT_FOUND"},{"description":"Could not find keyword with id: 376643760595957","code":"ENTITY_NOT_FOUND"},{"description":"Could not find keyword with id: 456248122111850","code":"ENTITY_NOT_FOUND"},{"description":"Could not find keyword with id: 412082315421482","code":"ENTITY_NOT_FOUND"},{"description":"Could not find keyword with id: 386524218189611","code":"ENTITY_NOT_FOUND"},{"description":"Could not find keyword with id: 407917652290639","code":"ENTITY_NOT_FOUND"},{"description":"Could not find keyword with id: 320751442173311","code":"ENTITY_NOT_FOUND"},{"description":"Could not find keyword with id: 539264892732183","code":"ENTITY_NOT_FOUND"},{"description":"Could not find keyword with id: 482817906205859","code":"ENTITY_NOT_FOUND"}]]}
2026-09-17 11:22:29 - 处理keyword失败：amazon_ca_luux 296068822910408
2026-09-17 11:22:29 - 处理keyword失败：amazon_ca_luux 321333279301493
2026-09-17 11:22:29 - 处理keyword失败：amazon_ca_luux 516983337920218
2026-09-17 11:22:29 - 处理keyword成功：amazon_ca_luux 28059388824969
2026-09-17 11:22:29 - 处理keyword失败：amazon_ca_luux 422743521283309
2026-09-17 11:22:29 - 处理keyword成功：amazon_ca_luux 483041917642812
2026-09-17 11:22:29 - 处理keyword失败：amazon_ca_luux 379408362744718
2026-09-17 11:22:29 - 处理keyword失败：amazon_ca_luux 427526348013515
2026-09-17 11:22:29 - 处理keyword失败：amazon_ca_luux 528268446901194
2026-09-17 11:22:29 - 处理keyword失败：amazon_ca_luux 330171172760627
2026-09-17 11:22:29 - 处理keyword成功：amazon_ca_luux 493356873894800
2026-09-17 11:22:29 - 处理keyword失败：amazon_ca_luux 319252483903291
2026-09-17 11:22:29 - 处理keyword失败：amazon_ca_luux 376643760595957
2026-09-17 11:22:29 - 处理keyword失败：amazon_ca_luux 456248122111850
2026-09-17 11:22:29 - 处理keyword失败：amazon_ca_luux 412082315421482
2026-09-17 11:22:29 - 处理keyword失败：amazon_ca_luux 386524218189611
2026-09-17 11:22:29 - 处理keyword失败：amazon_ca_luux 407917652290639
2026-09-17 11:22:29 - 处理keyword失败：amazon_ca_luux 320751442173311
2026-09-17 11:22:29 - 处理keyword失败：amazon_ca_luux 539264892732183
2026-09-17 11:22:29 - 处理keyword成功：amazon_ca_luux 56687602609326
2026-09-17 11:22:29 - 处理keyword失败：amazon_ca_luux 482817906205859
2026-09-17 11:22:29 - batchMongoUpdateKeyword：共4条，成功4条，失败0条
2026-09-17 11:22:30 - {"status":"success","message":"success","data":[{"targetId":296068822910408,"value":"","code":"SUCCESS"},{"targetId":321333279301493,"value":"","code":"SUCCESS"},{"targetId":516983337920218,"value":"","code":"SUCCESS"},{"targetId":422743521283309,"value":"","code":"SUCCESS"},{"targetId":379408362744718,"value":"","code":"SUCCESS"},{"targetId":427526348013515,"value":"","code":"SUCCESS"},{"targetId":528268446901194,"value":"","code":"SUCCESS"},{"targetId":330171172760627,"value":"","code":"SUCCESS"},{"targetId":319252483903291,"value":"","code":"SUCCESS"},{"targetId":376643760595957,"value":"","code":"SUCCESS"},{"targetId":456248122111850,"value":"","code":"SUCCESS"},{"targetId":412082315421482,"value":"","code":"SUCCESS"},{"targetId":386524218189611,"value":"","code":"SUCCESS"},{"targetId":407917652290639,"value":"","code":"SUCCESS"},{"targetId":320751442173311,"value":"","code":"SUCCESS"},{"targetId":539264892732183,"value":"","code":"SUCCESS"},{"targetId":482817906205859,"value":"","code":"SUCCESS"}]}
2026-09-17 11:22:30 - 处理target成功：amazon_ca_luux 296068822910408
2026-09-17 11:22:30 - 处理target成功：amazon_ca_luux 321333279301493
2026-09-17 11:22:30 - 处理target成功：amazon_ca_luux 516983337920218
2026-09-17 11:22:30 - 处理target成功：amazon_ca_luux 422743521283309
2026-09-17 11:22:30 - 处理target成功：amazon_ca_luux 379408362744718
2026-09-17 11:22:30 - 处理target成功：amazon_ca_luux 427526348013515
2026-09-17 11:22:30 - 处理target成功：amazon_ca_luux 528268446901194
2026-09-17 11:22:30 - 处理target成功：amazon_ca_luux 330171172760627
2026-09-17 11:22:30 - 处理target成功：amazon_ca_luux 319252483903291
2026-09-17 11:22:30 - 处理target成功：amazon_ca_luux 376643760595957
2026-09-17 11:22:30 - 处理target成功：amazon_ca_luux 456248122111850
2026-09-17 11:22:30 - 处理target成功：amazon_ca_luux 412082315421482
2026-09-17 11:22:30 - 处理target成功：amazon_ca_luux 386524218189611
2026-09-17 11:22:30 - 处理target成功：amazon_ca_luux 407917652290639
2026-09-17 11:22:30 - 处理target成功：amazon_ca_luux 320751442173311
2026-09-17 11:22:30 - 处理target成功：amazon_ca_luux 539264892732183
2026-09-17 11:22:30 - 处理target成功：amazon_ca_luux 482817906205859
2026-09-17 11:22:31 - batchMongoUpdateTarget：共1条，成功1条，失败0条
2026-09-17 11:22:32 - {"status":"success","message":"success","data":[{"keywordId":23667482886259,"code":"SUCCESS"},{"keywordId":345843500903915,"code":"SUCCESS"},[{"description":"Could not find keyword with id: 540835406657523","code":"ENTITY_NOT_FOUND"},{"description":"Could not find keyword with id: 477861178833709","code":"ENTITY_NOT_FOUND"},{"description":"Could not find keyword with id: 516562724627291","code":"ENTITY_NOT_FOUND"},{"description":"Could not find keyword with id: 477241868582634","code":"ENTITY_NOT_FOUND"},{"description":"Could not find keyword with id: 349152915698586","code":"ENTITY_NOT_FOUND"},{"description":"Could not find keyword with id: 337998724053427","code":"ENTITY_NOT_FOUND"},{"description":"Could not find keyword with id: 493984720787312","code":"ENTITY_NOT_FOUND"},{"description":"Could not find keyword with id: 296101987700013","code":"ENTITY_NOT_FOUND"},{"description":"Could not find keyword with id: 284382946011772","code":"ENTITY_NOT_FOUND"},{"description":"Could not find keyword with id: 303110496874097","code":"ENTITY_NOT_FOUND"},{"description":"Could not find keyword with id: 100813923131025","code":"ENTITY_NOT_FOUND"},{"description":"Could not find keyword with id: 482631667758256","code":"ENTITY_NOT_FOUND"},{"description":"Could not find keyword with id: 303299593658230","code":"ENTITY_NOT_FOUND"},{"description":"Could not find keyword with id: 503491150762692","code":"ENTITY_NOT_FOUND"},{"description":"Could not find keyword with id: 322874094945209","code":"ENTITY_NOT_FOUND"},{"description":"Could not find keyword with id: 397905446218199","code":"ENTITY_NOT_FOUND"},{"description":"Could not find keyword with id: 459745966448693","code":"ENTITY_NOT_FOUND"},{"description":"Could not find keyword with id: 362216500956750","code":"ENTITY_NOT_FOUND"},{"description":"Could not find keyword with id: 404729915264686","code":"ENTITY_NOT_FOUND"},{"description":"Could not find keyword with id: 376801293328866","code":"ENTITY_NOT_FOUND"},{"description":"Could not find keyword with id: 346959954088447","code":"ENTITY_NOT_FOUND"},{"description":"Could not find keyword with id: 461227503747129","code":"ENTITY_NOT_FOUND"},{"description":"Could not find keyword with id: 394691044001471","code":"ENTITY_NOT_FOUND"},{"description":"Could not find keyword with id: 507289983153112","code":"ENTITY_NOT_FOUND"},{"description":"Could not find keyword with id: 479015170178473","code":"ENTITY_NOT_FOUND"}]]}
2026-09-17 11:22:32 - 处理keyword失败：amazon_ca_sopro 540835406657523
2026-09-17 11:22:32 - 处理keyword失败：amazon_ca_sopro 477861178833709
2026-09-17 11:22:32 - 处理keyword失败：amazon_ca_sopro 516562724627291
2026-09-17 11:22:32 - 处理keyword失败：amazon_ca_sopro 477241868582634
2026-09-17 11:22:32 - 处理keyword失败：amazon_ca_sopro 349152915698586
2026-09-17 11:22:32 - 处理keyword成功：amazon_ca_sopro 23667482886259
2026-09-17 11:22:32 - 处理keyword失败：amazon_ca_sopro 337998724053427
2026-09-17 11:22:32 - 处理keyword失败：amazon_ca_sopro 493984720787312
2026-09-17 11:22:32 - 处理keyword失败：amazon_ca_sopro 296101987700013
2026-09-17 11:22:32 - 处理keyword失败：amazon_ca_sopro 284382946011772
2026-09-17 11:22:32 - 处理keyword失败：amazon_ca_sopro 303110496874097
2026-09-17 11:22:32 - 处理keyword失败：amazon_ca_sopro 100813923131025
2026-09-17 11:22:32 - 处理keyword失败：amazon_ca_sopro 482631667758256
2026-09-17 11:22:32 - 处理keyword失败：amazon_ca_sopro 303299593658230
2026-09-17 11:22:32 - 处理keyword失败：amazon_ca_sopro 503491150762692
2026-09-17 11:22:32 - 处理keyword失败：amazon_ca_sopro 322874094945209
2026-09-17 11:22:32 - 处理keyword成功：amazon_ca_sopro 345843500903915
2026-09-17 11:22:32 - 处理keyword失败：amazon_ca_sopro 397905446218199
2026-09-17 11:22:32 - 处理keyword失败：amazon_ca_sopro 459745966448693
2026-09-17 11:22:32 - 处理keyword失败：amazon_ca_sopro 362216500956750
2026-09-17 11:22:32 - 处理keyword失败：amazon_ca_sopro 404729915264686
2026-09-17 11:22:32 - 处理keyword失败：amazon_ca_sopro 376801293328866
2026-09-17 11:22:32 - 处理keyword失败：amazon_ca_sopro 346959954088447
2026-09-17 11:22:32 - 处理keyword失败：amazon_ca_sopro 461227503747129
2026-09-17 11:22:32 - 处理keyword失败：amazon_ca_sopro 394691044001471
2026-09-17 11:22:32 - 处理keyword失败：amazon_ca_sopro 507289983153112
2026-09-17 11:22:32 - 处理keyword失败：amazon_ca_sopro 479015170178473
2026-09-17 11:22:32 - batchMongoUpdateKeyword：共2条，成功2条，失败0条
2026-09-17 11:22:33 - {"status":"success","message":"success","data":[{"targetId":540835406657523,"value":"","code":"SUCCESS"},{"targetId":477861178833709,"value":"","code":"SUCCESS"},{"targetId":516562724627291,"value":"","code":"SUCCESS"},{"targetId":477241868582634,"value":"","code":"SUCCESS"},{"targetId":349152915698586,"value":"","code":"SUCCESS"},{"targetId":337998724053427,"value":"","code":"SUCCESS"},{"targetId":493984720787312,"value":"","code":"SUCCESS"},{"targetId":296101987700013,"value":"","code":"SUCCESS"},{"targetId":284382946011772,"value":"","code":"SUCCESS"},{"targetId":303110496874097,"value":"","code":"SUCCESS"},{"targetId":100813923131025,"value":"","code":"SUCCESS"},{"targetId":482631667758256,"value":"","code":"SUCCESS"},{"targetId":303299593658230,"value":"","code":"SUCCESS"},{"targetId":503491150762692,"value":"","code":"SUCCESS"},{"targetId":322874094945209,"value":"","code":"SUCCESS"},{"targetId":397905446218199,"value":"","code":"SUCCESS"},{"targetId":459745966448693,"value":"","code":"SUCCESS"},{"targetId":362216500956750,"value":"","code":"SUCCESS"},{"targetId":404729915264686,"value":"","code":"SUCCESS"},{"targetId":376801293328866,"value":"","code":"SUCCESS"},{"targetId":346959954088447,"value":"","code":"SUCCESS"},{"targetId":461227503747129,"value":"","code":"SUCCESS"},{"targetId":394691044001471,"value":"","code":"SUCCESS"},{"targetId":507289983153112,"value":"","code":"SUCCESS"},{"targetId":479015170178473,"value":"","code":"SUCCESS"}]}
2026-09-17 11:22:33 - 处理target成功：amazon_ca_sopro 540835406657523
2026-09-17 11:22:33 - 处理target成功：amazon_ca_sopro 477861178833709
2026-09-17 11:22:33 - 处理target成功：amazon_ca_sopro 516562724627291
2026-09-17 11:22:33 - 处理target成功：amazon_ca_sopro 477241868582634
2026-09-17 11:22:33 - 处理target成功：amazon_ca_sopro 349152915698586
2026-09-17 11:22:33 - 处理target成功：amazon_ca_sopro 337998724053427
2026-09-17 11:22:33 - 处理target成功：amazon_ca_sopro 493984720787312
2026-09-17 11:22:33 - 处理target成功：amazon_ca_sopro 296101987700013
2026-09-17 11:22:33 - 处理target成功：amazon_ca_sopro 284382946011772
2026-09-17 11:22:33 - 处理target成功：amazon_ca_sopro 303110496874097
2026-09-17 11:22:33 - 处理target成功：amazon_ca_sopro 100813923131025
2026-09-17 11:22:33 - 处理target成功：amazon_ca_sopro 482631667758256
2026-09-17 11:22:33 - 处理target成功：amazon_ca_sopro 303299593658230
2026-09-17 11:22:33 - 处理target成功：amazon_ca_sopro 503491150762692
2026-09-17 11:22:33 - 处理target成功：amazon_ca_sopro 322874094945209
2026-09-17 11:22:33 - 处理target成功：amazon_ca_sopro 397905446218199
2026-09-17 11:22:33 - 处理target成功：amazon_ca_sopro 459745966448693
2026-09-17 11:22:33 - 处理target成功：amazon_ca_sopro 362216500956750
2026-09-17 11:22:33 - 处理target成功：amazon_ca_sopro 404729915264686
2026-09-17 11:22:33 - 处理target成功：amazon_ca_sopro 376801293328866
2026-09-17 11:22:33 - 处理target成功：amazon_ca_sopro 346959954088447
2026-09-17 11:22:33 - 处理target成功：amazon_ca_sopro 461227503747129
2026-09-17 11:22:33 - 处理target成功：amazon_ca_sopro 394691044001471
2026-09-17 11:22:33 - 处理target成功：amazon_ca_sopro 507289983153112
2026-09-17 11:22:33 - 处理target成功：amazon_ca_sopro 479015170178473
2026-09-17 11:22:34 - {"status":"fail","message":"Could not find keyword with id: 466605800958983","data":[{"code":"ENTITY_NOT_FOUND","description":"Could not find keyword with id: 550345295448219"},{"code":"ENTITY_NOT_FOUND","description":"Could not find keyword with id: 466605800958983"}]}
2026-09-17 11:22:34 - 处理keyword失败：amazon_ca_lift 550345295448219
2026-09-17 11:22:34 - 处理keyword失败：amazon_ca_lift 466605800958983
2026-09-17 11:22:36 - {"status":"success","message":"success","data":[{"targetId":550345295448219,"value":"","code":"SUCCESS"},{"targetId":466605800958983,"value":"","code":"SUCCESS"}]}
2026-09-17 11:22:36 - 处理target成功：amazon_ca_lift 550345295448219
2026-09-17 11:22:36 - 处理target成功：amazon_ca_lift 466605800958983
2026-09-17 11:22:38 - {"status":"success","message":"success","data":[{"keywordId":161197484434795,"code":"SUCCESS"},{"keywordId":310727937338661,"code":"SUCCESS"},{"keywordId":437171786263326,"code":"SUCCESS"},{"keywordId":190293367394293,"code":"SUCCESS"},{"keywordId":79598552748579,"code":"SUCCESS"},{"keywordId":192012718989760,"code":"SUCCESS"},{"keywordId":337397178973302,"code":"SUCCESS"},{"keywordId":543280436327784,"code":"SUCCESS"},{"keywordId":233736322280626,"code":"SUCCESS"},{"keywordId":74283376600044,"code":"SUCCESS"},{"keywordId":12460396379877,"code":"SUCCESS"},{"keywordId":180132149155332,"code":"SUCCESS"},{"keywordId":140909278771705,"code":"SUCCESS"},[{"description":"Could not find keyword with id: 337827035583823","code":"ENTITY_NOT_FOUND"},{"description":"Could not find keyword with id: 438662612102134","code":"ENTITY_NOT_FOUND"},{"description":"Could not find keyword with id: 528156325353141","code":"ENTITY_NOT_FOUND"},{"description":"Could not find keyword with id: 347093778226833","code":"ENTITY_NOT_FOUND"},{"description":"Could not find keyword with id: 406069448020430","code":"ENTITY_NOT_FOUND"},{"description":"Could not find keyword with id: 318766488369974","code":"ENTITY_NOT_FOUND"},{"description":"Could not find keyword with id: 363648473325649","code":"ENTITY_NOT_FOUND"},{"description":"Could not find keyword with id: 460741788713659","code":"ENTITY_NOT_FOUND"},{"description":"Could not find keyword with id: 403707921388743","code":"ENTITY_NOT_FOUND"},{"description":"Could not find keyword with id: 448343250452055","code":"ENTITY_NOT_FOUND"},{"description":"Could not find keyword with id: 287046065814034","code":"ENTITY_NOT_FOUND"},{"description":"Could not find keyword with id: 397360361697216","code":"ENTITY_NOT_FOUND"},{"description":"Could not find keyword with id: 532311918288524","code":"ENTITY_NOT_FOUND"},{"description":"Could not find keyword with id: 547873517761861","code":"ENTITY_NOT_FOUND"},{"description":"Could not find keyword with id: 385835169126340","code":"ENTITY_NOT_FOUND"},{"description":"Could not find keyword with id: 299387476662529","code":"ENTITY_NOT_FOUND"},{"description":"Could not find keyword with id: 480813329993224","code":"ENTITY_NOT_FOUND"},{"description":"Could not find keyword with id: 283966980400199","code":"ENTITY_NOT_FOUND"},{"description":"Could not find keyword with id: 474060439280376","code":"ENTITY_NOT_FOUND"},{"description":"Could not find keyword with id: 287293520398348","code":"ENTITY_NOT_FOUND"}]]}
2026-09-17 11:22:38 - 处理keyword失败：amazon_us_ifn 337827035583823
2026-09-17 11:22:38 - 处理keyword失败：amazon_us_ifn 438662612102134
2026-09-17 11:22:38 - 处理keyword成功：amazon_us_ifn 161197484434795
2026-09-17 11:22:38 - 处理keyword失败：amazon_us_ifn 528156325353141
2026-09-17 11:22:38 - 处理keyword成功：amazon_us_ifn 310727937338661
2026-09-17 11:22:38 - 处理keyword成功：amazon_us_ifn 437171786263326
2026-09-17 11:22:38 - 处理keyword成功：amazon_us_ifn 190293367394293
2026-09-17 11:22:38 - 处理keyword失败：amazon_us_ifn 347093778226833
2026-09-17 11:22:38 - 处理keyword成功：amazon_us_ifn 79598552748579
2026-09-17 11:22:38 - 处理keyword成功：amazon_us_ifn 192012718989760
2026-09-17 11:22:38 - 处理keyword成功：amazon_us_ifn 337397178973302
2026-09-17 11:22:38 - 处理keyword失败：amazon_us_ifn 406069448020430
2026-09-17 11:22:38 - 处理keyword失败：amazon_us_ifn 318766488369974
2026-09-17 11:22:38 - 处理keyword失败：amazon_us_ifn 363648473325649
2026-09-17 11:22:38 - 处理keyword成功：amazon_us_ifn 543280436327784
2026-09-17 11:22:38 - 处理keyword失败：amazon_us_ifn 460741788713659
2026-09-17 11:22:38 - 处理keyword失败：amazon_us_ifn 403707921388743
2026-09-17 11:22:38 - 处理keyword失败：amazon_us_ifn 448343250452055
2026-09-17 11:22:38 - 处理keyword成功：amazon_us_ifn 233736322280626
2026-09-17 11:22:38 - 处理keyword成功：amazon_us_ifn 74283376600044
2026-09-17 11:22:38 - 处理keyword失败：amazon_us_ifn 287046065814034
2026-09-17 11:22:38 - 处理keyword失败：amazon_us_ifn 397360361697216
2026-09-17 11:22:38 - 处理keyword失败：amazon_us_ifn 532311918288524
2026-09-17 11:22:38 - 处理keyword失败：amazon_us_ifn 547873517761861
2026-09-17 11:22:38 - 处理keyword失败：amazon_us_ifn 385835169126340
2026-09-17 11:22:38 - 处理keyword成功：amazon_us_ifn 12460396379877
2026-09-17 11:22:38 - 处理keyword成功：amazon_us_ifn 180132149155332
2026-09-17 11:22:38 - 处理keyword失败：amazon_us_ifn 299387476662529
2026-09-17 11:22:38 - 处理keyword失败：amazon_us_ifn 480813329993224
2026-09-17 11:22:38 - 处理keyword成功：amazon_us_ifn 140909278771705
2026-09-17 11:22:38 - 处理keyword失败：amazon_us_ifn 283966980400199
2026-09-17 11:22:38 - 处理keyword失败：amazon_us_ifn 474060439280376
2026-09-17 11:22:38 - 处理keyword失败：amazon_us_ifn 287293520398348
2026-09-17 11:22:39 - batchMongoUpdateKeyword：共1条，成功1条，失败0条
2026-09-17 11:22:39 - batchMongoUpdateKeyword：共4条，成功4条，失败0条
2026-09-17 11:22:43 - {"status":"success","message":"success","data":[{"targetId":371013079818773,"value":"","code":"SUCCESS"},{"targetId":514070498558764,"value":"","code":"SUCCESS"},{"targetId":427094597014835,"value":"","code":"SUCCESS"},{"targetId":319896959547757,"value":"","code":"SUCCESS"},{"targetId":392902312621019,"value":"","code":"SUCCESS"},{"targetId":525549709942721,"value":"","code":"SUCCESS"},{"targetId":284737859464826,"value":"","code":"SUCCESS"},{"targetId":296894925459740,"value":"","code":"SUCCESS"},{"targetId":536498037604805,"value":"","code":"SUCCESS"},{"targetId":504121630370305,"value":"","code":"SUCCESS"},{"targetId":437723101099188,"value":"","code":"SUCCESS"},{"targetId":395651912009695,"value":"","code":"SUCCESS"},{"targetId":499032364146597,"value":"","code":"SUCCESS"},{"targetId":294585864227384,"value":"","code":"SUCCESS"},{"targetId":398997913237616,"value":"","code":"SUCCESS"},{"targetId":337798338269307,"value":"","code":"SUCCESS"},{"targetId":491379941157923,"value":"","code":"SUCCESS"},{"targetId":429989066710938,"value":"","code":"SUCCESS"},{"targetId":417527310702460,"value":"","code":"SUCCESS"},{"targetId":404275660785606,"value":"","code":"SUCCESS"},{"targetId":299642998428109,"value":"","code":"SUCCESS"},{"targetId":449652155698914,"value":"","code":"SUCCESS"},{"targetId":560698121990094,"value":"","code":"SUCCESS"},{"targetId":535786729144234,"value":"","code":"SUCCESS"},{"targetId":327979961158379,"value":"","code":"SUCCESS"},{"targetId":488010142336520,"value":"","code":"SUCCESS"},{"targetId":561050053808349,"value":"","code":"SUCCESS"},{"targetId":475246858683746,"value":"","code":"SUCCESS"},{"targetId":319076515855375,"value":"","code":"SUCCESS"},{"targetId":18538686901619,"value":"","code":"SUCCESS"},{"targetId":315274096293596,"value":"","code":"SUCCESS"},{"targetId":537129242662608,"value":"","code":"SUCCESS"},{"targetId":377303755673990,"value":"","code":"SUCCESS"},{"targetId":284293239897464,"value":"","code":"SUCCESS"},{"targetId":31101336945349,"value":"","code":"SUCCESS"},{"targetId":500101961033409,"value":"","code":"SUCCESS"},{"targetId":239144415546537,"value":"","code":"SUCCESS"},{"targetId":471220933316600,"value":"","code":"SUCCESS"},{"targetId":283514671305521,"value":"","code":"SUCCESS"},{"targetId":459243977608302,"value":"","code":"SUCCESS"},{"targetId":409897310419485,"value":"","code":"SUCCESS"},{"targetId":444531125969202,"value":"","code":"SUCCESS"},{"targetId":538589986402404,"value":"","code":"SUCCESS"},{"targetId":348619245936837,"value":"","code":"SUCCESS"},{"targetId":483958819615409,"value":"","code":"SUCCESS"},{"targetId":316529303658973,"value":"","code":"SUCCESS"},{"targetId":329301429900899,"value":"","code":"SUCCESS"},{"targetId":414881763939995,"value":"","code":"SUCCESS"},{"targetId":352953888761931,"value":"","code":"SUCCESS"},{"targetId":241717818077247,"value":"","code":"SUCCESS"},{"targetId":316863788817645,"value":"","code":"SUCCESS"},{"targetId":372600161263644,"value":"","code":"SUCCESS"},{"targetId":356918718010434,"value":"","code":"SUCCESS"},{"targetId":417498765725080,"value":"","code":"SUCCESS"},{"targetId":469151846721299,"value":"","code":"SUCCESS"},{"targetId":523807215956575,"value":"","code":"SUCCESS"},{"targetId":144078063848407,"value":"","code":"SUCCESS"},{"targetId":388800946168281,"value":"","code":"SUCCESS"},{"targetId":293643501425159,"value":"","code":"SUCCESS"},{"targetId":394455479525108,"value":"","code":"SUCCESS"},{"targetId":368782735719652,"value":"","code":"SUCCESS"},{"targetId":394763335715373,"value":"","code":"SUCCESS"},{"targetId":469926759886709,"value":"","code":"SUCCESS"},{"targetId":510671560772812,"value":"","code":"SUCCESS"},{"targetId":524064680839818,"value":"","code":"SUCCESS"},{"targetId":76227114185564,"value":"","code":"SUCCESS"},{"targetId":510834134951247,"value":"","code":"SUCCESS"},{"targetId":484779236720406,"value":"","code":"SUCCESS"},{"targetId":330647111399714,"value":"","code":"SUCCESS"},{"targetId":476793816558101,"value":"","code":"SUCCESS"},{"targetId":541764519763176,"value":"","code":"SUCCESS"},{"targetId":515746056353336,"value":"","code":"SUCCESS"},{"targetId":488711202242914,"value":"","code":"SUCCESS"},{"targetId":247092728480966,"value":"","code":"SUCCESS"},{"targetId":320184731725392,"value":"","code":"SUCCESS"},{"targetId":500470184592583,"value":"","code":"SUCCESS"},{"targetId":542811769872527,"value":"","code":"SUCCESS"},{"targetId":21008243429705,"value":"","code":"SUCCESS"},{"targetId":367100137795940,"value":"","code":"SUCCESS"},{"targetId":397734031562500,"value":"","code":"SUCCESS"},{"targetId":411902028538571,"value":"","code":"SUCCESS"},{"targetId":201652146186056,"value":"","code":"SUCCESS"},{"targetId":370170266908197,"value":"","code":"SUCCESS"},{"targetId":355632627985753,"value":"","code":"SUCCESS"},{"targetId":342748605221482,"value":"","code":"SUCCESS"},{"targetId":29443251020248,"value":"","code":"SUCCESS"},{"targetId":336886293090179,"value":"","code":"SUCCESS"},{"targetId":127392620302705,"value":"","code":"SUCCESS"},{"targetId":121304540138710,"value":"","code":"SUCCESS"},{"targetId":335617244668815,"value":"","code":"SUCCESS"},{"targetId":311913076671944,"value":"","code":"SUCCESS"},{"targetId":329276238135246,"value":"","code":"SUCCESS"},{"targetId":499651958740889,"value":"","code":"SUCCESS"},{"targetId":342948856935946,"value":"","code":"SUCCESS"},{"targetId":541438990526977,"value":"","code":"SUCCESS"},{"targetId":491545581594243,"value":"","code":"SUCCESS"},{"targetId":461804992093488,"value":"","code":"SUCCESS"},{"targetId":438360598940119,"value":"","code":"SUCCESS"},{"targetId":372781271086281,"value":"","code":"SUCCESS"},{"targetId":518256965931098,"value":"","code":"SUCCESS"},{"targetId":558519583641252,"value":"","code":"SUCCESS"},{"targetId":360624210376379,"value":"","code":"SUCCESS"},{"targetId":526626926842158,"value":"","code":"SUCCESS"},{"targetId":542971286883129,"value":"","code":"SUCCESS"},{"targetId":253513245482601,"value":"","code":"SUCCESS"},{"targetId":24297263832984,"value":"","code":"SUCCESS"},{"targetId":456191814392781,"value":"","code":"SUCCESS"},{"targetId":510888222228186,"value":"","code":"SUCCESS"},{"targetId":15898948481363,"value":"","code":"SUCCESS"},{"targetId":379910067846370,"value":"","code":"SUCCESS"},{"targetId":504972528920043,"value":"","code":"SUCCESS"},{"targetId":474667635246891,"value":"","code":"SUCCESS"},{"targetId":524559049924729,"value":"","code":"SUCCESS"},{"targetId":239532079648681,"value":"","code":"SUCCESS"},{"targetId":112447048548850,"value":"","code":"SUCCESS"},{"targetId":492278725636805,"value":"","code":"SUCCESS"},{"targetId":225942338234104,"value":"","code":"SUCCESS"},{"targetId":338018825192700,"value":"","code":"SUCCESS"},{"targetId":349005694400793,"value":"","code":"SUCCESS"},{"targetId":438350767500517,"value":"","code":"SUCCESS"},{"targetId":246834846541431,"value":"","code":"SUCCESS"},{"targetId":416254910374035,"value":"","code":"SUCCESS"},{"targetId":475898851667375,"value":"","code":"SUCCESS"},{"targetId":562658965854904,"value":"","code":"SUCCESS"},{"targetId":440777259328929,"value":"","code":"SUCCESS"},{"targetId":427033317934833,"value":"","code":"SUCCESS"},{"targetId":248232796295929,"value":"","code":"SUCCESS"},{"targetId":390168705106359,"value":"","code":"SUCCESS"},{"targetId":528491829457784,"value":"","code":"SUCCESS"},{"targetId":72786111205799,"value":"","code":"SUCCESS"},{"targetId":477750269284980,"value":"","code":"SUCCESS"},{"targetId":389010031655912,"value":"","code":"SUCCESS"},{"targetId":17435703980514,"value":"","code":"SUCCESS"},{"targetId":335013647593174,"value":"","code":"SUCCESS"},{"targetId":316891286945934,"value":"","code":"SUCCESS"},{"targetId":202877633918099,"value":"","code":"SUCCESS"},{"targetId":96462179396429,"value":"","code":"SUCCESS"},{"targetId":454889059094209,"value":"","code":"SUCCESS"},{"targetId":290688178771757,"value":"","code":"SUCCESS"},{"targetId":348587424016230,"value":"","code":"SUCCESS"},{"targetId":545638982477101,"value":"","code":"SUCCESS"},{"targetId":506315211044075,"value":"","code":"SUCCESS"},{"targetId":30145908579596,"value":"","code":"SUCCESS"},{"targetId":363563709365274,"value":"","code":"SUCCESS"},{"targetId":328202373446125,"value":"","code":"SUCCESS"},{"targetId":511356406267244,"value":"","code":"SUCCESS"},{"targetId":329585930463344,"value":"","code":"SUCCESS"},{"targetId":98426970648563,"value":"","code":"SUCCESS"},{"targetId":338894511610052,"value":"","code":"SUCCESS"},{"targetId":208425657511273,"value":"","code":"SUCCESS"},{"targetId":550077395973900,"value":"","code":"SUCCESS"},{"targetId":453822341839323,"value":"","code":"SUCCESS"},{"targetId":467105264604514,"value":"","code":"SUCCESS"},{"targetId":385237748891831,"value":"","code":"SUCCESS"},{"targetId":509122660349891,"value":"","code":"SUCCESS"},{"targetId":500191330729336,"value":"","code":"SUCCESS"},{"targetId":504903007950384,"value":"","code":"SUCCESS"},{"targetId":501749986763956,"value":"","code":"SUCCESS"},{"targetId":284547414673438,"value":"","code":"SUCCESS"},{"targetId":381942567482001,"value":"","code":"SUCCESS"},{"targetId":285049808313224,"value":"","code":"SUCCESS"},{"targetId":313166548526746,"value":"","code":"SUCCESS"},{"targetId":557747411689159,"value":"","code":"SUCCESS"},{"targetId":381564140220554,"value":"","code":"SUCCESS"},{"targetId":449887773948972,"value":"","code":"SUCCESS"},{"targetId":375871029973442,"value":"","code":"SUCCESS"},{"targetId":433197937804226,"value":"","code":"SUCCESS"},{"targetId":353750635000460,"value":"","code":"SUCCESS"},{"targetId":535748443357597,"value":"","code":"SUCCESS"},{"targetId":419559892558857,"value":"","code":"SUCCESS"},{"targetId":242397213484404,"value":"","code":"SUCCESS"},{"targetId":354580013681470,"value":"","code":"SUCCESS"},{"targetId":484446590521607,"value":"","code":"SUCCESS"},{"targetId":468644762182969,"value":"","code":"SUCCESS"},{"targetId":318188038978321,"value":"","code":"SUCCESS"},{"targetId":304056053513492,"value":"","code":"SUCCESS"},{"targetId":527208152475735,"value":"","code":"SUCCESS"},{"targetId":482091701053372,"value":"","code":"SUCCESS"},{"targetId":316237465813386,"value":"","code":"SUCCESS"},{"targetId":72290571939612,"value":"","code":"SUCCESS"},{"targetId":444104894723829,"value":"","code":"SUCCESS"},{"targetId":511073210250108,"value":"","code":"SUCCESS"},{"targetId":307586466986034,"value":"","code":"SUCCESS"},{"targetId":553609996810614,"value":"","code":"SUCCESS"},{"targetId":290314854971705,"value":"","code":"SUCCESS"},{"targetId":338424468195563,"value":"","code":"SUCCESS"},{"targetId":477917446801114,"value":"","code":"SUCCESS"},{"targetId":317721110577816,"value":"","code":"SUCCESS"},{"targetId":403396668123158,"value":"","code":"SUCCESS"},{"targetId":370710274811865,"value":"","code":"SUCCESS"},{"targetId":305391374161313,"value":"","code":"SUCCESS"},{"targetId":277739245775106,"value":"","code":"SUCCESS"},{"targetId":289206090311926,"value":"","code":"SUCCESS"},{"targetId":357695958333304,"value":"","code":"SUCCESS"},{"targetId":519995581708957,"value":"","code":"SUCCESS"},{"targetId":371305884391255,"value":"","code":"SUCCESS"},{"targetId":389660506881828,"value":"","code":"SUCCESS"},{"targetId":322458228480605,"value":"","code":"SUCCESS"},{"targetId":238364652895717,"value":"","code":"SUCCESS"},{"targetId":353035669407599,"value":"","code":"SUCCESS"}]}
2026-09-17 11:22:43 - 处理target成功：amazon 371013079818773
2026-09-17 11:22:43 - 处理target成功：amazon 514070498558764
2026-09-17 11:22:43 - 处理target成功：amazon 427094597014835
2026-09-17 11:22:43 - 处理target成功：amazon 319896959547757
2026-09-17 11:22:43 - 处理target成功：amazon 392902312621019
2026-09-17 11:22:43 - 处理target成功：amazon 525549709942721
2026-09-17 11:22:43 - 处理target成功：amazon 284737859464826
2026-09-17 11:22:43 - 处理target成功：amazon 296894925459740
2026-09-17 11:22:43 - 处理target成功：amazon 536498037604805
2026-09-17 11:22:43 - 处理target成功：amazon 504121630370305
2026-09-17 11:22:43 - 处理target成功：amazon 437723101099188
2026-09-17 11:22:43 - 处理target成功：amazon 395651912009695
2026-09-17 11:22:43 - 处理target成功：amazon 499032364146597
2026-09-17 11:22:43 - 处理target成功：amazon 294585864227384
2026-09-17 11:22:43 - 处理target成功：amazon 398997913237616
2026-09-17 11:22:43 - 处理target成功：amazon 337798338269307
2026-09-17 11:22:43 - 处理target成功：amazon 491379941157923
2026-09-17 11:22:43 - 处理target成功：amazon 429989066710938
2026-09-17 11:22:43 - 处理target成功：amazon 417527310702460
2026-09-17 11:22:43 - 处理target成功：amazon 404275660785606
2026-09-17 11:22:43 - 处理target成功：amazon 299642998428109
2026-09-17 11:22:43 - 处理target成功：amazon 449652155698914
2026-09-17 11:22:43 - 处理target成功：amazon 560698121990094
2026-09-17 11:22:43 - 处理target成功：amazon 535786729144234
2026-09-17 11:22:43 - 处理target成功：amazon 327979961158379
2026-09-17 11:22:43 - 处理target成功：amazon 488010142336520
2026-09-17 11:22:43 - 处理target成功：amazon 561050053808349
2026-09-17 11:22:43 - 处理target成功：amazon 475246858683746
2026-09-17 11:22:43 - 处理target成功：amazon 319076515855375
2026-09-17 11:22:43 - 处理target成功：amazon 18538686901619
2026-09-17 11:22:43 - 处理target成功：amazon 315274096293596
2026-09-17 11:22:43 - 处理target成功：amazon 537129242662608
2026-09-17 11:22:43 - 处理target成功：amazon 377303755673990
2026-09-17 11:22:43 - 处理target成功：amazon 284293239897464
2026-09-17 11:22:43 - 处理target成功：amazon 31101336945349
2026-09-17 11:22:43 - 处理target成功：amazon 500101961033409
2026-09-17 11:22:43 - 处理target成功：amazon 239144415546537
2026-09-17 11:22:43 - 处理target成功：amazon 471220933316600
2026-09-17 11:22:43 - 处理target成功：amazon 283514671305521
2026-09-17 11:22:43 - 处理target成功：amazon 459243977608302
2026-09-17 11:22:43 - 处理target成功：amazon 409897310419485
2026-09-17 11:22:43 - 处理target成功：amazon 444531125969202
2026-09-17 11:22:43 - 处理target成功：amazon 538589986402404
2026-09-17 11:22:43 - 处理target成功：amazon 348619245936837
2026-09-17 11:22:43 - 处理target成功：amazon 483958819615409
2026-09-17 11:22:43 - 处理target成功：amazon 316529303658973
2026-09-17 11:22:43 - 处理target成功：amazon 329301429900899
2026-09-17 11:22:43 - 处理target成功：amazon 414881763939995
2026-09-17 11:22:43 - 处理target成功：amazon 352953888761931
2026-09-17 11:22:43 - 处理target成功：amazon 241717818077247
2026-09-17 11:22:43 - 处理target成功：amazon 316863788817645
2026-09-17 11:22:43 - 处理target成功：amazon 372600161263644
2026-09-17 11:22:43 - 处理target成功：amazon 356918718010434
2026-09-17 11:22:43 - 处理target成功：amazon 417498765725080
2026-09-17 11:22:43 - 处理target成功：amazon 469151846721299
2026-09-17 11:22:43 - 处理target成功：amazon 523807215956575
2026-09-17 11:22:43 - 处理target成功：amazon 144078063848407
2026-09-17 11:22:43 - 处理target成功：amazon 388800946168281
2026-09-17 11:22:43 - 处理target成功：amazon 293643501425159
2026-09-17 11:22:43 - 处理target成功：amazon 394455479525108
2026-09-17 11:22:43 - 处理target成功：amazon 368782735719652
2026-09-17 11:22:43 - 处理target成功：amazon 394763335715373
2026-09-17 11:22:43 - 处理target成功：amazon 469926759886709
2026-09-17 11:22:43 - 处理target成功：amazon 510671560772812
2026-09-17 11:22:43 - 处理target成功：amazon 524064680839818
2026-09-17 11:22:43 - 处理target成功：amazon 76227114185564
2026-09-17 11:22:43 - 处理target成功：amazon 510834134951247
2026-09-17 11:22:43 - 处理target成功：amazon 484779236720406
2026-09-17 11:22:43 - 处理target成功：amazon 330647111399714
2026-09-17 11:22:43 - 处理target成功：amazon 476793816558101
2026-09-17 11:22:43 - 处理target成功：amazon 541764519763176
2026-09-17 11:22:43 - 处理target成功：amazon 515746056353336
2026-09-17 11:22:43 - 处理target成功：amazon 488711202242914
2026-09-17 11:22:43 - 处理target成功：amazon 247092728480966
2026-09-17 11:22:43 - 处理target成功：amazon 320184731725392
2026-09-17 11:22:43 - 处理target成功：amazon 500470184592583
2026-09-17 11:22:43 - 处理target成功：amazon 542811769872527
2026-09-17 11:22:43 - 处理target成功：amazon 21008243429705
2026-09-17 11:22:43 - 处理target成功：amazon 367100137795940
2026-09-17 11:22:43 - 处理target成功：amazon 397734031562500
2026-09-17 11:22:43 - 处理target成功：amazon 411902028538571
2026-09-17 11:22:43 - 处理target成功：amazon 201652146186056
2026-09-17 11:22:43 - 处理target成功：amazon 370170266908197
2026-09-17 11:22:43 - 处理target成功：amazon 355632627985753
2026-09-17 11:22:43 - 处理target成功：amazon 342748605221482
2026-09-17 11:22:43 - 处理target成功：amazon 29443251020248
2026-09-17 11:22:43 - 处理target成功：amazon 336886293090179
2026-09-17 11:22:43 - 处理target成功：amazon 127392620302705
2026-09-17 11:22:43 - 处理target成功：amazon 121304540138710
2026-09-17 11:22:43 - 处理target成功：amazon 335617244668815
2026-09-17 11:22:43 - 处理target成功：amazon 311913076671944
2026-09-17 11:22:43 - 处理target成功：amazon 329276238135246
2026-09-17 11:22:43 - 处理target成功：amazon 499651958740889
2026-09-17 11:22:43 - 处理target成功：amazon 342948856935946
2026-09-17 11:22:43 - 处理target成功：amazon 541438990526977
2026-09-17 11:22:43 - 处理target成功：amazon 491545581594243
2026-09-17 11:22:43 - 处理target成功：amazon 461804992093488
2026-09-17 11:22:43 - 处理target成功：amazon 438360598940119
2026-09-17 11:22:43 - 处理target成功：amazon 372781271086281
2026-09-17 11:22:43 - 处理target成功：amazon 518256965931098
2026-09-17 11:22:43 - 处理target成功：amazon 558519583641252
2026-09-17 11:22:43 - 处理target成功：amazon 360624210376379
2026-09-17 11:22:43 - 处理target成功：amazon 526626926842158
2026-09-17 11:22:43 - 处理target成功：amazon 542971286883129
2026-09-17 11:22:43 - 处理target成功：amazon 253513245482601
2026-09-17 11:22:43 - 处理target成功：amazon 24297263832984
2026-09-17 11:22:43 - 处理target成功：amazon 456191814392781
2026-09-17 11:22:43 - 处理target成功：amazon 510888222228186
2026-09-17 11:22:43 - 处理target成功：amazon 15898948481363
2026-09-17 11:22:43 - 处理target成功：amazon 379910067846370
2026-09-17 11:22:43 - 处理target成功：amazon 504972528920043
2026-09-17 11:22:43 - 处理target成功：amazon 474667635246891
2026-09-17 11:22:43 - 处理target成功：amazon 524559049924729
2026-09-17 11:22:43 - 处理target成功：amazon 239532079648681
2026-09-17 11:22:43 - 处理target成功：amazon 112447048548850
2026-09-17 11:22:43 - 处理target成功：amazon 492278725636805
2026-09-17 11:22:43 - 处理target成功：amazon 225942338234104
2026-09-17 11:22:43 - 处理target成功：amazon 338018825192700
2026-09-17 11:22:43 - 处理target成功：amazon 349005694400793
2026-09-17 11:22:43 - 处理target成功：amazon 438350767500517
2026-09-17 11:22:43 - 处理target成功：amazon 246834846541431
2026-09-17 11:22:43 - 处理target成功：amazon 416254910374035
2026-09-17 11:22:43 - 处理target成功：amazon 475898851667375
2026-09-17 11:22:43 - 处理target成功：amazon 562658965854904
2026-09-17 11:22:43 - 处理target成功：amazon 440777259328929
2026-09-17 11:22:43 - 处理target成功：amazon 427033317934833
2026-09-17 11:22:43 - 处理target成功：amazon 248232796295929
2026-09-17 11:22:43 - 处理target成功：amazon 390168705106359
2026-09-17 11:22:43 - 处理target成功：amazon 528491829457784
2026-09-17 11:22:43 - 处理target成功：amazon 72786111205799
2026-09-17 11:22:43 - 处理target成功：amazon 477750269284980
2026-09-17 11:22:43 - 处理target成功：amazon 389010031655912
2026-09-17 11:22:43 - 处理target成功：amazon 17435703980514
2026-09-17 11:22:43 - 处理target成功：amazon 335013647593174
2026-09-17 11:22:43 - 处理target成功：amazon 316891286945934
2026-09-17 11:22:43 - 处理target成功：amazon 202877633918099
2026-09-17 11:22:43 - 处理target成功：amazon 96462179396429
2026-09-17 11:22:43 - 处理target成功：amazon 454889059094209
2026-09-17 11:22:43 - 处理target成功：amazon 290688178771757
2026-09-17 11:22:43 - 处理target成功：amazon 348587424016230
2026-09-17 11:22:43 - 处理target成功：amazon 545638982477101
2026-09-17 11:22:43 - 处理target成功：amazon 506315211044075
2026-09-17 11:22:43 - 处理target成功：amazon 30145908579596
2026-09-17 11:22:43 - 处理target成功：amazon 363563709365274
2026-09-17 11:22:43 - 处理target成功：amazon 328202373446125
2026-09-17 11:22:43 - 处理target成功：amazon 511356406267244
2026-09-17 11:22:43 - 处理target成功：amazon 329585930463344
2026-09-17 11:22:43 - 处理target成功：amazon 98426970648563
2026-09-17 11:22:43 - 处理target成功：amazon 338894511610052
2026-09-17 11:22:43 - 处理target成功：amazon 208425657511273
2026-09-17 11:22:43 - 处理target成功：amazon 550077395973900
2026-09-17 11:22:43 - 处理target成功：amazon 453822341839323
2026-09-17 11:22:43 - 处理target成功：amazon 467105264604514
2026-09-17 11:22:43 - 处理target成功：amazon 385237748891831
2026-09-17 11:22:43 - 处理target成功：amazon 509122660349891
2026-09-17 11:22:43 - 处理target成功：amazon 500191330729336
2026-09-17 11:22:43 - 处理target成功：amazon 504903007950384
2026-09-17 11:22:43 - 处理target成功：amazon 501749986763956
2026-09-17 11:22:43 - 处理target成功：amazon 284547414673438
2026-09-17 11:22:43 - 处理target成功：amazon 381942567482001
2026-09-17 11:22:43 - 处理target成功：amazon 285049808313224
2026-09-17 11:22:43 - 处理target成功：amazon 313166548526746
2026-09-17 11:22:43 - 处理target成功：amazon 557747411689159
2026-09-17 11:22:43 - 处理target成功：amazon 381564140220554
2026-09-17 11:22:43 - 处理target成功：amazon 449887773948972
2026-09-17 11:22:43 - 处理target成功：amazon 375871029973442
2026-09-17 11:22:43 - 处理target成功：amazon 433197937804226
2026-09-17 11:22:43 - 处理target成功：amazon 353750635000460
2026-09-17 11:22:43 - 处理target成功：amazon 535748443357597
2026-09-17 11:22:43 - 处理target成功：amazon 419559892558857
2026-09-17 11:22:43 - 处理target成功：amazon 242397213484404
2026-09-17 11:22:43 - 处理target成功：amazon 354580013681470
2026-09-17 11:22:43 - 处理target成功：amazon 484446590521607
2026-09-17 11:22:43 - 处理target成功：amazon 468644762182969
2026-09-17 11:22:43 - 处理target成功：amazon 318188038978321
2026-09-17 11:22:43 - 处理target成功：amazon 304056053513492
2026-09-17 11:22:43 - 处理target成功：amazon 527208152475735
2026-09-17 11:22:43 - 处理target成功：amazon 482091701053372
2026-09-17 11:22:43 - 处理target成功：amazon 316237465813386
2026-09-17 11:22:43 - 处理target成功：amazon 72290571939612
2026-09-17 11:22:43 - 处理target成功：amazon 444104894723829
2026-09-17 11:22:43 - 处理target成功：amazon 511073210250108
2026-09-17 11:22:43 - 处理target成功：amazon 307586466986034
2026-09-17 11:22:43 - 处理target成功：amazon 553609996810614
2026-09-17 11:22:43 - 处理target成功：amazon 290314854971705
2026-09-17 11:22:43 - 处理target成功：amazon 338424468195563
2026-09-17 11:22:43 - 处理target成功：amazon 477917446801114
2026-09-17 11:22:43 - 处理target成功：amazon 317721110577816
2026-09-17 11:22:43 - 处理target成功：amazon 403396668123158
2026-09-17 11:22:43 - 处理target成功：amazon 370710274811865
2026-09-17 11:22:43 - 处理target成功：amazon 305391374161313
2026-09-17 11:22:43 - 处理target成功：amazon 277739245775106
2026-09-17 11:22:43 - 处理target成功：amazon 289206090311926
2026-09-17 11:22:43 - 处理target成功：amazon 357695958333304
2026-09-17 11:22:43 - 处理target成功：amazon 519995581708957
2026-09-17 11:22:43 - 处理target成功：amazon 371305884391255
2026-09-17 11:22:43 - 处理target成功：amazon 389660506881828
2026-09-17 11:22:43 - 处理target成功：amazon 322458228480605
2026-09-17 11:22:43 - 处理target成功：amazon 238364652895717
2026-09-17 11:22:43 - 处理target成功：amazon 353035669407599
2026-09-17 11:22:43 - batchMongoUpdateTarget：共12条，成功12条，失败0条
2026-09-17 11:22:45 - {"status":"success","message":"success","data":[{"targetId":484832858253020,"value":"","code":"SUCCESS"},{"targetId":395979244133296,"value":"","code":"SUCCESS"},{"targetId":282701965538813,"value":"","code":"SUCCESS"},{"targetId":360274534000932,"value":"","code":"SUCCESS"},{"targetId":546523989064918,"value":"","code":"SUCCESS"},{"targetId":325166308014730,"value":"","code":"SUCCESS"},{"targetId":435335238014944,"value":"","code":"SUCCESS"},{"targetId":468808829386733,"value":"","code":"SUCCESS"},{"targetId":430768625478814,"value":"","code":"SUCCESS"},{"targetId":297421915890264,"value":"","code":"SUCCESS"},{"targetId":451589853622524,"value":"","code":"SUCCESS"},{"targetId":400778660206022,"value":"","code":"SUCCESS"},{"targetId":329360307574695,"value":"","code":"SUCCESS"},{"targetId":530873465121519,"value":"","code":"SUCCESS"},{"targetId":368756058471655,"value":"","code":"SUCCESS"},{"targetId":320919407989436,"value":"","code":"SUCCESS"},{"targetId":433412096959492,"value":"","code":"SUCCESS"},{"targetId":545561240270491,"value":"","code":"SUCCESS"},{"targetId":561530407780223,"value":"","code":"SUCCESS"},{"targetId":28699798638168,"value":"","code":"SUCCESS"},{"targetId":533868803253168,"value":"","code":"SUCCESS"},{"targetId":480110081924483,"value":"","code":"SUCCESS"},{"targetId":369881304374838,"value":"","code":"SUCCESS"},{"targetId":330571525781141,"value":"","code":"SUCCESS"},{"targetId":455382236070872,"value":"","code":"SUCCESS"},{"targetId":378636036056012,"value":"","code":"SUCCESS"},{"targetId":388936127260314,"value":"","code":"SUCCESS"},{"targetId":253246614540876,"value":"","code":"SUCCESS"},{"targetId":515204021422240,"value":"","code":"SUCCESS"},{"targetId":522149380256260,"value":"","code":"SUCCESS"},{"targetId":528350982651830,"value":"","code":"SUCCESS"},{"targetId":520625075045481,"value":"","code":"SUCCESS"},{"targetId":221860896580293,"value":"","code":"SUCCESS"},{"targetId":300508711119229,"value":"","code":"SUCCESS"},{"targetId":245464412159501,"value":"","code":"SUCCESS"},{"targetId":545209462424135,"value":"","code":"SUCCESS"},{"targetId":308699246688156,"value":"","code":"SUCCESS"},{"targetId":365970384209807,"value":"","code":"SUCCESS"},{"targetId":332366213575145,"value":"","code":"SUCCESS"},{"targetId":223975249505582,"value":"","code":"SUCCESS"},{"targetId":492464273694356,"value":"","code":"SUCCESS"},{"targetId":438111865457800,"value":"","code":"SUCCESS"},{"targetId":310583163053838,"value":"","code":"SUCCESS"},{"targetId":339319592190692,"value":"","code":"SUCCESS"},{"targetId":356662608209862,"value":"","code":"SUCCESS"},{"targetId":325303309616068,"value":"","code":"SUCCESS"},{"targetId":318990099777950,"value":"","code":"SUCCESS"},{"targetId":561898895321204,"value":"","code":"SUCCESS"},{"targetId":324429035280094,"value":"","code":"SUCCESS"},{"targetId":95810601733189,"value":"","code":"SUCCESS"},{"targetId":282290867403600,"value":"","code":"SUCCESS"},{"targetId":482853887682693,"value":"","code":"SUCCESS"},{"targetId":379749349097771,"value":"","code":"SUCCESS"},{"targetId":191587270842944,"value":"","code":"SUCCESS"},{"targetId":454665444333607,"value":"","code":"SUCCESS"},{"targetId":454385604158141,"value":"","code":"SUCCESS"},{"targetId":250777371857715,"value":"","code":"SUCCESS"},{"targetId":524355438621242,"value":"","code":"SUCCESS"},{"targetId":359053263131979,"value":"","code":"SUCCESS"},{"targetId":290036391646581,"value":"","code":"SUCCESS"},{"targetId":295531176158116,"value":"","code":"SUCCESS"},{"targetId":310587472670683,"value":"","code":"SUCCESS"},{"targetId":59567594020365,"value":"","code":"SUCCESS"},{"targetId":271799130250347,"value":"","code":"SUCCESS"},{"targetId":378595421738952,"value":"","code":"SUCCESS"},{"targetId":305956690448542,"value":"","code":"SUCCESS"},{"targetId":432476363941255,"value":"","code":"SUCCESS"},{"targetId":559401241913213,"value":"","code":"SUCCESS"},{"targetId":301749843560753,"value":"","code":"SUCCESS"},{"targetId":290957237370915,"value":"","code":"SUCCESS"},{"targetId":481213699039931,"value":"","code":"SUCCESS"},{"targetId":242635183217960,"value":"","code":"SUCCESS"},{"targetId":322478882900294,"value":"","code":"SUCCESS"},{"targetId":223053015940496,"value":"","code":"SUCCESS"},{"targetId":485310452555200,"value":"","code":"SUCCESS"},{"targetId":548507572986253,"value":"","code":"SUCCESS"},{"targetId":362277355160823,"value":"","code":"SUCCESS"},{"targetId":44334752399819,"value":"","code":"SUCCESS"},{"targetId":311362658258242,"value":"","code":"SUCCESS"},{"targetId":493058970613387,"value":"","code":"SUCCESS"},{"targetId":356821637800946,"value":"","code":"SUCCESS"},{"targetId":458341472676963,"value":"","code":"SUCCESS"},{"targetId":121822754961924,"value":"","code":"SUCCESS"},{"targetId":526388971060307,"value":"","code":"SUCCESS"},{"targetId":415078391347807,"value":"","code":"SUCCESS"},{"targetId":531962029877557,"value":"","code":"SUCCESS"},{"targetId":344169026071290,"value":"","code":"SUCCESS"},{"targetId":290701558336836,"value":"","code":"SUCCESS"},{"targetId":480594710822643,"value":"","code":"SUCCESS"},{"targetId":304529952752206,"value":"","code":"SUCCESS"},{"targetId":554238439670687,"value":"","code":"SUCCESS"},{"targetId":364838448506840,"value":"","code":"SUCCESS"},{"targetId":106742763620087,"value":"","code":"SUCCESS"},{"targetId":78273004648501,"value":"","code":"SUCCESS"},{"targetId":417979351633353,"value":"","code":"SUCCESS"},{"targetId":512016704998822,"value":"","code":"SUCCESS"}]}
2026-09-17 11:22:45 - 处理target成功：amazon 484832858253020
2026-09-17 11:22:45 - 处理target成功：amazon 395979244133296
2026-09-17 11:22:45 - 处理target成功：amazon 282701965538813
2026-09-17 11:22:45 - 处理target成功：amazon 360274534000932
2026-09-17 11:22:45 - 处理target成功：amazon 546523989064918
2026-09-17 11:22:45 - 处理target成功：amazon 325166308014730
2026-09-17 11:22:45 - 处理target成功：amazon 435335238014944
2026-09-17 11:22:45 - 处理target成功：amazon 468808829386733
2026-09-17 11:22:45 - 处理target成功：amazon 430768625478814
2026-09-17 11:22:45 - 处理target成功：amazon 297421915890264
2026-09-17 11:22:45 - 处理target成功：amazon 451589853622524
2026-09-17 11:22:45 - 处理target成功：amazon 400778660206022
2026-09-17 11:22:45 - 处理target成功：amazon 329360307574695
2026-09-17 11:22:45 - 处理target成功：amazon 530873465121519
2026-09-17 11:22:45 - 处理target成功：amazon 368756058471655
2026-09-17 11:22:45 - 处理target成功：amazon 320919407989436
2026-09-17 11:22:45 - 处理target成功：amazon 433412096959492
2026-09-17 11:22:45 - 处理target成功：amazon 545561240270491
2026-09-17 11:22:45 - 处理target成功：amazon 561530407780223
2026-09-17 11:22:45 - 处理target成功：amazon 28699798638168
2026-09-17 11:22:45 - 处理target成功：amazon 533868803253168
2026-09-17 11:22:45 - 处理target成功：amazon 480110081924483
2026-09-17 11:22:45 - 处理target成功：amazon 369881304374838
2026-09-17 11:22:45 - 处理target成功：amazon 330571525781141
2026-09-17 11:22:45 - 处理target成功：amazon 455382236070872
2026-09-17 11:22:45 - 处理target成功：amazon 378636036056012
2026-09-17 11:22:45 - 处理target成功：amazon 388936127260314
2026-09-17 11:22:45 - 处理target成功：amazon 253246614540876
2026-09-17 11:22:45 - 处理target成功：amazon 515204021422240
2026-09-17 11:22:45 - 处理target成功：amazon 522149380256260
2026-09-17 11:22:45 - 处理target成功：amazon 528350982651830
2026-09-17 11:22:45 - 处理target成功：amazon 520625075045481
2026-09-17 11:22:45 - 处理target成功：amazon 221860896580293
2026-09-17 11:22:45 - 处理target成功：amazon 300508711119229
2026-09-17 11:22:45 - 处理target成功：amazon 245464412159501
2026-09-17 11:22:45 - 处理target成功：amazon 545209462424135
2026-09-17 11:22:45 - 处理target成功：amazon 308699246688156
2026-09-17 11:22:45 - 处理target成功：amazon 365970384209807
2026-09-17 11:22:45 - 处理target成功：amazon 332366213575145
2026-09-17 11:22:45 - 处理target成功：amazon 223975249505582
2026-09-17 11:22:45 - 处理target成功：amazon 492464273694356
2026-09-17 11:22:45 - 处理target成功：amazon 438111865457800
2026-09-17 11:22:45 - 处理target成功：amazon 310583163053838
2026-09-17 11:22:45 - 处理target成功：amazon 339319592190692
2026-09-17 11:22:45 - 处理target成功：amazon 356662608209862
2026-09-17 11:22:45 - 处理target成功：amazon 325303309616068
2026-09-17 11:22:45 - 处理target成功：amazon 318990099777950
2026-09-17 11:22:45 - 处理target成功：amazon 561898895321204
2026-09-17 11:22:45 - 处理target成功：amazon 324429035280094
2026-09-17 11:22:45 - 处理target成功：amazon 95810601733189
2026-09-17 11:22:45 - 处理target成功：amazon 282290867403600
2026-09-17 11:22:45 - 处理target成功：amazon 482853887682693
2026-09-17 11:22:45 - 处理target成功：amazon 379749349097771
2026-09-17 11:22:45 - 处理target成功：amazon 191587270842944
2026-09-17 11:22:45 - 处理target成功：amazon 454665444333607
2026-09-17 11:22:45 - 处理target成功：amazon 454385604158141
2026-09-17 11:22:45 - 处理target成功：amazon 250777371857715
2026-09-17 11:22:45 - 处理target成功：amazon 524355438621242
2026-09-17 11:22:45 - 处理target成功：amazon 359053263131979
2026-09-17 11:22:45 - 处理target成功：amazon 290036391646581
2026-09-17 11:22:45 - 处理target成功：amazon 295531176158116
2026-09-17 11:22:45 - 处理target成功：amazon 310587472670683
2026-09-17 11:22:45 - 处理target成功：amazon 59567594020365
2026-09-17 11:22:45 - 处理target成功：amazon 271799130250347
2026-09-17 11:22:45 - 处理target成功：amazon 378595421738952
2026-09-17 11:22:45 - 处理target成功：amazon 305956690448542
2026-09-17 11:22:45 - 处理target成功：amazon 432476363941255
2026-09-17 11:22:45 - 处理target成功：amazon 559401241913213
2026-09-17 11:22:45 - 处理target成功：amazon 301749843560753
2026-09-17 11:22:45 - 处理target成功：amazon 290957237370915
2026-09-17 11:22:45 - 处理target成功：amazon 481213699039931
2026-09-17 11:22:45 - 处理target成功：amazon 242635183217960
2026-09-17 11:22:45 - 处理target成功：amazon 322478882900294
2026-09-17 11:22:45 - 处理target成功：amazon 223053015940496
2026-09-17 11:22:45 - 处理target成功：amazon 485310452555200
2026-09-17 11:22:45 - 处理target成功：amazon 548507572986253
2026-09-17 11:22:45 - 处理target成功：amazon 362277355160823
2026-09-17 11:22:45 - 处理target成功：amazon 44334752399819
2026-09-17 11:22:45 - 处理target成功：amazon 311362658258242
2026-09-17 11:22:45 - 处理target成功：amazon 493058970613387
2026-09-17 11:22:45 - 处理target成功：amazon 356821637800946
2026-09-17 11:22:45 - 处理target成功：amazon 458341472676963
2026-09-17 11:22:45 - 处理target成功：amazon 121822754961924
2026-09-17 11:22:45 - 处理target成功：amazon 526388971060307
2026-09-17 11:22:45 - 处理target成功：amazon 415078391347807
2026-09-17 11:22:45 - 处理target成功：amazon 531962029877557
2026-09-17 11:22:45 - 处理target成功：amazon 344169026071290
2026-09-17 11:22:45 - 处理target成功：amazon 290701558336836
2026-09-17 11:22:45 - 处理target成功：amazon 480594710822643
2026-09-17 11:22:45 - 处理target成功：amazon 304529952752206
2026-09-17 11:22:45 - 处理target成功：amazon 554238439670687
2026-09-17 11:22:45 - 处理target成功：amazon 364838448506840
2026-09-17 11:22:45 - 处理target成功：amazon 106742763620087
2026-09-17 11:22:45 - 处理target成功：amazon 78273004648501
2026-09-17 11:22:45 - 处理target成功：amazon 417979351633353
2026-09-17 11:22:45 - 处理target成功：amazon 512016704998822
2026-09-17 11:22:46 - batchMongoUpdateTarget：共6条，成功6条，失败0条
2026-09-17 11:22:46 - {"status":"success","message":"success","data":[{"targetId":337827035583823,"value":"","code":"SUCCESS"},{"targetId":438662612102134,"value":"","code":"SUCCESS"},{"targetId":528156325353141,"value":"","code":"SUCCESS"},{"targetId":347093778226833,"value":"","code":"SUCCESS"},{"targetId":406069448020430,"value":"","code":"SUCCESS"},{"targetId":318766488369974,"value":"","code":"SUCCESS"},{"targetId":363648473325649,"value":"","code":"SUCCESS"},{"targetId":460741788713659,"value":"","code":"SUCCESS"},{"targetId":403707921388743,"value":"","code":"SUCCESS"},{"targetId":448343250452055,"value":"","code":"SUCCESS"},{"targetId":287046065814034,"value":"","code":"SUCCESS"},{"targetId":397360361697216,"value":"","code":"SUCCESS"},{"targetId":532311918288524,"value":"","code":"SUCCESS"},{"targetId":547873517761861,"value":"","code":"SUCCESS"},{"targetId":385835169126340,"value":"","code":"SUCCESS"},{"targetId":299387476662529,"value":"","code":"SUCCESS"},{"targetId":480813329993224,"value":"","code":"SUCCESS"},{"targetId":283966980400199,"value":"","code":"SUCCESS"},{"targetId":474060439280376,"value":"","code":"SUCCESS"},{"targetId":287293520398348,"value":"","code":"SUCCESS"}]}
2026-09-17 11:22:46 - 处理target成功：amazon_us_ifn 337827035583823
2026-09-17 11:22:46 - 处理target成功：amazon_us_ifn 438662612102134
2026-09-17 11:22:46 - 处理target成功：amazon_us_ifn 528156325353141
2026-09-17 11:22:46 - 处理target成功：amazon_us_ifn 347093778226833
2026-09-17 11:22:46 - 处理target成功：amazon_us_ifn 406069448020430
2026-09-17 11:22:46 - 处理target成功：amazon_us_ifn 318766488369974
2026-09-17 11:22:46 - 处理target成功：amazon_us_ifn 363648473325649
2026-09-17 11:22:46 - 处理target成功：amazon_us_ifn 460741788713659
2026-09-17 11:22:46 - 处理target成功：amazon_us_ifn 403707921388743
2026-09-17 11:22:46 - 处理target成功：amazon_us_ifn 448343250452055
2026-09-17 11:22:46 - 处理target成功：amazon_us_ifn 287046065814034
2026-09-17 11:22:46 - 处理target成功：amazon_us_ifn 397360361697216
2026-09-17 11:22:46 - 处理target成功：amazon_us_ifn 532311918288524
2026-09-17 11:22:46 - 处理target成功：amazon_us_ifn 547873517761861
2026-09-17 11:22:46 - 处理target成功：amazon_us_ifn 385835169126340
2026-09-17 11:22:46 - 处理target成功：amazon_us_ifn 299387476662529
2026-09-17 11:22:46 - 处理target成功：amazon_us_ifn 480813329993224
2026-09-17 11:22:46 - 处理target成功：amazon_us_ifn 283966980400199
2026-09-17 11:22:46 - 处理target成功：amazon_us_ifn 474060439280376
2026-09-17 11:22:46 - 处理target成功：amazon_us_ifn 287293520398348
2026-09-17 11:22:46 - batchMongoUpdateTarget：共7条，成功7条，失败0条
2026-09-17 11:22:46 - batchMongoUpdateTarget：共1条，成功1条，失败0条
2026-09-17 11:22:47 - {"status":"success","message":"success","data":[{"keywordId":426778393779613,"code":"SUCCESS"},{"keywordId":11506740895705,"code":"SUCCESS"},{"keywordId":218549198727170,"code":"SUCCESS"},{"keywordId":47818088166647,"code":"SUCCESS"},[{"description":"Could not find keyword with id: 282445195558339","code":"ENTITY_NOT_FOUND"},{"description":"Could not find keyword with id: 348152136076365","code":"ENTITY_NOT_FOUND"},{"description":"Could not find keyword with id: 549550999128868","code":"ENTITY_NOT_FOUND"},{"description":"Could not find keyword with id: 422213855356540","code":"ENTITY_NOT_FOUND"},{"description":"Could not find keyword with id: 477102754282324","code":"ENTITY_NOT_FOUND"},{"description":"Could not find keyword with id: 507727625819251","code":"ENTITY_NOT_FOUND"}]]}
2026-09-17 11:22:47 - 处理keyword成功：amazon_us_luck 426778393779613
2026-09-17 11:22:47 - 处理keyword失败：amazon_us_luck 282445195558339
2026-09-17 11:22:47 - 处理keyword成功：amazon_us_luck 11506740895705
2026-09-17 11:22:47 - 处理keyword失败：amazon_us_luck 348152136076365
2026-09-17 11:22:47 - 处理keyword成功：amazon_us_luck 218549198727170
2026-09-17 11:22:47 - 处理keyword失败：amazon_us_luck 549550999128868
2026-09-17 11:22:47 - 处理keyword成功：amazon_us_luck 47818088166647
2026-09-17 11:22:47 - 处理keyword失败：amazon_us_luck 422213855356540
2026-09-17 11:22:47 - 处理keyword失败：amazon_us_luck 477102754282324
2026-09-17 11:22:47 - 处理keyword失败：amazon_us_luck 507727625819251
2026-09-17 11:22:47 - batchMongoUpdateKeyword：共2条，成功2条，失败0条
2026-09-17 11:22:47 - batchMongoUpdateKeyword：共2条，成功2条，失败0条
2026-09-17 11:22:48 - {"status":"success","message":"success","data":[{"targetId":282445195558339,"value":"","code":"SUCCESS"},{"targetId":348152136076365,"value":"","code":"SUCCESS"},{"targetId":549550999128868,"value":"","code":"SUCCESS"},{"targetId":422213855356540,"value":"","code":"SUCCESS"},{"targetId":477102754282324,"value":"","code":"SUCCESS"},{"targetId":507727625819251,"value":"","code":"SUCCESS"}]}
2026-09-17 11:22:48 - 处理target成功：amazon_us_luck 282445195558339
2026-09-17 11:22:48 - 处理target成功：amazon_us_luck 348152136076365
2026-09-17 11:22:48 - 处理target成功：amazon_us_luck 549550999128868
2026-09-17 11:22:48 - 处理target成功：amazon_us_luck 422213855356540
2026-09-17 11:22:48 - 处理target成功：amazon_us_luck 477102754282324
2026-09-17 11:22:48 - 处理target成功：amazon_us_luck 507727625819251
2026-09-17 11:22:50 - {"status":"success","message":"success","data":[{"keywordId":29297879060519,"code":"SUCCESS"},{"keywordId":320558646823564,"code":"SUCCESS"},{"keywordId":523239329157341,"code":"SUCCESS"},{"keywordId":517283175142096,"code":"SUCCESS"},{"keywordId":104923791236723,"code":"SUCCESS"},{"keywordId":285149255572610,"code":"SUCCESS"},[{"description":"Could not find keyword with id: 522285421086987","code":"ENTITY_NOT_FOUND"},{"description":"Could not find keyword with id: 447423395379696","code":"ENTITY_NOT_FOUND"},{"description":"Could not find keyword with id: 395128202396733","code":"ENTITY_NOT_FOUND"},{"description":"Could not find keyword with id: 471914283885753","code":"ENTITY_NOT_FOUND"},{"description":"Could not find keyword with id: 414921381365405","code":"ENTITY_NOT_FOUND"},{"description":"Could not find keyword with id: 300299936500491","code":"ENTITY_NOT_FOUND"},{"description":"Could not find keyword with id: 327843793897165","code":"ENTITY_NOT_FOUND"},{"description":"Could not find keyword with id: 517660412827925","code":"ENTITY_NOT_FOUND"},{"description":"Could not find keyword with id: 473603021319702","code":"ENTITY_NOT_FOUND"},{"description":"Could not find keyword with id: 536793457575415","code":"ENTITY_NOT_FOUND"},{"description":"Could not find keyword with id: 547765093727143","code":"ENTITY_NOT_FOUND"},{"description":"Could not find keyword with id: 329623943027952","code":"ENTITY_NOT_FOUND"},{"description":"Could not find keyword with id: 465198973957139","code":"ENTITY_NOT_FOUND"},{"description":"Could not find keyword with id: 467681304787204","code":"ENTITY_NOT_FOUND"},{"description":"Could not find keyword with id: 283327255439430","code":"ENTITY_NOT_FOUND"},{"description":"Could not find keyword with id: 312459895694367","code":"ENTITY_NOT_FOUND"},{"description":"Could not find keyword with id: 413089312541362","code":"ENTITY_NOT_FOUND"},{"description":"Could not find keyword with id: 429550669516905","code":"ENTITY_NOT_FOUND"},{"description":"Could not find keyword with id: 375460093521108","code":"ENTITY_NOT_FOUND"},{"description":"Could not find keyword with id: 517309455460398","code":"ENTITY_NOT_FOUND"},{"description":"Could not find keyword with id: 372187825515513","code":"ENTITY_NOT_FOUND"},{"description":"Could not find keyword with id: 524661364700801","code":"ENTITY_NOT_FOUND"},{"description":"Could not find keyword with id: 310517016378894","code":"ENTITY_NOT_FOUND"}]]}
2026-09-17 11:22:50 - 处理keyword失败：amazon_us_find 522285421086987
2026-09-17 11:22:50 - 处理keyword失败：amazon_us_find 447423395379696
2026-09-17 11:22:50 - 处理keyword失败：amazon_us_find 395128202396733
2026-09-17 11:22:50 - 处理keyword失败：amazon_us_find 471914283885753
2026-09-17 11:22:50 - 处理keyword失败：amazon_us_find 414921381365405
2026-09-17 11:22:50 - 处理keyword失败：amazon_us_find 300299936500491
2026-09-17 11:22:50 - 处理keyword失败：amazon_us_find 327843793897165
2026-09-17 11:22:50 - 处理keyword成功：amazon_us_find 29297879060519
2026-09-17 11:22:50 - 处理keyword失败：amazon_us_find 517660412827925
2026-09-17 11:22:50 - 处理keyword失败：amazon_us_find 473603021319702
2026-09-17 11:22:50 - 处理keyword失败：amazon_us_find 536793457575415
2026-09-17 11:22:50 - 处理keyword失败：amazon_us_find 547765093727143
2026-09-17 11:22:50 - 处理keyword成功：amazon_us_find 320558646823564
2026-09-17 11:22:50 - 处理keyword失败：amazon_us_find 329623943027952
2026-09-17 11:22:50 - 处理keyword成功：amazon_us_find 523239329157341
2026-09-17 11:22:50 - 处理keyword失败：amazon_us_find 465198973957139
2026-09-17 11:22:50 - 处理keyword成功：amazon_us_find 517283175142096
2026-09-17 11:22:50 - 处理keyword成功：amazon_us_find 104923791236723
2026-09-17 11:22:50 - 处理keyword失败：amazon_us_find 467681304787204
2026-09-17 11:22:50 - 处理keyword失败：amazon_us_find 283327255439430
2026-09-17 11:22:50 - 处理keyword失败：amazon_us_find 312459895694367
2026-09-17 11:22:50 - 处理keyword失败：amazon_us_find 413089312541362
2026-09-17 11:22:50 - 处理keyword失败：amazon_us_find 429550669516905
2026-09-17 11:22:50 - 处理keyword失败：amazon_us_find 375460093521108
2026-09-17 11:22:50 - 处理keyword失败：amazon_us_find 517309455460398
2026-09-17 11:22:50 - 处理keyword成功：amazon_us_find 285149255572610
2026-09-17 11:22:50 - 处理keyword失败：amazon_us_find 372187825515513
2026-09-17 11:22:50 - 处理keyword失败：amazon_us_find 524661364700801
2026-09-17 11:22:50 - 处理keyword失败：amazon_us_find 310517016378894
2026-09-17 11:22:50 - batchMongoUpdateKeyword：共1条，成功1条，失败0条
2026-09-17 11:22:50 - batchMongoUpdateKeyword：共1条，成功1条，失败0条
2026-09-17 11:22:50 - {"status":"success","message":"success","data":[{"keywordId":35711006268914,"code":"SUCCESS"},{"keywordId":270173780264434,"code":"SUCCESS"},{"keywordId":423742518930022,"code":"SUCCESS"},{"keywordId":480002976807567,"code":"SUCCESS"},{"keywordId":125814961088940,"code":"SUCCESS"},{"keywordId":503723231333905,"code":"SUCCESS"},{"keywordId":511409026865840,"code":"SUCCESS"}]}
2026-09-17 11:22:50 - 处理keyword成功：amazon_us_ifn 35711006268914
2026-09-17 11:22:50 - 处理keyword成功：amazon_us_ifn 270173780264434
2026-09-17 11:22:50 - 处理keyword成功：amazon_us_ifn 423742518930022
2026-09-17 11:22:50 - 处理keyword成功：amazon_us_ifn 480002976807567
2026-09-17 11:22:50 - 处理keyword成功：amazon_us_ifn 125814961088940
2026-09-17 11:22:50 - 处理keyword成功：amazon_us_ifn 503723231333905
2026-09-17 11:22:50 - 处理keyword成功：amazon_us_ifn 511409026865840
2026-09-17 11:22:51 - batchMongoUpdateKeyword：共1条，成功1条，失败0条
2026-09-17 11:22:51 - {"status":"success","message":"success","data":[{"targetId":522285421086987,"value":"","code":"SUCCESS"},{"targetId":447423395379696,"value":"","code":"SUCCESS"},{"targetId":395128202396733,"value":"","code":"SUCCESS"},{"targetId":471914283885753,"value":"","code":"SUCCESS"},{"targetId":414921381365405,"value":"","code":"SUCCESS"},{"targetId":300299936500491,"value":"","code":"SUCCESS"},{"targetId":327843793897165,"value":"","code":"SUCCESS"},{"targetId":517660412827925,"value":"","code":"SUCCESS"},{"targetId":473603021319702,"value":"","code":"SUCCESS"},{"targetId":536793457575415,"value":"","code":"SUCCESS"},{"targetId":547765093727143,"value":"","code":"SUCCESS"},{"targetId":329623943027952,"value":"","code":"SUCCESS"},{"targetId":465198973957139,"value":"","code":"SUCCESS"},{"targetId":467681304787204,"value":"","code":"SUCCESS"},{"targetId":283327255439430,"value":"","code":"SUCCESS"},{"targetId":312459895694367,"value":"","code":"SUCCESS"},{"targetId":413089312541362,"value":"","code":"SUCCESS"},{"targetId":429550669516905,"value":"","code":"SUCCESS"},{"targetId":375460093521108,"value":"","code":"SUCCESS"},{"targetId":517309455460398,"value":"","code":"SUCCESS"},{"targetId":372187825515513,"value":"","code":"SUCCESS"},{"targetId":524661364700801,"value":"","code":"SUCCESS"},{"targetId":310517016378894,"value":"","code":"SUCCESS"}]}
2026-09-17 11:22:51 - 处理target成功：amazon_us_find 522285421086987
2026-09-17 11:22:51 - 处理target成功：amazon_us_find 447423395379696
2026-09-17 11:22:51 - 处理target成功：amazon_us_find 395128202396733
2026-09-17 11:22:51 - 处理target成功：amazon_us_find 471914283885753
2026-09-17 11:22:51 - 处理target成功：amazon_us_find 414921381365405
2026-09-17 11:22:51 - 处理target成功：amazon_us_find 300299936500491
2026-09-17 11:22:51 - 处理target成功：amazon_us_find 327843793897165
2026-09-17 11:22:51 - 处理target成功：amazon_us_find 517660412827925
2026-09-17 11:22:51 - 处理target成功：amazon_us_find 473603021319702
2026-09-17 11:22:51 - 处理target成功：amazon_us_find 536793457575415
2026-09-17 11:22:51 - 处理target成功：amazon_us_find 547765093727143
2026-09-17 11:22:51 - 处理target成功：amazon_us_find 329623943027952
2026-09-17 11:22:51 - 处理target成功：amazon_us_find 465198973957139
2026-09-17 11:22:51 - 处理target成功：amazon_us_find 467681304787204
2026-09-17 11:22:51 - 处理target成功：amazon_us_find 283327255439430
2026-09-17 11:22:51 - 处理target成功：amazon_us_find 312459895694367
2026-09-17 11:22:51 - 处理target成功：amazon_us_find 413089312541362
2026-09-17 11:22:51 - 处理target成功：amazon_us_find 429550669516905
2026-09-17 11:22:51 - 处理target成功：amazon_us_find 375460093521108
2026-09-17 11:22:51 - 处理target成功：amazon_us_find 517309455460398
2026-09-17 11:22:51 - 处理target成功：amazon_us_find 372187825515513
2026-09-17 11:22:51 - 处理target成功：amazon_us_find 524661364700801
2026-09-17 11:22:51 - 处理target成功：amazon_us_find 310517016378894
2026-09-17 11:22:51 - batchMongoUpdateTarget：共1条，成功1条，失败0条
2026-09-17 11:22:53 - {"status":"success","message":"success","data":[{"keywordId":271141075868242,"code":"SUCCESS"},[{"description":"Could not find keyword with id: 86192864777755","code":"ENTITY_NOT_FOUND"},{"description":"Could not find keyword with id: 2368149053066","code":"ENTITY_NOT_FOUND"},{"description":"Could not find keyword with id: 263197269549900","code":"ENTITY_NOT_FOUND"},{"description":"Could not find keyword with id: 140701028768611","code":"ENTITY_NOT_FOUND"},{"description":"Could not find keyword with id: 184986797094059","code":"ENTITY_NOT_FOUND"},{"description":"Could not find keyword with id: 170382699528193","code":"ENTITY_NOT_FOUND"},{"description":"Could not find keyword with id: 42968003597661","code":"ENTITY_NOT_FOUND"},{"description":"Could not find keyword with id: 36302013552846","code":"ENTITY_NOT_FOUND"},{"description":"Could not find keyword with id: 8325768416762","code":"ENTITY_NOT_FOUND"}]]}
2026-09-17 11:22:53 - 处理keyword失败：amazon_uk_tuto 86192864777755
2026-09-17 11:22:53 - 处理keyword失败：amazon_uk_tuto 2368149053066
2026-09-17 11:22:53 - 处理keyword失败：amazon_uk_tuto 263197269549900
2026-09-17 11:22:53 - 处理keyword失败：amazon_uk_tuto 140701028768611
2026-09-17 11:22:53 - 处理keyword成功：amazon_uk_tuto 271141075868242
2026-09-17 11:22:53 - 处理keyword失败：amazon_uk_tuto 184986797094059
2026-09-17 11:22:53 - 处理keyword失败：amazon_uk_tuto 170382699528193
2026-09-17 11:22:53 - 处理keyword失败：amazon_uk_tuto 42968003597661
2026-09-17 11:22:53 - 处理keyword失败：amazon_uk_tuto 36302013552846
2026-09-17 11:22:53 - 处理keyword失败：amazon_uk_tuto 8325768416762
2026-09-17 11:22:53 - batchMongoUpdateKeyword：共1条，成功1条，失败0条
2026-09-17 11:22:54 - {"status":"success","message":"success","data":[{"targetId":385157052367852,"value":"","code":"SUCCESS"},{"targetId":417401964443058,"value":"","code":"SUCCESS"},{"targetId":427305195674217,"value":"","code":"SUCCESS"},{"targetId":451526746009227,"value":"","code":"SUCCESS"},{"targetId":363652437791502,"value":"","code":"SUCCESS"},{"targetId":308075261475562,"value":"","code":"SUCCESS"},{"targetId":436014255234167,"value":"","code":"SUCCESS"},{"targetId":342783940446787,"value":"","code":"SUCCESS"},{"targetId":504823422716258,"value":"","code":"SUCCESS"},{"targetId":457259442108335,"value":"","code":"SUCCESS"},{"targetId":511368897720548,"value":"","code":"SUCCESS"},{"targetId":367477304863742,"value":"","code":"SUCCESS"},{"targetId":113731041619330,"value":"","code":"SUCCESS"},{"targetId":371220650635888,"value":"","code":"SUCCESS"},{"targetId":346043770191245,"value":"","code":"SUCCESS"},{"targetId":498101405849592,"value":"","code":"SUCCESS"},{"targetId":400283360731176,"value":"","code":"SUCCESS"},{"targetId":453687471754872,"value":"","code":"SUCCESS"},{"targetId":482855564956267,"value":"","code":"SUCCESS"},{"targetId":507318978369784,"value":"","code":"SUCCESS"},{"targetId":450779568829169,"value":"","code":"SUCCESS"},{"targetId":395538939193742,"value":"","code":"SUCCESS"},{"targetId":371779576730025,"value":"","code":"SUCCESS"},{"targetId":541174274679688,"value":"","code":"SUCCESS"},{"targetId":459082487733905,"value":"","code":"SUCCESS"},{"targetId":515962941662844,"value":"","code":"SUCCESS"},{"targetId":331950944315825,"value":"","code":"SUCCESS"},{"targetId":519731189117393,"value":"","code":"SUCCESS"},{"targetId":482830884440622,"value":"","code":"SUCCESS"},{"targetId":556455613461587,"value":"","code":"SUCCESS"},{"targetId":535962731871493,"value":"","code":"SUCCESS"},{"targetId":331976041407559,"value":"","code":"SUCCESS"},{"targetId":541824149974306,"value":"","code":"SUCCESS"}]}
2026-09-17 11:22:54 - 处理target成功：amazon_us_ifn 385157052367852
2026-09-17 11:22:54 - 处理target成功：amazon_us_ifn 417401964443058
2026-09-17 11:22:54 - 处理target成功：amazon_us_ifn 427305195674217
2026-09-17 11:22:54 - 处理target成功：amazon_us_ifn 451526746009227
2026-09-17 11:22:54 - 处理target成功：amazon_us_ifn 363652437791502
2026-09-17 11:22:54 - 处理target成功：amazon_us_ifn 308075261475562
2026-09-17 11:22:54 - 处理target成功：amazon_us_ifn 436014255234167
2026-09-17 11:22:54 - 处理target成功：amazon_us_ifn 342783940446787
2026-09-17 11:22:54 - 处理target成功：amazon_us_ifn 504823422716258
2026-09-17 11:22:54 - 处理target成功：amazon_us_ifn 457259442108335
2026-09-17 11:22:54 - 处理target成功：amazon_us_ifn 511368897720548
2026-09-17 11:22:54 - 处理target成功：amazon_us_ifn 367477304863742
2026-09-17 11:22:54 - 处理target成功：amazon_us_ifn 113731041619330
2026-09-17 11:22:54 - 处理target成功：amazon_us_ifn 371220650635888
2026-09-17 11:22:54 - 处理target成功：amazon_us_ifn 346043770191245
2026-09-17 11:22:54 - 处理target成功：amazon_us_ifn 498101405849592
2026-09-17 11:22:54 - 处理target成功：amazon_us_ifn 400283360731176
2026-09-17 11:22:54 - 处理target成功：amazon_us_ifn 453687471754872
2026-09-17 11:22:54 - 处理target成功：amazon_us_ifn 482855564956267
2026-09-17 11:22:54 - 处理target成功：amazon_us_ifn 507318978369784
2026-09-17 11:22:54 - 处理target成功：amazon_us_ifn 450779568829169
2026-09-17 11:22:54 - 处理target成功：amazon_us_ifn 395538939193742
2026-09-17 11:22:54 - 处理target成功：amazon_us_ifn 371779576730025
2026-09-17 11:22:54 - 处理target成功：amazon_us_ifn 541174274679688
2026-09-17 11:22:54 - 处理target成功：amazon_us_ifn 459082487733905
2026-09-17 11:22:54 - 处理target成功：amazon_us_ifn 515962941662844
2026-09-17 11:22:54 - 处理target成功：amazon_us_ifn 331950944315825
2026-09-17 11:22:54 - 处理target成功：amazon_us_ifn 519731189117393
2026-09-17 11:22:54 - 处理target成功：amazon_us_ifn 482830884440622
2026-09-17 11:22:54 - 处理target成功：amazon_us_ifn 556455613461587
2026-09-17 11:22:54 - 处理target成功：amazon_us_ifn 535962731871493
2026-09-17 11:22:54 - 处理target成功：amazon_us_ifn 331976041407559
2026-09-17 11:22:54 - 处理target成功：amazon_us_ifn 541824149974306
2026-09-17 11:22:54 - batchMongoUpdateTarget：共1条，成功1条，失败0条
2026-09-17 11:22:56 - {"status":"success","message":"success","data":[{"keywordId":120927059033365,"code":"SUCCESS"},{"keywordId":251352351486571,"code":"SUCCESS"},{"keywordId":145144541786293,"code":"SUCCESS"},{"keywordId":142731517996142,"code":"SUCCESS"},{"keywordId":39499482519224,"code":"SUCCESS"},{"keywordId":311310914212649,"code":"SUCCESS"},{"keywordId":220156771489321,"code":"SUCCESS"},{"keywordId":102706209361342,"code":"SUCCESS"}]}
2026-09-17 11:22:56 - 处理keyword成功：amazon_us_hero 120927059033365
2026-09-17 11:22:56 - 处理keyword成功：amazon_us_hero 251352351486571
2026-09-17 11:22:56 - 处理keyword成功：amazon_us_hero 145144541786293
2026-09-17 11:22:56 - 处理keyword成功：amazon_us_hero 142731517996142
2026-09-17 11:22:56 - 处理keyword成功：amazon_us_hero 39499482519224
2026-09-17 11:22:56 - 处理keyword成功：amazon_us_hero 311310914212649
2026-09-17 11:22:56 - 处理keyword成功：amazon_us_hero 220156771489321
2026-09-17 11:22:56 - 处理keyword成功：amazon_us_hero 102706209361342
2026-09-17 11:22:56 - batchMongoUpdateKeyword：共3条，成功3条，失败0条
2026-09-17 11:22:56 - batchMongoUpdateKeyword：共5条，成功5条，失败0条
2026-09-17 11:22:59 - {"status":"success","message":"success","data":[{"targetId":494948780029330,"value":"","code":"SUCCESS"},{"targetId":547791765785846,"value":"","code":"SUCCESS"},{"targetId":305621609194492,"value":"","code":"SUCCESS"},{"targetId":424629581018712,"value":"","code":"SUCCESS"},{"targetId":363395977496364,"value":"","code":"SUCCESS"},{"targetId":547376980791570,"value":"","code":"SUCCESS"},{"targetId":459254028713030,"value":"","code":"SUCCESS"},{"targetId":402673790657606,"value":"","code":"SUCCESS"},{"targetId":406461591336837,"value":"","code":"SUCCESS"},{"targetId":555608680004599,"value":"","code":"SUCCESS"},{"targetId":436916573131795,"value":"","code":"SUCCESS"},{"targetId":351399803082446,"value":"","code":"SUCCESS"},{"targetId":331864389535096,"value":"","code":"SUCCESS"},{"targetId":357455467614681,"value":"","code":"SUCCESS"},{"targetId":445530847979521,"value":"","code":"SUCCESS"},{"targetId":419636675146107,"value":"","code":"SUCCESS"},{"targetId":496007797021176,"value":"","code":"SUCCESS"},{"targetId":497607002972516,"value":"","code":"SUCCESS"},{"targetId":524400962864256,"value":"","code":"SUCCESS"},{"targetId":329307145381415,"value":"","code":"SUCCESS"},{"targetId":458298127430039,"value":"","code":"SUCCESS"},{"targetId":489828889242039,"value":"","code":"SUCCESS"},{"targetId":299987675731168,"value":"","code":"SUCCESS"},{"targetId":345282801793071,"value":"","code":"SUCCESS"},{"targetId":329561315666982,"value":"","code":"SUCCESS"},{"targetId":436448082683171,"value":"","code":"SUCCESS"},{"targetId":463272733240368,"value":"","code":"SUCCESS"},{"targetId":343679174144933,"value":"","code":"SUCCESS"},{"targetId":292431742443122,"value":"","code":"SUCCESS"},{"targetId":296128654052726,"value":"","code":"SUCCESS"},{"targetId":347798122782681,"value":"","code":"SUCCESS"},{"targetId":363920415242812,"value":"","code":"SUCCESS"},{"targetId":376698260264702,"value":"","code":"SUCCESS"},{"targetId":335285695616478,"value":"","code":"SUCCESS"},{"targetId":517589432432974,"value":"","code":"SUCCESS"},{"targetId":326546417784651,"value":"","code":"SUCCESS"},{"targetId":417679322168484,"value":"","code":"SUCCESS"}]}
2026-09-17 11:22:59 - 处理target成功：amazon_us_hero 494948780029330
2026-09-17 11:22:59 - 处理target成功：amazon_us_hero 547791765785846
2026-09-17 11:22:59 - 处理target成功：amazon_us_hero 305621609194492
2026-09-17 11:22:59 - 处理target成功：amazon_us_hero 424629581018712
2026-09-17 11:22:59 - 处理target成功：amazon_us_hero 363395977496364
2026-09-17 11:22:59 - 处理target成功：amazon_us_hero 547376980791570
2026-09-17 11:22:59 - 处理target成功：amazon_us_hero 459254028713030
2026-09-17 11:22:59 - 处理target成功：amazon_us_hero 402673790657606
2026-09-17 11:22:59 - 处理target成功：amazon_us_hero 406461591336837
2026-09-17 11:22:59 - 处理target成功：amazon_us_hero 555608680004599
2026-09-17 11:22:59 - 处理target成功：amazon_us_hero 436916573131795
2026-09-17 11:22:59 - 处理target成功：amazon_us_hero 351399803082446
2026-09-17 11:22:59 - 处理target成功：amazon_us_hero 331864389535096
2026-09-17 11:22:59 - 处理target成功：amazon_us_hero 357455467614681
2026-09-17 11:22:59 - 处理target成功：amazon_us_hero 445530847979521
2026-09-17 11:22:59 - 处理target成功：amazon_us_hero 419636675146107
2026-09-17 11:22:59 - 处理target成功：amazon_us_hero 496007797021176
2026-09-17 11:22:59 - 处理target成功：amazon_us_hero 497607002972516
2026-09-17 11:22:59 - 处理target成功：amazon_us_hero 524400962864256
2026-09-17 11:22:59 - 处理target成功：amazon_us_hero 329307145381415
2026-09-17 11:22:59 - 处理target成功：amazon_us_hero 458298127430039
2026-09-17 11:22:59 - 处理target成功：amazon_us_hero 489828889242039
2026-09-17 11:22:59 - 处理target成功：amazon_us_hero 299987675731168
2026-09-17 11:22:59 - 处理target成功：amazon_us_hero 345282801793071
2026-09-17 11:22:59 - 处理target成功：amazon_us_hero 329561315666982
2026-09-17 11:22:59 - 处理target成功：amazon_us_hero 436448082683171
2026-09-17 11:22:59 - 处理target成功：amazon_us_hero 463272733240368
2026-09-17 11:22:59 - 处理target成功：amazon_us_hero 343679174144933
2026-09-17 11:22:59 - 处理target成功：amazon_us_hero 292431742443122
2026-09-17 11:22:59 - 处理target成功：amazon_us_hero 296128654052726
2026-09-17 11:22:59 - 处理target成功：amazon_us_hero 347798122782681
2026-09-17 11:22:59 - 处理target成功：amazon_us_hero 363920415242812
2026-09-17 11:22:59 - 处理target成功：amazon_us_hero 376698260264702
2026-09-17 11:22:59 - 处理target成功：amazon_us_hero 335285695616478
2026-09-17 11:22:59 - 处理target成功：amazon_us_hero 517589432432974
2026-09-17 11:22:59 - 处理target成功：amazon_us_hero 326546417784651
2026-09-17 11:22:59 - 处理target成功：amazon_us_hero 417679322168484
2026-09-17 11:22:59 - {"status":"success","message":"success","data":[{"targetId":86192864777755,"value":"","code":"SUCCESS"},{"targetId":2368149053066,"value":"","code":"SUCCESS"},{"targetId":263197269549900,"value":"","code":"SUCCESS"},{"targetId":140701028768611,"value":"","code":"SUCCESS"},{"targetId":184986797094059,"value":"","code":"SUCCESS"},{"targetId":170382699528193,"value":"","code":"SUCCESS"},{"targetId":42968003597661,"value":"","code":"SUCCESS"},{"targetId":36302013552846,"value":"","code":"SUCCESS"},{"targetId":8325768416762,"value":"","code":"SUCCESS"}]}
2026-09-17 11:22:59 - 处理target成功：amazon_uk_tuto 86192864777755
2026-09-17 11:22:59 - 处理target成功：amazon_uk_tuto 2368149053066
2026-09-17 11:22:59 - 处理target成功：amazon_uk_tuto 263197269549900
2026-09-17 11:22:59 - 处理target成功：amazon_uk_tuto 140701028768611
2026-09-17 11:22:59 - 处理target成功：amazon_uk_tuto 184986797094059
2026-09-17 11:22:59 - 处理target成功：amazon_uk_tuto 170382699528193
2026-09-17 11:22:59 - 处理target成功：amazon_uk_tuto 42968003597661
2026-09-17 11:22:59 - 处理target成功：amazon_uk_tuto 36302013552846
2026-09-17 11:22:59 - 处理target成功：amazon_uk_tuto 8325768416762
2026-09-17 11:22:59 - batchMongoUpdateTarget：共2条，成功2条，失败0条
2026-09-17 11:23:01 - {"status":"success","message":"success","data":[{"keywordId":91772513152658,"code":"SUCCESS"},{"keywordId":408625926916745,"code":"SUCCESS"},{"keywordId":346215614190334,"code":"SUCCESS"},{"keywordId":66497910538888,"code":"SUCCESS"},{"keywordId":511712688208467,"code":"SUCCESS"},{"keywordId":235518558335841,"code":"SUCCESS"},{"keywordId":105672042353264,"code":"SUCCESS"},{"keywordId":375873975414536,"code":"SUCCESS"}]}
2026-09-17 11:23:01 - 处理keyword成功：amazon_us_luux 91772513152658
2026-09-17 11:23:01 - 处理keyword成功：amazon_us_luux 408625926916745
2026-09-17 11:23:01 - 处理keyword成功：amazon_us_luux 346215614190334
2026-09-17 11:23:01 - 处理keyword成功：amazon_us_luux 66497910538888
2026-09-17 11:23:01 - 处理keyword成功：amazon_us_luux 511712688208467
2026-09-17 11:23:01 - 处理keyword成功：amazon_us_luux 235518558335841
2026-09-17 11:23:01 - 处理keyword成功：amazon_us_luux 105672042353264
2026-09-17 11:23:01 - 处理keyword成功：amazon_us_luux 375873975414536
2026-09-17 11:23:01 - batchMongoUpdateKeyword：共2条，成功2条，失败0条
2026-09-17 11:23:01 - batchMongoUpdateKeyword：共4条，成功4条，失败0条
2026-09-17 11:23:02 - {"status":"success","message":"success","data":[{"keywordId":79166367720772,"code":"SUCCESS"},{"keywordId":43915519196539,"code":"SUCCESS"},{"keywordId":361096591363877,"code":"SUCCESS"},{"keywordId":483637637840820,"code":"SUCCESS"},[{"description":"Could not find keyword with id: 416851122367969","code":"ENTITY_NOT_FOUND"},{"description":"Could not find keyword with id: 480755241424677","code":"ENTITY_NOT_FOUND"},{"description":"Could not find keyword with id: 433594173934859","code":"ENTITY_NOT_FOUND"},{"description":"Could not find keyword with id: 370138610125484","code":"ENTITY_NOT_FOUND"}]]}
2026-09-17 11:23:02 - 处理keyword成功：amazon_us_hood 79166367720772
2026-09-17 11:23:02 - 处理keyword成功：amazon_us_hood 43915519196539
2026-09-17 11:23:02 - 处理keyword失败：amazon_us_hood 416851122367969
2026-09-17 11:23:02 - 处理keyword失败：amazon_us_hood 480755241424677
2026-09-17 11:23:02 - 处理keyword成功：amazon_us_hood 361096591363877
2026-09-17 11:23:02 - 处理keyword失败：amazon_us_hood 433594173934859
2026-09-17 11:23:02 - 处理keyword失败：amazon_us_hood 370138610125484
2026-09-17 11:23:02 - 处理keyword成功：amazon_us_hood 483637637840820
2026-09-17 11:23:03 - batchMongoUpdateKeyword：共2条，成功2条，失败0条
2026-09-17 11:23:03 - {"status":"success","message":"success","data":[{"targetId":498598419421922,"value":"","code":"SUCCESS"},{"targetId":319532009825045,"value":"","code":"SUCCESS"},{"targetId":340245803738905,"value":"","code":"SUCCESS"},{"targetId":336011351776402,"value":"","code":"SUCCESS"},{"targetId":376555754221473,"value":"","code":"SUCCESS"},{"targetId":410329226968315,"value":"","code":"SUCCESS"},{"targetId":332407643785022,"value":"","code":"SUCCESS"},{"targetId":312856384055613,"value":"","code":"SUCCESS"},{"targetId":560788914938506,"value":"","code":"SUCCESS"},{"targetId":496965020627703,"value":"","code":"SUCCESS"},{"targetId":310292857533141,"value":"","code":"SUCCESS"},{"targetId":481233533803556,"value":"","code":"SUCCESS"},{"targetId":510798005812525,"value":"","code":"SUCCESS"},{"targetId":321676731332951,"value":"","code":"SUCCESS"},{"targetId":447881449300202,"value":"","code":"SUCCESS"},{"targetId":312000121945973,"value":"","code":"SUCCESS"},{"targetId":467594319969676,"value":"","code":"SUCCESS"},{"targetId":376344098055370,"value":"","code":"SUCCESS"},{"targetId":549919701714581,"value":"","code":"SUCCESS"},{"targetId":283256409117943,"value":"","code":"SUCCESS"},{"targetId":412595992793972,"value":"","code":"SUCCESS"},{"targetId":439498648397317,"value":"","code":"SUCCESS"},{"targetId":318451368068945,"value":"","code":"SUCCESS"},{"targetId":510808839870789,"value":"","code":"SUCCESS"},{"targetId":371893426184077,"value":"","code":"SUCCESS"},{"targetId":313166875347278,"value":"","code":"SUCCESS"},{"targetId":497269430225442,"value":"","code":"SUCCESS"},{"targetId":373110731060072,"value":"","code":"SUCCESS"},{"targetId":380601624882384,"value":"","code":"SUCCESS"},{"targetId":365107643250511,"value":"","code":"SUCCESS"},{"targetId":518787618925856,"value":"","code":"SUCCESS"},{"targetId":460390451021955,"value":"","code":"SUCCESS"},{"targetId":498001869397935,"value":"","code":"SUCCESS"},{"targetId":511857809719854,"value":"","code":"SUCCESS"},{"targetId":350393474125425,"value":"","code":"SUCCESS"},{"targetId":418339799809755,"value":"","code":"SUCCESS"},{"targetId":496479557326127,"value":"","code":"SUCCESS"},{"targetId":409427617888507,"value":"","code":"SUCCESS"},{"targetId":540335384907126,"value":"","code":"SUCCESS"},{"targetId":319469358278438,"value":"","code":"SUCCESS"},{"targetId":377551103140623,"value":"","code":"SUCCESS"},{"targetId":328850104205424,"value":"","code":"SUCCESS"}]}
2026-09-17 11:23:03 - 处理target成功：amazon_us_luux 498598419421922
2026-09-17 11:23:03 - 处理target成功：amazon_us_luux 319532009825045
2026-09-17 11:23:03 - 处理target成功：amazon_us_luux 340245803738905
2026-09-17 11:23:03 - 处理target成功：amazon_us_luux 336011351776402
2026-09-17 11:23:03 - 处理target成功：amazon_us_luux 376555754221473
2026-09-17 11:23:03 - 处理target成功：amazon_us_luux 410329226968315
2026-09-17 11:23:03 - 处理target成功：amazon_us_luux 332407643785022
2026-09-17 11:23:03 - 处理target成功：amazon_us_luux 312856384055613
2026-09-17 11:23:03 - 处理target成功：amazon_us_luux 560788914938506
2026-09-17 11:23:03 - 处理target成功：amazon_us_luux 496965020627703
2026-09-17 11:23:03 - 处理target成功：amazon_us_luux 310292857533141
2026-09-17 11:23:03 - 处理target成功：amazon_us_luux 481233533803556
2026-09-17 11:23:03 - 处理target成功：amazon_us_luux 510798005812525
2026-09-17 11:23:03 - 处理target成功：amazon_us_luux 321676731332951
2026-09-17 11:23:03 - 处理target成功：amazon_us_luux 447881449300202
2026-09-17 11:23:03 - 处理target成功：amazon_us_luux 312000121945973
2026-09-17 11:23:03 - 处理target成功：amazon_us_luux 467594319969676
2026-09-17 11:23:03 - 处理target成功：amazon_us_luux 376344098055370
2026-09-17 11:23:03 - 处理target成功：amazon_us_luux 549919701714581
2026-09-17 11:23:03 - 处理target成功：amazon_us_luux 283256409117943
2026-09-17 11:23:03 - 处理target成功：amazon_us_luux 412595992793972
2026-09-17 11:23:03 - 处理target成功：amazon_us_luux 439498648397317
2026-09-17 11:23:03 - 处理target成功：amazon_us_luux 318451368068945
2026-09-17 11:23:03 - 处理target成功：amazon_us_luux 510808839870789
2026-09-17 11:23:03 - 处理target成功：amazon_us_luux 371893426184077
2026-09-17 11:23:03 - 处理target成功：amazon_us_luux 313166875347278
2026-09-17 11:23:03 - 处理target成功：amazon_us_luux 497269430225442
2026-09-17 11:23:03 - 处理target成功：amazon_us_luux 373110731060072
2026-09-17 11:23:03 - 处理target成功：amazon_us_luux 380601624882384
2026-09-17 11:23:03 - 处理target成功：amazon_us_luux 365107643250511
2026-09-17 11:23:03 - 处理target成功：amazon_us_luux 518787618925856
2026-09-17 11:23:03 - 处理target成功：amazon_us_luux 460390451021955
2026-09-17 11:23:03 - 处理target成功：amazon_us_luux 498001869397935
2026-09-17 11:23:03 - 处理target成功：amazon_us_luux 511857809719854
2026-09-17 11:23:03 - 处理target成功：amazon_us_luux 350393474125425
2026-09-17 11:23:03 - 处理target成功：amazon_us_luux 418339799809755
2026-09-17 11:23:03 - 处理target成功：amazon_us_luux 496479557326127
2026-09-17 11:23:03 - 处理target成功：amazon_us_luux 409427617888507
2026-09-17 11:23:03 - 处理target成功：amazon_us_luux 540335384907126
2026-09-17 11:23:03 - 处理target成功：amazon_us_luux 319469358278438
2026-09-17 11:23:03 - 处理target成功：amazon_us_luux 377551103140623
2026-09-17 11:23:03 - 处理target成功：amazon_us_luux 328850104205424
2026-09-17 11:23:04 - {"status":"success","message":"success","data":[{"targetId":416851122367969,"value":"","code":"SUCCESS"},{"targetId":480755241424677,"value":"","code":"SUCCESS"},{"targetId":433594173934859,"value":"","code":"SUCCESS"},{"targetId":370138610125484,"value":"","code":"SUCCESS"}]}
2026-09-17 11:23:04 - 处理target成功：amazon_us_hood 416851122367969
2026-09-17 11:23:04 - 处理target成功：amazon_us_hood 480755241424677
2026-09-17 11:23:04 - 处理target成功：amazon_us_hood 433594173934859
2026-09-17 11:23:04 - 处理target成功：amazon_us_hood 370138610125484
2026-09-17 11:23:05 - {"status":"success","message":"success","data":[{"keywordId":61526683780117,"code":"SUCCESS"},[{"description":"Could not find keyword with id: 182753916665299","code":"ENTITY_NOT_FOUND"},{"description":"Could not find keyword with id: 254708670545180","code":"ENTITY_NOT_FOUND"},{"description":"Could not find keyword with id: 261074630998984","code":"ENTITY_NOT_FOUND"},{"description":"Could not find keyword with id: 99980795238100","code":"ENTITY_NOT_FOUND"},{"description":"Could not find keyword with id: 276674583005015","code":"ENTITY_NOT_FOUND"}]]}
2026-09-17 11:23:05 - 处理keyword失败：amazon_uk_tuc 182753916665299
2026-09-17 11:23:05 - 处理keyword失败：amazon_uk_tuc 254708670545180
2026-09-17 11:23:05 - 处理keyword失败：amazon_uk_tuc 261074630998984
2026-09-17 11:23:05 - 处理keyword成功：amazon_uk_tuc 61526683780117
2026-09-17 11:23:05 - 处理keyword失败：amazon_uk_tuc 99980795238100
2026-09-17 11:23:05 - 处理keyword失败：amazon_uk_tuc 276674583005015
2026-09-17 11:23:05 - batchMongoUpdateKeyword：共1条，成功1条，失败0条
2026-09-17 11:23:07 - {"status":"success","message":"success","data":[{"targetId":182753916665299,"value":"","code":"SUCCESS"},{"targetId":254708670545180,"value":"","code":"SUCCESS"},{"targetId":261074630998984,"value":"","code":"SUCCESS"},{"targetId":99980795238100,"value":"","code":"SUCCESS"},{"targetId":276674583005015,"value":"","code":"SUCCESS"}]}
2026-09-17 11:23:07 - 处理target成功：amazon_uk_tuc 182753916665299
2026-09-17 11:23:07 - 处理target成功：amazon_uk_tuc 254708670545180
2026-09-17 11:23:07 - 处理target成功：amazon_uk_tuc 261074630998984
2026-09-17 11:23:07 - 处理target成功：amazon_uk_tuc 99980795238100
2026-09-17 11:23:07 - 处理target成功：amazon_uk_tuc 276674583005015
2026-09-17 11:23:07 - batchMongoUpdateTarget：共1条，成功1条，失败0条
2026-09-17 11:23:07 - {"status":"success","message":"success","data":[{"targetId":22928236418223,"value":"","code":"SUCCESS"},{"targetId":80149481590766,"value":"","code":"SUCCESS"},{"targetId":42954993166031,"value":"","code":"SUCCESS"},{"targetId":276486530280857,"value":"","code":"SUCCESS"},{"targetId":129861605581837,"value":"","code":"SUCCESS"},{"targetId":70425057349562,"value":"","code":"SUCCESS"},{"targetId":135355816841775,"value":"","code":"SUCCESS"},{"targetId":161541361281057,"value":"","code":"SUCCESS"},{"targetId":151127101627653,"value":"","code":"SUCCESS"},{"targetId":281025604175734,"value":"","code":"SUCCESS"},{"targetId":184973896446937,"value":"","code":"SUCCESS"},{"targetId":44665834236534,"value":"","code":"SUCCESS"},{"targetId":150631956979942,"value":"","code":"SUCCESS"},{"targetId":105490227013212,"value":"","code":"SUCCESS"},{"targetId":214761791019536,"value":"","code":"SUCCESS"},{"targetId":182468422517370,"value":"","code":"SUCCESS"},{"targetId":45797421341658,"value":"","code":"SUCCESS"},{"targetId":190041731126841,"value":"","code":"SUCCESS"}]}
2026-09-17 11:23:07 - 处理target成功：amazon_uk_moto 22928236418223
2026-09-17 11:23:07 - 处理target成功：amazon_uk_moto 80149481590766
2026-09-17 11:23:07 - 处理target成功：amazon_uk_moto 42954993166031
2026-09-17 11:23:07 - 处理target成功：amazon_uk_moto 276486530280857
2026-09-17 11:23:07 - 处理target成功：amazon_uk_moto 129861605581837
2026-09-17 11:23:07 - 处理target成功：amazon_uk_moto 70425057349562
2026-09-17 11:23:07 - 处理target成功：amazon_uk_moto 135355816841775
2026-09-17 11:23:07 - 处理target成功：amazon_uk_moto 161541361281057
2026-09-17 11:23:07 - 处理target成功：amazon_uk_moto 151127101627653
2026-09-17 11:23:07 - 处理target成功：amazon_uk_moto 281025604175734
2026-09-17 11:23:07 - 处理target成功：amazon_uk_moto 184973896446937
2026-09-17 11:23:07 - 处理target成功：amazon_uk_moto 44665834236534
2026-09-17 11:23:07 - 处理target成功：amazon_uk_moto 150631956979942
2026-09-17 11:23:07 - 处理target成功：amazon_uk_moto 105490227013212
2026-09-17 11:23:07 - 处理target成功：amazon_uk_moto 214761791019536
2026-09-17 11:23:07 - 处理target成功：amazon_uk_moto 182468422517370
2026-09-17 11:23:07 - 处理target成功：amazon_uk_moto 45797421341658
2026-09-17 11:23:07 - 处理target成功：amazon_uk_moto 190041731126841
2026-09-17 11:23:09 - {"status":"fail","message":"Could not find keyword with id: 366566952766262","data":[{"code":"ENTITY_NOT_FOUND","description":"Could not find keyword with id: 506554548615001"},{"code":"ENTITY_NOT_FOUND","description":"Could not find keyword with id: 348792193770476"},{"code":"ENTITY_NOT_FOUND","description":"Could not find keyword with id: 366566952766262"}]}
2026-09-17 11:23:09 - 处理keyword失败：amazon_ca_luck 506554548615001
2026-09-17 11:23:09 - 处理keyword失败：amazon_ca_luck 348792193770476
2026-09-17 11:23:09 - 处理keyword失败：amazon_ca_luck 366566952766262
2026-09-17 11:23:09 - {"status":"success","message":"success","data":[{"keywordId":506816685633975,"code":"SUCCESS"},{"keywordId":191772712741999,"code":"SUCCESS"},{"keywordId":297203044094924,"code":"SUCCESS"},{"keywordId":560227657606563,"code":"SUCCESS"},{"keywordId":335218174975890,"code":"SUCCESS"},{"keywordId":319053287640453,"code":"SUCCESS"},{"keywordId":307924827407047,"code":"SUCCESS"},{"keywordId":540657553754430,"code":"SUCCESS"},{"keywordId":201593503601892,"code":"SUCCESS"}]}
2026-09-17 11:23:09 - 处理keyword成功：amazon_us_rrc 506816685633975
2026-09-17 11:23:09 - 处理keyword成功：amazon_us_rrc 191772712741999
2026-09-17 11:23:09 - 处理keyword成功：amazon_us_rrc 297203044094924
2026-09-17 11:23:09 - 处理keyword成功：amazon_us_rrc 560227657606563
2026-09-17 11:23:09 - 处理keyword成功：amazon_us_rrc 335218174975890
2026-09-17 11:23:09 - 处理keyword成功：amazon_us_rrc 319053287640453
2026-09-17 11:23:09 - 处理keyword成功：amazon_us_rrc 307924827407047
2026-09-17 11:23:09 - 处理keyword成功：amazon_us_rrc 540657553754430
2026-09-17 11:23:09 - 处理keyword成功：amazon_us_rrc 201593503601892
2026-09-17 11:23:09 - batchMongoUpdateKeyword：共1条，成功1条，失败0条
2026-09-17 11:23:10 - batchMongoUpdateKeyword：共1条，成功1条，失败0条
2026-09-17 11:23:11 - {"status":"success","message":"success","data":[{"targetId":506554548615001,"value":"","code":"SUCCESS"},{"targetId":348792193770476,"value":"","code":"SUCCESS"},{"targetId":366566952766262,"value":"","code":"SUCCESS"}]}
2026-09-17 11:23:11 - 处理target成功：amazon_ca_luck 506554548615001
2026-09-17 11:23:11 - 处理target成功：amazon_ca_luck 348792193770476
2026-09-17 11:23:11 - 处理target成功：amazon_ca_luck 366566952766262
2026-09-17 11:23:14 - {"status":"success","message":"success","data":[{"targetId":351663855225801,"value":"","code":"SUCCESS"},{"targetId":542487758302548,"value":"","code":"SUCCESS"},{"targetId":509310251841951,"value":"","code":"SUCCESS"},{"targetId":544674621487911,"value":"","code":"SUCCESS"},{"targetId":364939763146943,"value":"","code":"SUCCESS"},{"targetId":337771379396780,"value":"","code":"SUCCESS"},{"targetId":408278638070004,"value":"","code":"SUCCESS"},{"targetId":323146928879900,"value":"","code":"SUCCESS"},{"targetId":337866276280960,"value":"","code":"SUCCESS"},{"targetId":378542088168092,"value":"","code":"SUCCESS"},{"targetId":558562509266987,"value":"","code":"SUCCESS"},{"targetId":403426698739845,"value":"","code":"SUCCESS"},{"targetId":394726400571641,"value":"","code":"SUCCESS"}]}
2026-09-17 11:23:14 - 处理target成功：amazon_us_rrc 351663855225801
2026-09-17 11:23:14 - 处理target成功：amazon_us_rrc 542487758302548
2026-09-17 11:23:14 - 处理target成功：amazon_us_rrc 509310251841951
2026-09-17 11:23:14 - 处理target成功：amazon_us_rrc 544674621487911
2026-09-17 11:23:14 - 处理target成功：amazon_us_rrc 364939763146943
2026-09-17 11:23:14 - 处理target成功：amazon_us_rrc 337771379396780
2026-09-17 11:23:14 - 处理target成功：amazon_us_rrc 408278638070004
2026-09-17 11:23:14 - 处理target成功：amazon_us_rrc 323146928879900
2026-09-17 11:23:14 - 处理target成功：amazon_us_rrc 337866276280960
2026-09-17 11:23:14 - 处理target成功：amazon_us_rrc 378542088168092
2026-09-17 11:23:14 - 处理target成功：amazon_us_rrc 558562509266987
2026-09-17 11:23:14 - 处理target成功：amazon_us_rrc 403426698739845
2026-09-17 11:23:14 - 处理target成功：amazon_us_rrc 394726400571641
2026-09-17 11:23:15 - {"status":"success","message":"success","data":[{"keywordId":64474624499371,"code":"SUCCESS"},{"keywordId":239168268696099,"code":"SUCCESS"},{"keywordId":268525260502005,"code":"SUCCESS"},{"keywordId":265942607355866,"code":"SUCCESS"},{"keywordId":121314147287708,"code":"SUCCESS"},{"keywordId":210259042105625,"code":"SUCCESS"},[{"description":"Could not find keyword with id: 44645792955347","code":"ENTITY_NOT_FOUND"},{"description":"Could not find keyword with id: 266089267538462","code":"ENTITY_NOT_FOUND"},{"description":"Could not find keyword with id: 119104609322915","code":"ENTITY_NOT_FOUND"},{"description":"Could not find keyword with id: 2481321400313","code":"ENTITY_NOT_FOUND"},{"description":"Could not find keyword with id: 60464208840612","code":"ENTITY_NOT_FOUND"},{"description":"Could not find keyword with id: 17335129851607","code":"ENTITY_NOT_FOUND"},{"description":"Could not find keyword with id: 9122751490256","code":"ENTITY_NOT_FOUND"},{"description":"Could not find keyword with id: 266247906593168","code":"ENTITY_NOT_FOUND"},{"description":"Could not find keyword with id: 248172058434963","code":"ENTITY_NOT_FOUND"},{"description":"Could not find keyword with id: 155050541899409","code":"ENTITY_NOT_FOUND"}]]}
2026-09-17 11:23:15 - 处理keyword失败：amazon_uk_sopro 44645792955347
2026-09-17 11:23:15 - 处理keyword失败：amazon_uk_sopro 266089267538462
2026-09-17 11:23:15 - 处理keyword成功：amazon_uk_sopro 64474624499371
2026-09-17 11:23:15 - 处理keyword成功：amazon_uk_sopro 239168268696099
2026-09-17 11:23:15 - 处理keyword失败：amazon_uk_sopro 119104609322915
2026-09-17 11:23:15 - 处理keyword失败：amazon_uk_sopro 2481321400313
2026-09-17 11:23:15 - 处理keyword成功：amazon_uk_sopro 268525260502005
2026-09-17 11:23:15 - 处理keyword失败：amazon_uk_sopro 60464208840612
2026-09-17 11:23:15 - 处理keyword成功：amazon_uk_sopro 265942607355866
2026-09-17 11:23:15 - 处理keyword失败：amazon_uk_sopro 17335129851607
2026-09-17 11:23:15 - 处理keyword成功：amazon_uk_sopro 121314147287708
2026-09-17 11:23:15 - 处理keyword失败：amazon_uk_sopro 9122751490256
2026-09-17 11:23:15 - 处理keyword成功：amazon_uk_sopro 210259042105625
2026-09-17 11:23:15 - 处理keyword失败：amazon_uk_sopro 266247906593168
2026-09-17 11:23:15 - 处理keyword失败：amazon_uk_sopro 248172058434963
2026-09-17 11:23:15 - 处理keyword失败：amazon_uk_sopro 155050541899409
2026-09-17 11:23:16 - batchMongoUpdateKeyword：共2条，成功2条，失败0条
2026-09-17 11:23:17 - {"status":"success","message":"success","data":[{"targetId":44645792955347,"value":"","code":"SUCCESS"},{"targetId":266089267538462,"value":"","code":"SUCCESS"},{"targetId":119104609322915,"value":"","code":"SUCCESS"},{"targetId":2481321400313,"value":"","code":"SUCCESS"},{"targetId":60464208840612,"value":"","code":"SUCCESS"},{"targetId":17335129851607,"value":"","code":"SUCCESS"},{"targetId":9122751490256,"value":"","code":"SUCCESS"},{"targetId":266247906593168,"value":"","code":"SUCCESS"},{"targetId":248172058434963,"value":"","code":"SUCCESS"},{"targetId":155050541899409,"value":"","code":"SUCCESS"}]}
2026-09-17 11:23:17 - 处理target成功：amazon_uk_sopro 44645792955347
2026-09-17 11:23:17 - 处理target成功：amazon_uk_sopro 266089267538462
2026-09-17 11:23:17 - 处理target成功：amazon_uk_sopro 119104609322915
2026-09-17 11:23:17 - 处理target成功：amazon_uk_sopro 2481321400313
2026-09-17 11:23:17 - 处理target成功：amazon_uk_sopro 60464208840612
2026-09-17 11:23:17 - 处理target成功：amazon_uk_sopro 17335129851607
2026-09-17 11:23:17 - 处理target成功：amazon_uk_sopro 9122751490256
2026-09-17 11:23:17 - 处理target成功：amazon_uk_sopro 266247906593168
2026-09-17 11:23:17 - 处理target成功：amazon_uk_sopro 248172058434963
2026-09-17 11:23:17 - 处理target成功：amazon_uk_sopro 155050541899409
2026-09-17 11:23:17 - {"status":"success","message":"success","data":[{"targetId":361737411257075,"value":"","code":"SUCCESS"},{"targetId":306742878381919,"value":"","code":"SUCCESS"},{"targetId":289469058643173,"value":"","code":"SUCCESS"},{"targetId":343865564266768,"value":"","code":"SUCCESS"}]}
2026-09-17 11:23:17 - 处理target成功：amazon_us_rock 361737411257075
2026-09-17 11:23:17 - 处理target成功：amazon_us_rock 306742878381919
2026-09-17 11:23:17 - 处理target成功：amazon_us_rock 289469058643173
2026-09-17 11:23:17 - 处理target成功：amazon_us_rock 343865564266768
2026-09-17 11:23:18 - {"status":"fail","message":"Could not find keyword with id: 430394393986973","data":[{"code":"ENTITY_NOT_FOUND","description":"Could not find keyword with id: 404188755510870"},{"code":"ENTITY_NOT_FOUND","description":"Could not find keyword with id: 364670993862733"},{"code":"ENTITY_NOT_FOUND","description":"Could not find keyword with id: 430394393986973"}]}
2026-09-17 11:23:18 - 处理keyword失败：amazon_ca_kilo 404188755510870
2026-09-17 11:23:18 - 处理keyword失败：amazon_ca_kilo 364670993862733
2026-09-17 11:23:18 - 处理keyword失败：amazon_ca_kilo 430394393986973
2026-09-17 11:23:19 - {"status":"success","message":"success","data":[{"keywordId":48823639883074,"code":"SUCCESS"},{"keywordId":75619196347650,"code":"SUCCESS"}]}
2026-09-17 11:23:19 - {"status":"success","message":"success","data":[{"targetId":404188755510870,"value":"","code":"SUCCESS"},{"targetId":364670993862733,"value":"","code":"SUCCESS"},{"targetId":430394393986973,"value":"","code":"SUCCESS"}]}
2026-09-17 11:23:19 - 处理keyword成功：amazon_us_dri 48823639883074
2026-09-17 11:23:19 - 处理target成功：amazon_ca_kilo 404188755510870
2026-09-17 11:23:19 - 处理keyword成功：amazon_us_dri 75619196347650
2026-09-17 11:23:19 - 处理target成功：amazon_ca_kilo 364670993862733
2026-09-17 11:23:19 - 处理target成功：amazon_ca_kilo 430394393986973
2026-09-17 11:23:21 - {"status":"success","message":"success","data":[{"keywordId":63835192719165,"code":"SUCCESS"},{"keywordId":264416981233970,"code":"SUCCESS"},{"keywordId":261973760761662,"code":"SUCCESS"},{"keywordId":274421370296200,"code":"SUCCESS"},[{"description":"Could not find keyword with id: 276596052892812","code":"ENTITY_NOT_FOUND"},{"description":"Could not find keyword with id: 179716178720840","code":"ENTITY_NOT_FOUND"},{"description":"Could not find keyword with id: 64533768362885","code":"ENTITY_NOT_FOUND"},{"description":"Could not find keyword with id: 276968426368890","code":"ENTITY_NOT_FOUND"},{"description":"Could not find keyword with id: 128702981181148","code":"ENTITY_NOT_FOUND"},{"description":"Could not find keyword with id: 69563357543846","code":"ENTITY_NOT_FOUND"},{"description":"Could not find keyword with id: 116160726951242","code":"ENTITY_NOT_FOUND"},{"description":"Could not find keyword with id: 250607016373076","code":"ENTITY_NOT_FOUND"},{"description":"Could not find keyword with id: 157317934263700","code":"ENTITY_NOT_FOUND"},{"description":"Could not find keyword with id: 92194549510972","code":"ENTITY_NOT_FOUND"},{"description":"Could not find keyword with id: 245155627513159","code":"ENTITY_NOT_FOUND"},{"description":"Could not find keyword with id: 245084361532176","code":"ENTITY_NOT_FOUND"},{"description":"Could not find keyword with id: 257354164203151","code":"ENTITY_NOT_FOUND"},{"description":"Could not find keyword with id: 16743503205906","code":"ENTITY_NOT_FOUND"},{"description":"Could not find keyword with id: 95751008675034","code":"ENTITY_NOT_FOUND"}]]}
2026-09-17 11:23:21 - 处理keyword失败：amazon_uk2 276596052892812
2026-09-17 11:23:21 - 处理keyword失败：amazon_uk2 179716178720840
2026-09-17 11:23:21 - 处理keyword失败：amazon_uk2 64533768362885
2026-09-17 11:23:21 - 处理keyword失败：amazon_uk2 276968426368890
2026-09-17 11:23:21 - 处理keyword失败：amazon_uk2 128702981181148
2026-09-17 11:23:21 - 处理keyword失败：amazon_uk2 69563357543846
2026-09-17 11:23:21 - 处理keyword成功：amazon_uk2 63835192719165
2026-09-17 11:23:21 - 处理keyword成功：amazon_uk2 264416981233970
2026-09-17 11:23:21 - 处理keyword失败：amazon_uk2 116160726951242
2026-09-17 11:23:21 - 处理keyword失败：amazon_uk2 250607016373076
2026-09-17 11:23:21 - 处理keyword成功：amazon_uk2 261973760761662
2026-09-17 11:23:21 - 处理keyword失败：amazon_uk2 157317934263700
2026-09-17 11:23:21 - 处理keyword失败：amazon_uk2 92194549510972
2026-09-17 11:23:21 - 处理keyword失败：amazon_uk2 245155627513159
2026-09-17 11:23:21 - 处理keyword失败：amazon_uk2 245084361532176
2026-09-17 11:23:21 - 处理keyword成功：amazon_uk2 274421370296200
2026-09-17 11:23:21 - 处理keyword失败：amazon_uk2 257354164203151
2026-09-17 11:23:21 - 处理keyword失败：amazon_uk2 16743503205906
2026-09-17 11:23:21 - 处理keyword失败：amazon_uk2 95751008675034
2026-09-17 11:23:21 - batchMongoUpdateKeyword：共1条，成功1条，失败0条
2026-09-17 11:23:22 - {"status":"success","message":"success","data":[{"targetId":172297542476742,"value":"","code":"SUCCESS"}]}
2026-09-17 11:23:22 - 处理target成功：amazon_us_dri 172297542476742
2026-09-17 11:23:23 - {"status":"success","message":"success","data":[{"targetId":276596052892812,"value":"","code":"SUCCESS"},{"targetId":179716178720840,"value":"","code":"SUCCESS"},{"targetId":64533768362885,"value":"","code":"SUCCESS"},{"targetId":276968426368890,"value":"","code":"SUCCESS"},{"targetId":128702981181148,"value":"","code":"SUCCESS"},{"targetId":69563357543846,"value":"","code":"SUCCESS"},{"targetId":116160726951242,"value":"","code":"SUCCESS"},{"targetId":250607016373076,"value":"","code":"SUCCESS"},{"targetId":157317934263700,"value":"","code":"SUCCESS"},{"targetId":92194549510972,"value":"","code":"SUCCESS"},{"targetId":245155627513159,"value":"","code":"SUCCESS"},{"targetId":245084361532176,"value":"","code":"SUCCESS"},{"targetId":257354164203151,"value":"","code":"SUCCESS"},{"targetId":16743503205906,"value":"","code":"SUCCESS"},{"targetId":95751008675034,"value":"","code":"SUCCESS"}]}
2026-09-17 11:23:23 - 处理target成功：amazon_uk2 276596052892812
2026-09-17 11:23:23 - 处理target成功：amazon_uk2 179716178720840
2026-09-17 11:23:23 - 处理target成功：amazon_uk2 64533768362885
2026-09-17 11:23:23 - 处理target成功：amazon_uk2 276968426368890
2026-09-17 11:23:23 - 处理target成功：amazon_uk2 128702981181148
2026-09-17 11:23:23 - 处理target成功：amazon_uk2 69563357543846
2026-09-17 11:23:23 - 处理target成功：amazon_uk2 116160726951242
2026-09-17 11:23:23 - 处理target成功：amazon_uk2 250607016373076
2026-09-17 11:23:23 - 处理target成功：amazon_uk2 157317934263700
2026-09-17 11:23:23 - 处理target成功：amazon_uk2 92194549510972
2026-09-17 11:23:23 - 处理target成功：amazon_uk2 245155627513159
2026-09-17 11:23:23 - 处理target成功：amazon_uk2 245084361532176
2026-09-17 11:23:23 - 处理target成功：amazon_uk2 257354164203151
2026-09-17 11:23:23 - 处理target成功：amazon_uk2 16743503205906
2026-09-17 11:23:23 - 处理target成功：amazon_uk2 95751008675034
2026-09-17 11:23:23 - batchMongoUpdateTarget：共2条，成功2条，失败0条
2026-09-17 11:23:25 - {"status":"success","message":"success","data":[{"keywordId":154974129777151,"code":"SUCCESS"},[{"description":"Could not find keyword with id: 68023860011297","code":"ENTITY_NOT_FOUND"},{"description":"Could not find keyword with id: 6433318841571","code":"ENTITY_NOT_FOUND"},{"description":"Could not find keyword with id: 272732787776395","code":"ENTITY_NOT_FOUND"},{"description":"Could not find keyword with id: 59636559008976","code":"ENTITY_NOT_FOUND"},{"description":"Could not find keyword with id: 252766132753344","code":"ENTITY_NOT_FOUND"}]]}
2026-09-17 11:23:25 - 处理keyword成功：amazon_uk_ifn 154974129777151
2026-09-17 11:23:25 - 处理keyword失败：amazon_uk_ifn 68023860011297
2026-09-17 11:23:25 - 处理keyword失败：amazon_uk_ifn 6433318841571
2026-09-17 11:23:25 - 处理keyword失败：amazon_uk_ifn 272732787776395
2026-09-17 11:23:25 - 处理keyword失败：amazon_uk_ifn 59636559008976
2026-09-17 11:23:25 - 处理keyword失败：amazon_uk_ifn 252766132753344
2026-09-17 11:23:26 - {"status":"success","message":"success","data":[{"targetId":68023860011297,"value":"","code":"SUCCESS"},{"targetId":6433318841571,"value":"","code":"SUCCESS"},{"targetId":272732787776395,"value":"","code":"SUCCESS"},{"targetId":59636559008976,"value":"","code":"SUCCESS"},{"targetId":252766132753344,"value":"","code":"SUCCESS"}]}
2026-09-17 11:23:26 - 处理target成功：amazon_uk_ifn 68023860011297
2026-09-17 11:23:26 - 处理target成功：amazon_uk_ifn 6433318841571
2026-09-17 11:23:26 - 处理target成功：amazon_uk_ifn 272732787776395
2026-09-17 11:23:26 - 处理target成功：amazon_uk_ifn 59636559008976
2026-09-17 11:23:26 - 处理target成功：amazon_uk_ifn 252766132753344
2026-09-17 11:23:27 - {"status":"success","message":"success","data":[{"keywordId":149020425739981,"code":"SUCCESS"},{"keywordId":122829427392441,"code":"SUCCESS"},{"keywordId":423740288107582,"code":"SUCCESS"},{"keywordId":458761392577767,"code":"SUCCESS"},{"keywordId":339633199303046,"code":"SUCCESS"},{"keywordId":508507745600032,"code":"SUCCESS"},{"keywordId":493716058675415,"code":"SUCCESS"},{"keywordId":275173752951944,"code":"SUCCESS"},{"keywordId":146715729905779,"code":"SUCCESS"},{"keywordId":531434094720229,"code":"SUCCESS"},{"keywordId":444999536301556,"code":"SUCCESS"},{"keywordId":211970039023522,"code":"SUCCESS"},{"keywordId":250373460274117,"code":"SUCCESS"},{"keywordId":392062041972638,"code":"SUCCESS"},{"keywordId":278511998226989,"code":"SUCCESS"},{"keywordId":347932479666438,"code":"SUCCESS"},{"keywordId":393274608872059,"code":"SUCCESS"},{"keywordId":531076888533221,"code":"SUCCESS"},{"keywordId":289185783289590,"code":"SUCCESS"},{"keywordId":378111372156050,"code":"SUCCESS"},{"keywordId":64085331890059,"code":"SUCCESS"},{"keywordId":134780586265679,"code":"SUCCESS"},{"keywordId":381239709490789,"code":"SUCCESS"},{"keywordId":170309046605133,"code":"SUCCESS"},{"keywordId":83700243707777,"code":"SUCCESS"},{"keywordId":177656171830036,"code":"SUCCESS"},{"keywordId":165618773405845,"code":"SUCCESS"},{"keywordId":481935693317182,"code":"SUCCESS"},{"keywordId":195906092299374,"code":"SUCCESS"},{"keywordId":449986795540671,"code":"SUCCESS"},{"keywordId":53520384357273,"code":"SUCCESS"},{"keywordId":46848225733479,"code":"SUCCESS"}]}
2026-09-17 11:23:27 - 处理keyword成功：amazon_us_sopro 149020425739981
2026-09-17 11:23:27 - 处理keyword成功：amazon_us_sopro 122829427392441
2026-09-17 11:23:27 - 处理keyword成功：amazon_us_sopro 423740288107582
2026-09-17 11:23:27 - 处理keyword成功：amazon_us_sopro 458761392577767
2026-09-17 11:23:27 - 处理keyword成功：amazon_us_sopro 339633199303046
2026-09-17 11:23:27 - 处理keyword成功：amazon_us_sopro 508507745600032
2026-09-17 11:23:27 - 处理keyword成功：amazon_us_sopro 493716058675415
2026-09-17 11:23:27 - 处理keyword成功：amazon_us_sopro 275173752951944
2026-09-17 11:23:27 - 处理keyword成功：amazon_us_sopro 146715729905779
2026-09-17 11:23:27 - 处理keyword成功：amazon_us_sopro 531434094720229
2026-09-17 11:23:27 - 处理keyword成功：amazon_us_sopro 444999536301556
2026-09-17 11:23:27 - 处理keyword成功：amazon_us_sopro 211970039023522
2026-09-17 11:23:27 - 处理keyword成功：amazon_us_sopro 250373460274117
2026-09-17 11:23:27 - 处理keyword成功：amazon_us_sopro 392062041972638
2026-09-17 11:23:27 - 处理keyword成功：amazon_us_sopro 278511998226989
2026-09-17 11:23:27 - 处理keyword成功：amazon_us_sopro 347932479666438
2026-09-17 11:23:27 - 处理keyword成功：amazon_us_sopro 393274608872059
2026-09-17 11:23:27 - 处理keyword成功：amazon_us_sopro 531076888533221
2026-09-17 11:23:27 - 处理keyword成功：amazon_us_sopro 289185783289590
2026-09-17 11:23:27 - 处理keyword成功：amazon_us_sopro 378111372156050
2026-09-17 11:23:27 - 处理keyword成功：amazon_us_sopro 64085331890059
2026-09-17 11:23:27 - 处理keyword成功：amazon_us_sopro 134780586265679
2026-09-17 11:23:27 - 处理keyword成功：amazon_us_sopro 381239709490789
2026-09-17 11:23:27 - 处理keyword成功：amazon_us_sopro 170309046605133
2026-09-17 11:23:27 - 处理keyword成功：amazon_us_sopro 83700243707777
2026-09-17 11:23:27 - 处理keyword成功：amazon_us_sopro 177656171830036
2026-09-17 11:23:27 - 处理keyword成功：amazon_us_sopro 165618773405845
2026-09-17 11:23:27 - 处理keyword成功：amazon_us_sopro 481935693317182
2026-09-17 11:23:27 - 处理keyword成功：amazon_us_sopro 195906092299374
2026-09-17 11:23:27 - 处理keyword成功：amazon_us_sopro 449986795540671
2026-09-17 11:23:27 - 处理keyword成功：amazon_us_sopro 53520384357273
2026-09-17 11:23:27 - 处理keyword成功：amazon_us_sopro 46848225733479
2026-09-17 11:23:27 - batchMongoUpdateKeyword：共2条，成功2条，失败0条
2026-09-17 11:23:27 - batchMongoUpdateKeyword：共9条，成功9条，失败0条
2026-09-17 11:23:27 - {"status":"fail","message":"Could not find keyword with id: 469340595204766","data":[{"code":"ENTITY_NOT_FOUND","description":"Could not find keyword with id: 300183830730390"},{"code":"ENTITY_NOT_FOUND","description":"Could not find keyword with id: 473595724253242"},{"code":"ENTITY_NOT_FOUND","description":"Could not find keyword with id: 359328610021013"},{"code":"ENTITY_NOT_FOUND","description":"Could not find keyword with id: 356481085739142"},{"code":"ENTITY_NOT_FOUND","description":"Could not find keyword with id: 362968177946133"},{"code":"ENTITY_NOT_FOUND","description":"Could not find keyword with id: 281828715400573"},{"code":"ENTITY_NOT_FOUND","description":"Could not find keyword with id: 550546957259857"},{"code":"ENTITY_NOT_FOUND","description":"Could not find keyword with id: 394006072034207"},{"code":"ENTITY_NOT_FOUND","description":"Could not find keyword with id: 469340595204766"}]}
2026-09-17 11:23:27 - 处理keyword失败：amazon_ca_hood 300183830730390
2026-09-17 11:23:27 - 处理keyword失败：amazon_ca_hood 473595724253242
2026-09-17 11:23:27 - 处理keyword失败：amazon_ca_hood 359328610021013
2026-09-17 11:23:27 - 处理keyword失败：amazon_ca_hood 356481085739142
2026-09-17 11:23:27 - 处理keyword失败：amazon_ca_hood 362968177946133
2026-09-17 11:23:27 - 处理keyword失败：amazon_ca_hood 281828715400573
2026-09-17 11:23:27 - 处理keyword失败：amazon_ca_hood 550546957259857
2026-09-17 11:23:27 - 处理keyword失败：amazon_ca_hood 394006072034207
2026-09-17 11:23:27 - 处理keyword失败：amazon_ca_hood 469340595204766
2026-09-17 11:23:28 - {"status":"success","message":"success","data":[{"targetId":300183830730390,"value":"","code":"SUCCESS"},{"targetId":473595724253242,"value":"","code":"SUCCESS"},{"targetId":359328610021013,"value":"","code":"SUCCESS"},{"targetId":356481085739142,"value":"","code":"SUCCESS"},{"targetId":362968177946133,"value":"","code":"SUCCESS"},{"targetId":281828715400573,"value":"","code":"SUCCESS"},{"targetId":550546957259857,"value":"","code":"SUCCESS"},{"targetId":394006072034207,"value":"","code":"SUCCESS"},{"targetId":469340595204766,"value":"","code":"SUCCESS"}]}
2026-09-17 11:23:28 - 处理target成功：amazon_ca_hood 300183830730390
2026-09-17 11:23:28 - 处理target成功：amazon_ca_hood 473595724253242
2026-09-17 11:23:28 - 处理target成功：amazon_ca_hood 359328610021013
2026-09-17 11:23:28 - 处理target成功：amazon_ca_hood 356481085739142
2026-09-17 11:23:28 - 处理target成功：amazon_ca_hood 362968177946133
2026-09-17 11:23:28 - 处理target成功：amazon_ca_hood 281828715400573
2026-09-17 11:23:28 - 处理target成功：amazon_ca_hood 550546957259857
2026-09-17 11:23:28 - 处理target成功：amazon_ca_hood 394006072034207
2026-09-17 11:23:28 - 处理target成功：amazon_ca_hood 469340595204766
2026-09-17 11:23:30 - {"status":"success","message":"success","data":[{"targetId":346418627439768,"value":"","code":"SUCCESS"},{"targetId":334030645969870,"value":"","code":"SUCCESS"},{"targetId":367202192179922,"value":"","code":"SUCCESS"},{"targetId":446304040311231,"value":"","code":"SUCCESS"},{"targetId":439132145591604,"value":"","code":"SUCCESS"},{"targetId":407215813044932,"value":"","code":"SUCCESS"},{"targetId":358566416680685,"value":"","code":"SUCCESS"},{"targetId":448808135743880,"value":"","code":"SUCCESS"},{"targetId":315035161696189,"value":"","code":"SUCCESS"},{"targetId":529669660102715,"value":"","code":"SUCCESS"},{"targetId":376509693385783,"value":"","code":"SUCCESS"},{"targetId":423292368482824,"value":"","code":"SUCCESS"},{"targetId":361630871403040,"value":"","code":"SUCCESS"},{"targetId":468151120194318,"value":"","code":"SUCCESS"},{"targetId":467485358541916,"value":"","code":"SUCCESS"},{"targetId":326501051884852,"value":"","code":"SUCCESS"},{"targetId":453930669505486,"value":"","code":"SUCCESS"},{"targetId":493529648490026,"value":"","code":"SUCCESS"},{"targetId":510282347312126,"value":"","code":"SUCCESS"},{"targetId":494305586060971,"value":"","code":"SUCCESS"},{"targetId":380520601937390,"value":"","code":"SUCCESS"},{"targetId":399855388340803,"value":"","code":"SUCCESS"},{"targetId":455831730420312,"value":"","code":"SUCCESS"},{"targetId":315256640192357,"value":"","code":"SUCCESS"},{"targetId":349937253504014,"value":"","code":"SUCCESS"},{"targetId":381164489865119,"value":"","code":"SUCCESS"},{"targetId":410862461934785,"value":"","code":"SUCCESS"},{"targetId":442324883249898,"value":"","code":"SUCCESS"},{"targetId":349460633625887,"value":"","code":"SUCCESS"},{"targetId":539395339972617,"value":"","code":"SUCCESS"},{"targetId":533936713395519,"value":"","code":"SUCCESS"},{"targetId":286701247067949,"value":"","code":"SUCCESS"},{"targetId":343986877324085,"value":"","code":"SUCCESS"},{"targetId":299233037867688,"value":"","code":"SUCCESS"},{"targetId":284324285456087,"value":"","code":"SUCCESS"},{"targetId":332925460132441,"value":"","code":"SUCCESS"},{"targetId":429667815337728,"value":"","code":"SUCCESS"},{"targetId":352373177266693,"value":"","code":"SUCCESS"},{"targetId":402004287442149,"value":"","code":"SUCCESS"},{"targetId":283272536215537,"value":"","code":"SUCCESS"},{"targetId":316854833520412,"value":"","code":"SUCCESS"},{"targetId":349382927120240,"value":"","code":"SUCCESS"},{"targetId":376218355505998,"value":"","code":"SUCCESS"},{"targetId":385572412826422,"value":"","code":"SUCCESS"},{"targetId":427367733273893,"value":"","code":"SUCCESS"},{"targetId":478144084962019,"value":"","code":"SUCCESS"},{"targetId":443915155542297,"value":"","code":"SUCCESS"},{"targetId":454301400515791,"value":"","code":"SUCCESS"},{"targetId":329304677576735,"value":"","code":"SUCCESS"},{"targetId":486947166608008,"value":"","code":"SUCCESS"},{"targetId":305670944779899,"value":"","code":"SUCCESS"},{"targetId":384071732753355,"value":"","code":"SUCCESS"},{"targetId":526599778561419,"value":"","code":"SUCCESS"},{"targetId":322198547593075,"value":"","code":"SUCCESS"},{"targetId":430741836313175,"value":"","code":"SUCCESS"},{"targetId":555498250335612,"value":"","code":"SUCCESS"},{"targetId":434067433099020,"value":"","code":"SUCCESS"},{"targetId":557359253259802,"value":"","code":"SUCCESS"},{"targetId":472915760360921,"value":"","code":"SUCCESS"},{"targetId":346605312739079,"value":"","code":"SUCCESS"},{"targetId":427662165277420,"value":"","code":"SUCCESS"},{"targetId":433033686761960,"value":"","code":"SUCCESS"},{"targetId":508483739678634,"value":"","code":"SUCCESS"},{"targetId":518766816216906,"value":"","code":"SUCCESS"},{"targetId":428728716213626,"value":"","code":"SUCCESS"},{"targetId":548292599083858,"value":"","code":"SUCCESS"},{"targetId":544158277614768,"value":"","code":"SUCCESS"},{"targetId":289337950945385,"value":"","code":"SUCCESS"},{"targetId":359575816685037,"value":"","code":"SUCCESS"},{"targetId":419651230649654,"value":"","code":"SUCCESS"},{"targetId":490707288804191,"value":"","code":"SUCCESS"},{"targetId":553822195537573,"value":"","code":"SUCCESS"},{"targetId":413194972079614,"value":"","code":"SUCCESS"},{"targetId":333455294054062,"value":"","code":"SUCCESS"}]}
2026-09-17 11:23:30 - 处理target成功：amazon_us_sopro 346418627439768
2026-09-17 11:23:30 - 处理target成功：amazon_us_sopro 334030645969870
2026-09-17 11:23:30 - 处理target成功：amazon_us_sopro 367202192179922
2026-09-17 11:23:30 - 处理target成功：amazon_us_sopro 446304040311231
2026-09-17 11:23:30 - 处理target成功：amazon_us_sopro 439132145591604
2026-09-17 11:23:30 - 处理target成功：amazon_us_sopro 407215813044932
2026-09-17 11:23:30 - 处理target成功：amazon_us_sopro 358566416680685
2026-09-17 11:23:30 - 处理target成功：amazon_us_sopro 448808135743880
2026-09-17 11:23:30 - 处理target成功：amazon_us_sopro 315035161696189
2026-09-17 11:23:30 - 处理target成功：amazon_us_sopro 529669660102715
2026-09-17 11:23:30 - 处理target成功：amazon_us_sopro 376509693385783
2026-09-17 11:23:30 - 处理target成功：amazon_us_sopro 423292368482824
2026-09-17 11:23:30 - 处理target成功：amazon_us_sopro 361630871403040
2026-09-17 11:23:30 - 处理target成功：amazon_us_sopro 468151120194318
2026-09-17 11:23:30 - 处理target成功：amazon_us_sopro 467485358541916
2026-09-17 11:23:30 - 处理target成功：amazon_us_sopro 326501051884852
2026-09-17 11:23:30 - 处理target成功：amazon_us_sopro 453930669505486
2026-09-17 11:23:30 - 处理target成功：amazon_us_sopro 493529648490026
2026-09-17 11:23:30 - 处理target成功：amazon_us_sopro 510282347312126
2026-09-17 11:23:30 - 处理target成功：amazon_us_sopro 494305586060971
2026-09-17 11:23:30 - 处理target成功：amazon_us_sopro 380520601937390
2026-09-17 11:23:30 - 处理target成功：amazon_us_sopro 399855388340803
2026-09-17 11:23:30 - 处理target成功：amazon_us_sopro 455831730420312
2026-09-17 11:23:30 - 处理target成功：amazon_us_sopro 315256640192357
2026-09-17 11:23:30 - 处理target成功：amazon_us_sopro 349937253504014
2026-09-17 11:23:30 - 处理target成功：amazon_us_sopro 381164489865119
2026-09-17 11:23:30 - 处理target成功：amazon_us_sopro 410862461934785
2026-09-17 11:23:30 - 处理target成功：amazon_us_sopro 442324883249898
2026-09-17 11:23:30 - 处理target成功：amazon_us_sopro 349460633625887
2026-09-17 11:23:30 - 处理target成功：amazon_us_sopro 539395339972617
2026-09-17 11:23:30 - 处理target成功：amazon_us_sopro 533936713395519
2026-09-17 11:23:30 - 处理target成功：amazon_us_sopro 286701247067949
2026-09-17 11:23:30 - 处理target成功：amazon_us_sopro 343986877324085
2026-09-17 11:23:30 - 处理target成功：amazon_us_sopro 299233037867688
2026-09-17 11:23:30 - 处理target成功：amazon_us_sopro 284324285456087
2026-09-17 11:23:30 - 处理target成功：amazon_us_sopro 332925460132441
2026-09-17 11:23:30 - 处理target成功：amazon_us_sopro 429667815337728
2026-09-17 11:23:30 - 处理target成功：amazon_us_sopro 352373177266693
2026-09-17 11:23:30 - 处理target成功：amazon_us_sopro 402004287442149
2026-09-17 11:23:30 - 处理target成功：amazon_us_sopro 283272536215537
2026-09-17 11:23:30 - 处理target成功：amazon_us_sopro 316854833520412
2026-09-17 11:23:30 - 处理target成功：amazon_us_sopro 349382927120240
2026-09-17 11:23:30 - 处理target成功：amazon_us_sopro 376218355505998
2026-09-17 11:23:30 - 处理target成功：amazon_us_sopro 385572412826422
2026-09-17 11:23:30 - 处理target成功：amazon_us_sopro 427367733273893
2026-09-17 11:23:30 - 处理target成功：amazon_us_sopro 478144084962019
2026-09-17 11:23:30 - 处理target成功：amazon_us_sopro 443915155542297
2026-09-17 11:23:30 - 处理target成功：amazon_us_sopro 454301400515791
2026-09-17 11:23:30 - 处理target成功：amazon_us_sopro 329304677576735
2026-09-17 11:23:30 - 处理target成功：amazon_us_sopro 486947166608008
2026-09-17 11:23:30 - 处理target成功：amazon_us_sopro 305670944779899
2026-09-17 11:23:30 - 处理target成功：amazon_us_sopro 384071732753355
2026-09-17 11:23:30 - 处理target成功：amazon_us_sopro 526599778561419
2026-09-17 11:23:30 - 处理target成功：amazon_us_sopro 322198547593075
2026-09-17 11:23:30 - 处理target成功：amazon_us_sopro 430741836313175
2026-09-17 11:23:30 - 处理target成功：amazon_us_sopro 555498250335612
2026-09-17 11:23:30 - 处理target成功：amazon_us_sopro 434067433099020
2026-09-17 11:23:30 - 处理target成功：amazon_us_sopro 557359253259802
2026-09-17 11:23:30 - 处理target成功：amazon_us_sopro 472915760360921
2026-09-17 11:23:30 - 处理target成功：amazon_us_sopro 346605312739079
2026-09-17 11:23:30 - 处理target成功：amazon_us_sopro 427662165277420
2026-09-17 11:23:30 - 处理target成功：amazon_us_sopro 433033686761960
2026-09-17 11:23:30 - 处理target成功：amazon_us_sopro 508483739678634
2026-09-17 11:23:30 - 处理target成功：amazon_us_sopro 518766816216906
2026-09-17 11:23:30 - 处理target成功：amazon_us_sopro 428728716213626
2026-09-17 11:23:30 - 处理target成功：amazon_us_sopro 548292599083858
2026-09-17 11:23:30 - 处理target成功：amazon_us_sopro 544158277614768
2026-09-17 11:23:30 - 处理target成功：amazon_us_sopro 289337950945385
2026-09-17 11:23:30 - 处理target成功：amazon_us_sopro 359575816685037
2026-09-17 11:23:30 - 处理target成功：amazon_us_sopro 419651230649654
2026-09-17 11:23:30 - 处理target成功：amazon_us_sopro 490707288804191
2026-09-17 11:23:30 - 处理target成功：amazon_us_sopro 553822195537573
2026-09-17 11:23:30 - 处理target成功：amazon_us_sopro 413194972079614
2026-09-17 11:23:30 - 处理target成功：amazon_us_sopro 333455294054062
2026-09-17 11:23:30 - {"status":"fail","message":"Could not find keyword with id: 474193121273582","data":[{"code":"ENTITY_NOT_FOUND","description":"Could not find keyword with id: 434060883251516"},{"code":"ENTITY_NOT_FOUND","description":"Could not find keyword with id: 386964730116601"},{"code":"ENTITY_NOT_FOUND","description":"Could not find keyword with id: 287335408950630"},{"code":"ENTITY_NOT_FOUND","description":"Could not find keyword with id: 326218724561480"},{"code":"ENTITY_NOT_FOUND","description":"Could not find keyword with id: 514474410540220"},{"code":"ENTITY_NOT_FOUND","description":"Could not find keyword with id: 364368875899059"},{"code":"ENTITY_NOT_FOUND","description":"Could not find keyword with id: 491913472707772"},{"code":"ENTITY_NOT_FOUND","description":"Could not find keyword with id: 487477759433385"},{"code":"ENTITY_NOT_FOUND","description":"Could not find keyword with id: 392996996848846"},{"code":"ENTITY_NOT_FOUND","description":"Could not find keyword with id: 513406944811318"},{"code":"ENTITY_NOT_FOUND","description":"Could not find keyword with id: 557497135012534"},{"code":"ENTITY_NOT_FOUND","description":"Could not find keyword with id: 338275146681474"},{"code":"ENTITY_NOT_FOUND","description":"Could not find keyword with id: 417763049722840"},{"code":"ENTITY_NOT_FOUND","description":"Could not find keyword with id: 453296135222285"},{"code":"ENTITY_NOT_FOUND","description":"Could not find keyword with id: 395367461142000"},{"code":"ENTITY_NOT_FOUND","description":"Could not find keyword with id: 345920948196816"},{"code":"ENTITY_NOT_FOUND","description":"Could not find keyword with id: 343644483506899"},{"code":"ENTITY_NOT_FOUND","description":"Could not find keyword with id: 556029771939281"},{"code":"ENTITY_NOT_FOUND","description":"Could not find keyword with id: 487771442115650"},{"code":"ENTITY_NOT_FOUND","description":"Could not find keyword with id: 412944054146617"},{"code":"ENTITY_NOT_FOUND","description":"Could not find keyword with id: 321553273611858"},{"code":"ENTITY_NOT_FOUND","description":"Could not find keyword with id: 474193121273582"}]}
2026-09-17 11:23:30 - 处理keyword失败：amazon_ca_find 434060883251516
2026-09-17 11:23:30 - 处理keyword失败：amazon_ca_find 386964730116601
2026-09-17 11:23:30 - 处理keyword失败：amazon_ca_find 287335408950630
2026-09-17 11:23:30 - 处理keyword失败：amazon_ca_find 326218724561480
2026-09-17 11:23:30 - 处理keyword失败：amazon_ca_find 514474410540220
2026-09-17 11:23:30 - 处理keyword失败：amazon_ca_find 364368875899059
2026-09-17 11:23:30 - 处理keyword失败：amazon_ca_find 491913472707772
2026-09-17 11:23:30 - 处理keyword失败：amazon_ca_find 487477759433385
2026-09-17 11:23:30 - 处理keyword失败：amazon_ca_find 392996996848846
2026-09-17 11:23:30 - 处理keyword失败：amazon_ca_find 513406944811318
2026-09-17 11:23:30 - 处理keyword失败：amazon_ca_find 557497135012534
2026-09-17 11:23:30 - 处理keyword失败：amazon_ca_find 338275146681474
2026-09-17 11:23:30 - 处理keyword失败：amazon_ca_find 417763049722840
2026-09-17 11:23:30 - 处理keyword失败：amazon_ca_find 453296135222285
2026-09-17 11:23:30 - 处理keyword失败：amazon_ca_find 395367461142000
2026-09-17 11:23:30 - 处理keyword失败：amazon_ca_find 345920948196816
2026-09-17 11:23:30 - 处理keyword失败：amazon_ca_find 343644483506899
2026-09-17 11:23:30 - 处理keyword失败：amazon_ca_find 556029771939281
2026-09-17 11:23:30 - 处理keyword失败：amazon_ca_find 487771442115650
2026-09-17 11:23:30 - 处理keyword失败：amazon_ca_find 412944054146617
2026-09-17 11:23:30 - 处理keyword失败：amazon_ca_find 321553273611858
2026-09-17 11:23:30 - 处理keyword失败：amazon_ca_find 474193121273582
2026-09-17 11:23:30 - batchMongoUpdateTarget：共1条，成功1条，失败0条
2026-09-17 11:23:32 - {"status":"success","message":"success","data":[{"targetId":434060883251516,"value":"","code":"SUCCESS"},{"targetId":386964730116601,"value":"","code":"SUCCESS"},{"targetId":287335408950630,"value":"","code":"SUCCESS"},{"targetId":326218724561480,"value":"","code":"SUCCESS"},{"targetId":514474410540220,"value":"","code":"SUCCESS"},{"targetId":364368875899059,"value":"","code":"SUCCESS"},{"targetId":491913472707772,"value":"","code":"SUCCESS"},{"targetId":487477759433385,"value":"","code":"SUCCESS"},{"targetId":392996996848846,"value":"","code":"SUCCESS"},{"targetId":513406944811318,"value":"","code":"SUCCESS"},{"targetId":557497135012534,"value":"","code":"SUCCESS"},{"targetId":338275146681474,"value":"","code":"SUCCESS"},{"targetId":417763049722840,"value":"","code":"SUCCESS"},{"targetId":453296135222285,"value":"","code":"SUCCESS"},{"targetId":395367461142000,"value":"","code":"SUCCESS"},{"targetId":345920948196816,"value":"","code":"SUCCESS"},{"targetId":343644483506899,"value":"","code":"SUCCESS"},{"targetId":556029771939281,"value":"","code":"SUCCESS"},{"targetId":487771442115650,"value":"","code":"SUCCESS"},{"targetId":412944054146617,"value":"","code":"SUCCESS"},{"targetId":321553273611858,"value":"","code":"SUCCESS"},{"targetId":474193121273582,"value":"","code":"SUCCESS"}]}
2026-09-17 11:23:32 - 处理target成功：amazon_ca_find 434060883251516
2026-09-17 11:23:32 - 处理target成功：amazon_ca_find 386964730116601
2026-09-17 11:23:32 - 处理target成功：amazon_ca_find 287335408950630
2026-09-17 11:23:32 - 处理target成功：amazon_ca_find 326218724561480
2026-09-17 11:23:32 - 处理target成功：amazon_ca_find 514474410540220
2026-09-17 11:23:32 - 处理target成功：amazon_ca_find 364368875899059
2026-09-17 11:23:32 - 处理target成功：amazon_ca_find 491913472707772
2026-09-17 11:23:32 - 处理target成功：amazon_ca_find 487477759433385
2026-09-17 11:23:32 - 处理target成功：amazon_ca_find 392996996848846
2026-09-17 11:23:32 - 处理target成功：amazon_ca_find 513406944811318
2026-09-17 11:23:32 - 处理target成功：amazon_ca_find 557497135012534
2026-09-17 11:23:32 - 处理target成功：amazon_ca_find 338275146681474
2026-09-17 11:23:32 - 处理target成功：amazon_ca_find 417763049722840
2026-09-17 11:23:32 - 处理target成功：amazon_ca_find 453296135222285
2026-09-17 11:23:32 - 处理target成功：amazon_ca_find 395367461142000
2026-09-17 11:23:32 - 处理target成功：amazon_ca_find 345920948196816
2026-09-17 11:23:32 - 处理target成功：amazon_ca_find 343644483506899
2026-09-17 11:23:32 - 处理target成功：amazon_ca_find 556029771939281
2026-09-17 11:23:32 - 处理target成功：amazon_ca_find 487771442115650
2026-09-17 11:23:32 - 处理target成功：amazon_ca_find 412944054146617
2026-09-17 11:23:32 - 处理target成功：amazon_ca_find 321553273611858
2026-09-17 11:23:32 - 处理target成功：amazon_ca_find 474193121273582
2026-09-17 11:23:32 - batchMongoUpdateTarget：共1条，成功1条，失败0条
2026-09-17 11:23:33 - {"status":"success","message":"success","data":[{"keywordId":429785885467805,"code":"SUCCESS"},[{"description":"Could not find keyword with id: 300076266615178","code":"ENTITY_NOT_FOUND"}]]}
2026-09-17 11:23:33 - 处理keyword失败：amazon_ca_rock 300076266615178
2026-09-17 11:23:33 - 处理keyword成功：amazon_ca_rock 429785885467805
2026-09-17 11:23:33 - batchMongoUpdateKeyword：共1条，成功1条，失败0条
2026-09-17 11:23:34 - {"status":"success","message":"success","data":[{"keywordId":362625084718966,"code":"SUCCESS"},{"keywordId":376686371174013,"code":"SUCCESS"}]}
2026-09-17 11:23:34 - 处理keyword成功：amazon_ca_moto 362625084718966
2026-09-17 11:23:34 - 处理keyword成功：amazon_ca_moto 376686371174013
2026-09-17 11:23:34 - batchMongoUpdateKeyword：共2条，成功2条，失败0条
2026-09-17 11:23:34 - {"status":"success","message":"success","data":[{"targetId":300076266615178,"value":"","code":"SUCCESS"}]}
2026-09-17 11:23:34 - 处理target成功：amazon_ca_rock 300076266615178
2026-09-17 11:23:36 - {"status":"fail","message":"Could not find keyword with id: 355389292931923","data":[{"code":"ENTITY_NOT_FOUND","description":"Could not find keyword with id: 446945436464866"},{"code":"ENTITY_NOT_FOUND","description":"Could not find keyword with id: 355389292931923"}]}
2026-09-17 11:23:36 - 处理keyword失败：amazon_us_mir 446945436464866
2026-09-17 11:23:36 - 处理keyword失败：amazon_us_mir 355389292931923
2026-09-17 11:23:37 - {"status":"success","message":"success","data":[{"targetId":446945436464866,"value":"","code":"SUCCESS"},{"targetId":355389292931923,"value":"","code":"SUCCESS"}]}
2026-09-17 11:23:37 - 处理target成功：amazon_us_mir 446945436464866
2026-09-17 11:23:37 - 处理target成功：amazon_us_mir 355389292931923
2026-09-17 11:23:37 - {"status":"success","message":"success","data":[{"targetId":498214190996670,"value":"","code":"SUCCESS"},{"targetId":495540662306107,"value":"","code":"SUCCESS"},{"targetId":304696829503703,"value":"","code":"SUCCESS"},{"targetId":542186884504881,"value":"","code":"SUCCESS"},{"targetId":456690173112432,"value":"","code":"SUCCESS"},{"targetId":444936800545495,"value":"","code":"SUCCESS"},{"targetId":506286831982735,"value":"","code":"SUCCESS"},{"targetId":546266715086260,"value":"","code":"SUCCESS"},{"targetId":561123759247163,"value":"","code":"SUCCESS"},{"targetId":346179629069578,"value":"","code":"SUCCESS"},{"targetId":557519011253301,"value":"","code":"SUCCESS"},{"targetId":401456871443540,"value":"","code":"SUCCESS"},{"targetId":459664556437185,"value":"","code":"SUCCESS"},{"targetId":480047749911845,"value":"","code":"SUCCESS"}]}
2026-09-17 11:23:37 - 处理target成功：amazon_ca_moto 498214190996670
2026-09-17 11:23:37 - 处理target成功：amazon_ca_moto 495540662306107
2026-09-17 11:23:37 - 处理target成功：amazon_ca_moto 304696829503703
2026-09-17 11:23:37 - 处理target成功：amazon_ca_moto 542186884504881
2026-09-17 11:23:37 - 处理target成功：amazon_ca_moto 456690173112432
2026-09-17 11:23:37 - 处理target成功：amazon_ca_moto 444936800545495
2026-09-17 11:23:37 - 处理target成功：amazon_ca_moto 506286831982735
2026-09-17 11:23:37 - 处理target成功：amazon_ca_moto 546266715086260
2026-09-17 11:23:37 - 处理target成功：amazon_ca_moto 561123759247163
2026-09-17 11:23:37 - 处理target成功：amazon_ca_moto 346179629069578
2026-09-17 11:23:37 - 处理target成功：amazon_ca_moto 557519011253301
2026-09-17 11:23:37 - 处理target成功：amazon_ca_moto 401456871443540
2026-09-17 11:23:37 - 处理target成功：amazon_ca_moto 459664556437185
2026-09-17 11:23:37 - 处理target成功：amazon_ca_moto 480047749911845
2026-09-17 11:23:37 - batchMongoUpdateTarget：共1条，成功1条，失败0条
2026-09-17 11:23:38 - {"status":"fail","message":"Could not find keyword with id: 140882844523206","data":[{"code":"ENTITY_NOT_FOUND","description":"Could not find keyword with id: 88428029869249"},{"code":"ENTITY_NOT_FOUND","description":"Could not find keyword with id: 74257890130896"},{"code":"ENTITY_NOT_FOUND","description":"Could not find keyword with id: 264495028690133"},{"code":"ENTITY_NOT_FOUND","description":"Could not find keyword with id: 140882844523206"}]}
2026-09-17 11:23:38 - 处理keyword失败：amazon_uk_hope 88428029869249
2026-09-17 11:23:38 - 处理keyword失败：amazon_uk_hope 74257890130896
2026-09-17 11:23:38 - 处理keyword失败：amazon_uk_hope 264495028690133
2026-09-17 11:23:38 - 处理keyword失败：amazon_uk_hope 140882844523206
2026-09-17 11:23:40 - {"status":"success","message":"success","data":[{"keywordId":239168268696099,"code":"SUCCESS"},{"keywordId":254007972378253,"code":"SUCCESS"},{"keywordId":109772047847298,"code":"SUCCESS"},{"keywordId":54518736175390,"code":"SUCCESS"},{"keywordId":74266645908949,"code":"SUCCESS"},{"keywordId":497251666172,"code":"SUCCESS"},{"keywordId":150929059783620,"code":"SUCCESS"},{"keywordId":163489843396857,"code":"SUCCESS"},{"keywordId":272686012682682,"code":"SUCCESS"},{"keywordId":190553667263765,"code":"SUCCESS"},{"keywordId":238258647887594,"code":"SUCCESS"},{"keywordId":186862375161977,"code":"SUCCESS"}]}
2026-09-17 11:23:40 - 处理keyword成功：amazon_uk_sopro 239168268696099
2026-09-17 11:23:40 - 处理keyword成功：amazon_uk_sopro 254007972378253
2026-09-17 11:23:40 - 处理keyword成功：amazon_uk_sopro 109772047847298
2026-09-17 11:23:40 - 处理keyword成功：amazon_uk_sopro 54518736175390
2026-09-17 11:23:40 - 处理keyword成功：amazon_uk_sopro 74266645908949
2026-09-17 11:23:40 - 处理keyword成功：amazon_uk_sopro 497251666172
2026-09-17 11:23:40 - 处理keyword成功：amazon_uk_sopro 150929059783620
2026-09-17 11:23:40 - 处理keyword成功：amazon_uk_sopro 163489843396857
2026-09-17 11:23:40 - 处理keyword成功：amazon_uk_sopro 272686012682682
2026-09-17 11:23:40 - 处理keyword成功：amazon_uk_sopro 190553667263765
2026-09-17 11:23:40 - 处理keyword成功：amazon_uk_sopro 238258647887594
2026-09-17 11:23:40 - 处理keyword成功：amazon_uk_sopro 186862375161977
2026-09-17 11:23:40 - batchMongoUpdateKeyword：共1条，成功1条，失败0条
2026-09-17 11:23:40 - batchMongoUpdateKeyword：共6条，成功6条，失败0条
2026-09-17 11:23:40 - {"status":"success","message":"success","data":[{"targetId":88428029869249,"value":"","code":"SUCCESS"},{"targetId":74257890130896,"value":"","code":"SUCCESS"},{"targetId":264495028690133,"value":"","code":"SUCCESS"},{"targetId":140882844523206,"value":"","code":"SUCCESS"}]}
2026-09-17 11:23:40 - 处理target成功：amazon_uk_hope 88428029869249
2026-09-17 11:23:40 - 处理target成功：amazon_uk_hope 74257890130896
2026-09-17 11:23:40 - 处理target成功：amazon_uk_hope 264495028690133
2026-09-17 11:23:40 - 处理target成功：amazon_uk_hope 140882844523206
2026-09-17 11:23:42 - {"status":"success","message":"success","data":[{"targetId":277005211790490,"value":"","code":"SUCCESS"},{"targetId":7823105713231,"value":"","code":"SUCCESS"},{"targetId":11332214205502,"value":"","code":"SUCCESS"},{"targetId":210931139257610,"value":"","code":"SUCCESS"},{"targetId":65037096582811,"value":"","code":"SUCCESS"},{"targetId":96015298135772,"value":"","code":"SUCCESS"},{"targetId":52458108456987,"value":"","code":"SUCCESS"},{"targetId":225650041284846,"value":"","code":"SUCCESS"},{"targetId":192801170521946,"value":"","code":"SUCCESS"},{"targetId":86360251472760,"value":"","code":"SUCCESS"},{"targetId":65887390809260,"value":"","code":"SUCCESS"},{"targetId":200657094771097,"value":"","code":"SUCCESS"},{"targetId":28156204287628,"value":"","code":"SUCCESS"},{"targetId":196243534973182,"value":"","code":"SUCCESS"},{"targetId":51081368888998,"value":"","code":"SUCCESS"},{"targetId":230185665889718,"value":"","code":"SUCCESS"},{"targetId":232515397855774,"value":"","code":"SUCCESS"},{"targetId":18304502916119,"value":"","code":"SUCCESS"},{"targetId":230203582482889,"value":"","code":"SUCCESS"},{"targetId":203653477376316,"value":"","code":"SUCCESS"},{"targetId":243820874789256,"value":"","code":"SUCCESS"},{"targetId":66174648848877,"value":"","code":"SUCCESS"},{"targetId":3402041894016,"value":"","code":"SUCCESS"},{"targetId":126391325975413,"value":"","code":"SUCCESS"},{"targetId":24733353183076,"value":"","code":"SUCCESS"},{"targetId":146180479850529,"value":"","code":"SUCCESS"},{"targetId":158309627431855,"value":"","code":"SUCCESS"},{"targetId":174128730364858,"value":"","code":"SUCCESS"},{"targetId":107919842664564,"value":"","code":"SUCCESS"},{"targetId":17100184537090,"value":"","code":"SUCCESS"},{"targetId":177213537526994,"value":"","code":"SUCCESS"},{"targetId":51098382775762,"value":"","code":"SUCCESS"},{"targetId":265781723906038,"value":"","code":"SUCCESS"},{"targetId":214576842627336,"value":"","code":"SUCCESS"},{"targetId":16250133368494,"value":"","code":"SUCCESS"},{"targetId":192598421659650,"value":"","code":"SUCCESS"},{"targetId":140662121170073,"value":"","code":"SUCCESS"},{"targetId":242210000455585,"value":"","code":"SUCCESS"},{"targetId":232038974899474,"value":"","code":"SUCCESS"}]}
2026-09-17 11:23:42 - 处理target成功：amazon_uk_sopro 277005211790490
2026-09-17 11:23:42 - 处理target成功：amazon_uk_sopro 7823105713231
2026-09-17 11:23:42 - 处理target成功：amazon_uk_sopro 11332214205502
2026-09-17 11:23:42 - 处理target成功：amazon_uk_sopro 210931139257610
2026-09-17 11:23:42 - 处理target成功：amazon_uk_sopro 65037096582811
2026-09-17 11:23:42 - 处理target成功：amazon_uk_sopro 96015298135772
2026-09-17 11:23:42 - 处理target成功：amazon_uk_sopro 52458108456987
2026-09-17 11:23:42 - 处理target成功：amazon_uk_sopro 225650041284846
2026-09-17 11:23:42 - 处理target成功：amazon_uk_sopro 192801170521946
2026-09-17 11:23:42 - 处理target成功：amazon_uk_sopro 86360251472760
2026-09-17 11:23:42 - 处理target成功：amazon_uk_sopro 65887390809260
2026-09-17 11:23:42 - 处理target成功：amazon_uk_sopro 200657094771097
2026-09-17 11:23:42 - 处理target成功：amazon_uk_sopro 28156204287628
2026-09-17 11:23:42 - 处理target成功：amazon_uk_sopro 196243534973182
2026-09-17 11:23:42 - 处理target成功：amazon_uk_sopro 51081368888998
2026-09-17 11:23:42 - 处理target成功：amazon_uk_sopro 230185665889718
2026-09-17 11:23:42 - 处理target成功：amazon_uk_sopro 232515397855774
2026-09-17 11:23:42 - 处理target成功：amazon_uk_sopro 18304502916119
2026-09-17 11:23:42 - 处理target成功：amazon_uk_sopro 230203582482889
2026-09-17 11:23:42 - 处理target成功：amazon_uk_sopro 203653477376316
2026-09-17 11:23:42 - 处理target成功：amazon_uk_sopro 243820874789256
2026-09-17 11:23:42 - 处理target成功：amazon_uk_sopro 66174648848877
2026-09-17 11:23:42 - 处理target成功：amazon_uk_sopro 3402041894016
2026-09-17 11:23:42 - 处理target成功：amazon_uk_sopro 126391325975413
2026-09-17 11:23:42 - 处理target成功：amazon_uk_sopro 24733353183076
2026-09-17 11:23:42 - 处理target成功：amazon_uk_sopro 146180479850529
2026-09-17 11:23:42 - 处理target成功：amazon_uk_sopro 158309627431855
2026-09-17 11:23:42 - 处理target成功：amazon_uk_sopro 174128730364858
2026-09-17 11:23:42 - 处理target成功：amazon_uk_sopro 107919842664564
2026-09-17 11:23:42 - 处理target成功：amazon_uk_sopro 17100184537090
2026-09-17 11:23:42 - 处理target成功：amazon_uk_sopro 177213537526994
2026-09-17 11:23:42 - 处理target成功：amazon_uk_sopro 51098382775762
2026-09-17 11:23:42 - 处理target成功：amazon_uk_sopro 265781723906038
2026-09-17 11:23:42 - 处理target成功：amazon_uk_sopro 214576842627336
2026-09-17 11:23:42 - 处理target成功：amazon_uk_sopro 16250133368494
2026-09-17 11:23:42 - 处理target成功：amazon_uk_sopro 192598421659650
2026-09-17 11:23:42 - 处理target成功：amazon_uk_sopro 140662121170073
2026-09-17 11:23:42 - 处理target成功：amazon_uk_sopro 242210000455585
2026-09-17 11:23:42 - 处理target成功：amazon_uk_sopro 232038974899474
2026-09-17 11:23:42 - batchMongoUpdateTarget：共2条，成功2条，失败0条
2026-09-17 11:23:43 - {"status":"fail","message":"Could not find keyword with id: 374467434631742","data":[{"code":"ENTITY_NOT_FOUND","description":"Could not find keyword with id: 492407351948099"},{"code":"ENTITY_NOT_FOUND","description":"Could not find keyword with id: 374467434631742"}]}
2026-09-17 11:23:43 - 处理keyword失败：amazon_ca_cover 492407351948099
2026-09-17 11:23:43 - 处理keyword失败：amazon_ca_cover 374467434631742
2026-09-17 11:23:44 - {"status":"success","message":"success","data":[{"targetId":492407351948099,"value":"","code":"SUCCESS"},{"targetId":374467434631742,"value":"","code":"SUCCESS"}]}
2026-09-17 11:23:44 - 处理target成功：amazon_ca_cover 492407351948099
2026-09-17 11:23:44 - 处理target成功：amazon_ca_cover 374467434631742
2026-09-17 11:23:45 - {"status":"success","message":"success","data":[{"keywordId":160046331104196,"code":"SUCCESS"},{"keywordId":365583573741872,"code":"SUCCESS"},{"keywordId":304102330346167,"code":"SUCCESS"},{"keywordId":318257795071618,"code":"SUCCESS"},{"keywordId":422549492984326,"code":"SUCCESS"},{"keywordId":407923993501762,"code":"SUCCESS"},{"keywordId":257562409679951,"code":"SUCCESS"},{"keywordId":441659979097904,"code":"SUCCESS"},{"keywordId":126976282476196,"code":"SUCCESS"},{"keywordId":337792636080348,"code":"SUCCESS"},{"keywordId":338507550100049,"code":"SUCCESS"},{"keywordId":329576094900053,"code":"SUCCESS"},{"keywordId":465307777175014,"code":"SUCCESS"},{"keywordId":311601883826886,"code":"SUCCESS"},{"keywordId":155830016808608,"code":"SUCCESS"},{"keywordId":344321161397781,"code":"SUCCESS"},{"keywordId":466667286546137,"code":"SUCCESS"},{"keywordId":417519923392398,"code":"SUCCESS"},{"keywordId":364999942012687,"code":"SUCCESS"}]}
2026-09-17 11:23:45 - 处理keyword成功：amazon_us_find 160046331104196
2026-09-17 11:23:45 - 处理keyword成功：amazon_us_find 365583573741872
2026-09-17 11:23:45 - 处理keyword成功：amazon_us_find 304102330346167
2026-09-17 11:23:45 - 处理keyword成功：amazon_us_find 318257795071618
2026-09-17 11:23:45 - 处理keyword成功：amazon_us_find 422549492984326
2026-09-17 11:23:45 - 处理keyword成功：amazon_us_find 407923993501762
2026-09-17 11:23:45 - 处理keyword成功：amazon_us_find 257562409679951
2026-09-17 11:23:45 - 处理keyword成功：amazon_us_find 441659979097904
2026-09-17 11:23:45 - 处理keyword成功：amazon_us_find 126976282476196
2026-09-17 11:23:45 - 处理keyword成功：amazon_us_find 337792636080348
2026-09-17 11:23:45 - 处理keyword成功：amazon_us_find 338507550100049
2026-09-17 11:23:45 - 处理keyword成功：amazon_us_find 329576094900053
2026-09-17 11:23:45 - 处理keyword成功：amazon_us_find 465307777175014
2026-09-17 11:23:45 - 处理keyword成功：amazon_us_find 311601883826886
2026-09-17 11:23:45 - 处理keyword成功：amazon_us_find 155830016808608
2026-09-17 11:23:45 - 处理keyword成功：amazon_us_find 344321161397781
2026-09-17 11:23:45 - 处理keyword成功：amazon_us_find 466667286546137
2026-09-17 11:23:45 - 处理keyword成功：amazon_us_find 417519923392398
2026-09-17 11:23:45 - 处理keyword成功：amazon_us_find 364999942012687
2026-09-17 11:23:45 - batchMongoUpdateKeyword：共3条，成功3条，失败0条
2026-09-17 11:23:45 - {"status":"fail","message":"Could not find keyword with id: 239098868000599","data":[{"code":"ENTITY_NOT_FOUND","description":"Could not find keyword with id: 147257894717533"},{"code":"ENTITY_NOT_FOUND","description":"Could not find keyword with id: 239427427979038"},{"code":"ENTITY_NOT_FOUND","description":"Could not find keyword with id: 92252410853204"},{"code":"ENTITY_NOT_FOUND","description":"Could not find keyword with id: 191827598508233"},{"code":"ENTITY_NOT_FOUND","description":"Could not find keyword with id: 18409156408111"},{"code":"ENTITY_NOT_FOUND","description":"Could not find keyword with id: 239098868000599"}]}
2026-09-17 11:23:45 - 处理keyword失败：amazon_uk_find 147257894717533
2026-09-17 11:23:45 - 处理keyword失败：amazon_uk_find 239427427979038
2026-09-17 11:23:45 - 处理keyword失败：amazon_uk_find 92252410853204
2026-09-17 11:23:45 - 处理keyword失败：amazon_uk_find 191827598508233
2026-09-17 11:23:45 - 处理keyword失败：amazon_uk_find 18409156408111
2026-09-17 11:23:45 - 处理keyword失败：amazon_uk_find 239098868000599
2026-09-17 11:23:45 - batchMongoUpdateKeyword：共3条，成功3条，失败0条
2026-09-17 11:23:46 - {"status":"success","message":"success","data":[{"targetId":147257894717533,"value":"","code":"SUCCESS"},{"targetId":239427427979038,"value":"","code":"SUCCESS"},{"targetId":92252410853204,"value":"","code":"SUCCESS"},{"targetId":191827598508233,"value":"","code":"SUCCESS"},{"targetId":18409156408111,"value":"","code":"SUCCESS"},{"targetId":239098868000599,"value":"","code":"SUCCESS"}]}
2026-09-17 11:23:46 - 处理target成功：amazon_uk_find 147257894717533
2026-09-17 11:23:46 - 处理target成功：amazon_uk_find 239427427979038
2026-09-17 11:23:46 - 处理target成功：amazon_uk_find 92252410853204
2026-09-17 11:23:46 - 处理target成功：amazon_uk_find 191827598508233
2026-09-17 11:23:46 - 处理target成功：amazon_uk_find 18409156408111
2026-09-17 11:23:46 - 处理target成功：amazon_uk_find 239098868000599
2026-09-17 11:23:46 - batchMongoUpdateTarget：共1条，成功1条，失败0条
2026-09-17 11:23:47 - {"status":"fail","message":"Could not find keyword with id: 502953407093731","data":[{"code":"ENTITY_NOT_FOUND","description":"Could not find keyword with id: 361960257095241"},{"code":"ENTITY_NOT_FOUND","description":"Could not find keyword with id: 502953407093731"}]}
2026-09-17 11:23:47 - 处理keyword失败：amazon_us_auto 361960257095241
2026-09-17 11:23:47 - 处理keyword失败：amazon_us_auto 502953407093731
2026-09-17 11:23:48 - {"status":"success","message":"success","data":[{"targetId":286123369761099,"value":"","code":"SUCCESS"},{"targetId":467385340401333,"value":"","code":"SUCCESS"},{"targetId":418425597637118,"value":"","code":"SUCCESS"},{"targetId":290616067386507,"value":"","code":"SUCCESS"},{"targetId":359413979950425,"value":"","code":"SUCCESS"},{"targetId":525088907921043,"value":"","code":"SUCCESS"},{"targetId":510639809301559,"value":"","code":"SUCCESS"},{"targetId":501998890010479,"value":"","code":"SUCCESS"},{"targetId":469632772971379,"value":"","code":"SUCCESS"},{"targetId":286789082544539,"value":"","code":"SUCCESS"},{"targetId":447750254801196,"value":"","code":"SUCCESS"},{"targetId":510150471154396,"value":"","code":"SUCCESS"},{"targetId":507500709452261,"value":"","code":"SUCCESS"},{"targetId":391972296251012,"value":"","code":"SUCCESS"},{"targetId":418804002720680,"value":"","code":"SUCCESS"},{"targetId":311371882682448,"value":"","code":"SUCCESS"},{"targetId":502278712341873,"value":"","code":"SUCCESS"},{"targetId":373564335525569,"value":"","code":"SUCCESS"},{"targetId":292970006558865,"value":"","code":"SUCCESS"},{"targetId":402889855979337,"value":"","code":"SUCCESS"},{"targetId":290326648830393,"value":"","code":"SUCCESS"},{"targetId":528903615430896,"value":"","code":"SUCCESS"},{"targetId":558358886556209,"value":"","code":"SUCCESS"},{"targetId":317817770258410,"value":"","code":"SUCCESS"},{"targetId":350515023393666,"value":"","code":"SUCCESS"},{"targetId":476393258060181,"value":"","code":"SUCCESS"},{"targetId":398695101210059,"value":"","code":"SUCCESS"},{"targetId":282383204299614,"value":"","code":"SUCCESS"},{"targetId":387878564813691,"value":"","code":"SUCCESS"},{"targetId":510274403486804,"value":"","code":"SUCCESS"},{"targetId":379503938705342,"value":"","code":"SUCCESS"},{"targetId":394578228834775,"value":"","code":"SUCCESS"},{"targetId":456066345105686,"value":"","code":"SUCCESS"},{"targetId":310966186020513,"value":"","code":"SUCCESS"},{"targetId":314742981502020,"value":"","code":"SUCCESS"},{"targetId":382117824778264,"value":"","code":"SUCCESS"},{"targetId":518657117101906,"value":"","code":"SUCCESS"},{"targetId":423116204116306,"value":"","code":"SUCCESS"},{"targetId":509004057228994,"value":"","code":"SUCCESS"},{"targetId":508719985214969,"value":"","code":"SUCCESS"},{"targetId":499134171458308,"value":"","code":"SUCCESS"},{"targetId":435847290005023,"value":"","code":"SUCCESS"},{"targetId":342821395926840,"value":"","code":"SUCCESS"},{"targetId":442002148621550,"value":"","code":"SUCCESS"},{"targetId":437869634840366,"value":"","code":"SUCCESS"}]}
2026-09-17 11:23:48 - 处理target成功：amazon_us_find 286123369761099
2026-09-17 11:23:48 - 处理target成功：amazon_us_find 467385340401333
2026-09-17 11:23:48 - 处理target成功：amazon_us_find 418425597637118
2026-09-17 11:23:48 - 处理target成功：amazon_us_find 290616067386507
2026-09-17 11:23:48 - 处理target成功：amazon_us_find 359413979950425
2026-09-17 11:23:48 - 处理target成功：amazon_us_find 525088907921043
2026-09-17 11:23:48 - 处理target成功：amazon_us_find 510639809301559
2026-09-17 11:23:48 - 处理target成功：amazon_us_find 501998890010479
2026-09-17 11:23:48 - 处理target成功：amazon_us_find 469632772971379
2026-09-17 11:23:48 - 处理target成功：amazon_us_find 286789082544539
2026-09-17 11:23:48 - 处理target成功：amazon_us_find 447750254801196
2026-09-17 11:23:48 - 处理target成功：amazon_us_find 510150471154396
2026-09-17 11:23:48 - 处理target成功：amazon_us_find 507500709452261
2026-09-17 11:23:48 - 处理target成功：amazon_us_find 391972296251012
2026-09-17 11:23:48 - 处理target成功：amazon_us_find 418804002720680
2026-09-17 11:23:48 - 处理target成功：amazon_us_find 311371882682448
2026-09-17 11:23:48 - 处理target成功：amazon_us_find 502278712341873
2026-09-17 11:23:48 - 处理target成功：amazon_us_find 373564335525569
2026-09-17 11:23:48 - 处理target成功：amazon_us_find 292970006558865
2026-09-17 11:23:48 - 处理target成功：amazon_us_find 402889855979337
2026-09-17 11:23:48 - 处理target成功：amazon_us_find 290326648830393
2026-09-17 11:23:48 - 处理target成功：amazon_us_find 528903615430896
2026-09-17 11:23:48 - 处理target成功：amazon_us_find 558358886556209
2026-09-17 11:23:48 - 处理target成功：amazon_us_find 317817770258410
2026-09-17 11:23:48 - 处理target成功：amazon_us_find 350515023393666
2026-09-17 11:23:48 - 处理target成功：amazon_us_find 476393258060181
2026-09-17 11:23:48 - 处理target成功：amazon_us_find 398695101210059
2026-09-17 11:23:48 - 处理target成功：amazon_us_find 282383204299614
2026-09-17 11:23:48 - 处理target成功：amazon_us_find 387878564813691
2026-09-17 11:23:48 - 处理target成功：amazon_us_find 510274403486804
2026-09-17 11:23:48 - 处理target成功：amazon_us_find 379503938705342
2026-09-17 11:23:48 - 处理target成功：amazon_us_find 394578228834775
2026-09-17 11:23:48 - 处理target成功：amazon_us_find 456066345105686
2026-09-17 11:23:48 - 处理target成功：amazon_us_find 310966186020513
2026-09-17 11:23:48 - 处理target成功：amazon_us_find 314742981502020
2026-09-17 11:23:48 - 处理target成功：amazon_us_find 382117824778264
2026-09-17 11:23:48 - 处理target成功：amazon_us_find 518657117101906
2026-09-17 11:23:48 - 处理target成功：amazon_us_find 423116204116306
2026-09-17 11:23:48 - 处理target成功：amazon_us_find 509004057228994
2026-09-17 11:23:48 - 处理target成功：amazon_us_find 508719985214969
2026-09-17 11:23:48 - 处理target成功：amazon_us_find 499134171458308
2026-09-17 11:23:48 - 处理target成功：amazon_us_find 435847290005023
2026-09-17 11:23:48 - 处理target成功：amazon_us_find 342821395926840
2026-09-17 11:23:48 - 处理target成功：amazon_us_find 442002148621550
2026-09-17 11:23:48 - 处理target成功：amazon_us_find 437869634840366
2026-09-17 11:23:48 - {"status":"success","message":"success","data":[{"targetId":361960257095241,"value":"","code":"SUCCESS"},{"targetId":502953407093731,"value":"","code":"SUCCESS"}]}
2026-09-17 11:23:48 - 处理target成功：amazon_us_auto 361960257095241
2026-09-17 11:23:48 - 处理target成功：amazon_us_auto 502953407093731
2026-09-17 11:23:49 - {"status":"fail","message":"Could not find keyword with id: 432710395860173","data":[{"code":"ENTITY_NOT_FOUND","description":"Could not find keyword with id: 432710395860173"}]}
2026-09-17 11:23:49 - 处理keyword失败：amazon_us_bull 432710395860173
2026-09-17 11:23:50 - {"status":"success","message":"success","data":[{"targetId":432710395860173,"value":"","code":"SUCCESS"}]}
2026-09-17 11:23:50 - 处理target成功：amazon_us_bull 432710395860173
2026-09-17 11:23:51 - {"status":"success","message":"success","data":[{"keywordId":62848195809157,"code":"SUCCESS"},{"keywordId":94827881990326,"code":"SUCCESS"},{"keywordId":203854858587402,"code":"SUCCESS"},{"keywordId":69942893178218,"code":"SUCCESS"},{"keywordId":130347651916231,"code":"SUCCESS"}]}
2026-09-17 11:23:51 - 处理keyword成功：amazon_us_luck 62848195809157
2026-09-17 11:23:51 - 处理keyword成功：amazon_us_luck 94827881990326
2026-09-17 11:23:51 - 处理keyword成功：amazon_us_luck 203854858587402
2026-09-17 11:23:51 - 处理keyword成功：amazon_us_luck 69942893178218
2026-09-17 11:23:51 - 处理keyword成功：amazon_us_luck 130347651916231
2026-09-17 11:23:51 - batchMongoUpdateKeyword：共1条，成功1条，失败0条
2026-09-17 11:23:51 - batchMongoUpdateKeyword：共4条，成功4条，失败0条
2026-09-17 11:23:52 - {"status":"success","message":"success","data":[{"keywordId":451876985276332,"code":"SUCCESS"},[{"description":"Could not find keyword with id: 344597266796901","code":"ENTITY_NOT_FOUND"},{"description":"Could not find keyword with id: 379954535885302","code":"ENTITY_NOT_FOUND"}]]}
2026-09-17 11:23:52 - 处理keyword失败：amazon_us_cover 344597266796901
2026-09-17 11:23:52 - 处理keyword成功：amazon_us_cover 451876985276332
2026-09-17 11:23:52 - 处理keyword失败：amazon_us_cover 379954535885302
2026-09-17 11:23:53 - {"status":"success","message":"success","data":[{"targetId":344597266796901,"value":"","code":"SUCCESS"},{"targetId":379954535885302,"value":"","code":"SUCCESS"}]}
2026-09-17 11:23:53 - 处理target成功：amazon_us_cover 344597266796901
2026-09-17 11:23:53 - 处理target成功：amazon_us_cover 379954535885302
2026-09-17 11:23:54 - {"status":"success","message":"success","data":[{"targetId":414675414458067,"value":"","code":"SUCCESS"},{"targetId":553960892059205,"value":"","code":"SUCCESS"},{"targetId":561994641848513,"value":"","code":"SUCCESS"},{"targetId":425360094401615,"value":"","code":"SUCCESS"},{"targetId":405904761682534,"value":"","code":"SUCCESS"},{"targetId":307327620486918,"value":"","code":"SUCCESS"},{"targetId":493027948991806,"value":"","code":"SUCCESS"},{"targetId":469355526688356,"value":"","code":"SUCCESS"},{"targetId":546249224511499,"value":"","code":"SUCCESS"},{"targetId":525597305509282,"value":"","code":"SUCCESS"},{"targetId":503358344024584,"value":"","code":"SUCCESS"}]}
2026-09-17 11:23:54 - 处理target成功：amazon_us_luck 414675414458067
2026-09-17 11:23:54 - 处理target成功：amazon_us_luck 553960892059205
2026-09-17 11:23:54 - 处理target成功：amazon_us_luck 561994641848513
2026-09-17 11:23:54 - 处理target成功：amazon_us_luck 425360094401615
2026-09-17 11:23:54 - 处理target成功：amazon_us_luck 405904761682534
2026-09-17 11:23:54 - 处理target成功：amazon_us_luck 307327620486918
2026-09-17 11:23:54 - 处理target成功：amazon_us_luck 493027948991806
2026-09-17 11:23:54 - 处理target成功：amazon_us_luck 469355526688356
2026-09-17 11:23:54 - 处理target成功：amazon_us_luck 546249224511499
2026-09-17 11:23:54 - 处理target成功：amazon_us_luck 525597305509282
2026-09-17 11:23:54 - 处理target成功：amazon_us_luck 503358344024584
2026-09-17 11:23:54 - {"status":"fail","message":"Could not find keyword with id: 353292501407937","data":[{"code":"ENTITY_NOT_FOUND","description":"Could not find keyword with id: 450350285611578"},{"code":"ENTITY_NOT_FOUND","description":"Could not find keyword with id: 353292501407937"}]}
2026-09-17 11:23:54 - 处理keyword失败：amazon_us_yuru 450350285611578
2026-09-17 11:23:54 - 处理keyword失败：amazon_us_yuru 353292501407937
2026-09-17 11:23:56 - {"status":"success","message":"success","data":[{"targetId":450350285611578,"value":"","code":"SUCCESS"},{"targetId":353292501407937,"value":"","code":"SUCCESS"}]}
2026-09-17 11:23:56 - 处理target成功：amazon_us_yuru 450350285611578
2026-09-17 11:23:56 - 处理target成功：amazon_us_yuru 353292501407937
2026-09-17 11:23:57 - {"status":"fail","message":"Could not find keyword with id: 550358255411795","data":[{"code":"ENTITY_NOT_FOUND","description":"Could not find keyword with id: 550358255411795"}]}
2026-09-17 11:23:57 - 处理keyword失败：amazon_ca_mir 550358255411795
2026-09-17 11:23:58 - {"status":"success","message":"success","data":[{"targetId":550358255411795,"value":"","code":"SUCCESS"}]}
2026-09-17 11:23:58 - 处理target成功：amazon_ca_mir 550358255411795
2026-09-17 11:23:59 - {"status":"success","message":"success","data":[{"targetId":106309276933832,"value":"","code":"SUCCESS"},{"targetId":69368978112280,"value":"","code":"SUCCESS"},{"targetId":47305221014328,"value":"","code":"SUCCESS"},{"targetId":220219182103431,"value":"","code":"SUCCESS"},{"targetId":6052936619518,"value":"","code":"SUCCESS"},{"targetId":270516989362292,"value":"","code":"SUCCESS"},{"targetId":258609487929219,"value":"","code":"SUCCESS"},{"targetId":100101902512030,"value":"","code":"SUCCESS"},{"targetId":99128849563195,"value":"","code":"SUCCESS"},{"targetId":277970389361069,"value":"","code":"SUCCESS"},{"targetId":101279600217948,"value":"","code":"SUCCESS"},{"targetId":96511762487902,"value":"","code":"SUCCESS"}]}
2026-09-17 11:23:59 - 处理target成功：amazon_uk_tuc 106309276933832
2026-09-17 11:23:59 - 处理target成功：amazon_uk_tuc 69368978112280
2026-09-17 11:23:59 - 处理target成功：amazon_uk_tuc 47305221014328
2026-09-17 11:23:59 - 处理target成功：amazon_uk_tuc 220219182103431
2026-09-17 11:23:59 - 处理target成功：amazon_uk_tuc 6052936619518
2026-09-17 11:23:59 - 处理target成功：amazon_uk_tuc 270516989362292
2026-09-17 11:23:59 - 处理target成功：amazon_uk_tuc 258609487929219
2026-09-17 11:23:59 - 处理target成功：amazon_uk_tuc 100101902512030
2026-09-17 11:23:59 - 处理target成功：amazon_uk_tuc 99128849563195
2026-09-17 11:23:59 - 处理target成功：amazon_uk_tuc 277970389361069
2026-09-17 11:23:59 - 处理target成功：amazon_uk_tuc 101279600217948
2026-09-17 11:23:59 - 处理target成功：amazon_uk_tuc 96511762487902
2026-09-17 11:23:59 - batchMongoUpdateTarget：共1条，成功1条，失败0条
2026-09-17 11:24:02 - {"status":"success","message":"success","data":[{"keywordId":118426141634977,"code":"SUCCESS"}]}
2026-09-17 11:24:02 - 处理keyword成功：amazon_uk_tuto 118426141634977
2026-09-17 11:24:04 - {"status":"success","message":"success","data":[{"targetId":161502060103287,"value":"","code":"SUCCESS"},{"targetId":176662437341836,"value":"","code":"SUCCESS"},{"targetId":139810330620241,"value":"","code":"SUCCESS"},{"targetId":64744020562179,"value":"","code":"SUCCESS"},{"targetId":178265558872942,"value":"","code":"SUCCESS"},{"targetId":99529928246414,"value":"","code":"SUCCESS"},{"targetId":38413186664276,"value":"","code":"SUCCESS"},{"targetId":17869258849371,"value":"","code":"SUCCESS"},{"targetId":241818696657920,"value":"","code":"SUCCESS"},{"targetId":235668187172681,"value":"","code":"SUCCESS"},{"targetId":189254263271506,"value":"","code":"SUCCESS"},{"targetId":34835956444329,"value":"","code":"SUCCESS"},{"targetId":258412259900596,"value":"","code":"SUCCESS"},{"targetId":12898845496821,"value":"","code":"SUCCESS"},{"targetId":190849180529439,"value":"","code":"SUCCESS"},{"targetId":180613608942635,"value":"","code":"SUCCESS"},{"targetId":254970835877038,"value":"","code":"SUCCESS"},{"targetId":163078128067171,"value":"","code":"SUCCESS"},{"targetId":165546098814609,"value":"","code":"SUCCESS"},{"targetId":241962742741987,"value":"","code":"SUCCESS"},{"targetId":254844046193105,"value":"","code":"SUCCESS"},{"targetId":96566730099645,"value":"","code":"SUCCESS"},{"targetId":157808710221391,"value":"","code":"SUCCESS"},{"targetId":213115155497611,"value":"","code":"SUCCESS"},{"targetId":159644970349391,"value":"","code":"SUCCESS"},{"targetId":8551189038196,"value":"","code":"SUCCESS"},{"targetId":6907844625063,"value":"","code":"SUCCESS"},{"targetId":121078117945822,"value":"","code":"SUCCESS"},{"targetId":58829055951259,"value":"","code":"SUCCESS"}]}
2026-09-17 11:24:04 - 处理target成功：amazon_uk_tuto 161502060103287
2026-09-17 11:24:04 - 处理target成功：amazon_uk_tuto 176662437341836
2026-09-17 11:24:04 - 处理target成功：amazon_uk_tuto 139810330620241
2026-09-17 11:24:04 - 处理target成功：amazon_uk_tuto 64744020562179
2026-09-17 11:24:04 - 处理target成功：amazon_uk_tuto 178265558872942
2026-09-17 11:24:04 - 处理target成功：amazon_uk_tuto 99529928246414
2026-09-17 11:24:04 - 处理target成功：amazon_uk_tuto 38413186664276
2026-09-17 11:24:04 - 处理target成功：amazon_uk_tuto 17869258849371
2026-09-17 11:24:04 - 处理target成功：amazon_uk_tuto 241818696657920
2026-09-17 11:24:04 - 处理target成功：amazon_uk_tuto 235668187172681
2026-09-17 11:24:04 - 处理target成功：amazon_uk_tuto 189254263271506
2026-09-17 11:24:04 - 处理target成功：amazon_uk_tuto 34835956444329
2026-09-17 11:24:04 - 处理target成功：amazon_uk_tuto 258412259900596
2026-09-17 11:24:04 - 处理target成功：amazon_uk_tuto 12898845496821
2026-09-17 11:24:04 - 处理target成功：amazon_uk_tuto 190849180529439
2026-09-17 11:24:04 - 处理target成功：amazon_uk_tuto 180613608942635
2026-09-17 11:24:04 - 处理target成功：amazon_uk_tuto 254970835877038
2026-09-17 11:24:04 - 处理target成功：amazon_uk_tuto 163078128067171
2026-09-17 11:24:04 - 处理target成功：amazon_uk_tuto 165546098814609
2026-09-17 11:24:04 - 处理target成功：amazon_uk_tuto 241962742741987
2026-09-17 11:24:04 - 处理target成功：amazon_uk_tuto 254844046193105
2026-09-17 11:24:04 - 处理target成功：amazon_uk_tuto 96566730099645
2026-09-17 11:24:04 - 处理target成功：amazon_uk_tuto 157808710221391
2026-09-17 11:24:04 - 处理target成功：amazon_uk_tuto 213115155497611
2026-09-17 11:24:04 - 处理target成功：amazon_uk_tuto 159644970349391
2026-09-17 11:24:04 - 处理target成功：amazon_uk_tuto 8551189038196
2026-09-17 11:24:04 - 处理target成功：amazon_uk_tuto 6907844625063
2026-09-17 11:24:04 - 处理target成功：amazon_uk_tuto 121078117945822
2026-09-17 11:24:04 - 处理target成功：amazon_uk_tuto 58829055951259
2026-09-17 11:24:05 - batchMongoUpdateTarget：共1条，成功1条，失败0条
2026-09-17 11:24:05 - batchMongoUpdateTarget：共1条，成功1条，失败0条
2026-09-17 11:24:08 - {"status":"success","message":"success","data":[{"keywordId":285526962692557,"code":"SUCCESS"},{"keywordId":324439061182049,"code":"SUCCESS"},{"keywordId":552405899110304,"code":"SUCCESS"},{"keywordId":458922162718141,"code":"SUCCESS"}]}
2026-09-17 11:24:08 - 处理keyword成功：amazon_ca_ac1 285526962692557
2026-09-17 11:24:08 - 处理keyword成功：amazon_ca_ac1 324439061182049
2026-09-17 11:24:08 - 处理keyword成功：amazon_ca_ac1 552405899110304
2026-09-17 11:24:08 - 处理keyword成功：amazon_ca_ac1 458922162718141
2026-09-17 11:24:10 - {"status":"success","message":"success","data":[{"targetId":197146214341277,"value":"","code":"SUCCESS"},{"targetId":373052676669706,"value":"","code":"SUCCESS"},{"targetId":327968504524919,"value":"","code":"SUCCESS"},{"targetId":463256980390216,"value":"","code":"SUCCESS"},{"targetId":410449922451505,"value":"","code":"SUCCESS"},{"targetId":388544601659331,"value":"","code":"SUCCESS"},{"targetId":298429950488570,"value":"","code":"SUCCESS"},{"targetId":483987464411809,"value":"","code":"SUCCESS"},{"targetId":516333988489048,"value":"","code":"SUCCESS"},{"targetId":542889852891715,"value":"","code":"SUCCESS"},{"targetId":498854713150506,"value":"","code":"SUCCESS"},{"targetId":463227669181974,"value":"","code":"SUCCESS"},{"targetId":520958719343944,"value":"","code":"SUCCESS"},{"targetId":509375240029080,"value":"","code":"SUCCESS"},{"targetId":368655491897089,"value":"","code":"SUCCESS"},{"targetId":560446114165623,"value":"","code":"SUCCESS"},{"targetId":424518708126811,"value":"","code":"SUCCESS"},{"targetId":465766007558860,"value":"","code":"SUCCESS"},{"targetId":326189135339035,"value":"","code":"SUCCESS"},{"targetId":483245603787242,"value":"","code":"SUCCESS"},{"targetId":310349480692864,"value":"","code":"SUCCESS"},{"targetId":490554876047493,"value":"","code":"SUCCESS"},{"targetId":303126710393029,"value":"","code":"SUCCESS"},{"targetId":316358574926697,"value":"","code":"SUCCESS"},{"targetId":303156663176935,"value":"","code":"SUCCESS"},{"targetId":528374713020535,"value":"","code":"SUCCESS"},{"targetId":397266680757192,"value":"","code":"SUCCESS"},{"targetId":495721971553203,"value":"","code":"SUCCESS"},{"targetId":560015087789276,"value":"","code":"SUCCESS"},{"targetId":418263762140572,"value":"","code":"SUCCESS"},{"targetId":391647142467572,"value":"","code":"SUCCESS"},{"targetId":407810469422071,"value":"","code":"SUCCESS"},{"targetId":442035256844173,"value":"","code":"SUCCESS"},{"targetId":531699843088289,"value":"","code":"SUCCESS"},{"targetId":410390373767625,"value":"","code":"SUCCESS"},{"targetId":435240342060304,"value":"","code":"SUCCESS"},{"targetId":395448914918457,"value":"","code":"SUCCESS"},{"targetId":432214640613920,"value":"","code":"SUCCESS"},{"targetId":315180770893698,"value":"","code":"SUCCESS"},{"targetId":478262068657358,"value":"","code":"SUCCESS"},{"targetId":340134953593554,"value":"","code":"SUCCESS"},{"targetId":305790200944190,"value":"","code":"SUCCESS"},{"targetId":309359499796181,"value":"","code":"SUCCESS"},{"targetId":469575190043159,"value":"","code":"SUCCESS"}]}
2026-09-17 11:24:10 - 处理target成功：amazon_ca_ac1 197146214341277
2026-09-17 11:24:10 - 处理target成功：amazon_ca_ac1 373052676669706
2026-09-17 11:24:10 - 处理target成功：amazon_ca_ac1 327968504524919
2026-09-17 11:24:10 - 处理target成功：amazon_ca_ac1 463256980390216
2026-09-17 11:24:10 - 处理target成功：amazon_ca_ac1 410449922451505
2026-09-17 11:24:10 - 处理target成功：amazon_ca_ac1 388544601659331
2026-09-17 11:24:10 - 处理target成功：amazon_ca_ac1 298429950488570
2026-09-17 11:24:10 - 处理target成功：amazon_ca_ac1 483987464411809
2026-09-17 11:24:10 - 处理target成功：amazon_ca_ac1 516333988489048
2026-09-17 11:24:11 - 处理target成功：amazon_ca_ac1 542889852891715
2026-09-17 11:24:11 - 处理target成功：amazon_ca_ac1 498854713150506
2026-09-17 11:24:11 - 处理target成功：amazon_ca_ac1 463227669181974
2026-09-17 11:24:11 - 处理target成功：amazon_ca_ac1 520958719343944
2026-09-17 11:24:11 - 处理target成功：amazon_ca_ac1 509375240029080
2026-09-17 11:24:11 - 处理target成功：amazon_ca_ac1 368655491897089
2026-09-17 11:24:11 - 处理target成功：amazon_ca_ac1 560446114165623
2026-09-17 11:24:11 - 处理target成功：amazon_ca_ac1 424518708126811
2026-09-17 11:24:11 - 处理target成功：amazon_ca_ac1 465766007558860
2026-09-17 11:24:11 - 处理target成功：amazon_ca_ac1 326189135339035
2026-09-17 11:24:11 - 处理target成功：amazon_ca_ac1 483245603787242
2026-09-17 11:24:11 - 处理target成功：amazon_ca_ac1 310349480692864
2026-09-17 11:24:11 - 处理target成功：amazon_ca_ac1 490554876047493
2026-09-17 11:24:11 - 处理target成功：amazon_ca_ac1 303126710393029
2026-09-17 11:24:11 - 处理target成功：amazon_ca_ac1 316358574926697
2026-09-17 11:24:11 - 处理target成功：amazon_ca_ac1 303156663176935
2026-09-17 11:24:11 - 处理target成功：amazon_ca_ac1 528374713020535
2026-09-17 11:24:11 - 处理target成功：amazon_ca_ac1 397266680757192
2026-09-17 11:24:11 - 处理target成功：amazon_ca_ac1 495721971553203
2026-09-17 11:24:11 - 处理target成功：amazon_ca_ac1 560015087789276
2026-09-17 11:24:11 - 处理target成功：amazon_ca_ac1 418263762140572
2026-09-17 11:24:11 - 处理target成功：amazon_ca_ac1 391647142467572
2026-09-17 11:24:11 - 处理target成功：amazon_ca_ac1 407810469422071
2026-09-17 11:24:11 - 处理target成功：amazon_ca_ac1 442035256844173
2026-09-17 11:24:11 - 处理target成功：amazon_ca_ac1 531699843088289
2026-09-17 11:24:11 - 处理target成功：amazon_ca_ac1 410390373767625
2026-09-17 11:24:11 - 处理target成功：amazon_ca_ac1 435240342060304
2026-09-17 11:24:11 - 处理target成功：amazon_ca_ac1 395448914918457
2026-09-17 11:24:11 - 处理target成功：amazon_ca_ac1 432214640613920
2026-09-17 11:24:11 - 处理target成功：amazon_ca_ac1 315180770893698
2026-09-17 11:24:11 - 处理target成功：amazon_ca_ac1 478262068657358
2026-09-17 11:24:11 - 处理target成功：amazon_ca_ac1 340134953593554
2026-09-17 11:24:11 - 处理target成功：amazon_ca_ac1 305790200944190
2026-09-17 11:24:11 - 处理target成功：amazon_ca_ac1 309359499796181
2026-09-17 11:24:11 - 处理target成功：amazon_ca_ac1 469575190043159
2026-09-17 11:24:11 - batchMongoUpdateTarget：共1条，成功1条，失败0条
2026-09-17 11:24:11 - batchMongoUpdateTarget：共1条，成功1条，失败0条
2026-09-17 11:24:19 - {"status":"success","message":"success","data":[{"targetId":334662399422562,"value":"","code":"SUCCESS"},{"targetId":300084940054674,"value":"","code":"SUCCESS"},{"targetId":531676260432603,"value":"","code":"SUCCESS"},{"targetId":308936178542530,"value":"","code":"SUCCESS"},{"targetId":477983615536392,"value":"","code":"SUCCESS"},{"targetId":371958034244583,"value":"","code":"SUCCESS"},{"targetId":449896609985044,"value":"","code":"SUCCESS"},{"targetId":409861364660747,"value":"","code":"SUCCESS"},{"targetId":529355388889989,"value":"","code":"SUCCESS"},{"targetId":485688555061104,"value":"","code":"SUCCESS"},{"targetId":446481729823978,"value":"","code":"SUCCESS"},{"targetId":513747714452423,"value":"","code":"SUCCESS"},{"targetId":530923239294382,"value":"","code":"SUCCESS"},{"targetId":519196024769504,"value":"","code":"SUCCESS"},{"targetId":517799685526771,"value":"","code":"SUCCESS"},{"targetId":462622711353876,"value":"","code":"SUCCESS"},{"targetId":528589676124536,"value":"","code":"SUCCESS"},{"targetId":413220589792655,"value":"","code":"SUCCESS"},{"targetId":427382008168951,"value":"","code":"SUCCESS"},{"targetId":306617076759307,"value":"","code":"SUCCESS"},{"targetId":439987281312276,"value":"","code":"SUCCESS"}]}
2026-09-17 11:24:19 - 处理target成功：amazon_ca_find 334662399422562
2026-09-17 11:24:19 - 处理target成功：amazon_ca_find 300084940054674
2026-09-17 11:24:19 - 处理target成功：amazon_ca_find 531676260432603
2026-09-17 11:24:19 - 处理target成功：amazon_ca_find 308936178542530
2026-09-17 11:24:19 - 处理target成功：amazon_ca_find 477983615536392
2026-09-17 11:24:19 - 处理target成功：amazon_ca_find 371958034244583
2026-09-17 11:24:19 - 处理target成功：amazon_ca_find 449896609985044
2026-09-17 11:24:19 - 处理target成功：amazon_ca_find 409861364660747
2026-09-17 11:24:19 - 处理target成功：amazon_ca_find 529355388889989
2026-09-17 11:24:19 - 处理target成功：amazon_ca_find 485688555061104
2026-09-17 11:24:19 - 处理target成功：amazon_ca_find 446481729823978
2026-09-17 11:24:19 - 处理target成功：amazon_ca_find 513747714452423
2026-09-17 11:24:19 - 处理target成功：amazon_ca_find 530923239294382
2026-09-17 11:24:19 - 处理target成功：amazon_ca_find 519196024769504
2026-09-17 11:24:19 - 处理target成功：amazon_ca_find 517799685526771
2026-09-17 11:24:19 - 处理target成功：amazon_ca_find 462622711353876
2026-09-17 11:24:19 - 处理target成功：amazon_ca_find 528589676124536
2026-09-17 11:24:19 - 处理target成功：amazon_ca_find 413220589792655
2026-09-17 11:24:19 - 处理target成功：amazon_ca_find 427382008168951
2026-09-17 11:24:19 - 处理target成功：amazon_ca_find 306617076759307
2026-09-17 11:24:19 - 处理target成功：amazon_ca_find 439987281312276
2026-09-17 11:24:22 - {"status":"success","message":"success","data":[{"keywordId":315316288724834,"code":"SUCCESS"},{"keywordId":255330400179488,"code":"SUCCESS"},{"keywordId":374921991544373,"code":"SUCCESS"},{"keywordId":116185826720558,"code":"SUCCESS"}]}
2026-09-17 11:24:22 - 处理keyword成功：amazon_us_hope 315316288724834
2026-09-17 11:24:22 - 处理keyword成功：amazon_us_hope 255330400179488
2026-09-17 11:24:22 - 处理keyword成功：amazon_us_hope 374921991544373
2026-09-17 11:24:22 - 处理keyword成功：amazon_us_hope 116185826720558
2026-09-17 11:24:22 - batchMongoUpdateKeyword：共3条，成功3条，失败0条
2026-09-17 11:24:25 - {"status":"success","message":"success","data":[{"targetId":498920980167175,"value":"","code":"SUCCESS"},{"targetId":305730733357572,"value":"","code":"SUCCESS"},{"targetId":414710305798997,"value":"","code":"SUCCESS"},{"targetId":541351203529019,"value":"","code":"SUCCESS"},{"targetId":519857476252006,"value":"","code":"SUCCESS"},{"targetId":525089424145058,"value":"","code":"SUCCESS"},{"targetId":414318060172225,"value":"","code":"SUCCESS"},{"targetId":366190781460596,"value":"","code":"SUCCESS"},{"targetId":409288727242737,"value":"","code":"SUCCESS"},{"targetId":334108190890947,"value":"","code":"SUCCESS"},{"targetId":405687444224596,"value":"","code":"SUCCESS"},{"targetId":305762809191491,"value":"","code":"SUCCESS"},{"targetId":424946559499759,"value":"","code":"SUCCESS"},{"targetId":560691865453283,"value":"","code":"SUCCESS"},{"targetId":302614555165144,"value":"","code":"SUCCESS"},{"targetId":432545936480634,"value":"","code":"SUCCESS"},{"targetId":494155807904993,"value":"","code":"SUCCESS"},{"targetId":329673546622004,"value":"","code":"SUCCESS"}]}
2026-09-17 11:24:25 - 处理target成功：amazon_us_hope 498920980167175
2026-09-17 11:24:25 - 处理target成功：amazon_us_hope 305730733357572
2026-09-17 11:24:25 - 处理target成功：amazon_us_hope 414710305798997
2026-09-17 11:24:25 - 处理target成功：amazon_us_hope 541351203529019
2026-09-17 11:24:25 - 处理target成功：amazon_us_hope 519857476252006
2026-09-17 11:24:25 - 处理target成功：amazon_us_hope 525089424145058
2026-09-17 11:24:25 - 处理target成功：amazon_us_hope 414318060172225
2026-09-17 11:24:25 - 处理target成功：amazon_us_hope 366190781460596
2026-09-17 11:24:25 - 处理target成功：amazon_us_hope 409288727242737
2026-09-17 11:24:25 - 处理target成功：amazon_us_hope 334108190890947
2026-09-17 11:24:25 - 处理target成功：amazon_us_hope 405687444224596
2026-09-17 11:24:25 - 处理target成功：amazon_us_hope 305762809191491
2026-09-17 11:24:25 - 处理target成功：amazon_us_hope 424946559499759
2026-09-17 11:24:25 - 处理target成功：amazon_us_hope 560691865453283
2026-09-17 11:24:25 - 处理target成功：amazon_us_hope 302614555165144
2026-09-17 11:24:25 - 处理target成功：amazon_us_hope 432545936480634
2026-09-17 11:24:25 - 处理target成功：amazon_us_hope 494155807904993
2026-09-17 11:24:25 - 处理target成功：amazon_us_hope 329673546622004
2026-09-17 11:24:28 - {"status":"success","message":"success","data":[{"keywordId":77434573305523,"code":"SUCCESS"},{"keywordId":241138054788641,"code":"SUCCESS"},{"keywordId":221059617621377,"code":"SUCCESS"},{"keywordId":107011287022382,"code":"SUCCESS"},{"keywordId":492844461939185,"code":"SUCCESS"}]}
2026-09-17 11:24:28 - 处理keyword成功：amazon_ca_hope 77434573305523
2026-09-17 11:24:28 - 处理keyword成功：amazon_ca_hope 241138054788641
2026-09-17 11:24:28 - 处理keyword成功：amazon_ca_hope 221059617621377
2026-09-17 11:24:28 - 处理keyword成功：amazon_ca_hope 107011287022382
2026-09-17 11:24:28 - 处理keyword成功：amazon_ca_hope 492844461939185
2026-09-17 11:24:28 - batchMongoUpdateKeyword：共3条，成功3条，失败0条
2026-09-17 11:24:29 - batchMongoUpdateKeyword：共1条，成功1条，失败0条
2026-09-17 11:24:31 - {"status":"success","message":"success","data":[{"targetId":547072305597725,"value":"","code":"SUCCESS"},{"targetId":398245791618258,"value":"","code":"SUCCESS"}]}
2026-09-17 11:24:31 - 处理target成功：amazon_ca_hope 547072305597725
2026-09-17 11:24:31 - 处理target成功：amazon_ca_hope 398245791618258
2026-09-17 11:24:33 - {"status":"success","message":"success","data":[{"keywordId":400817971232661,"code":"SUCCESS"},{"keywordId":495560910059294,"code":"SUCCESS"},{"keywordId":439707100186740,"code":"SUCCESS"},{"keywordId":46485998356847,"code":"SUCCESS"}]}
2026-09-17 11:24:33 - 处理keyword成功：amazon_us_tuc 400817971232661
2026-09-17 11:24:33 - 处理keyword成功：amazon_us_tuc 495560910059294
2026-09-17 11:24:33 - 处理keyword成功：amazon_us_tuc 439707100186740
2026-09-17 11:24:33 - 处理keyword成功：amazon_us_tuc 46485998356847
2026-09-17 11:24:33 - batchMongoUpdateKeyword：共2条，成功2条，失败0条
2026-09-17 11:24:38 - {"status":"success","message":"success","data":[{"targetId":549589897074492,"value":"","code":"SUCCESS"},{"targetId":306603635577179,"value":"","code":"SUCCESS"},{"targetId":542689630598621,"value":"","code":"SUCCESS"},{"targetId":404012503697558,"value":"","code":"SUCCESS"},{"targetId":522281973445352,"value":"","code":"SUCCESS"},{"targetId":524518855504686,"value":"","code":"SUCCESS"},{"targetId":327785744945350,"value":"","code":"SUCCESS"},{"targetId":432211518278924,"value":"","code":"SUCCESS"},{"targetId":386668113021332,"value":"","code":"SUCCESS"},{"targetId":319684856368117,"value":"","code":"SUCCESS"},{"targetId":422448288558513,"value":"","code":"SUCCESS"},{"targetId":521384327776286,"value":"","code":"SUCCESS"},{"targetId":489065391747480,"value":"","code":"SUCCESS"},{"targetId":523811141397539,"value":"","code":"SUCCESS"},{"targetId":464734996370964,"value":"","code":"SUCCESS"},{"targetId":428246681954289,"value":"","code":"SUCCESS"},{"targetId":373521985626682,"value":"","code":"SUCCESS"},{"targetId":359036673863201,"value":"","code":"SUCCESS"},{"targetId":328442113656554,"value":"","code":"SUCCESS"},{"targetId":311803921545378,"value":"","code":"SUCCESS"},{"targetId":338336290753241,"value":"","code":"SUCCESS"},{"targetId":471990314598128,"value":"","code":"SUCCESS"},{"targetId":500794807156730,"value":"","code":"SUCCESS"},{"targetId":413199010435225,"value":"","code":"SUCCESS"},{"targetId":502514246629619,"value":"","code":"SUCCESS"}]}
2026-09-17 11:24:38 - 处理target成功：amazon_us_tuc 549589897074492
2026-09-17 11:24:38 - 处理target成功：amazon_us_tuc 306603635577179
2026-09-17 11:24:38 - 处理target成功：amazon_us_tuc 542689630598621
2026-09-17 11:24:38 - 处理target成功：amazon_us_tuc 404012503697558
2026-09-17 11:24:38 - 处理target成功：amazon_us_tuc 522281973445352
2026-09-17 11:24:38 - 处理target成功：amazon_us_tuc 524518855504686
2026-09-17 11:24:38 - 处理target成功：amazon_us_tuc 327785744945350
2026-09-17 11:24:38 - 处理target成功：amazon_us_tuc 432211518278924
2026-09-17 11:24:38 - 处理target成功：amazon_us_tuc 386668113021332
2026-09-17 11:24:38 - 处理target成功：amazon_us_tuc 319684856368117
2026-09-17 11:24:38 - 处理target成功：amazon_us_tuc 422448288558513
2026-09-17 11:24:38 - 处理target成功：amazon_us_tuc 521384327776286
2026-09-17 11:24:38 - 处理target成功：amazon_us_tuc 489065391747480
2026-09-17 11:24:38 - 处理target成功：amazon_us_tuc 523811141397539
2026-09-17 11:24:38 - 处理target成功：amazon_us_tuc 464734996370964
2026-09-17 11:24:38 - 处理target成功：amazon_us_tuc 428246681954289
2026-09-17 11:24:38 - 处理target成功：amazon_us_tuc 373521985626682
2026-09-17 11:24:38 - 处理target成功：amazon_us_tuc 359036673863201
2026-09-17 11:24:38 - 处理target成功：amazon_us_tuc 328442113656554
2026-09-17 11:24:38 - 处理target成功：amazon_us_tuc 311803921545378
2026-09-17 11:24:38 - 处理target成功：amazon_us_tuc 338336290753241
2026-09-17 11:24:38 - 处理target成功：amazon_us_tuc 471990314598128
2026-09-17 11:24:38 - 处理target成功：amazon_us_tuc 500794807156730
2026-09-17 11:24:38 - 处理target成功：amazon_us_tuc 413199010435225
2026-09-17 11:24:38 - 处理target成功：amazon_us_tuc 502514246629619
2026-09-17 11:24:38 - batchMongoUpdateTarget：共1条，成功1条，失败0条
2026-09-17 11:24:41 - {"status":"success","message":"success","data":[{"keywordId":285692845677527,"code":"SUCCESS"},{"keywordId":160841746033204,"code":"SUCCESS"}]}
2026-09-17 11:24:41 - 处理keyword成功：amazon_us_swi 285692845677527
2026-09-17 11:24:41 - 处理keyword成功：amazon_us_swi 160841746033204
2026-09-17 11:24:41 - batchMongoUpdateKeyword：共2条，成功2条，失败0条
2026-09-17 11:24:47 - {"status":"success","message":"success","data":[{"targetId":424745713795146,"value":"","code":"SUCCESS"},{"targetId":487773050618122,"value":"","code":"SUCCESS"},{"targetId":429445633422331,"value":"","code":"SUCCESS"},{"targetId":285937105011296,"value":"","code":"SUCCESS"}]}
2026-09-17 11:24:47 - 处理target成功：amazon_us_swi 424745713795146
2026-09-17 11:24:47 - 处理target成功：amazon_us_swi 487773050618122
2026-09-17 11:24:47 - 处理target成功：amazon_us_swi 429445633422331
2026-09-17 11:24:47 - 处理target成功：amazon_us_swi 285937105011296
2026-09-17 11:24:50 - {"status":"success","message":"success","data":[{"targetId":352755256941546,"value":"","code":"SUCCESS"},{"targetId":357652695945921,"value":"","code":"SUCCESS"},{"targetId":447969037968595,"value":"","code":"SUCCESS"},{"targetId":446938290095761,"value":"","code":"SUCCESS"},{"targetId":437840184965271,"value":"","code":"SUCCESS"},{"targetId":414469363151057,"value":"","code":"SUCCESS"},{"targetId":438588716213788,"value":"","code":"SUCCESS"}]}
2026-09-17 11:24:50 - 处理target成功：amazon_ca_hero 352755256941546
2026-09-17 11:24:50 - 处理target成功：amazon_ca_hero 357652695945921
2026-09-17 11:24:50 - 处理target成功：amazon_ca_hero 447969037968595
2026-09-17 11:24:50 - 处理target成功：amazon_ca_hero 446938290095761
2026-09-17 11:24:50 - 处理target成功：amazon_ca_hero 437840184965271
2026-09-17 11:24:50 - 处理target成功：amazon_ca_hero 414469363151057
2026-09-17 11:24:50 - 处理target成功：amazon_ca_hero 438588716213788
2026-09-17 11:24:54 - {"status":"success","message":"success","data":[{"keywordId":181615587358277,"code":"SUCCESS"},{"keywordId":149914243200081,"code":"SUCCESS"},{"keywordId":21030554614049,"code":"SUCCESS"},{"keywordId":478493071081499,"code":"SUCCESS"}]}
2026-09-17 11:24:54 - 处理keyword成功：amazon_ca_piccocasa 181615587358277
2026-09-17 11:24:54 - 处理keyword成功：amazon_ca_piccocasa 149914243200081
2026-09-17 11:24:54 - 处理keyword成功：amazon_ca_piccocasa 21030554614049
2026-09-17 11:24:54 - 处理keyword成功：amazon_ca_piccocasa 478493071081499
2026-09-17 11:24:54 - batchMongoUpdateKeyword：共1条，成功1条，失败0条
2026-09-17 11:24:54 - batchMongoUpdateKeyword：共3条，成功3条，失败0条
2026-09-17 11:24:58 - {"status":"success","message":"success","data":[{"targetId":449390235436169,"value":"","code":"SUCCESS"},{"targetId":406521645146895,"value":"","code":"SUCCESS"},{"targetId":358024781879103,"value":"","code":"SUCCESS"},{"targetId":355360971855495,"value":"","code":"SUCCESS"},{"targetId":501621254272264,"value":"","code":"SUCCESS"},{"targetId":349515524823557,"value":"","code":"SUCCESS"},{"targetId":332613224617927,"value":"","code":"SUCCESS"},{"targetId":317836787385935,"value":"","code":"SUCCESS"},{"targetId":369787154936644,"value":"","code":"SUCCESS"},{"targetId":515960648933630,"value":"","code":"SUCCESS"},{"targetId":418393965757392,"value":"","code":"SUCCESS"},{"targetId":383021555675017,"value":"","code":"SUCCESS"},{"targetId":425278548972285,"value":"","code":"SUCCESS"},{"targetId":360701742216139,"value":"","code":"SUCCESS"},{"targetId":368086267351449,"value":"","code":"SUCCESS"},{"targetId":347500385659499,"value":"","code":"SUCCESS"},{"targetId":535199651865729,"value":"","code":"SUCCESS"},{"targetId":316461506679303,"value":"","code":"SUCCESS"},{"targetId":471919114426213,"value":"","code":"SUCCESS"},{"targetId":372279522173684,"value":"","code":"SUCCESS"},{"targetId":476262634462889,"value":"","code":"SUCCESS"},{"targetId":540283218196978,"value":"","code":"SUCCESS"},{"targetId":496422243604832,"value":"","code":"SUCCESS"},{"targetId":453858811454023,"value":"","code":"SUCCESS"},{"targetId":313474771792254,"value":"","code":"SUCCESS"},{"targetId":397383519264765,"value":"","code":"SUCCESS"},{"targetId":304174533238038,"value":"","code":"SUCCESS"},{"targetId":299898663590139,"value":"","code":"SUCCESS"},{"targetId":415412927167639,"value":"","code":"SUCCESS"},{"targetId":491234662756952,"value":"","code":"SUCCESS"},{"targetId":398289231006877,"value":"","code":"SUCCESS"},{"targetId":370930913394428,"value":"","code":"SUCCESS"}]}
2026-09-17 11:24:58 - 处理target成功：amazon_ca_piccocasa 449390235436169
2026-09-17 11:24:58 - 处理target成功：amazon_ca_piccocasa 406521645146895
2026-09-17 11:24:58 - 处理target成功：amazon_ca_piccocasa 358024781879103
2026-09-17 11:24:58 - 处理target成功：amazon_ca_piccocasa 355360971855495
2026-09-17 11:24:58 - 处理target成功：amazon_ca_piccocasa 501621254272264
2026-09-17 11:24:58 - 处理target成功：amazon_ca_piccocasa 349515524823557
2026-09-17 11:24:58 - 处理target成功：amazon_ca_piccocasa 332613224617927
2026-09-17 11:24:58 - 处理target成功：amazon_ca_piccocasa 317836787385935
2026-09-17 11:24:58 - 处理target成功：amazon_ca_piccocasa 369787154936644
2026-09-17 11:24:58 - 处理target成功：amazon_ca_piccocasa 515960648933630
2026-09-17 11:24:58 - 处理target成功：amazon_ca_piccocasa 418393965757392
2026-09-17 11:24:58 - 处理target成功：amazon_ca_piccocasa 383021555675017
2026-09-17 11:24:58 - 处理target成功：amazon_ca_piccocasa 425278548972285
2026-09-17 11:24:58 - 处理target成功：amazon_ca_piccocasa 360701742216139
2026-09-17 11:24:58 - 处理target成功：amazon_ca_piccocasa 368086267351449
2026-09-17 11:24:58 - 处理target成功：amazon_ca_piccocasa 347500385659499
2026-09-17 11:24:58 - 处理target成功：amazon_ca_piccocasa 535199651865729
2026-09-17 11:24:58 - 处理target成功：amazon_ca_piccocasa 316461506679303
2026-09-17 11:24:58 - 处理target成功：amazon_ca_piccocasa 471919114426213
2026-09-17 11:24:58 - 处理target成功：amazon_ca_piccocasa 372279522173684
2026-09-17 11:24:58 - 处理target成功：amazon_ca_piccocasa 476262634462889
2026-09-17 11:24:58 - 处理target成功：amazon_ca_piccocasa 540283218196978
2026-09-17 11:24:58 - 处理target成功：amazon_ca_piccocasa 496422243604832
2026-09-17 11:24:58 - 处理target成功：amazon_ca_piccocasa 453858811454023
2026-09-17 11:24:58 - 处理target成功：amazon_ca_piccocasa 313474771792254
2026-09-17 11:24:58 - 处理target成功：amazon_ca_piccocasa 397383519264765
2026-09-17 11:24:58 - 处理target成功：amazon_ca_piccocasa 304174533238038
2026-09-17 11:24:58 - 处理target成功：amazon_ca_piccocasa 299898663590139
2026-09-17 11:24:58 - 处理target成功：amazon_ca_piccocasa 415412927167639
2026-09-17 11:24:58 - 处理target成功：amazon_ca_piccocasa 491234662756952
2026-09-17 11:24:58 - 处理target成功：amazon_ca_piccocasa 398289231006877
2026-09-17 11:24:58 - 处理target成功：amazon_ca_piccocasa 370930913394428
2026-09-17 11:24:58 - batchMongoUpdateTarget：共3条，成功3条，失败0条
2026-09-17 11:25:03 - {"status":"success","message":"success","data":[{"targetId":448770386233776,"value":"","code":"SUCCESS"},{"targetId":292917365464711,"value":"","code":"SUCCESS"},{"targetId":467612291961867,"value":"","code":"SUCCESS"},{"targetId":294191883006684,"value":"","code":"SUCCESS"},{"targetId":320423852022570,"value":"","code":"SUCCESS"},{"targetId":465134577614543,"value":"","code":"SUCCESS"},{"targetId":545964336386427,"value":"","code":"SUCCESS"},{"targetId":545220013626559,"value":"","code":"SUCCESS"},{"targetId":318919432080010,"value":"","code":"SUCCESS"},{"targetId":365902921843118,"value":"","code":"SUCCESS"},{"targetId":294111769830565,"value":"","code":"SUCCESS"},{"targetId":545633739300503,"value":"","code":"SUCCESS"}]}
2026-09-17 11:25:03 - 处理target成功：amazon_ca_ifn 448770386233776
2026-09-17 11:25:03 - 处理target成功：amazon_ca_ifn 292917365464711
2026-09-17 11:25:03 - 处理target成功：amazon_ca_ifn 467612291961867
2026-09-17 11:25:03 - 处理target成功：amazon_ca_ifn 294191883006684
2026-09-17 11:25:03 - 处理target成功：amazon_ca_ifn 320423852022570
2026-09-17 11:25:03 - 处理target成功：amazon_ca_ifn 465134577614543
2026-09-17 11:25:03 - 处理target成功：amazon_ca_ifn 545964336386427
2026-09-17 11:25:03 - 处理target成功：amazon_ca_ifn 545220013626559
2026-09-17 11:25:03 - 处理target成功：amazon_ca_ifn 318919432080010
2026-09-17 11:25:03 - 处理target成功：amazon_ca_ifn 365902921843118
2026-09-17 11:25:03 - 处理target成功：amazon_ca_ifn 294111769830565
2026-09-17 11:25:03 - 处理target成功：amazon_ca_ifn 545633739300503
2026-09-17 11:25:05 - {"status":"success","message":"success","data":[{"keywordId":83191458823193,"code":"SUCCESS"}]}
2026-09-17 11:25:05 - 处理keyword成功：amazon_ca_tuc 83191458823193
2026-09-17 11:25:05 - batchMongoUpdateKeyword：共1条，成功1条，失败0条
2026-09-17 11:25:08 - {"status":"success","message":"success","data":[{"targetId":430003901520354,"value":"","code":"SUCCESS"},{"targetId":436905939065554,"value":"","code":"SUCCESS"},{"targetId":305371964846429,"value":"","code":"SUCCESS"},{"targetId":505077845834233,"value":"","code":"SUCCESS"},{"targetId":525912517203658,"value":"","code":"SUCCESS"},{"targetId":489124302229274,"value":"","code":"SUCCESS"},{"targetId":370948486634720,"value":"","code":"SUCCESS"},{"targetId":349995839806469,"value":"","code":"SUCCESS"}]}
2026-09-17 11:25:08 - 处理target成功：amazon_ca_tuc 430003901520354
2026-09-17 11:25:08 - 处理target成功：amazon_ca_tuc 436905939065554
2026-09-17 11:25:08 - 处理target成功：amazon_ca_tuc 305371964846429
2026-09-17 11:25:08 - 处理target成功：amazon_ca_tuc 505077845834233
2026-09-17 11:25:08 - 处理target成功：amazon_ca_tuc 525912517203658
2026-09-17 11:25:08 - 处理target成功：amazon_ca_tuc 489124302229274
2026-09-17 11:25:08 - 处理target成功：amazon_ca_tuc 370948486634720
2026-09-17 11:25:08 - 处理target成功：amazon_ca_tuc 349995839806469
2026-09-17 11:25:13 - {"status":"success","message":"success","data":[{"keywordId":69307704021958,"code":"SUCCESS"}]}
2026-09-17 11:25:13 - 处理keyword成功：amazon_us_kilo 69307704021958
2026-09-17 11:25:13 - batchMongoUpdateKeyword：共1条，成功1条，失败0条
2026-09-17 11:25:16 - {"status":"success","message":"success","data":[{"targetId":356516671861027,"value":"","code":"SUCCESS"}]}
2026-09-17 11:25:16 - 处理target成功：amazon_us_kilo 356516671861027
2026-09-17 11:25:18 - {"status":"success","message":"success","data":[{"keywordId":149971811074644,"code":"SUCCESS"},{"keywordId":194330909660469,"code":"SUCCESS"},{"keywordId":409872803412038,"code":"SUCCESS"},{"keywordId":445372094386227,"code":"SUCCESS"},{"keywordId":470238553826740,"code":"SUCCESS"},{"keywordId":526694357624845,"code":"SUCCESS"},{"keywordId":104585382164461,"code":"SUCCESS"},{"keywordId":305482669828793,"code":"SUCCESS"},{"keywordId":76324990120282,"code":"SUCCESS"},{"keywordId":516701439585800,"code":"SUCCESS"}]}
2026-09-17 11:25:18 - 处理keyword成功：amazon_us_tuto 149971811074644
2026-09-17 11:25:18 - 处理keyword成功：amazon_us_tuto 194330909660469
2026-09-17 11:25:18 - 处理keyword成功：amazon_us_tuto 409872803412038
2026-09-17 11:25:18 - 处理keyword成功：amazon_us_tuto 445372094386227
2026-09-17 11:25:18 - 处理keyword成功：amazon_us_tuto 470238553826740
2026-09-17 11:25:18 - 处理keyword成功：amazon_us_tuto 526694357624845
2026-09-17 11:25:18 - 处理keyword成功：amazon_us_tuto 104585382164461
2026-09-17 11:25:18 - 处理keyword成功：amazon_us_tuto 305482669828793
2026-09-17 11:25:18 - 处理keyword成功：amazon_us_tuto 76324990120282
2026-09-17 11:25:18 - 处理keyword成功：amazon_us_tuto 516701439585800
2026-09-17 11:25:18 - batchMongoUpdateKeyword：共5条，成功5条，失败0条
2026-09-17 11:25:21 - {"status":"success","message":"success","data":[{"targetId":410738064622211,"value":"","code":"SUCCESS"},{"targetId":383117335094314,"value":"","code":"SUCCESS"},{"targetId":351664400530187,"value":"","code":"SUCCESS"},{"targetId":377471563286421,"value":"","code":"SUCCESS"},{"targetId":537442264590565,"value":"","code":"SUCCESS"},{"targetId":488706802038001,"value":"","code":"SUCCESS"},{"targetId":421835286412547,"value":"","code":"SUCCESS"},{"targetId":454242426543271,"value":"","code":"SUCCESS"},{"targetId":405487527129883,"value":"","code":"SUCCESS"},{"targetId":297410647315958,"value":"","code":"SUCCESS"},{"targetId":415326661926533,"value":"","code":"SUCCESS"},{"targetId":431682465432122,"value":"","code":"SUCCESS"},{"targetId":299486277411580,"value":"","code":"SUCCESS"},{"targetId":348909446869154,"value":"","code":"SUCCESS"},{"targetId":432778634455872,"value":"","code":"SUCCESS"},{"targetId":496178521607243,"value":"","code":"SUCCESS"},{"targetId":301432255827848,"value":"","code":"SUCCESS"},{"targetId":393394712074856,"value":"","code":"SUCCESS"},{"targetId":476944926538543,"value":"","code":"SUCCESS"},{"targetId":560198668555322,"value":"","code":"SUCCESS"},{"targetId":486720612960160,"value":"","code":"SUCCESS"},{"targetId":466630393511878,"value":"","code":"SUCCESS"},{"targetId":328218944492894,"value":"","code":"SUCCESS"},{"targetId":340516262363039,"value":"","code":"SUCCESS"},{"targetId":531709718978046,"value":"","code":"SUCCESS"},{"targetId":434966139002830,"value":"","code":"SUCCESS"},{"targetId":428043495270491,"value":"","code":"SUCCESS"},{"targetId":501503893837615,"value":"","code":"SUCCESS"},{"targetId":526564240140131,"value":"","code":"SUCCESS"},{"targetId":379075740157684,"value":"","code":"SUCCESS"},{"targetId":528477833991536,"value":"","code":"SUCCESS"},{"targetId":309903336056539,"value":"","code":"SUCCESS"},{"targetId":499818738986566,"value":"","code":"SUCCESS"}]}
2026-09-17 11:25:21 - 处理target成功：amazon_us_tuto 410738064622211
2026-09-17 11:25:21 - 处理target成功：amazon_us_tuto 383117335094314
2026-09-17 11:25:21 - 处理target成功：amazon_us_tuto 351664400530187
2026-09-17 11:25:21 - 处理target成功：amazon_us_tuto 377471563286421
2026-09-17 11:25:21 - 处理target成功：amazon_us_tuto 537442264590565
2026-09-17 11:25:21 - 处理target成功：amazon_us_tuto 488706802038001
2026-09-17 11:25:21 - 处理target成功：amazon_us_tuto 421835286412547
2026-09-17 11:25:21 - 处理target成功：amazon_us_tuto 454242426543271
2026-09-17 11:25:21 - 处理target成功：amazon_us_tuto 405487527129883
2026-09-17 11:25:21 - 处理target成功：amazon_us_tuto 297410647315958
2026-09-17 11:25:21 - 处理target成功：amazon_us_tuto 415326661926533
2026-09-17 11:25:21 - 处理target成功：amazon_us_tuto 431682465432122
2026-09-17 11:25:21 - 处理target成功：amazon_us_tuto 299486277411580
2026-09-17 11:25:21 - 处理target成功：amazon_us_tuto 348909446869154
2026-09-17 11:25:21 - 处理target成功：amazon_us_tuto 432778634455872
2026-09-17 11:25:21 - 处理target成功：amazon_us_tuto 496178521607243
2026-09-17 11:25:21 - 处理target成功：amazon_us_tuto 301432255827848
2026-09-17 11:25:21 - 处理target成功：amazon_us_tuto 393394712074856
2026-09-17 11:25:21 - 处理target成功：amazon_us_tuto 476944926538543
2026-09-17 11:25:21 - 处理target成功：amazon_us_tuto 560198668555322
2026-09-17 11:25:21 - 处理target成功：amazon_us_tuto 486720612960160
2026-09-17 11:25:21 - 处理target成功：amazon_us_tuto 466630393511878
2026-09-17 11:25:21 - 处理target成功：amazon_us_tuto 328218944492894
2026-09-17 11:25:21 - 处理target成功：amazon_us_tuto 340516262363039
2026-09-17 11:25:21 - 处理target成功：amazon_us_tuto 531709718978046
2026-09-17 11:25:21 - 处理target成功：amazon_us_tuto 434966139002830
2026-09-17 11:25:21 - 处理target成功：amazon_us_tuto 428043495270491
2026-09-17 11:25:21 - 处理target成功：amazon_us_tuto 501503893837615
2026-09-17 11:25:21 - 处理target成功：amazon_us_tuto 526564240140131
2026-09-17 11:25:21 - 处理target成功：amazon_us_tuto 379075740157684
2026-09-17 11:25:21 - 处理target成功：amazon_us_tuto 528477833991536
2026-09-17 11:25:21 - 处理target成功：amazon_us_tuto 309903336056539
2026-09-17 11:25:21 - 处理target成功：amazon_us_tuto 499818738986566
2026-09-17 11:25:21 - batchMongoUpdateTarget：共1条，成功1条，失败0条
2026-09-17 11:25:31 - {"status":"success","message":"success","data":[{"targetId":150255716087857,"value":"","code":"SUCCESS"},{"targetId":29869674764849,"value":"","code":"SUCCESS"},{"targetId":24354976637649,"value":"","code":"SUCCESS"}]}
2026-09-17 11:25:31 - 处理target成功：amazon_uk_hero 150255716087857
2026-09-17 11:25:31 - 处理target成功：amazon_uk_hero 29869674764849
2026-09-17 11:25:31 - 处理target成功：amazon_uk_hero 24354976637649
2026-09-17 11:25:33 - {"status":"success","message":"success","data":[{"keywordId":112751990908869,"code":"SUCCESS"}]}
2026-09-17 11:25:33 - 处理keyword成功：amazon_uk_ifn 112751990908869
2026-09-17 11:25:34 - batchMongoUpdateKeyword：共1条，成功1条，失败0条
2026-09-17 11:25:36 - {"status":"success","message":"success","data":[{"targetId":200834847079836,"value":"","code":"SUCCESS"},{"targetId":193385251388272,"value":"","code":"SUCCESS"},{"targetId":111870418454118,"value":"","code":"SUCCESS"},{"targetId":47245299361256,"value":"","code":"SUCCESS"},{"targetId":68520925579452,"value":"","code":"SUCCESS"},{"targetId":97099384518459,"value":"","code":"SUCCESS"},{"targetId":99847071721942,"value":"","code":"SUCCESS"},{"targetId":272031998245283,"value":"","code":"SUCCESS"},{"targetId":15358326351083,"value":"","code":"SUCCESS"},{"targetId":280044104237675,"value":"","code":"SUCCESS"},{"targetId":236983832468782,"value":"","code":"SUCCESS"},{"targetId":219817444085572,"value":"","code":"SUCCESS"},{"targetId":106093838916143,"value":"","code":"SUCCESS"}]}
2026-09-17 11:25:36 - 处理target成功：amazon_uk_ifn 200834847079836
2026-09-17 11:25:36 - 处理target成功：amazon_uk_ifn 193385251388272
2026-09-17 11:25:36 - 处理target成功：amazon_uk_ifn 111870418454118
2026-09-17 11:25:36 - 处理target成功：amazon_uk_ifn 47245299361256
2026-09-17 11:25:36 - 处理target成功：amazon_uk_ifn 68520925579452
2026-09-17 11:25:36 - 处理target成功：amazon_uk_ifn 97099384518459
2026-09-17 11:25:36 - 处理target成功：amazon_uk_ifn 99847071721942
2026-09-17 11:25:36 - 处理target成功：amazon_uk_ifn 272031998245283
2026-09-17 11:25:36 - 处理target成功：amazon_uk_ifn 15358326351083
2026-09-17 11:25:36 - 处理target成功：amazon_uk_ifn 280044104237675
2026-09-17 11:25:36 - 处理target成功：amazon_uk_ifn 236983832468782
2026-09-17 11:25:36 - 处理target成功：amazon_uk_ifn 219817444085572
2026-09-17 11:25:36 - 处理target成功：amazon_uk_ifn 106093838916143
2026-09-17 11:25:39 - {"status":"success","message":"success","data":[{"keywordId":439677919003970,"code":"SUCCESS"},{"keywordId":424720938217687,"code":"SUCCESS"},{"keywordId":439679390617448,"code":"SUCCESS"},{"keywordId":396335333165531,"code":"SUCCESS"},{"keywordId":235188806557001,"code":"SUCCESS"},{"keywordId":448623365115532,"code":"SUCCESS"},{"keywordId":474573748564842,"code":"SUCCESS"},{"keywordId":539923083661451,"code":"SUCCESS"},{"keywordId":409998722440579,"code":"SUCCESS"},{"keywordId":342124397367657,"code":"SUCCESS"},{"keywordId":456393076015545,"code":"SUCCESS"}]}
2026-09-17 11:25:39 - 处理keyword成功：amazon_us_ac1 439677919003970
2026-09-17 11:25:39 - 处理keyword成功：amazon_us_ac1 424720938217687
2026-09-17 11:25:39 - 处理keyword成功：amazon_us_ac1 439679390617448
2026-09-17 11:25:39 - 处理keyword成功：amazon_us_ac1 396335333165531
2026-09-17 11:25:39 - 处理keyword成功：amazon_us_ac1 235188806557001
2026-09-17 11:25:39 - 处理keyword成功：amazon_us_ac1 448623365115532
2026-09-17 11:25:39 - 处理keyword成功：amazon_us_ac1 474573748564842
2026-09-17 11:25:39 - 处理keyword成功：amazon_us_ac1 539923083661451
2026-09-17 11:25:39 - 处理keyword成功：amazon_us_ac1 409998722440579
2026-09-17 11:25:39 - 处理keyword成功：amazon_us_ac1 342124397367657
2026-09-17 11:25:39 - 处理keyword成功：amazon_us_ac1 456393076015545
2026-09-17 11:25:39 - batchMongoUpdateKeyword：共1条，成功1条，失败0条
2026-09-17 11:25:41 - {"status":"success","message":"success","data":[{"targetId":459485716516370,"value":"","code":"SUCCESS"},{"targetId":424670105880386,"value":"","code":"SUCCESS"},{"targetId":290452827459009,"value":"","code":"SUCCESS"},{"targetId":543673853244208,"value":"","code":"SUCCESS"},{"targetId":305746374448817,"value":"","code":"SUCCESS"},{"targetId":397608737426522,"value":"","code":"SUCCESS"},{"targetId":505652149361672,"value":"","code":"SUCCESS"},{"targetId":292532219652942,"value":"","code":"SUCCESS"},{"targetId":369081534627800,"value":"","code":"SUCCESS"},{"targetId":369849923930043,"value":"","code":"SUCCESS"},{"targetId":449273816139343,"value":"","code":"SUCCESS"},{"targetId":314975308674912,"value":"","code":"SUCCESS"},{"targetId":430429972599659,"value":"","code":"SUCCESS"},{"targetId":543838343694728,"value":"","code":"SUCCESS"},{"targetId":279399475262442,"value":"","code":"SUCCESS"},{"targetId":368443446918618,"value":"","code":"SUCCESS"},{"targetId":326129531306383,"value":"","code":"SUCCESS"},{"targetId":317743220697575,"value":"","code":"SUCCESS"}]}
2026-09-17 11:25:41 - 处理target成功：amazon_us_ac1 459485716516370
2026-09-17 11:25:41 - 处理target成功：amazon_us_ac1 424670105880386
2026-09-17 11:25:41 - 处理target成功：amazon_us_ac1 290452827459009
2026-09-17 11:25:41 - 处理target成功：amazon_us_ac1 543673853244208
2026-09-17 11:25:41 - 处理target成功：amazon_us_ac1 305746374448817
2026-09-17 11:25:41 - 处理target成功：amazon_us_ac1 397608737426522
2026-09-17 11:25:41 - 处理target成功：amazon_us_ac1 505652149361672
2026-09-17 11:25:41 - 处理target成功：amazon_us_ac1 292532219652942
2026-09-17 11:25:41 - 处理target成功：amazon_us_ac1 369081534627800
2026-09-17 11:25:41 - 处理target成功：amazon_us_ac1 369849923930043
2026-09-17 11:25:41 - 处理target成功：amazon_us_ac1 449273816139343
2026-09-17 11:25:41 - 处理target成功：amazon_us_ac1 314975308674912
2026-09-17 11:25:41 - 处理target成功：amazon_us_ac1 430429972599659
2026-09-17 11:25:41 - 处理target成功：amazon_us_ac1 543838343694728
2026-09-17 11:25:41 - 处理target成功：amazon_us_ac1 279399475262442
2026-09-17 11:25:41 - 处理target成功：amazon_us_ac1 368443446918618
2026-09-17 11:25:41 - 处理target成功：amazon_us_ac1 326129531306383
2026-09-17 11:25:41 - 处理target成功：amazon_us_ac1 317743220697575
2026-09-17 11:25:41 - batchMongoUpdateTarget：共1条，成功1条，失败0条
2026-09-17 11:25:44 - {"status":"success","message":"success","data":[{"keywordId":120502408289418,"code":"SUCCESS"},{"keywordId":97367342735667,"code":"SUCCESS"},{"keywordId":192090447461114,"code":"SUCCESS"},{"keywordId":207946189710646,"code":"SUCCESS"},{"keywordId":420074494996016,"code":"SUCCESS"}]}
2026-09-17 11:25:44 - 处理keyword成功：amazon_ca_tuto 120502408289418
2026-09-17 11:25:44 - 处理keyword成功：amazon_ca_tuto 97367342735667
2026-09-17 11:25:44 - 处理keyword成功：amazon_ca_tuto 192090447461114
2026-09-17 11:25:44 - 处理keyword成功：amazon_ca_tuto 207946189710646
2026-09-17 11:25:44 - 处理keyword成功：amazon_ca_tuto 420074494996016
2026-09-17 11:25:44 - batchMongoUpdateKeyword：共1条，成功1条，失败0条
2026-09-17 11:25:48 - {"status":"success","message":"success","data":[{"targetId":529982736413242,"value":"","code":"SUCCESS"},{"targetId":337456779454842,"value":"","code":"SUCCESS"},{"targetId":475133563249218,"value":"","code":"SUCCESS"},{"targetId":510728160611239,"value":"","code":"SUCCESS"},{"targetId":480417776874529,"value":"","code":"SUCCESS"},{"targetId":471780558991548,"value":"","code":"SUCCESS"},{"targetId":383097278285972,"value":"","code":"SUCCESS"},{"targetId":291833076939069,"value":"","code":"SUCCESS"},{"targetId":547561922885582,"value":"","code":"SUCCESS"},{"targetId":371031384570223,"value":"","code":"SUCCESS"},{"targetId":284058008302303,"value":"","code":"SUCCESS"},{"targetId":355775961799926,"value":"","code":"SUCCESS"},{"targetId":411588440769941,"value":"","code":"SUCCESS"},{"targetId":359157726232161,"value":"","code":"SUCCESS"},{"targetId":535313577175029,"value":"","code":"SUCCESS"},{"targetId":289284707368762,"value":"","code":"SUCCESS"},{"targetId":364345193339831,"value":"","code":"SUCCESS"},{"targetId":469332782725541,"value":"","code":"SUCCESS"}]}
2026-09-17 11:25:48 - 处理target成功：amazon_ca_tuto 529982736413242
2026-09-17 11:25:48 - 处理target成功：amazon_ca_tuto 337456779454842
2026-09-17 11:25:48 - 处理target成功：amazon_ca_tuto 475133563249218
2026-09-17 11:25:48 - 处理target成功：amazon_ca_tuto 510728160611239
2026-09-17 11:25:48 - 处理target成功：amazon_ca_tuto 480417776874529
2026-09-17 11:25:48 - 处理target成功：amazon_ca_tuto 471780558991548
2026-09-17 11:25:48 - 处理target成功：amazon_ca_tuto 383097278285972
2026-09-17 11:25:48 - 处理target成功：amazon_ca_tuto 291833076939069
2026-09-17 11:25:48 - 处理target成功：amazon_ca_tuto 547561922885582
2026-09-17 11:25:48 - 处理target成功：amazon_ca_tuto 371031384570223
2026-09-17 11:25:48 - 处理target成功：amazon_ca_tuto 284058008302303
2026-09-17 11:25:48 - 处理target成功：amazon_ca_tuto 355775961799926
2026-09-17 11:25:48 - 处理target成功：amazon_ca_tuto 411588440769941
2026-09-17 11:25:48 - 处理target成功：amazon_ca_tuto 359157726232161
2026-09-17 11:25:48 - 处理target成功：amazon_ca_tuto 535313577175029
2026-09-17 11:25:48 - 处理target成功：amazon_ca_tuto 289284707368762
2026-09-17 11:25:48 - 处理target成功：amazon_ca_tuto 364345193339831
2026-09-17 11:25:48 - 处理target成功：amazon_ca_tuto 469332782725541
2026-09-17 11:25:50 - {"status":"success","message":"success","data":[{"keywordId":461903413450883,"code":"SUCCESS"},{"keywordId":458656262370303,"code":"SUCCESS"}]}
2026-09-17 11:25:50 - 处理keyword成功：amazon_ca_rrc 461903413450883
2026-09-17 11:25:50 - 处理keyword成功：amazon_ca_rrc 458656262370303
2026-09-17 11:25:58 - {"status":"success","message":"success","data":[{"targetId":391902828022832,"value":"","code":"SUCCESS"},{"targetId":340356212919278,"value":"","code":"SUCCESS"},{"targetId":496032661918701,"value":"","code":"SUCCESS"},{"targetId":333443239019821,"value":"","code":"SUCCESS"},{"targetId":389498844353603,"value":"","code":"SUCCESS"},{"targetId":558041628313233,"value":"","code":"SUCCESS"},{"targetId":516388120044195,"value":"","code":"SUCCESS"}]}
2026-09-17 11:25:58 - 处理target成功：amazon_ca_rrc 391902828022832
2026-09-17 11:25:58 - 处理target成功：amazon_ca_rrc 340356212919278
2026-09-17 11:25:58 - 处理target成功：amazon_ca_rrc 496032661918701
2026-09-17 11:25:58 - 处理target成功：amazon_ca_rrc 333443239019821
2026-09-17 11:25:58 - 处理target成功：amazon_ca_rrc 389498844353603
2026-09-17 11:25:58 - 处理target成功：amazon_ca_rrc 558041628313233
2026-09-17 11:25:58 - 处理target成功：amazon_ca_rrc 516388120044195
2026-09-17 11:26:03 - {"status":"success","message":"success","data":[{"keywordId":362233105283517,"code":"SUCCESS"}]}
2026-09-17 11:26:03 - 处理keyword成功：amazon_us_hood 362233105283517
2026-09-17 11:26:03 - batchMongoUpdateKeyword：共1条，成功1条，失败0条
2026-09-17 11:26:07 - {"status":"success","message":"success","data":[{"targetId":401948074578855,"value":"","code":"SUCCESS"},{"targetId":316924189752403,"value":"","code":"SUCCESS"},{"targetId":404787269174007,"value":"","code":"SUCCESS"},{"targetId":546346010623640,"value":"","code":"SUCCESS"},{"targetId":333102060702570,"value":"","code":"SUCCESS"},{"targetId":380493762561114,"value":"","code":"SUCCESS"},{"targetId":454943687790980,"value":"","code":"SUCCESS"},{"targetId":401328648942786,"value":"","code":"SUCCESS"}]}
2026-09-17 11:26:07 - 处理target成功：amazon_us_hood 401948074578855
2026-09-17 11:26:07 - 处理target成功：amazon_us_hood 316924189752403
2026-09-17 11:26:07 - 处理target成功：amazon_us_hood 404787269174007
2026-09-17 11:26:07 - 处理target成功：amazon_us_hood 546346010623640
2026-09-17 11:26:07 - 处理target成功：amazon_us_hood 333102060702570
2026-09-17 11:26:07 - 处理target成功：amazon_us_hood 380493762561114
2026-09-17 11:26:07 - 处理target成功：amazon_us_hood 454943687790980
2026-09-17 11:26:07 - 处理target成功：amazon_us_hood 401328648942786
2026-09-17 11:26:10 - {"status":"success","message":"success","data":[{"targetId":466231076492388,"value":"","code":"SUCCESS"},{"targetId":557307986819574,"value":"","code":"SUCCESS"},{"targetId":483971772899324,"value":"","code":"SUCCESS"}]}
2026-09-17 11:26:10 - 处理target成功：amazon_us_lift 466231076492388
2026-09-17 11:26:10 - 处理target成功：amazon_us_lift 557307986819574
2026-09-17 11:26:10 - 处理target成功：amazon_us_lift 483971772899324
2026-09-17 11:26:14 - {"status":"success","message":"success","data":[{"targetId":237370604808593,"value":"","code":"SUCCESS"},{"targetId":108483376709200,"value":"","code":"SUCCESS"},{"targetId":36005204703567,"value":"","code":"SUCCESS"},{"targetId":108171188600598,"value":"","code":"SUCCESS"},{"targetId":118254231079425,"value":"","code":"SUCCESS"},{"targetId":15259137868786,"value":"","code":"SUCCESS"}]}
2026-09-17 11:26:14 - 处理target成功：amazon_uk_find 237370604808593
2026-09-17 11:26:14 - 处理target成功：amazon_uk_find 108483376709200
2026-09-17 11:26:14 - 处理target成功：amazon_uk_find 36005204703567
2026-09-17 11:26:14 - 处理target成功：amazon_uk_find 108171188600598
2026-09-17 11:26:14 - 处理target成功：amazon_uk_find 118254231079425
2026-09-17 11:26:14 - 处理target成功：amazon_uk_find 15259137868786
2026-09-17 11:26:14 - batchMongoUpdateTarget：共4条，成功4条，失败0条
2026-09-17 11:26:17 - {"status":"success","message":"success","data":[{"keywordId":120068438635969,"code":"SUCCESS"},{"keywordId":77877387940587,"code":"SUCCESS"},{"keywordId":191588619010222,"code":"SUCCESS"}]}
2026-09-17 11:26:17 - 处理keyword成功：amazon_uk_luux 120068438635969
2026-09-17 11:26:17 - 处理keyword成功：amazon_uk_luux 77877387940587
2026-09-17 11:26:17 - 处理keyword成功：amazon_uk_luux 191588619010222
2026-09-17 11:26:18 - batchMongoUpdateKeyword：共2条，成功2条，失败0条
2026-09-17 11:26:20 - {"status":"success","message":"success","data":[{"targetId":281218948408796,"value":"","code":"SUCCESS"},{"targetId":33979790265961,"value":"","code":"SUCCESS"},{"targetId":236672828424866,"value":"","code":"SUCCESS"},{"targetId":92256052109099,"value":"","code":"SUCCESS"},{"targetId":70069763610222,"value":"","code":"SUCCESS"},{"targetId":4341836534364,"value":"","code":"SUCCESS"},{"targetId":224548149720754,"value":"","code":"SUCCESS"}]}
2026-09-17 11:26:20 - 处理target成功：amazon_uk_luux 281218948408796
2026-09-17 11:26:20 - 处理target成功：amazon_uk_luux 33979790265961
2026-09-17 11:26:20 - 处理target成功：amazon_uk_luux 236672828424866
2026-09-17 11:26:20 - 处理target成功：amazon_uk_luux 92256052109099
2026-09-17 11:26:20 - 处理target成功：amazon_uk_luux 70069763610222
2026-09-17 11:26:20 - 处理target成功：amazon_uk_luux 4341836534364
2026-09-17 11:26:20 - 处理target成功：amazon_uk_luux 224548149720754
2026-09-17 11:26:29 - {"status":"success","message":"success","data":[{"keywordId":264993142142172,"code":"SUCCESS"}]}
2026-09-17 11:26:29 - 处理keyword成功：amazon_us_cover 264993142142172
2026-09-17 11:26:29 - batchMongoUpdateKeyword：共1条，成功1条，失败0条
2026-09-17 11:26:38 - {"status":"success","message":"success","data":[{"targetId":155779569314119,"value":"","code":"SUCCESS"},{"targetId":123586818628300,"value":"","code":"SUCCESS"},{"targetId":30865518835545,"value":"","code":"SUCCESS"}]}
2026-09-17 11:26:38 - 处理target成功：amazon_uk_rrc 155779569314119
2026-09-17 11:26:38 - 处理target成功：amazon_uk_rrc 123586818628300
2026-09-17 11:26:38 - 处理target成功：amazon_uk_rrc 30865518835545
2026-09-17 11:26:43 - {"status":"success","message":"success","data":[{"targetId":503056962694644,"value":"","code":"SUCCESS"},{"targetId":497583411310323,"value":"","code":"SUCCESS"},{"targetId":391932090680113,"value":"","code":"SUCCESS"},{"targetId":531130555510786,"value":"","code":"SUCCESS"},{"targetId":341697743658869,"value":"","code":"SUCCESS"},{"targetId":415345441567284,"value":"","code":"SUCCESS"},{"targetId":555923486455260,"value":"","code":"SUCCESS"}]}
2026-09-17 11:26:43 - 处理target成功：amazon_ca_luux 503056962694644
2026-09-17 11:26:43 - 处理target成功：amazon_ca_luux 497583411310323
2026-09-17 11:26:43 - 处理target成功：amazon_ca_luux 391932090680113
2026-09-17 11:26:43 - 处理target成功：amazon_ca_luux 531130555510786
2026-09-17 11:26:43 - 处理target成功：amazon_ca_luux 341697743658869
2026-09-17 11:26:43 - 处理target成功：amazon_ca_luux 415345441567284
2026-09-17 11:26:43 - 处理target成功：amazon_ca_luux 555923486455260
2026-09-17 11:26:48 - {"status":"success","message":"success","data":[{"targetId":417346862032135,"value":"","code":"SUCCESS"}]}
2026-09-17 11:26:48 - 处理target成功：amazon_ca_mir 417346862032135
2026-09-17 11:26:50 - {"status":"success","message":"success","data":[{"targetId":538970214061045,"value":"","code":"SUCCESS"},{"targetId":498553704097316,"value":"","code":"SUCCESS"},{"targetId":544665595835017,"value":"","code":"SUCCESS"}]}
2026-09-17 11:26:50 - 处理target成功：amazon_ca_swi 538970214061045
2026-09-17 11:26:50 - 处理target成功：amazon_ca_swi 498553704097316
2026-09-17 11:26:50 - 处理target成功：amazon_ca_swi 544665595835017
2026-09-17 11:26:55 - {"status":"success","message":"success","data":[{"targetId":313123092826357,"value":"","code":"SUCCESS"}]}
2026-09-17 11:26:55 - 处理target成功：amazon_us_auto 313123092826357
2026-09-17 11:26:59 - {"status":"success","message":"success","data":[{"targetId":347085540591889,"value":"","code":"SUCCESS"},{"targetId":282309405357203,"value":"","code":"SUCCESS"},{"targetId":351134408426641,"value":"","code":"SUCCESS"}]}
2026-09-17 11:26:59 - 处理target成功：amazon_ca_hood 347085540591889
2026-09-17 11:26:59 - 处理target成功：amazon_ca_hood 282309405357203
2026-09-17 11:26:59 - 处理target成功：amazon_ca_hood 351134408426641
2026-09-17 11:27:01 - {"status":"success","message":"success","data":[{"keywordId":87668592386164,"code":"SUCCESS"}]}
2026-09-17 11:27:01 - 处理keyword成功：amazon_ca_luck 87668592386164
2026-09-17 11:27:01 - batchMongoUpdateKeyword：共1条，成功1条，失败0条
2026-09-17 11:27:03 - {"status":"success","message":"success","data":[{"targetId":499674282382895,"value":"","code":"SUCCESS"},{"targetId":334234416423033,"value":"","code":"SUCCESS"}]}
2026-09-17 11:27:03 - 处理target成功：amazon_ca_luck 499674282382895
2026-09-17 11:27:03 - 处理target成功：amazon_ca_luck 334234416423033
2026-09-17 11:27:07 - {"status":"success","message":"success","data":[{"targetId":409720064347879,"value":"","code":"SUCCESS"}]}
2026-09-17 11:27:07 - 处理target成功：amazon_us_mir 409720064347879
2026-09-17 11:27:12 - {"status":"success","message":"success","data":[{"targetId":33527425942433,"value":"","code":"SUCCESS"},{"targetId":71141569583649,"value":"","code":"SUCCESS"}]}
2026-09-17 11:27:12 - 处理target成功：amazon_uk_bull 33527425942433
2026-09-17 11:27:12 - 处理target成功：amazon_uk_bull 71141569583649
2026-09-17 11:30:22 - {"status":"success","message":"success","data":[{"targetId":333268819669492,"value":"","code":"SUCCESS"},{"targetId":453770192459920,"value":"","code":"SUCCESS"},{"targetId":223005479431281,"value":"","code":"SUCCESS"},{"targetId":518423371294996,"value":"","code":"SUCCESS"},{"targetId":555435734181330,"value":"","code":"SUCCESS"},{"targetId":511788459626190,"value":"","code":"SUCCESS"},{"targetId":536523407817420,"value":"","code":"SUCCESS"},{"targetId":414403088517650,"value":"","code":"SUCCESS"},{"targetId":469738208654826,"value":"","code":"SUCCESS"},{"targetId":496072002327788,"value":"","code":"SUCCESS"},{"targetId":2296016700758,"value":"","code":"SUCCESS"},{"targetId":265299703714198,"value":"","code":"SUCCESS"},{"targetId":191437593542356,"value":"","code":"SUCCESS"},{"targetId":430186735013169,"value":"","code":"SUCCESS"},{"targetId":502253221611325,"value":"","code":"SUCCESS"},{"targetId":341783172265564,"value":"","code":"SUCCESS"},{"targetId":306520246967790,"value":"","code":"SUCCESS"},{"targetId":377704642661289,"value":"","code":"SUCCESS"},{"targetId":549877402012815,"value":"","code":"SUCCESS"},{"targetId":284571598794419,"value":"","code":"SUCCESS"},{"targetId":352572986717069,"value":"","code":"SUCCESS"},{"targetId":369931897548973,"value":"","code":"SUCCESS"},{"targetId":529748840453833,"value":"","code":"SUCCESS"},{"targetId":316405638944223,"value":"","code":"SUCCESS"},{"targetId":474309335016894,"value":"","code":"SUCCESS"},{"targetId":461320102900827,"value":"","code":"SUCCESS"},{"targetId":426685861207206,"value":"","code":"SUCCESS"},{"targetId":333712025037570,"value":"","code":"SUCCESS"},{"targetId":436453494640433,"value":"","code":"SUCCESS"},{"targetId":359212660642861,"value":"","code":"SUCCESS"},{"targetId":425370739757451,"value":"","code":"SUCCESS"},{"targetId":480020847438827,"value":"","code":"SUCCESS"},{"targetId":301713102239486,"value":"","code":"SUCCESS"},{"targetId":296945228577615,"value":"","code":"SUCCESS"},{"targetId":448466725994051,"value":"","code":"SUCCESS"},{"targetId":429309534629611,"value":"","code":"SUCCESS"},{"targetId":357821700326677,"value":"","code":"SUCCESS"},{"targetId":540018033979395,"value":"","code":"SUCCESS"},{"targetId":491365775963760,"value":"","code":"SUCCESS"},{"targetId":491045578972212,"value":"","code":"SUCCESS"},{"targetId":133902596294202,"value":"","code":"SUCCESS"},{"targetId":414864241249754,"value":"","code":"SUCCESS"},{"targetId":407776197788033,"value":"","code":"SUCCESS"}]}
2026-09-17 11:30:22 - 处理target成功：amazon 333268819669492
2026-09-17 11:30:22 - 处理target成功：amazon 453770192459920
2026-09-17 11:30:22 - 处理target成功：amazon 223005479431281
2026-09-17 11:30:22 - 处理target成功：amazon 518423371294996
2026-09-17 11:30:22 - 处理target成功：amazon 555435734181330
2026-09-17 11:30:22 - 处理target成功：amazon 511788459626190
2026-09-17 11:30:22 - 处理target成功：amazon 536523407817420
2026-09-17 11:30:22 - 处理target成功：amazon 414403088517650
2026-09-17 11:30:22 - 处理target成功：amazon 469738208654826
2026-09-17 11:30:22 - 处理target成功：amazon 496072002327788
2026-09-17 11:30:22 - 处理target成功：amazon 2296016700758
2026-09-17 11:30:22 - 处理target成功：amazon 265299703714198
2026-09-17 11:30:22 - 处理target成功：amazon 191437593542356
2026-09-17 11:30:22 - 处理target成功：amazon 430186735013169
2026-09-17 11:30:22 - 处理target成功：amazon 502253221611325
2026-09-17 11:30:22 - 处理target成功：amazon 341783172265564
2026-09-17 11:30:22 - 处理target成功：amazon 306520246967790
2026-09-17 11:30:22 - 处理target成功：amazon 377704642661289
2026-09-17 11:30:22 - 处理target成功：amazon 549877402012815
2026-09-17 11:30:22 - 处理target成功：amazon 284571598794419
2026-09-17 11:30:22 - 处理target成功：amazon 352572986717069
2026-09-17 11:30:22 - 处理target成功：amazon 369931897548973
2026-09-17 11:30:22 - 处理target成功：amazon 529748840453833
2026-09-17 11:30:22 - 处理target成功：amazon 316405638944223
2026-09-17 11:30:22 - 处理target成功：amazon 474309335016894
2026-09-17 11:30:22 - 处理target成功：amazon 461320102900827
2026-09-17 11:30:22 - 处理target成功：amazon 426685861207206
2026-09-17 11:30:22 - 处理target成功：amazon 333712025037570
2026-09-17 11:30:22 - 处理target成功：amazon 436453494640433
2026-09-17 11:30:22 - 处理target成功：amazon 359212660642861
2026-09-17 11:30:22 - 处理target成功：amazon 425370739757451
2026-09-17 11:30:22 - 处理target成功：amazon 480020847438827
2026-09-17 11:30:22 - 处理target成功：amazon 301713102239486
2026-09-17 11:30:22 - 处理target成功：amazon 296945228577615
2026-09-17 11:30:22 - 处理target成功：amazon 448466725994051
2026-09-17 11:30:22 - 处理target成功：amazon 429309534629611
2026-09-17 11:30:22 - 处理target成功：amazon 357821700326677
2026-09-17 11:30:22 - 处理target成功：amazon 540018033979395
2026-09-17 11:30:22 - 处理target成功：amazon 491365775963760
2026-09-17 11:30:22 - 处理target成功：amazon 491045578972212
2026-09-17 11:30:22 - 处理target成功：amazon 133902596294202
2026-09-17 11:30:22 - 处理target成功：amazon 414864241249754
2026-09-17 11:30:22 - 处理target成功：amazon 407776197788033
2026-09-17 11:30:22 - batchMongoUpdateTarget：共3条，成功3条，失败0条
2026-09-17 12:13:59 - {"status":"success","message":"success","data":[{"targetId":96511762487902,"value":"","code":"SUCCESS"}]}
2026-09-17 12:13:59 - 处理target成功：amazon_uk_tuc 96511762487902
2026-09-17 12:14:03 - {"status":"success","message":"success","data":[{"targetId":17869258849371,"value":"","code":"SUCCESS"},{"targetId":6907844625063,"value":"","code":"SUCCESS"}]}
2026-09-17 12:14:03 - 处理target成功：amazon_uk_tuto 17869258849371
2026-09-17 12:14:03 - 处理target成功：amazon_uk_tuto 6907844625063
