2026-09-14 08:07:32 - {"status":"success","message":"success","data":[{"adId":351204372748059,"code":"SUCCESS"},{"adId":331519828774185,"code":"SUCCESS"},{"adId":517932978173360,"code":"SUCCESS"},{"adId":512971943724042,"code":"SUCCESS"},{"adId":491063641422523,"code":"SUCCESS"},{"adId":350624403451957,"code":"SUCCESS"},{"adId":505276231853731,"code":"SUCCESS"},{"adId":481274841622290,"code":"SUCCESS"},{"adId":551062022170174,"code":"SUCCESS"},{"adId":357792363845045,"code":"SUCCESS"},{"adId":439724096025963,"code":"SUCCESS"},{"adId":319208258887722,"code":"SUCCESS"},{"adId":357277106293652,"code":"SUCCESS"},{"adId":519911449489702,"code":"SUCCESS"},{"adId":390327190987322,"code":"SUCCESS"},{"adId":518504860264864,"code":"SUCCESS"},{"adId":313233652664990,"code":"SUCCESS"},{"adId":466312415876140,"code":"SUCCESS"},{"adId":380260175587001,"code":"SUCCESS"},{"adId":545296279253692,"code":"SUCCESS"},{"adId":491320121898443,"code":"SUCCESS"},{"adId":380515548856523,"code":"SUCCESS"},{"adId":324079246965017,"code":"SUCCESS"},{"adId":448696138391434,"code":"SUCCESS"},{"adId":361083466288518,"code":"SUCCESS"},{"adId":376584110940252,"code":"SUCCESS"},{"adId":321366072134033,"code":"SUCCESS"},{"adId":536832336172351,"code":"SUCCESS"},{"adId":402896137350720,"code":"SUCCESS"},{"adId":355358247713478,"code":"SUCCESS"},{"adId":531934108367005,"code":"SUCCESS"},{"adId":336868059179844,"code":"SUCCESS"},{"adId":360094046129277,"code":"SUCCESS"},{"adId":487761002002932,"code":"SUCCESS"},{"adId":388667506864543,"code":"SUCCESS"},{"adId":551028325287339,"code":"SUCCESS"},{"adId":309804312062835,"code":"SUCCESS"},{"adId":282342549779535,"code":"SUCCESS"},{"adId":411366696306698,"code":"SUCCESS"},{"adId":514359972206099,"code":"SUCCESS"},{"adId":385712781140448,"code":"SUCCESS"},{"adId":397340583540185,"code":"SUCCESS"},{"adId":502383094889510,"code":"SUCCESS"},{"adId":461352263118756,"code":"SUCCESS"},{"adId":535859554428749,"code":"SUCCESS"},{"adId":474013252863049,"code":"SUCCESS"},{"adId":533240705355424,"code":"SUCCESS"},{"adId":369444411527689,"code":"SUCCESS"},{"adId":468823544917405,"code":"SUCCESS"},{"adId":337309317021924,"code":"SUCCESS"},{"adId":422052287760794,"code":"SUCCESS"},{"adId":409663607127829,"code":"SUCCESS"},{"adId":328423608234109,"code":"SUCCESS"},{"adId":392789018452755,"code":"SUCCESS"},{"adId":297677311870267,"code":"SUCCESS"},{"adId":551616673931514,"code":"SUCCESS"},{"adId":452386635288416,"code":"SUCCESS"},{"adId":397198034196369,"code":"SUCCESS"},{"adId":299219295739186,"code":"SUCCESS"},{"adId":477708575394281,"code":"SUCCESS"},{"adId":347702951867959,"code":"SUCCESS"},{"adId":402434774606677,"code":"SUCCESS"},{"adId":397076186796251,"code":"SUCCESS"},{"adId":508149265248718,"code":"SUCCESS"},{"adId":475021548439800,"code":"SUCCESS"},{"adId":466651953236481,"code":"SUCCESS"},{"adId":287096544524465,"code":"SUCCESS"},{"adId":291470551048697,"code":"SUCCESS"},{"adId":371580635681697,"code":"SUCCESS"},{"adId":470625128871427,"code":"SUCCESS"},{"adId":494832919162118,"code":"SUCCESS"},{"adId":429478735160571,"code":"SUCCESS"},{"adId":317975544534261,"code":"SUCCESS"},{"adId":375864289322830,"code":"SUCCESS"},{"adId":510626318096096,"code":"SUCCESS"},{"adId":498125475871624,"code":"SUCCESS"},{"adId":554406378511731,"code":"SUCCESS"},{"adId":473178082916438,"code":"SUCCESS"},{"adId":513487710472528,"code":"SUCCESS"},{"adId":491806450646771,"code":"SUCCESS"},{"adId":469750771117057,"code":"SUCCESS"},{"adId":474847431614193,"code":"SUCCESS"},{"adId":442248485622634,"code":"SUCCESS"},{"adId":422406233153818,"code":"SUCCESS"},{"adId":499728235580126,"code":"SUCCESS"},{"adId":292183591307497,"code":"SUCCESS"},{"adId":378180875502963,"code":"SUCCESS"},{"adId":373462149774986,"code":"SUCCESS"},{"adId":458186245473845,"code":"SUCCESS"},{"adId":543659349233357,"code":"SUCCESS"},{"adId":399066535835968,"code":"SUCCESS"},{"adId":361330400091102,"code":"SUCCESS"},{"adId":411149038531509,"code":"SUCCESS"},{"adId":505896751972158,"code":"SUCCESS"},{"adId":476958505622761,"code":"SUCCESS"},{"adId":366306814560045,"code":"SUCCESS"},{"adId":458685682845180,"code":"SUCCESS"},{"adId":539912406118678,"code":"SUCCESS"},{"adId":386039749103890,"code":"SUCCESS"},{"adId":554114370772323,"code":"SUCCESS"},{"adId":436424121127935,"code":"SUCCESS"},{"adId":479256359155753,"code":"SUCCESS"},{"adId":348726176463732,"code":"SUCCESS"},{"adId":469995183475285,"code":"SUCCESS"},{"adId":424211709603931,"code":"SUCCESS"},{"adId":367079097275250,"code":"SUCCESS"},{"adId":529403579657625,"code":"SUCCESS"},{"adId":322767627895027,"code":"SUCCESS"},{"adId":425844850694047,"code":"SUCCESS"},{"adId":554520939014973,"code":"SUCCESS"},{"adId":294096358915847,"code":"SUCCESS"},{"adId":438959508921121,"code":"SUCCESS"},{"adId":557066481310837,"code":"SUCCESS"},{"adId":477828142132435,"code":"SUCCESS"},{"adId":287924145851591,"code":"SUCCESS"},{"adId":487713989534848,"code":"SUCCESS"},{"adId":343911100901919,"code":"SUCCESS"},{"adId":418335293555795,"code":"SUCCESS"},{"adId":300724379293449,"code":"SUCCESS"},{"adId":327274527946253,"code":"SUCCESS"},{"adId":329809851805890,"code":"SUCCESS"},{"adId":553662036714691,"code":"SUCCESS"},{"adId":311924593058306,"code":"SUCCESS"},{"adId":448135369145148,"code":"SUCCESS"},{"adId":429639202447663,"code":"SUCCESS"},{"adId":363078851241629,"code":"SUCCESS"},{"adId":378531397985654,"code":"SUCCESS"},{"adId":408453633658150,"code":"SUCCESS"},{"adId":392746862679736,"code":"SUCCESS"},{"adId":493660415736281,"code":"SUCCESS"},{"adId":511120779162415,"code":"SUCCESS"},{"adId":509032591768742,"code":"SUCCESS"},{"adId":379823020347734,"code":"SUCCESS"},{"adId":341259890257112,"code":"SUCCESS"},{"adId":539951157000771,"code":"SUCCESS"},{"adId":392140480172216,"code":"SUCCESS"},{"adId":519298271363023,"code":"SUCCESS"},{"adId":558491297757601,"code":"SUCCESS"},{"adId":413203508170878,"code":"SUCCESS"},{"adId":318324495851612,"code":"SUCCESS"},{"adId":531559283952948,"code":"SUCCESS"},{"adId":380417148651427,"code":"SUCCESS"},{"adId":337605824204762,"code":"SUCCESS"},{"adId":333877909722604,"code":"SUCCESS"},{"adId":327637721697355,"code":"SUCCESS"},{"adId":542648083977513,"code":"SUCCESS"},{"adId":336549397714807,"code":"SUCCESS"},{"adId":301103981300140,"code":"SUCCESS"},{"adId":403491206776378,"code":"SUCCESS"},{"adId":439268542552401,"code":"SUCCESS"},{"adId":480595498451413,"code":"SUCCESS"},{"adId":451548527723501,"code":"SUCCESS"},{"adId":405228856757762,"code":"SUCCESS"},{"adId":293618659534937,"code":"SUCCESS"},{"adId":501976902200021,"code":"SUCCESS"},{"adId":309274886696815,"code":"SUCCESS"},{"adId":451353828941578,"code":"SUCCESS"},{"adId":387419335014026,"code":"SUCCESS"},{"adId":482690719814316,"code":"SUCCESS"},{"adId":497192048873149,"code":"SUCCESS"},{"adId":296334597237330,"code":"SUCCESS"},{"adId":315690201095553,"code":"SUCCESS"},{"adId":534308823398993,"code":"SUCCESS"},{"adId":462266594854485,"code":"SUCCESS"},{"adId":514241944753169,"code":"SUCCESS"},{"adId":530486964557769,"code":"SUCCESS"},{"adId":534129502145682,"code":"SUCCESS"},{"adId":474823934178117,"code":"SUCCESS"},{"adId":545477018069705,"code":"SUCCESS"},{"adId":318880142053271,"code":"SUCCESS"},{"adId":416818844561452,"code":"SUCCESS"},{"adId":282920899723175,"code":"SUCCESS"},{"adId":320221156574448,"code":"SUCCESS"},{"adId":391143357195233,"code":"SUCCESS"},{"adId":534462105015509,"code":"SUCCESS"},{"adId":339181209387328,"code":"SUCCESS"},{"adId":480797467004210,"code":"SUCCESS"},{"adId":408017987573611,"code":"SUCCESS"},{"adId":518062004996108,"code":"SUCCESS"},{"adId":310668750699926,"code":"SUCCESS"},{"adId":511491334352295,"code":"SUCCESS"},{"adId":483309701825716,"code":"SUCCESS"},{"adId":372484975631747,"code":"SUCCESS"},{"adId":534053163399019,"code":"SUCCESS"},{"adId":512583369756965,"code":"SUCCESS"},{"adId":433994504995342,"code":"SUCCESS"},{"adId":406406393100328,"code":"SUCCESS"},{"adId":421633119888853,"code":"SUCCESS"},{"adId":312471729582977,"code":"SUCCESS"},{"adId":430927128756558,"code":"SUCCESS"},{"adId":547625786164848,"code":"SUCCESS"},{"adId":369550114670108,"code":"SUCCESS"},{"adId":404677360708515,"code":"SUCCESS"},{"adId":521833023052252,"code":"SUCCESS"},{"adId":444968809162943,"code":"SUCCESS"},{"adId":380301669364501,"code":"SUCCESS"},{"adId":495310153768982,"code":"SUCCESS"},{"adId":328730117886753,"code":"SUCCESS"},{"adId":349064158012992,"code":"SUCCESS"},{"adId":511689482453856,"code":"SUCCESS"}]}
2026-09-14 08:07:32 - 暂停product成功：amazon_us_hero 351204372748059
2026-09-14 08:07:32 - 暂停product成功：amazon_us_hero 331519828774185
2026-09-14 08:07:32 - 暂停product成功：amazon_us_hero 517932978173360
2026-09-14 08:07:32 - 暂停product成功：amazon_us_hero 512971943724042
2026-09-14 08:07:32 - 暂停product成功：amazon_us_hero 491063641422523
2026-09-14 08:07:32 - 暂停product成功：amazon_us_hero 350624403451957
2026-09-14 08:07:32 - 暂停product成功：amazon_us_hero 505276231853731
2026-09-14 08:07:32 - 暂停product成功：amazon_us_hero 481274841622290
2026-09-14 08:07:32 - 暂停product成功：amazon_us_hero 551062022170174
2026-09-14 08:07:32 - 暂停product成功：amazon_us_hero 357792363845045
2026-09-14 08:07:32 - 暂停product成功：amazon_us_hero 439724096025963
2026-09-14 08:07:32 - 暂停product成功：amazon_us_hero 319208258887722
2026-09-14 08:07:32 - 暂停product成功：amazon_us_hero 357277106293652
2026-09-14 08:07:32 - 暂停product成功：amazon_us_hero 519911449489702
2026-09-14 08:07:32 - 暂停product成功：amazon_us_hero 390327190987322
2026-09-14 08:07:32 - 暂停product成功：amazon_us_hero 518504860264864
2026-09-14 08:07:32 - 暂停product成功：amazon_us_hero 313233652664990
2026-09-14 08:07:32 - 暂停product成功：amazon_us_hero 466312415876140
2026-09-14 08:07:32 - 暂停product成功：amazon_us_hero 380260175587001
2026-09-14 08:07:32 - 暂停product成功：amazon_us_hero 545296279253692
2026-09-14 08:07:32 - 暂停product成功：amazon_us_hero 491320121898443
2026-09-14 08:07:32 - 暂停product成功：amazon_us_hero 380515548856523
2026-09-14 08:07:32 - 暂停product成功：amazon_us_hero 324079246965017
2026-09-14 08:07:32 - 暂停product成功：amazon_us_hero 448696138391434
2026-09-14 08:07:32 - 暂停product成功：amazon_us_hero 361083466288518
2026-09-14 08:07:32 - 暂停product成功：amazon_us_hero 376584110940252
2026-09-14 08:07:32 - 暂停product成功：amazon_us_hero 321366072134033
2026-09-14 08:07:32 - 暂停product成功：amazon_us_hero 536832336172351
2026-09-14 08:07:32 - 暂停product成功：amazon_us_hero 402896137350720
2026-09-14 08:07:32 - 暂停product成功：amazon_us_hero 355358247713478
2026-09-14 08:07:32 - 暂停product成功：amazon_us_hero 531934108367005
2026-09-14 08:07:32 - 暂停product成功：amazon_us_hero 336868059179844
2026-09-14 08:07:32 - 暂停product成功：amazon_us_hero 360094046129277
2026-09-14 08:07:32 - 暂停product成功：amazon_us_hero 487761002002932
2026-09-14 08:07:32 - 暂停product成功：amazon_us_hero 388667506864543
2026-09-14 08:07:32 - 暂停product成功：amazon_us_hero 551028325287339
2026-09-14 08:07:32 - 暂停product成功：amazon_us_hero 309804312062835
2026-09-14 08:07:32 - 暂停product成功：amazon_us_hero 282342549779535
2026-09-14 08:07:32 - 暂停product成功：amazon_us_hero 411366696306698
2026-09-14 08:07:32 - 暂停product成功：amazon_us_hero 514359972206099
2026-09-14 08:07:32 - 暂停product成功：amazon_us_hero 385712781140448
2026-09-14 08:07:32 - 暂停product成功：amazon_us_hero 397340583540185
2026-09-14 08:07:32 - 暂停product成功：amazon_us_hero 502383094889510
2026-09-14 08:07:32 - 暂停product成功：amazon_us_hero 461352263118756
2026-09-14 08:07:32 - 暂停product成功：amazon_us_hero 535859554428749
2026-09-14 08:07:32 - 暂停product成功：amazon_us_hero 474013252863049
2026-09-14 08:07:32 - 暂停product成功：amazon_us_hero 533240705355424
2026-09-14 08:07:32 - 暂停product成功：amazon_us_hero 369444411527689
2026-09-14 08:07:32 - 暂停product成功：amazon_us_hero 468823544917405
2026-09-14 08:07:32 - 暂停product成功：amazon_us_hero 337309317021924
2026-09-14 08:07:32 - 暂停product成功：amazon_us_hero 422052287760794
2026-09-14 08:07:32 - 暂停product成功：amazon_us_hero 409663607127829
2026-09-14 08:07:32 - 暂停product成功：amazon_us_hero 328423608234109
2026-09-14 08:07:32 - 暂停product成功：amazon_us_hero 392789018452755
2026-09-14 08:07:32 - 暂停product成功：amazon_us_hero 297677311870267
2026-09-14 08:07:32 - 暂停product成功：amazon_us_hero 551616673931514
2026-09-14 08:07:32 - 暂停product成功：amazon_us_hero 452386635288416
2026-09-14 08:07:32 - 暂停product成功：amazon_us_hero 397198034196369
2026-09-14 08:07:32 - 暂停product成功：amazon_us_hero 299219295739186
2026-09-14 08:07:32 - 暂停product成功：amazon_us_hero 477708575394281
2026-09-14 08:07:32 - 暂停product成功：amazon_us_hero 347702951867959
2026-09-14 08:07:32 - 暂停product成功：amazon_us_hero 402434774606677
2026-09-14 08:07:32 - 暂停product成功：amazon_us_hero 397076186796251
2026-09-14 08:07:32 - 暂停product成功：amazon_us_hero 508149265248718
2026-09-14 08:07:32 - 暂停product成功：amazon_us_hero 475021548439800
2026-09-14 08:07:32 - 暂停product成功：amazon_us_hero 466651953236481
2026-09-14 08:07:32 - 暂停product成功：amazon_us_hero 287096544524465
2026-09-14 08:07:32 - 暂停product成功：amazon_us_hero 291470551048697
2026-09-14 08:07:32 - 暂停product成功：amazon_us_hero 371580635681697
2026-09-14 08:07:32 - 暂停product成功：amazon_us_hero 470625128871427
2026-09-14 08:07:32 - 暂停product成功：amazon_us_hero 494832919162118
2026-09-14 08:07:32 - 暂停product成功：amazon_us_hero 429478735160571
2026-09-14 08:07:32 - 暂停product成功：amazon_us_hero 317975544534261
2026-09-14 08:07:32 - 暂停product成功：amazon_us_hero 375864289322830
2026-09-14 08:07:32 - 暂停product成功：amazon_us_hero 510626318096096
2026-09-14 08:07:32 - 暂停product成功：amazon_us_hero 498125475871624
2026-09-14 08:07:32 - 暂停product成功：amazon_us_hero 554406378511731
2026-09-14 08:07:32 - 暂停product成功：amazon_us_hero 473178082916438
2026-09-14 08:07:32 - 暂停product成功：amazon_us_hero 513487710472528
2026-09-14 08:07:32 - 暂停product成功：amazon_us_hero 491806450646771
2026-09-14 08:07:32 - 暂停product成功：amazon_us_hero 469750771117057
2026-09-14 08:07:32 - 暂停product成功：amazon_us_hero 474847431614193
2026-09-14 08:07:32 - 暂停product成功：amazon_us_hero 442248485622634
2026-09-14 08:07:32 - 暂停product成功：amazon_us_hero 422406233153818
2026-09-14 08:07:32 - 暂停product成功：amazon_us_hero 499728235580126
2026-09-14 08:07:32 - 暂停product成功：amazon_us_hero 292183591307497
2026-09-14 08:07:32 - 暂停product成功：amazon_us_hero 378180875502963
2026-09-14 08:07:32 - 暂停product成功：amazon_us_hero 373462149774986
2026-09-14 08:07:32 - 暂停product成功：amazon_us_hero 458186245473845
2026-09-14 08:07:32 - 暂停product成功：amazon_us_hero 543659349233357
2026-09-14 08:07:32 - 暂停product成功：amazon_us_hero 399066535835968
2026-09-14 08:07:32 - 暂停product成功：amazon_us_hero 361330400091102
2026-09-14 08:07:32 - 暂停product成功：amazon_us_hero 411149038531509
2026-09-14 08:07:32 - 暂停product成功：amazon_us_hero 505896751972158
2026-09-14 08:07:32 - 暂停product成功：amazon_us_hero 476958505622761
2026-09-14 08:07:32 - 暂停product成功：amazon_us_hero 366306814560045
2026-09-14 08:07:32 - 暂停product成功：amazon_us_hero 458685682845180
2026-09-14 08:07:32 - 暂停product成功：amazon_us_hero 539912406118678
2026-09-14 08:07:32 - 暂停product成功：amazon_us_hero 386039749103890
2026-09-14 08:07:32 - 暂停product成功：amazon_us_hero 554114370772323
2026-09-14 08:07:32 - 暂停product成功：amazon_us_hero 436424121127935
2026-09-14 08:07:32 - 暂停product成功：amazon_us_hero 479256359155753
2026-09-14 08:07:32 - 暂停product成功：amazon_us_hero 348726176463732
2026-09-14 08:07:32 - 暂停product成功：amazon_us_hero 469995183475285
2026-09-14 08:07:32 - 暂停product成功：amazon_us_hero 424211709603931
2026-09-14 08:07:32 - 暂停product成功：amazon_us_hero 367079097275250
2026-09-14 08:07:32 - 暂停product成功：amazon_us_hero 529403579657625
2026-09-14 08:07:32 - 暂停product成功：amazon_us_hero 322767627895027
2026-09-14 08:07:32 - 暂停product成功：amazon_us_hero 425844850694047
2026-09-14 08:07:32 - 暂停product成功：amazon_us_hero 554520939014973
2026-09-14 08:07:32 - 暂停product成功：amazon_us_hero 294096358915847
2026-09-14 08:07:32 - 暂停product成功：amazon_us_hero 438959508921121
2026-09-14 08:07:32 - 暂停product成功：amazon_us_hero 557066481310837
2026-09-14 08:07:32 - 暂停product成功：amazon_us_hero 477828142132435
2026-09-14 08:07:32 - 暂停product成功：amazon_us_hero 287924145851591
2026-09-14 08:07:32 - 暂停product成功：amazon_us_hero 487713989534848
2026-09-14 08:07:32 - 暂停product成功：amazon_us_hero 343911100901919
2026-09-14 08:07:32 - 暂停product成功：amazon_us_hero 418335293555795
2026-09-14 08:07:32 - 暂停product成功：amazon_us_hero 300724379293449
2026-09-14 08:07:32 - 暂停product成功：amazon_us_hero 327274527946253
2026-09-14 08:07:32 - 暂停product成功：amazon_us_hero 329809851805890
2026-09-14 08:07:32 - 暂停product成功：amazon_us_hero 553662036714691
2026-09-14 08:07:32 - 暂停product成功：amazon_us_hero 311924593058306
2026-09-14 08:07:32 - 暂停product成功：amazon_us_hero 448135369145148
2026-09-14 08:07:32 - 暂停product成功：amazon_us_hero 429639202447663
2026-09-14 08:07:32 - 暂停product成功：amazon_us_hero 363078851241629
2026-09-14 08:07:32 - 暂停product成功：amazon_us_hero 378531397985654
2026-09-14 08:07:32 - 暂停product成功：amazon_us_hero 408453633658150
2026-09-14 08:07:32 - 暂停product成功：amazon_us_hero 392746862679736
2026-09-14 08:07:32 - 暂停product成功：amazon_us_hero 493660415736281
2026-09-14 08:07:32 - 暂停product成功：amazon_us_hero 511120779162415
2026-09-14 08:07:32 - 暂停product成功：amazon_us_hero 509032591768742
2026-09-14 08:07:32 - 暂停product成功：amazon_us_hero 379823020347734
2026-09-14 08:07:32 - 暂停product成功：amazon_us_hero 341259890257112
2026-09-14 08:07:32 - 暂停product成功：amazon_us_hero 539951157000771
2026-09-14 08:07:32 - 暂停product成功：amazon_us_hero 392140480172216
2026-09-14 08:07:32 - 暂停product成功：amazon_us_hero 519298271363023
2026-09-14 08:07:32 - 暂停product成功：amazon_us_hero 558491297757601
2026-09-14 08:07:32 - 暂停product成功：amazon_us_hero 413203508170878
2026-09-14 08:07:32 - 暂停product成功：amazon_us_hero 318324495851612
2026-09-14 08:07:32 - 暂停product成功：amazon_us_hero 531559283952948
2026-09-14 08:07:32 - 暂停product成功：amazon_us_hero 380417148651427
2026-09-14 08:07:32 - 暂停product成功：amazon_us_hero 337605824204762
2026-09-14 08:07:32 - 暂停product成功：amazon_us_hero 333877909722604
2026-09-14 08:07:32 - 暂停product成功：amazon_us_hero 327637721697355
2026-09-14 08:07:32 - 暂停product成功：amazon_us_hero 542648083977513
2026-09-14 08:07:32 - 暂停product成功：amazon_us_hero 336549397714807
2026-09-14 08:07:32 - 暂停product成功：amazon_us_hero 301103981300140
2026-09-14 08:07:32 - 暂停product成功：amazon_us_hero 403491206776378
2026-09-14 08:07:32 - 暂停product成功：amazon_us_hero 439268542552401
2026-09-14 08:07:32 - 暂停product成功：amazon_us_hero 480595498451413
2026-09-14 08:07:32 - 暂停product成功：amazon_us_hero 451548527723501
2026-09-14 08:07:32 - 暂停product成功：amazon_us_hero 405228856757762
2026-09-14 08:07:32 - 暂停product成功：amazon_us_hero 293618659534937
2026-09-14 08:07:32 - 暂停product成功：amazon_us_hero 501976902200021
2026-09-14 08:07:32 - 暂停product成功：amazon_us_hero 309274886696815
2026-09-14 08:07:32 - 暂停product成功：amazon_us_hero 451353828941578
2026-09-14 08:07:32 - 暂停product成功：amazon_us_hero 387419335014026
2026-09-14 08:07:32 - 暂停product成功：amazon_us_hero 482690719814316
2026-09-14 08:07:32 - 暂停product成功：amazon_us_hero 497192048873149
2026-09-14 08:07:32 - 暂停product成功：amazon_us_hero 296334597237330
2026-09-14 08:07:32 - 暂停product成功：amazon_us_hero 315690201095553
2026-09-14 08:07:32 - 暂停product成功：amazon_us_hero 534308823398993
2026-09-14 08:07:32 - 暂停product成功：amazon_us_hero 462266594854485
2026-09-14 08:07:32 - 暂停product成功：amazon_us_hero 514241944753169
2026-09-14 08:07:32 - 暂停product成功：amazon_us_hero 530486964557769
2026-09-14 08:07:32 - 暂停product成功：amazon_us_hero 534129502145682
2026-09-14 08:07:32 - 暂停product成功：amazon_us_hero 474823934178117
2026-09-14 08:07:32 - 暂停product成功：amazon_us_hero 545477018069705
2026-09-14 08:07:32 - 暂停product成功：amazon_us_hero 318880142053271
2026-09-14 08:07:32 - 暂停product成功：amazon_us_hero 416818844561452
2026-09-14 08:07:32 - 暂停product成功：amazon_us_hero 282920899723175
2026-09-14 08:07:32 - 暂停product成功：amazon_us_hero 320221156574448
2026-09-14 08:07:32 - 暂停product成功：amazon_us_hero 391143357195233
2026-09-14 08:07:32 - 暂停product成功：amazon_us_hero 534462105015509
2026-09-14 08:07:32 - 暂停product成功：amazon_us_hero 339181209387328
2026-09-14 08:07:32 - 暂停product成功：amazon_us_hero 480797467004210
2026-09-14 08:07:32 - 暂停product成功：amazon_us_hero 408017987573611
2026-09-14 08:07:32 - 暂停product成功：amazon_us_hero 518062004996108
2026-09-14 08:07:32 - 暂停product成功：amazon_us_hero 310668750699926
2026-09-14 08:07:32 - 暂停product成功：amazon_us_hero 511491334352295
2026-09-14 08:07:32 - 暂停product成功：amazon_us_hero 483309701825716
2026-09-14 08:07:32 - 暂停product成功：amazon_us_hero 372484975631747
2026-09-14 08:07:32 - 暂停product成功：amazon_us_hero 534053163399019
2026-09-14 08:07:32 - 暂停product成功：amazon_us_hero 512583369756965
2026-09-14 08:07:32 - 暂停product成功：amazon_us_hero 433994504995342
2026-09-14 08:07:32 - 暂停product成功：amazon_us_hero 406406393100328
2026-09-14 08:07:32 - 暂停product成功：amazon_us_hero 421633119888853
2026-09-14 08:07:32 - 暂停product成功：amazon_us_hero 312471729582977
2026-09-14 08:07:32 - 暂停product成功：amazon_us_hero 430927128756558
2026-09-14 08:07:32 - 暂停product成功：amazon_us_hero 547625786164848
2026-09-14 08:07:32 - 暂停product成功：amazon_us_hero 369550114670108
2026-09-14 08:07:32 - 暂停product成功：amazon_us_hero 404677360708515
2026-09-14 08:07:32 - 暂停product成功：amazon_us_hero 521833023052252
2026-09-14 08:07:32 - 暂停product成功：amazon_us_hero 444968809162943
2026-09-14 08:07:32 - 暂停product成功：amazon_us_hero 380301669364501
2026-09-14 08:07:32 - 暂停product成功：amazon_us_hero 495310153768982
2026-09-14 08:07:32 - 暂停product成功：amazon_us_hero 328730117886753
2026-09-14 08:07:32 - 暂停product成功：amazon_us_hero 349064158012992
2026-09-14 08:07:32 - 暂停product成功：amazon_us_hero 511689482453856
2026-09-14 08:07:34 - batchMongoUpdateProduct：共177条，成功177条，失败0条
2026-09-14 08:07:36 - {"status":"success","message":"success","data":[{"adId":430879106641380,"code":"SUCCESS"},{"adId":433730347938826,"code":"SUCCESS"},{"adId":555137274542510,"code":"SUCCESS"},{"adId":307026755805397,"code":"SUCCESS"},{"adId":452052571304067,"code":"SUCCESS"},{"adId":329271200555557,"code":"SUCCESS"},{"adId":365582342931059,"code":"SUCCESS"},{"adId":514749078162501,"code":"SUCCESS"},{"adId":508348029626021,"code":"SUCCESS"},{"adId":371254700765503,"code":"SUCCESS"},{"adId":539736640096026,"code":"SUCCESS"},{"adId":519102723564346,"code":"SUCCESS"},{"adId":454028666691647,"code":"SUCCESS"},{"adId":454678984402732,"code":"SUCCESS"},{"adId":460855262413720,"code":"SUCCESS"},{"adId":342904256726500,"code":"SUCCESS"},{"adId":501363795396993,"code":"SUCCESS"},{"adId":503923985287476,"code":"SUCCESS"},{"adId":374108364704696,"code":"SUCCESS"},{"adId":500718091092344,"code":"SUCCESS"},{"adId":366466543999619,"code":"SUCCESS"},{"adId":469126759237145,"code":"SUCCESS"},{"adId":305227882493971,"code":"SUCCESS"},{"adId":300834523946111,"code":"SUCCESS"},{"adId":324126834181300,"code":"SUCCESS"},{"adId":408038449154329,"code":"SUCCESS"},{"adId":488358252778084,"code":"SUCCESS"},{"adId":398296087561827,"code":"SUCCESS"},{"adId":331789579476302,"code":"SUCCESS"},{"adId":341874001053492,"code":"SUCCESS"},{"adId":296039650277544,"code":"SUCCESS"},{"adId":467448736027671,"code":"SUCCESS"},{"adId":341960648213974,"code":"SUCCESS"},{"adId":417994792618619,"code":"SUCCESS"},{"adId":442518637822509,"code":"SUCCESS"},{"adId":369537673483030,"code":"SUCCESS"},{"adId":446226355633389,"code":"SUCCESS"},{"adId":557388185680106,"code":"SUCCESS"},{"adId":541958597327691,"code":"SUCCESS"},{"adId":541195353495231,"code":"SUCCESS"},{"adId":500422280300175,"code":"SUCCESS"},{"adId":462188155817670,"code":"SUCCESS"},{"adId":466918909193186,"code":"SUCCESS"},{"adId":407999180783357,"code":"SUCCESS"},{"adId":468323298334329,"code":"SUCCESS"},{"adId":519054021549497,"code":"SUCCESS"},{"adId":449501462990899,"code":"SUCCESS"},{"adId":417537726057803,"code":"SUCCESS"},{"adId":349102160311656,"code":"SUCCESS"},{"adId":348852891052280,"code":"SUCCESS"},{"adId":295530253989206,"code":"SUCCESS"},{"adId":309006050325234,"code":"SUCCESS"},{"adId":452529703653497,"code":"SUCCESS"},{"adId":548549713812473,"code":"SUCCESS"},{"adId":515328624534499,"code":"SUCCESS"},{"adId":465966234996309,"code":"SUCCESS"},{"adId":416436423734099,"code":"SUCCESS"},{"adId":532547711817686,"code":"SUCCESS"},{"adId":446394021909737,"code":"SUCCESS"},{"adId":402208093212534,"code":"SUCCESS"},{"adId":545545241549203,"code":"SUCCESS"},{"adId":404535112057930,"code":"SUCCESS"},{"adId":523235465732232,"code":"SUCCESS"},{"adId":467633625501931,"code":"SUCCESS"},{"adId":462930507470507,"code":"SUCCESS"},{"adId":553008006003093,"code":"SUCCESS"},{"adId":292760294703519,"code":"SUCCESS"},{"adId":413073533470391,"code":"SUCCESS"},{"adId":364621576414443,"code":"SUCCESS"},{"adId":334857307899697,"code":"SUCCESS"},{"adId":477352325664154,"code":"SUCCESS"},{"adId":500650658995277,"code":"SUCCESS"},{"adId":422607379430024,"code":"SUCCESS"},{"adId":374846315474285,"code":"SUCCESS"},{"adId":419156278937065,"code":"SUCCESS"},{"adId":323652073348744,"code":"SUCCESS"},{"adId":469116772289470,"code":"SUCCESS"},{"adId":464803773402311,"code":"SUCCESS"},{"adId":283357100794356,"code":"SUCCESS"},{"adId":304150856678272,"code":"SUCCESS"},{"adId":455703459146996,"code":"SUCCESS"},{"adId":511447619499749,"code":"SUCCESS"},{"adId":489944436021283,"code":"SUCCESS"},{"adId":406574483416253,"code":"SUCCESS"},{"adId":290670313574300,"code":"SUCCESS"},{"adId":519080125950601,"code":"SUCCESS"},{"adId":484244390994299,"code":"SUCCESS"},{"adId":318004966152015,"code":"SUCCESS"},{"adId":557730857445948,"code":"SUCCESS"},{"adId":530126195276630,"code":"SUCCESS"},{"adId":549031256901155,"code":"SUCCESS"},{"adId":433394203892859,"code":"SUCCESS"},{"adId":314032515448339,"code":"SUCCESS"},{"adId":314953995459035,"code":"SUCCESS"},{"adId":527445915722894,"code":"SUCCESS"},{"adId":374626087825321,"code":"SUCCESS"},{"adId":553955751537282,"code":"SUCCESS"},{"adId":295537714446152,"code":"SUCCESS"},{"adId":473841502402024,"code":"SUCCESS"},{"adId":342417178934258,"code":"SUCCESS"},{"adId":442203879829866,"code":"SUCCESS"},{"adId":500894963129096,"code":"SUCCESS"},{"adId":482739392488750,"code":"SUCCESS"},{"adId":466652880661799,"code":"SUCCESS"},{"adId":339441287614057,"code":"SUCCESS"},{"adId":348022138124428,"code":"SUCCESS"},{"adId":361718234515557,"code":"SUCCESS"},{"adId":364139466729812,"code":"SUCCESS"},{"adId":398860569248865,"code":"SUCCESS"}]}
2026-09-14 08:07:36 - 暂停product成功：amazon_us_hero 430879106641380
2026-09-14 08:07:36 - 暂停product成功：amazon_us_hero 433730347938826
2026-09-14 08:07:36 - 暂停product成功：amazon_us_hero 555137274542510
2026-09-14 08:07:36 - 暂停product成功：amazon_us_hero 307026755805397
2026-09-14 08:07:36 - 暂停product成功：amazon_us_hero 452052571304067
2026-09-14 08:07:36 - 暂停product成功：amazon_us_hero 329271200555557
2026-09-14 08:07:36 - 暂停product成功：amazon_us_hero 365582342931059
2026-09-14 08:07:36 - 暂停product成功：amazon_us_hero 514749078162501
2026-09-14 08:07:36 - 暂停product成功：amazon_us_hero 508348029626021
2026-09-14 08:07:36 - 暂停product成功：amazon_us_hero 371254700765503
2026-09-14 08:07:36 - 暂停product成功：amazon_us_hero 539736640096026
2026-09-14 08:07:36 - 暂停product成功：amazon_us_hero 519102723564346
2026-09-14 08:07:36 - 暂停product成功：amazon_us_hero 454028666691647
2026-09-14 08:07:36 - 暂停product成功：amazon_us_hero 454678984402732
2026-09-14 08:07:36 - 暂停product成功：amazon_us_hero 460855262413720
2026-09-14 08:07:36 - 暂停product成功：amazon_us_hero 342904256726500
2026-09-14 08:07:36 - 暂停product成功：amazon_us_hero 501363795396993
2026-09-14 08:07:36 - 暂停product成功：amazon_us_hero 503923985287476
2026-09-14 08:07:36 - 暂停product成功：amazon_us_hero 374108364704696
2026-09-14 08:07:36 - 暂停product成功：amazon_us_hero 500718091092344
2026-09-14 08:07:36 - 暂停product成功：amazon_us_hero 366466543999619
2026-09-14 08:07:36 - 暂停product成功：amazon_us_hero 469126759237145
2026-09-14 08:07:36 - 暂停product成功：amazon_us_hero 305227882493971
2026-09-14 08:07:36 - 暂停product成功：amazon_us_hero 300834523946111
2026-09-14 08:07:36 - 暂停product成功：amazon_us_hero 324126834181300
2026-09-14 08:07:36 - 暂停product成功：amazon_us_hero 408038449154329
2026-09-14 08:07:36 - 暂停product成功：amazon_us_hero 488358252778084
2026-09-14 08:07:36 - 暂停product成功：amazon_us_hero 398296087561827
2026-09-14 08:07:36 - 暂停product成功：amazon_us_hero 331789579476302
2026-09-14 08:07:36 - 暂停product成功：amazon_us_hero 341874001053492
2026-09-14 08:07:36 - 暂停product成功：amazon_us_hero 296039650277544
2026-09-14 08:07:36 - 暂停product成功：amazon_us_hero 467448736027671
2026-09-14 08:07:36 - 暂停product成功：amazon_us_hero 341960648213974
2026-09-14 08:07:36 - 暂停product成功：amazon_us_hero 417994792618619
2026-09-14 08:07:36 - 暂停product成功：amazon_us_hero 442518637822509
2026-09-14 08:07:36 - 暂停product成功：amazon_us_hero 369537673483030
2026-09-14 08:07:36 - 暂停product成功：amazon_us_hero 446226355633389
2026-09-14 08:07:36 - 暂停product成功：amazon_us_hero 557388185680106
2026-09-14 08:07:36 - 暂停product成功：amazon_us_hero 541958597327691
2026-09-14 08:07:36 - 暂停product成功：amazon_us_hero 541195353495231
2026-09-14 08:07:36 - 暂停product成功：amazon_us_hero 500422280300175
2026-09-14 08:07:36 - 暂停product成功：amazon_us_hero 462188155817670
2026-09-14 08:07:36 - 暂停product成功：amazon_us_hero 466918909193186
2026-09-14 08:07:36 - 暂停product成功：amazon_us_hero 407999180783357
2026-09-14 08:07:36 - 暂停product成功：amazon_us_hero 468323298334329
2026-09-14 08:07:36 - 暂停product成功：amazon_us_hero 519054021549497
2026-09-14 08:07:36 - 暂停product成功：amazon_us_hero 449501462990899
2026-09-14 08:07:36 - 暂停product成功：amazon_us_hero 417537726057803
2026-09-14 08:07:36 - 暂停product成功：amazon_us_hero 349102160311656
2026-09-14 08:07:36 - 暂停product成功：amazon_us_hero 348852891052280
2026-09-14 08:07:36 - 暂停product成功：amazon_us_hero 295530253989206
2026-09-14 08:07:36 - 暂停product成功：amazon_us_hero 309006050325234
2026-09-14 08:07:36 - 暂停product成功：amazon_us_hero 452529703653497
2026-09-14 08:07:36 - 暂停product成功：amazon_us_hero 548549713812473
2026-09-14 08:07:36 - 暂停product成功：amazon_us_hero 515328624534499
2026-09-14 08:07:36 - 暂停product成功：amazon_us_hero 465966234996309
2026-09-14 08:07:36 - 暂停product成功：amazon_us_hero 416436423734099
2026-09-14 08:07:36 - 暂停product成功：amazon_us_hero 532547711817686
2026-09-14 08:07:36 - 暂停product成功：amazon_us_hero 446394021909737
2026-09-14 08:07:36 - 暂停product成功：amazon_us_hero 402208093212534
2026-09-14 08:07:36 - 暂停product成功：amazon_us_hero 545545241549203
2026-09-14 08:07:36 - 暂停product成功：amazon_us_hero 404535112057930
2026-09-14 08:07:36 - 暂停product成功：amazon_us_hero 523235465732232
2026-09-14 08:07:36 - 暂停product成功：amazon_us_hero 467633625501931
2026-09-14 08:07:36 - 暂停product成功：amazon_us_hero 462930507470507
2026-09-14 08:07:36 - 暂停product成功：amazon_us_hero 553008006003093
2026-09-14 08:07:36 - 暂停product成功：amazon_us_hero 292760294703519
2026-09-14 08:07:36 - 暂停product成功：amazon_us_hero 413073533470391
2026-09-14 08:07:36 - 暂停product成功：amazon_us_hero 364621576414443
2026-09-14 08:07:36 - 暂停product成功：amazon_us_hero 334857307899697
2026-09-14 08:07:36 - 暂停product成功：amazon_us_hero 477352325664154
2026-09-14 08:07:36 - 暂停product成功：amazon_us_hero 500650658995277
2026-09-14 08:07:36 - 暂停product成功：amazon_us_hero 422607379430024
2026-09-14 08:07:36 - 暂停product成功：amazon_us_hero 374846315474285
2026-09-14 08:07:36 - 暂停product成功：amazon_us_hero 419156278937065
2026-09-14 08:07:36 - 暂停product成功：amazon_us_hero 323652073348744
2026-09-14 08:07:36 - 暂停product成功：amazon_us_hero 469116772289470
2026-09-14 08:07:36 - 暂停product成功：amazon_us_hero 464803773402311
2026-09-14 08:07:36 - 暂停product成功：amazon_us_hero 283357100794356
2026-09-14 08:07:36 - 暂停product成功：amazon_us_hero 304150856678272
2026-09-14 08:07:36 - 暂停product成功：amazon_us_hero 455703459146996
2026-09-14 08:07:36 - 暂停product成功：amazon_us_hero 511447619499749
2026-09-14 08:07:36 - 暂停product成功：amazon_us_hero 489944436021283
2026-09-14 08:07:36 - 暂停product成功：amazon_us_hero 406574483416253
2026-09-14 08:07:36 - 暂停product成功：amazon_us_hero 290670313574300
2026-09-14 08:07:36 - 暂停product成功：amazon_us_hero 519080125950601
2026-09-14 08:07:36 - 暂停product成功：amazon_us_hero 484244390994299
2026-09-14 08:07:36 - 暂停product成功：amazon_us_hero 318004966152015
2026-09-14 08:07:36 - 暂停product成功：amazon_us_hero 557730857445948
2026-09-14 08:07:36 - 暂停product成功：amazon_us_hero 530126195276630
2026-09-14 08:07:36 - 暂停product成功：amazon_us_hero 549031256901155
2026-09-14 08:07:36 - 暂停product成功：amazon_us_hero 433394203892859
2026-09-14 08:07:36 - 暂停product成功：amazon_us_hero 314032515448339
2026-09-14 08:07:36 - 暂停product成功：amazon_us_hero 314953995459035
2026-09-14 08:07:36 - 暂停product成功：amazon_us_hero 527445915722894
2026-09-14 08:07:36 - 暂停product成功：amazon_us_hero 374626087825321
2026-09-14 08:07:36 - 暂停product成功：amazon_us_hero 553955751537282
2026-09-14 08:07:36 - 暂停product成功：amazon_us_hero 295537714446152
2026-09-14 08:07:36 - 暂停product成功：amazon_us_hero 473841502402024
2026-09-14 08:07:36 - 暂停product成功：amazon_us_hero 342417178934258
2026-09-14 08:07:36 - 暂停product成功：amazon_us_hero 442203879829866
2026-09-14 08:07:36 - 暂停product成功：amazon_us_hero 500894963129096
2026-09-14 08:07:36 - 暂停product成功：amazon_us_hero 482739392488750
2026-09-14 08:07:36 - 暂停product成功：amazon_us_hero 466652880661799
2026-09-14 08:07:36 - 暂停product成功：amazon_us_hero 339441287614057
2026-09-14 08:07:36 - 暂停product成功：amazon_us_hero 348022138124428
2026-09-14 08:07:36 - 暂停product成功：amazon_us_hero 361718234515557
2026-09-14 08:07:36 - 暂停product成功：amazon_us_hero 364139466729812
2026-09-14 08:07:36 - 暂停product成功：amazon_us_hero 398860569248865
2026-09-14 08:07:37 - batchMongoUpdateProduct：共90条，成功90条，失败0条
2026-09-14 08:07:40 - {"status":"success","message":"success","data":[{"adId":296086233867228,"code":"SUCCESS"},{"adId":442128071204590,"code":"SUCCESS"},{"adId":433330314948551,"code":"SUCCESS"},{"adId":545605924681406,"code":"SUCCESS"},{"adId":467956937805554,"code":"SUCCESS"},{"adId":227403704206893,"code":"SUCCESS"},{"adId":307979098085756,"code":"SUCCESS"},{"adId":429924957741178,"code":"SUCCESS"},{"adId":261577899013418,"code":"SUCCESS"},{"adId":504109080891618,"code":"SUCCESS"},{"adId":559781152543057,"code":"SUCCESS"},{"adId":292631527825462,"code":"SUCCESS"},{"adId":139926100280118,"code":"SUCCESS"},{"adId":379223408224487,"code":"SUCCESS"},{"adId":464535809103096,"code":"SUCCESS"},{"adId":495575219334081,"code":"SUCCESS"},{"adId":410088195298571,"code":"SUCCESS"},{"adId":385637779840384,"code":"SUCCESS"},{"adId":429457197669448,"code":"SUCCESS"},{"adId":352605962982265,"code":"SUCCESS"},{"adId":486675625068308,"code":"SUCCESS"},{"adId":365639881846403,"code":"SUCCESS"},{"adId":456966481586089,"code":"SUCCESS"},{"adId":548475022017108,"code":"SUCCESS"},{"adId":309882385906977,"code":"SUCCESS"},{"adId":321237273732040,"code":"SUCCESS"},{"adId":562777173038907,"code":"SUCCESS"},{"adId":414653421963281,"code":"SUCCESS"},{"adId":389998008500741,"code":"SUCCESS"},{"adId":385800899854129,"code":"SUCCESS"},{"adId":465670689124357,"code":"SUCCESS"},{"adId":503892618288249,"code":"SUCCESS"},{"adId":538065635118756,"code":"SUCCESS"},{"adId":546546815496173,"code":"SUCCESS"},{"adId":322564436253695,"code":"SUCCESS"},{"adId":394313039227406,"code":"SUCCESS"},{"adId":376879519590363,"code":"SUCCESS"},{"adId":441592950917784,"code":"SUCCESS"},{"adId":295238406686874,"code":"SUCCESS"},{"adId":542594394884799,"code":"SUCCESS"},{"adId":498486167443908,"code":"SUCCESS"},{"adId":489908253018707,"code":"SUCCESS"},{"adId":388341039299597,"code":"SUCCESS"},{"adId":350113213555549,"code":"SUCCESS"},{"adId":459444839668659,"code":"SUCCESS"},{"adId":342844845620665,"code":"SUCCESS"},{"adId":447413157665399,"code":"SUCCESS"},{"adId":508073076854607,"code":"SUCCESS"},{"adId":319437800524714,"code":"SUCCESS"},{"adId":547522418549938,"code":"SUCCESS"},{"adId":520490413843988,"code":"SUCCESS"},{"adId":183829511181551,"code":"SUCCESS"},{"adId":288352042964451,"code":"SUCCESS"},{"adId":540658998183200,"code":"SUCCESS"},{"adId":310133993411572,"code":"SUCCESS"},{"adId":361669965698745,"code":"SUCCESS"},{"adId":433140120495510,"code":"SUCCESS"},{"adId":558150283728786,"code":"SUCCESS"},{"adId":491335983126643,"code":"SUCCESS"},{"adId":428176037601250,"code":"SUCCESS"},{"adId":513944725638660,"code":"SUCCESS"},{"adId":345337826216144,"code":"SUCCESS"},{"adId":401285185179936,"code":"SUCCESS"},{"adId":427672193596146,"code":"SUCCESS"},{"adId":435659553308254,"code":"SUCCESS"},{"adId":55939206883241,"code":"SUCCESS"},{"adId":497232971278750,"code":"SUCCESS"},{"adId":387717661555452,"code":"SUCCESS"},{"adId":479871163853446,"code":"SUCCESS"},{"adId":418661065979814,"code":"SUCCESS"},{"adId":441584836506503,"code":"SUCCESS"},{"adId":391613463096599,"code":"SUCCESS"},{"adId":409261485425379,"code":"SUCCESS"},{"adId":513512315494102,"code":"SUCCESS"},{"adId":435851603005807,"code":"SUCCESS"},{"adId":470790161251891,"code":"SUCCESS"},{"adId":363869506345777,"code":"SUCCESS"},{"adId":338049701561431,"code":"SUCCESS"},{"adId":403661251346508,"code":"SUCCESS"},{"adId":519036337480386,"code":"SUCCESS"},{"adId":295301293505080,"code":"SUCCESS"},{"adId":521647793105202,"code":"SUCCESS"},{"adId":406385627889512,"code":"SUCCESS"},{"adId":226030273969157,"code":"SUCCESS"},{"adId":463312117245627,"code":"SUCCESS"},{"adId":552652996382865,"code":"SUCCESS"},{"adId":322647093685538,"code":"SUCCESS"},{"adId":354504686845588,"code":"SUCCESS"},{"adId":544578485362939,"code":"SUCCESS"},{"adId":466415191921855,"code":"SUCCESS"},{"adId":557975379758173,"code":"SUCCESS"},{"adId":301673728473533,"code":"SUCCESS"},{"adId":383056961592569,"code":"SUCCESS"},{"adId":354633165146331,"code":"SUCCESS"},{"adId":371245773769429,"code":"SUCCESS"},{"adId":495583492777006,"code":"SUCCESS"},{"adId":504104922239327,"code":"SUCCESS"},{"adId":338687413129890,"code":"SUCCESS"},{"adId":547843598330254,"code":"SUCCESS"},{"adId":524785822907941,"code":"SUCCESS"},{"adId":339672816059564,"code":"SUCCESS"},{"adId":533084887200779,"code":"SUCCESS"},{"adId":291151018506488,"code":"SUCCESS"},{"adId":399777836509667,"code":"SUCCESS"},{"adId":552905932897362,"code":"SUCCESS"},{"adId":409042065490423,"code":"SUCCESS"},{"adId":540272014690169,"code":"SUCCESS"},{"adId":426232962501145,"code":"SUCCESS"},{"adId":379160438899440,"code":"SUCCESS"},{"adId":279637223432459,"code":"SUCCESS"},{"adId":461282279623719,"code":"SUCCESS"},{"adId":481419611295428,"code":"SUCCESS"},{"adId":172697290332304,"code":"SUCCESS"},{"adId":271590469114478,"code":"SUCCESS"},{"adId":56176858048591,"code":"SUCCESS"},{"adId":395497395605047,"code":"SUCCESS"},{"adId":383791708766125,"code":"SUCCESS"},{"adId":347588763533970,"code":"SUCCESS"},{"adId":485646896322619,"code":"SUCCESS"},{"adId":366795886598958,"code":"SUCCESS"},{"adId":372958237742191,"code":"SUCCESS"},{"adId":88714989678018,"code":"SUCCESS"},{"adId":389992525022588,"code":"SUCCESS"},{"adId":431291429406483,"code":"SUCCESS"},{"adId":538488336574733,"code":"SUCCESS"},{"adId":332335726463169,"code":"SUCCESS"},{"adId":474346510190197,"code":"SUCCESS"},{"adId":449886306869195,"code":"SUCCESS"},{"adId":357807421047643,"code":"SUCCESS"},{"adId":394277117483602,"code":"SUCCESS"},{"adId":537951186900810,"code":"SUCCESS"},{"adId":346553469564415,"code":"SUCCESS"},{"adId":347741699696813,"code":"SUCCESS"},{"adId":144087481189344,"code":"SUCCESS"},{"adId":343880104260752,"code":"SUCCESS"},{"adId":455431558283586,"code":"SUCCESS"},{"adId":444061805936710,"code":"SUCCESS"},{"adId":396158889608204,"code":"SUCCESS"},{"adId":549134356631538,"code":"SUCCESS"},{"adId":339345238922744,"code":"SUCCESS"},{"adId":541964044478136,"code":"SUCCESS"},{"adId":505920659434000,"code":"SUCCESS"},{"adId":489839654201531,"code":"SUCCESS"},{"adId":546935664402032,"code":"SUCCESS"},{"adId":543735697150580,"code":"SUCCESS"},{"adId":27889620125102,"code":"SUCCESS"},{"adId":161769948550326,"code":"SUCCESS"},{"adId":504774123584650,"code":"SUCCESS"},{"adId":387071250239885,"code":"SUCCESS"},{"adId":372914574148544,"code":"SUCCESS"},{"adId":104276301845241,"code":"SUCCESS"},{"adId":291304038574470,"code":"SUCCESS"},{"adId":343907725313107,"code":"SUCCESS"},{"adId":465364776011365,"code":"SUCCESS"},{"adId":308300800716663,"code":"SUCCESS"},{"adId":316769079806966,"code":"SUCCESS"},{"adId":320830186649470,"code":"SUCCESS"},{"adId":548068872864816,"code":"SUCCESS"},{"adId":321312234335084,"code":"SUCCESS"},{"adId":439440506487820,"code":"SUCCESS"},{"adId":394075073669052,"code":"SUCCESS"},{"adId":450485321918385,"code":"SUCCESS"},{"adId":464753526904395,"code":"SUCCESS"},{"adId":301143968585265,"code":"SUCCESS"},{"adId":525942480226522,"code":"SUCCESS"},{"adId":397709594350941,"code":"SUCCESS"},{"adId":434996149209290,"code":"SUCCESS"},{"adId":447960875048399,"code":"SUCCESS"},{"adId":368232309765585,"code":"SUCCESS"},{"adId":532617899718710,"code":"SUCCESS"},{"adId":307725006707861,"code":"SUCCESS"},{"adId":158313009576469,"code":"SUCCESS"},{"adId":427247513402110,"code":"SUCCESS"},{"adId":456479557640602,"code":"SUCCESS"},{"adId":419687341924206,"code":"SUCCESS"},{"adId":394432008257653,"code":"SUCCESS"},{"adId":403288015012004,"code":"SUCCESS"},{"adId":437760938588968,"code":"SUCCESS"},{"adId":515940584250824,"code":"SUCCESS"},{"adId":181937830648943,"code":"SUCCESS"},{"adId":338699173451003,"code":"SUCCESS"},{"adId":556344003676227,"code":"SUCCESS"},{"adId":351690530119078,"code":"SUCCESS"},{"adId":400197593034519,"code":"SUCCESS"},{"adId":546182561925923,"code":"SUCCESS"},{"adId":326547909963003,"code":"SUCCESS"},{"adId":533554996265882,"code":"SUCCESS"},{"adId":456841277019982,"code":"SUCCESS"},{"adId":501771716183471,"code":"SUCCESS"},{"adId":561440579742142,"code":"SUCCESS"},{"adId":530876512932197,"code":"SUCCESS"},{"adId":372905258395685,"code":"SUCCESS"},{"adId":433151030836008,"code":"SUCCESS"},{"adId":309485423809671,"code":"SUCCESS"},{"adId":539500389232431,"code":"SUCCESS"},{"adId":291816587939867,"code":"SUCCESS"},{"adId":349597440996147,"code":"SUCCESS"},{"adId":306011909812043,"code":"SUCCESS"},{"adId":484175574418080,"code":"SUCCESS"},{"adId":342890863091783,"code":"SUCCESS"}]}
2026-09-14 08:07:40 - 暂停product成功：amazon 296086233867228
2026-09-14 08:07:40 - 暂停product成功：amazon 442128071204590
2026-09-14 08:07:40 - 暂停product成功：amazon 433330314948551
2026-09-14 08:07:40 - 暂停product成功：amazon 545605924681406
2026-09-14 08:07:40 - 暂停product成功：amazon 467956937805554
2026-09-14 08:07:40 - 暂停product成功：amazon 227403704206893
2026-09-14 08:07:40 - 暂停product成功：amazon 307979098085756
2026-09-14 08:07:40 - 暂停product成功：amazon 429924957741178
2026-09-14 08:07:40 - 暂停product成功：amazon 261577899013418
2026-09-14 08:07:40 - 暂停product成功：amazon 504109080891618
2026-09-14 08:07:40 - 暂停product成功：amazon 559781152543057
2026-09-14 08:07:40 - 暂停product成功：amazon 292631527825462
2026-09-14 08:07:40 - 暂停product成功：amazon 139926100280118
2026-09-14 08:07:40 - 暂停product成功：amazon 379223408224487
2026-09-14 08:07:40 - 暂停product成功：amazon 464535809103096
2026-09-14 08:07:40 - 暂停product成功：amazon 495575219334081
2026-09-14 08:07:40 - 暂停product成功：amazon 410088195298571
2026-09-14 08:07:40 - 暂停product成功：amazon 385637779840384
2026-09-14 08:07:40 - 暂停product成功：amazon 429457197669448
2026-09-14 08:07:40 - 暂停product成功：amazon 352605962982265
2026-09-14 08:07:40 - 暂停product成功：amazon 486675625068308
2026-09-14 08:07:40 - 暂停product成功：amazon 365639881846403
2026-09-14 08:07:40 - 暂停product成功：amazon 456966481586089
2026-09-14 08:07:40 - 暂停product成功：amazon 548475022017108
2026-09-14 08:07:40 - 暂停product成功：amazon 309882385906977
2026-09-14 08:07:40 - 暂停product成功：amazon 321237273732040
2026-09-14 08:07:40 - 暂停product成功：amazon 562777173038907
2026-09-14 08:07:40 - 暂停product成功：amazon 414653421963281
2026-09-14 08:07:40 - 暂停product成功：amazon 389998008500741
2026-09-14 08:07:40 - 暂停product成功：amazon 385800899854129
2026-09-14 08:07:40 - 暂停product成功：amazon 465670689124357
2026-09-14 08:07:40 - 暂停product成功：amazon 503892618288249
2026-09-14 08:07:40 - 暂停product成功：amazon 538065635118756
2026-09-14 08:07:40 - 暂停product成功：amazon 546546815496173
2026-09-14 08:07:40 - 暂停product成功：amazon 322564436253695
2026-09-14 08:07:40 - 暂停product成功：amazon 394313039227406
2026-09-14 08:07:40 - 暂停product成功：amazon 376879519590363
2026-09-14 08:07:40 - 暂停product成功：amazon 441592950917784
2026-09-14 08:07:40 - 暂停product成功：amazon 295238406686874
2026-09-14 08:07:40 - 暂停product成功：amazon 542594394884799
2026-09-14 08:07:40 - 暂停product成功：amazon 498486167443908
2026-09-14 08:07:40 - 暂停product成功：amazon 489908253018707
2026-09-14 08:07:40 - 暂停product成功：amazon 388341039299597
2026-09-14 08:07:40 - 暂停product成功：amazon 350113213555549
2026-09-14 08:07:40 - 暂停product成功：amazon 459444839668659
2026-09-14 08:07:40 - 暂停product成功：amazon 342844845620665
2026-09-14 08:07:40 - 暂停product成功：amazon 447413157665399
2026-09-14 08:07:40 - 暂停product成功：amazon 508073076854607
2026-09-14 08:07:40 - 暂停product成功：amazon 319437800524714
2026-09-14 08:07:40 - 暂停product成功：amazon 547522418549938
2026-09-14 08:07:40 - 暂停product成功：amazon 520490413843988
2026-09-14 08:07:40 - 暂停product成功：amazon 183829511181551
2026-09-14 08:07:40 - 暂停product成功：amazon 288352042964451
2026-09-14 08:07:40 - 暂停product成功：amazon 540658998183200
2026-09-14 08:07:40 - 暂停product成功：amazon 310133993411572
2026-09-14 08:07:40 - 暂停product成功：amazon 361669965698745
2026-09-14 08:07:40 - 暂停product成功：amazon 433140120495510
2026-09-14 08:07:40 - 暂停product成功：amazon 558150283728786
2026-09-14 08:07:40 - 暂停product成功：amazon 491335983126643
2026-09-14 08:07:40 - 暂停product成功：amazon 428176037601250
2026-09-14 08:07:40 - 暂停product成功：amazon 513944725638660
2026-09-14 08:07:40 - 暂停product成功：amazon 345337826216144
2026-09-14 08:07:40 - 暂停product成功：amazon 401285185179936
2026-09-14 08:07:40 - 暂停product成功：amazon 427672193596146
2026-09-14 08:07:40 - 暂停product成功：amazon 435659553308254
2026-09-14 08:07:40 - 暂停product成功：amazon 55939206883241
2026-09-14 08:07:40 - 暂停product成功：amazon 497232971278750
2026-09-14 08:07:40 - 暂停product成功：amazon 387717661555452
2026-09-14 08:07:40 - 暂停product成功：amazon 479871163853446
2026-09-14 08:07:40 - 暂停product成功：amazon 418661065979814
2026-09-14 08:07:40 - 暂停product成功：amazon 441584836506503
2026-09-14 08:07:40 - 暂停product成功：amazon 391613463096599
2026-09-14 08:07:40 - 暂停product成功：amazon 409261485425379
2026-09-14 08:07:40 - 暂停product成功：amazon 513512315494102
2026-09-14 08:07:40 - 暂停product成功：amazon 435851603005807
2026-09-14 08:07:40 - 暂停product成功：amazon 470790161251891
2026-09-14 08:07:40 - 暂停product成功：amazon 363869506345777
2026-09-14 08:07:40 - 暂停product成功：amazon 338049701561431
2026-09-14 08:07:40 - 暂停product成功：amazon 403661251346508
2026-09-14 08:07:40 - 暂停product成功：amazon 519036337480386
2026-09-14 08:07:40 - 暂停product成功：amazon 295301293505080
2026-09-14 08:07:40 - 暂停product成功：amazon 521647793105202
2026-09-14 08:07:40 - 暂停product成功：amazon 406385627889512
2026-09-14 08:07:40 - 暂停product成功：amazon 226030273969157
2026-09-14 08:07:40 - 暂停product成功：amazon 463312117245627
2026-09-14 08:07:40 - 暂停product成功：amazon 552652996382865
2026-09-14 08:07:40 - 暂停product成功：amazon 322647093685538
2026-09-14 08:07:40 - 暂停product成功：amazon 354504686845588
2026-09-14 08:07:40 - 暂停product成功：amazon 544578485362939
2026-09-14 08:07:40 - 暂停product成功：amazon 466415191921855
2026-09-14 08:07:40 - 暂停product成功：amazon 557975379758173
2026-09-14 08:07:40 - 暂停product成功：amazon 301673728473533
2026-09-14 08:07:40 - 暂停product成功：amazon 383056961592569
2026-09-14 08:07:40 - 暂停product成功：amazon 354633165146331
2026-09-14 08:07:40 - 暂停product成功：amazon 371245773769429
2026-09-14 08:07:40 - 暂停product成功：amazon 495583492777006
2026-09-14 08:07:40 - 暂停product成功：amazon 504104922239327
2026-09-14 08:07:40 - 暂停product成功：amazon 338687413129890
2026-09-14 08:07:40 - 暂停product成功：amazon 547843598330254
2026-09-14 08:07:40 - 暂停product成功：amazon 524785822907941
2026-09-14 08:07:40 - 暂停product成功：amazon 339672816059564
2026-09-14 08:07:40 - 暂停product成功：amazon 533084887200779
2026-09-14 08:07:40 - 暂停product成功：amazon 291151018506488
2026-09-14 08:07:40 - 暂停product成功：amazon 399777836509667
2026-09-14 08:07:40 - 暂停product成功：amazon 552905932897362
2026-09-14 08:07:40 - 暂停product成功：amazon 409042065490423
2026-09-14 08:07:40 - 暂停product成功：amazon 540272014690169
2026-09-14 08:07:40 - 暂停product成功：amazon 426232962501145
2026-09-14 08:07:40 - 暂停product成功：amazon 379160438899440
2026-09-14 08:07:40 - 暂停product成功：amazon 279637223432459
2026-09-14 08:07:40 - 暂停product成功：amazon 461282279623719
2026-09-14 08:07:40 - 暂停product成功：amazon 481419611295428
2026-09-14 08:07:40 - 暂停product成功：amazon 172697290332304
2026-09-14 08:07:40 - 暂停product成功：amazon 271590469114478
2026-09-14 08:07:40 - 暂停product成功：amazon 56176858048591
2026-09-14 08:07:40 - 暂停product成功：amazon 395497395605047
2026-09-14 08:07:40 - 暂停product成功：amazon 383791708766125
2026-09-14 08:07:40 - 暂停product成功：amazon 347588763533970
2026-09-14 08:07:40 - 暂停product成功：amazon 485646896322619
2026-09-14 08:07:40 - 暂停product成功：amazon 366795886598958
2026-09-14 08:07:40 - 暂停product成功：amazon 372958237742191
2026-09-14 08:07:40 - 暂停product成功：amazon 88714989678018
2026-09-14 08:07:40 - 暂停product成功：amazon 389992525022588
2026-09-14 08:07:40 - 暂停product成功：amazon 431291429406483
2026-09-14 08:07:40 - 暂停product成功：amazon 538488336574733
2026-09-14 08:07:40 - 暂停product成功：amazon 332335726463169
2026-09-14 08:07:40 - 暂停product成功：amazon 474346510190197
2026-09-14 08:07:40 - 暂停product成功：amazon 449886306869195
2026-09-14 08:07:40 - 暂停product成功：amazon 357807421047643
2026-09-14 08:07:40 - 暂停product成功：amazon 394277117483602
2026-09-14 08:07:40 - 暂停product成功：amazon 537951186900810
2026-09-14 08:07:40 - 暂停product成功：amazon 346553469564415
2026-09-14 08:07:40 - 暂停product成功：amazon 347741699696813
2026-09-14 08:07:40 - 暂停product成功：amazon 144087481189344
2026-09-14 08:07:40 - 暂停product成功：amazon 343880104260752
2026-09-14 08:07:40 - 暂停product成功：amazon 455431558283586
2026-09-14 08:07:40 - 暂停product成功：amazon 444061805936710
2026-09-14 08:07:40 - 暂停product成功：amazon 396158889608204
2026-09-14 08:07:40 - 暂停product成功：amazon 549134356631538
2026-09-14 08:07:40 - 暂停product成功：amazon 339345238922744
2026-09-14 08:07:40 - 暂停product成功：amazon 541964044478136
2026-09-14 08:07:40 - 暂停product成功：amazon 505920659434000
2026-09-14 08:07:40 - 暂停product成功：amazon 489839654201531
2026-09-14 08:07:40 - 暂停product成功：amazon 546935664402032
2026-09-14 08:07:40 - 暂停product成功：amazon 543735697150580
2026-09-14 08:07:40 - 暂停product成功：amazon 27889620125102
2026-09-14 08:07:40 - 暂停product成功：amazon 161769948550326
2026-09-14 08:07:40 - 暂停product成功：amazon 504774123584650
2026-09-14 08:07:40 - 暂停product成功：amazon 387071250239885
2026-09-14 08:07:40 - 暂停product成功：amazon 372914574148544
2026-09-14 08:07:40 - 暂停product成功：amazon 104276301845241
2026-09-14 08:07:40 - 暂停product成功：amazon 291304038574470
2026-09-14 08:07:40 - 暂停product成功：amazon 343907725313107
2026-09-14 08:07:40 - 暂停product成功：amazon 465364776011365
2026-09-14 08:07:40 - 暂停product成功：amazon 308300800716663
2026-09-14 08:07:40 - 暂停product成功：amazon 316769079806966
2026-09-14 08:07:40 - 暂停product成功：amazon 320830186649470
2026-09-14 08:07:40 - 暂停product成功：amazon 548068872864816
2026-09-14 08:07:40 - 暂停product成功：amazon 321312234335084
2026-09-14 08:07:40 - 暂停product成功：amazon 439440506487820
2026-09-14 08:07:40 - 暂停product成功：amazon 394075073669052
2026-09-14 08:07:40 - 暂停product成功：amazon 450485321918385
2026-09-14 08:07:40 - 暂停product成功：amazon 464753526904395
2026-09-14 08:07:40 - 暂停product成功：amazon 301143968585265
2026-09-14 08:07:40 - 暂停product成功：amazon 525942480226522
2026-09-14 08:07:40 - 暂停product成功：amazon 397709594350941
2026-09-14 08:07:40 - 暂停product成功：amazon 434996149209290
2026-09-14 08:07:40 - 暂停product成功：amazon 447960875048399
2026-09-14 08:07:40 - 暂停product成功：amazon 368232309765585
2026-09-14 08:07:40 - 暂停product成功：amazon 532617899718710
2026-09-14 08:07:40 - 暂停product成功：amazon 307725006707861
2026-09-14 08:07:40 - 暂停product成功：amazon 158313009576469
2026-09-14 08:07:40 - 暂停product成功：amazon 427247513402110
2026-09-14 08:07:40 - 暂停product成功：amazon 456479557640602
2026-09-14 08:07:40 - 暂停product成功：amazon 419687341924206
2026-09-14 08:07:40 - 暂停product成功：amazon 394432008257653
2026-09-14 08:07:40 - 暂停product成功：amazon 403288015012004
2026-09-14 08:07:40 - 暂停product成功：amazon 437760938588968
2026-09-14 08:07:40 - 暂停product成功：amazon 515940584250824
2026-09-14 08:07:40 - 暂停product成功：amazon 181937830648943
2026-09-14 08:07:40 - 暂停product成功：amazon 338699173451003
2026-09-14 08:07:40 - 暂停product成功：amazon 556344003676227
2026-09-14 08:07:40 - 暂停product成功：amazon 351690530119078
2026-09-14 08:07:40 - 暂停product成功：amazon 400197593034519
2026-09-14 08:07:40 - 暂停product成功：amazon 546182561925923
2026-09-14 08:07:40 - 暂停product成功：amazon 326547909963003
2026-09-14 08:07:40 - 暂停product成功：amazon 533554996265882
2026-09-14 08:07:40 - 暂停product成功：amazon 456841277019982
2026-09-14 08:07:40 - 暂停product成功：amazon 501771716183471
2026-09-14 08:07:40 - 暂停product成功：amazon 561440579742142
2026-09-14 08:07:40 - 暂停product成功：amazon 530876512932197
2026-09-14 08:07:40 - 暂停product成功：amazon 372905258395685
2026-09-14 08:07:40 - 暂停product成功：amazon 433151030836008
2026-09-14 08:07:40 - 暂停product成功：amazon 309485423809671
2026-09-14 08:07:40 - 暂停product成功：amazon 539500389232431
2026-09-14 08:07:40 - 暂停product成功：amazon 291816587939867
2026-09-14 08:07:40 - 暂停product成功：amazon 349597440996147
2026-09-14 08:07:40 - 暂停product成功：amazon 306011909812043
2026-09-14 08:07:40 - 暂停product成功：amazon 484175574418080
2026-09-14 08:07:40 - 暂停product成功：amazon 342890863091783
2026-09-14 08:07:42 - batchMongoUpdateProduct：共121条，成功121条，失败0条
2026-09-14 08:07:44 - {"status":"success","message":"success","data":[{"adId":531156864069024,"code":"SUCCESS"},{"adId":320113891285360,"code":"SUCCESS"},{"adId":468240895372149,"code":"SUCCESS"},{"adId":431102921011173,"code":"SUCCESS"},{"adId":517305737076360,"code":"SUCCESS"},{"adId":263512708997410,"code":"SUCCESS"},{"adId":190028286601758,"code":"SUCCESS"},{"adId":379353015856574,"code":"SUCCESS"},{"adId":387796478051546,"code":"SUCCESS"},{"adId":371434636677789,"code":"SUCCESS"},{"adId":390639086704328,"code":"SUCCESS"},{"adId":460717417721470,"code":"SUCCESS"},{"adId":437245000057016,"code":"SUCCESS"},{"adId":347730866363698,"code":"SUCCESS"},{"adId":197811443549792,"code":"SUCCESS"},{"adId":31587397007090,"code":"SUCCESS"},{"adId":494977652562109,"code":"SUCCESS"},{"adId":23586539567131,"code":"SUCCESS"},{"adId":401029441763337,"code":"SUCCESS"},{"adId":404606093080376,"code":"SUCCESS"},{"adId":534801720211800,"code":"SUCCESS"},{"adId":538278001117784,"code":"SUCCESS"},{"adId":551690024991221,"code":"SUCCESS"},{"adId":456332463183392,"code":"SUCCESS"},{"adId":504636703409780,"code":"SUCCESS"},{"adId":383587864842309,"code":"SUCCESS"},{"adId":473738021693266,"code":"SUCCESS"},{"adId":319998232057053,"code":"SUCCESS"},{"adId":525421474758876,"code":"SUCCESS"},{"adId":488765352165801,"code":"SUCCESS"},{"adId":495906482037730,"code":"SUCCESS"},{"adId":455759909523406,"code":"SUCCESS"},{"adId":429974593536680,"code":"SUCCESS"},{"adId":525902630052034,"code":"SUCCESS"},{"adId":530949275109063,"code":"SUCCESS"},{"adId":291415492165585,"code":"SUCCESS"},{"adId":479289110312899,"code":"SUCCESS"},{"adId":539876050265671,"code":"SUCCESS"},{"adId":288590890501915,"code":"SUCCESS"},{"adId":294192752718774,"code":"SUCCESS"},{"adId":306313235559859,"code":"SUCCESS"},{"adId":341417728722377,"code":"SUCCESS"},{"adId":304703212640148,"code":"SUCCESS"},{"adId":485291929298381,"code":"SUCCESS"},{"adId":440096188466477,"code":"SUCCESS"},{"adId":455721346093182,"code":"SUCCESS"},{"adId":514374650882514,"code":"SUCCESS"},{"adId":304946687264024,"code":"SUCCESS"},{"adId":383611925115124,"code":"SUCCESS"},{"adId":561413364528792,"code":"SUCCESS"},{"adId":558231543619828,"code":"SUCCESS"},{"adId":368087499518235,"code":"SUCCESS"},{"adId":427560176689478,"code":"SUCCESS"},{"adId":561959943655817,"code":"SUCCESS"},{"adId":524875938695243,"code":"SUCCESS"},{"adId":429527961860475,"code":"SUCCESS"},{"adId":362287217632906,"code":"SUCCESS"},{"adId":70587655698532,"code":"SUCCESS"},{"adId":168370934533383,"code":"SUCCESS"},{"adId":287305580249815,"code":"SUCCESS"},{"adId":369548697525103,"code":"SUCCESS"},{"adId":288606698885263,"code":"SUCCESS"},{"adId":531088952734169,"code":"SUCCESS"},{"adId":557055046023579,"code":"SUCCESS"},{"adId":334031934711177,"code":"SUCCESS"},{"adId":562658713620464,"code":"SUCCESS"},{"adId":457664589102602,"code":"SUCCESS"},{"adId":325810561593632,"code":"SUCCESS"},{"adId":373994712956484,"code":"SUCCESS"},{"adId":350808205330780,"code":"SUCCESS"},{"adId":422445336815626,"code":"SUCCESS"},{"adId":523732300114167,"code":"SUCCESS"},{"adId":509475420477306,"code":"SUCCESS"},{"adId":553264398805060,"code":"SUCCESS"},{"adId":284551361596812,"code":"SUCCESS"},{"adId":418747461884154,"code":"SUCCESS"},{"adId":454598765829368,"code":"SUCCESS"},{"adId":428590839717088,"code":"SUCCESS"},{"adId":444996716666061,"code":"SUCCESS"},{"adId":398651290162092,"code":"SUCCESS"},{"adId":456116853777529,"code":"SUCCESS"},{"adId":308827909658460,"code":"SUCCESS"},{"adId":466709109321675,"code":"SUCCESS"},{"adId":522521656854637,"code":"SUCCESS"},{"adId":550477812376107,"code":"SUCCESS"},{"adId":504560699591540,"code":"SUCCESS"},{"adId":453361452829150,"code":"SUCCESS"},{"adId":432982595573642,"code":"SUCCESS"},{"adId":495953488021448,"code":"SUCCESS"},{"adId":427517587788655,"code":"SUCCESS"},{"adId":411241387334993,"code":"SUCCESS"},{"adId":369905645650831,"code":"SUCCESS"},{"adId":285466961924258,"code":"SUCCESS"},{"adId":337974022740684,"code":"SUCCESS"},{"adId":448131375643379,"code":"SUCCESS"},{"adId":372776584123135,"code":"SUCCESS"},{"adId":418714795261083,"code":"SUCCESS"},{"adId":350549014673301,"code":"SUCCESS"},{"adId":429035880953536,"code":"SUCCESS"},{"adId":400977848065114,"code":"SUCCESS"},{"adId":431223139847656,"code":"SUCCESS"},{"adId":468488217698301,"code":"SUCCESS"},{"adId":558462866116660,"code":"SUCCESS"},{"adId":355759805589824,"code":"SUCCESS"},{"adId":378991583697991,"code":"SUCCESS"},{"adId":302327543368259,"code":"SUCCESS"},{"adId":440867960361878,"code":"SUCCESS"},{"adId":481837050175312,"code":"SUCCESS"},{"adId":286629926870549,"code":"SUCCESS"},{"adId":426832738522914,"code":"SUCCESS"},{"adId":466723119131329,"code":"SUCCESS"},{"adId":372465485841797,"code":"SUCCESS"},{"adId":398724370780699,"code":"SUCCESS"},{"adId":407304224325367,"code":"SUCCESS"},{"adId":432742651164051,"code":"SUCCESS"},{"adId":439209882833800,"code":"SUCCESS"},{"adId":536826561188261,"code":"SUCCESS"},{"adId":404935496170923,"code":"SUCCESS"},{"adId":381460814344650,"code":"SUCCESS"},{"adId":467585000988765,"code":"SUCCESS"},{"adId":485836632526239,"code":"SUCCESS"},{"adId":535935543708720,"code":"SUCCESS"},{"adId":370685837437029,"code":"SUCCESS"},{"adId":494980012828293,"code":"SUCCESS"},{"adId":404841334651580,"code":"SUCCESS"},{"adId":285267321587906,"code":"SUCCESS"},{"adId":306989066929016,"code":"SUCCESS"},{"adId":311932245728788,"code":"SUCCESS"},{"adId":468141071673823,"code":"SUCCESS"},{"adId":531879328843500,"code":"SUCCESS"},{"adId":363031421553644,"code":"SUCCESS"},{"adId":408894263554806,"code":"SUCCESS"},{"adId":390213671432631,"code":"SUCCESS"},{"adId":495461328665270,"code":"SUCCESS"},{"adId":291413306543955,"code":"SUCCESS"},{"adId":319530603048439,"code":"SUCCESS"},{"adId":332332107738067,"code":"SUCCESS"},{"adId":396322140725835,"code":"SUCCESS"},{"adId":504790661201690,"code":"SUCCESS"},{"adId":460937192898115,"code":"SUCCESS"},{"adId":318132052234943,"code":"SUCCESS"},{"adId":391100589505397,"code":"SUCCESS"},{"adId":66535543635488,"code":"SUCCESS"},{"adId":341132479970482,"code":"SUCCESS"},{"adId":529901148321684,"code":"SUCCESS"},{"adId":535548869851827,"code":"SUCCESS"},{"adId":524196732177250,"code":"SUCCESS"},{"adId":354555085463609,"code":"SUCCESS"},{"adId":532776092642924,"code":"SUCCESS"},{"adId":521322472168335,"code":"SUCCESS"},{"adId":411994170875746,"code":"SUCCESS"},{"adId":538458738877123,"code":"SUCCESS"},{"adId":535968637544094,"code":"SUCCESS"},{"adId":522130375922156,"code":"SUCCESS"},{"adId":513160422002065,"code":"SUCCESS"},{"adId":358565661652376,"code":"SUCCESS"},{"adId":544238001025826,"code":"SUCCESS"},{"adId":476787756494328,"code":"SUCCESS"},{"adId":304853037042737,"code":"SUCCESS"},{"adId":412791288471869,"code":"SUCCESS"},{"adId":517764008406386,"code":"SUCCESS"},{"adId":351385087861569,"code":"SUCCESS"},{"adId":337764228584605,"code":"SUCCESS"},{"adId":561048293658829,"code":"SUCCESS"},{"adId":387525999084379,"code":"SUCCESS"},{"adId":442818225956127,"code":"SUCCESS"},{"adId":345970200005618,"code":"SUCCESS"},{"adId":289760080817050,"code":"SUCCESS"},{"adId":294627200215059,"code":"SUCCESS"},{"adId":479518237636275,"code":"SUCCESS"},{"adId":315514186493128,"code":"SUCCESS"},{"adId":492987397959774,"code":"SUCCESS"},{"adId":487883605130032,"code":"SUCCESS"},{"adId":290956024490168,"code":"SUCCESS"},{"adId":493873349164127,"code":"SUCCESS"},{"adId":348808113840777,"code":"SUCCESS"},{"adId":366294704080603,"code":"SUCCESS"},{"adId":368994936030248,"code":"SUCCESS"},{"adId":340333929033567,"code":"SUCCESS"},{"adId":354416061395165,"code":"SUCCESS"},{"adId":328862518376861,"code":"SUCCESS"},{"adId":544540218635136,"code":"SUCCESS"},{"adId":545901865376670,"code":"SUCCESS"},{"adId":327412626031542,"code":"SUCCESS"},{"adId":562652120133773,"code":"SUCCESS"},{"adId":543156580490599,"code":"SUCCESS"},{"adId":554795384222858,"code":"SUCCESS"},{"adId":458300137734323,"code":"SUCCESS"},{"adId":323151320167598,"code":"SUCCESS"},{"adId":142936681375871,"code":"SUCCESS"},{"adId":324166649223089,"code":"SUCCESS"},{"adId":473590765634542,"code":"SUCCESS"},{"adId":527203088737200,"code":"SUCCESS"},{"adId":444135750834496,"code":"SUCCESS"},{"adId":442557605938053,"code":"SUCCESS"},{"adId":369277326503371,"code":"SUCCESS"},{"adId":504638276921384,"code":"SUCCESS"},{"adId":397998850112263,"code":"SUCCESS"},{"adId":514621330014666,"code":"SUCCESS"},{"adId":519339072554487,"code":"SUCCESS"}]}
2026-09-14 08:07:44 - 暂停product成功：amazon 531156864069024
2026-09-14 08:07:44 - 暂停product成功：amazon 320113891285360
2026-09-14 08:07:44 - 暂停product成功：amazon 468240895372149
2026-09-14 08:07:44 - 暂停product成功：amazon 431102921011173
2026-09-14 08:07:44 - 暂停product成功：amazon 517305737076360
2026-09-14 08:07:44 - 暂停product成功：amazon 263512708997410
2026-09-14 08:07:44 - 暂停product成功：amazon 190028286601758
2026-09-14 08:07:44 - 暂停product成功：amazon 379353015856574
2026-09-14 08:07:44 - 暂停product成功：amazon 387796478051546
2026-09-14 08:07:44 - 暂停product成功：amazon 371434636677789
2026-09-14 08:07:44 - 暂停product成功：amazon 390639086704328
2026-09-14 08:07:44 - 暂停product成功：amazon 460717417721470
2026-09-14 08:07:44 - 暂停product成功：amazon 437245000057016
2026-09-14 08:07:44 - 暂停product成功：amazon 347730866363698
2026-09-14 08:07:44 - 暂停product成功：amazon 197811443549792
2026-09-14 08:07:44 - 暂停product成功：amazon 31587397007090
2026-09-14 08:07:44 - 暂停product成功：amazon 494977652562109
2026-09-14 08:07:44 - 暂停product成功：amazon 23586539567131
2026-09-14 08:07:44 - 暂停product成功：amazon 401029441763337
2026-09-14 08:07:44 - 暂停product成功：amazon 404606093080376
2026-09-14 08:07:44 - 暂停product成功：amazon 534801720211800
2026-09-14 08:07:44 - 暂停product成功：amazon 538278001117784
2026-09-14 08:07:44 - 暂停product成功：amazon 551690024991221
2026-09-14 08:07:44 - 暂停product成功：amazon 456332463183392
2026-09-14 08:07:44 - 暂停product成功：amazon 504636703409780
2026-09-14 08:07:44 - 暂停product成功：amazon 383587864842309
2026-09-14 08:07:44 - 暂停product成功：amazon 473738021693266
2026-09-14 08:07:44 - 暂停product成功：amazon 319998232057053
2026-09-14 08:07:44 - 暂停product成功：amazon 525421474758876
2026-09-14 08:07:44 - 暂停product成功：amazon 488765352165801
2026-09-14 08:07:44 - 暂停product成功：amazon 495906482037730
2026-09-14 08:07:44 - 暂停product成功：amazon 455759909523406
2026-09-14 08:07:44 - 暂停product成功：amazon 429974593536680
2026-09-14 08:07:44 - 暂停product成功：amazon 525902630052034
2026-09-14 08:07:44 - 暂停product成功：amazon 530949275109063
2026-09-14 08:07:44 - 暂停product成功：amazon 291415492165585
2026-09-14 08:07:44 - 暂停product成功：amazon 479289110312899
2026-09-14 08:07:44 - 暂停product成功：amazon 539876050265671
2026-09-14 08:07:44 - 暂停product成功：amazon 288590890501915
2026-09-14 08:07:44 - 暂停product成功：amazon 294192752718774
2026-09-14 08:07:44 - 暂停product成功：amazon 306313235559859
2026-09-14 08:07:44 - 暂停product成功：amazon 341417728722377
2026-09-14 08:07:44 - 暂停product成功：amazon 304703212640148
2026-09-14 08:07:44 - 暂停product成功：amazon 485291929298381
2026-09-14 08:07:44 - 暂停product成功：amazon 440096188466477
2026-09-14 08:07:44 - 暂停product成功：amazon 455721346093182
2026-09-14 08:07:44 - 暂停product成功：amazon 514374650882514
2026-09-14 08:07:44 - 暂停product成功：amazon 304946687264024
2026-09-14 08:07:44 - 暂停product成功：amazon 383611925115124
2026-09-14 08:07:44 - 暂停product成功：amazon 561413364528792
2026-09-14 08:07:44 - 暂停product成功：amazon 558231543619828
2026-09-14 08:07:44 - 暂停product成功：amazon 368087499518235
2026-09-14 08:07:44 - 暂停product成功：amazon 427560176689478
2026-09-14 08:07:44 - 暂停product成功：amazon 561959943655817
2026-09-14 08:07:44 - 暂停product成功：amazon 524875938695243
2026-09-14 08:07:44 - 暂停product成功：amazon 429527961860475
2026-09-14 08:07:44 - 暂停product成功：amazon 362287217632906
2026-09-14 08:07:44 - 暂停product成功：amazon 70587655698532
2026-09-14 08:07:44 - 暂停product成功：amazon 168370934533383
2026-09-14 08:07:44 - 暂停product成功：amazon 287305580249815
2026-09-14 08:07:44 - 暂停product成功：amazon 369548697525103
2026-09-14 08:07:44 - 暂停product成功：amazon 288606698885263
2026-09-14 08:07:44 - 暂停product成功：amazon 531088952734169
2026-09-14 08:07:44 - 暂停product成功：amazon 557055046023579
2026-09-14 08:07:44 - 暂停product成功：amazon 334031934711177
2026-09-14 08:07:44 - 暂停product成功：amazon 562658713620464
2026-09-14 08:07:44 - 暂停product成功：amazon 457664589102602
2026-09-14 08:07:44 - 暂停product成功：amazon 325810561593632
2026-09-14 08:07:44 - 暂停product成功：amazon 373994712956484
2026-09-14 08:07:44 - 暂停product成功：amazon 350808205330780
2026-09-14 08:07:44 - 暂停product成功：amazon 422445336815626
2026-09-14 08:07:44 - 暂停product成功：amazon 523732300114167
2026-09-14 08:07:44 - 暂停product成功：amazon 509475420477306
2026-09-14 08:07:44 - 暂停product成功：amazon 553264398805060
2026-09-14 08:07:44 - 暂停product成功：amazon 284551361596812
2026-09-14 08:07:44 - 暂停product成功：amazon 418747461884154
2026-09-14 08:07:44 - 暂停product成功：amazon 454598765829368
2026-09-14 08:07:44 - 暂停product成功：amazon 428590839717088
2026-09-14 08:07:44 - 暂停product成功：amazon 444996716666061
2026-09-14 08:07:44 - 暂停product成功：amazon 398651290162092
2026-09-14 08:07:44 - 暂停product成功：amazon 456116853777529
2026-09-14 08:07:44 - 暂停product成功：amazon 308827909658460
2026-09-14 08:07:44 - 暂停product成功：amazon 466709109321675
2026-09-14 08:07:44 - 暂停product成功：amazon 522521656854637
2026-09-14 08:07:44 - 暂停product成功：amazon 550477812376107
2026-09-14 08:07:44 - 暂停product成功：amazon 504560699591540
2026-09-14 08:07:44 - 暂停product成功：amazon 453361452829150
2026-09-14 08:07:44 - 暂停product成功：amazon 432982595573642
2026-09-14 08:07:44 - 暂停product成功：amazon 495953488021448
2026-09-14 08:07:44 - 暂停product成功：amazon 427517587788655
2026-09-14 08:07:44 - 暂停product成功：amazon 411241387334993
2026-09-14 08:07:44 - 暂停product成功：amazon 369905645650831
2026-09-14 08:07:44 - 暂停product成功：amazon 285466961924258
2026-09-14 08:07:44 - 暂停product成功：amazon 337974022740684
2026-09-14 08:07:44 - 暂停product成功：amazon 448131375643379
2026-09-14 08:07:44 - 暂停product成功：amazon 372776584123135
2026-09-14 08:07:44 - 暂停product成功：amazon 418714795261083
2026-09-14 08:07:44 - 暂停product成功：amazon 350549014673301
2026-09-14 08:07:44 - 暂停product成功：amazon 429035880953536
2026-09-14 08:07:44 - 暂停product成功：amazon 400977848065114
2026-09-14 08:07:44 - 暂停product成功：amazon 431223139847656
2026-09-14 08:07:44 - 暂停product成功：amazon 468488217698301
2026-09-14 08:07:44 - 暂停product成功：amazon 558462866116660
2026-09-14 08:07:44 - 暂停product成功：amazon 355759805589824
2026-09-14 08:07:44 - 暂停product成功：amazon 378991583697991
2026-09-14 08:07:44 - 暂停product成功：amazon 302327543368259
2026-09-14 08:07:44 - 暂停product成功：amazon 440867960361878
2026-09-14 08:07:44 - 暂停product成功：amazon 481837050175312
2026-09-14 08:07:44 - 暂停product成功：amazon 286629926870549
2026-09-14 08:07:44 - 暂停product成功：amazon 426832738522914
2026-09-14 08:07:44 - 暂停product成功：amazon 466723119131329
2026-09-14 08:07:44 - 暂停product成功：amazon 372465485841797
2026-09-14 08:07:44 - 暂停product成功：amazon 398724370780699
2026-09-14 08:07:44 - 暂停product成功：amazon 407304224325367
2026-09-14 08:07:44 - 暂停product成功：amazon 432742651164051
2026-09-14 08:07:44 - 暂停product成功：amazon 439209882833800
2026-09-14 08:07:44 - 暂停product成功：amazon 536826561188261
2026-09-14 08:07:44 - 暂停product成功：amazon 404935496170923
2026-09-14 08:07:44 - 暂停product成功：amazon 381460814344650
2026-09-14 08:07:44 - 暂停product成功：amazon 467585000988765
2026-09-14 08:07:44 - 暂停product成功：amazon 485836632526239
2026-09-14 08:07:44 - 暂停product成功：amazon 535935543708720
2026-09-14 08:07:44 - 暂停product成功：amazon 370685837437029
2026-09-14 08:07:44 - 暂停product成功：amazon 494980012828293
2026-09-14 08:07:44 - 暂停product成功：amazon 404841334651580
2026-09-14 08:07:44 - 暂停product成功：amazon 285267321587906
2026-09-14 08:07:44 - 暂停product成功：amazon 306989066929016
2026-09-14 08:07:44 - 暂停product成功：amazon 311932245728788
2026-09-14 08:07:44 - 暂停product成功：amazon 468141071673823
2026-09-14 08:07:44 - 暂停product成功：amazon 531879328843500
2026-09-14 08:07:44 - 暂停product成功：amazon 363031421553644
2026-09-14 08:07:44 - 暂停product成功：amazon 408894263554806
2026-09-14 08:07:44 - 暂停product成功：amazon 390213671432631
2026-09-14 08:07:44 - 暂停product成功：amazon 495461328665270
2026-09-14 08:07:44 - 暂停product成功：amazon 291413306543955
2026-09-14 08:07:44 - 暂停product成功：amazon 319530603048439
2026-09-14 08:07:44 - 暂停product成功：amazon 332332107738067
2026-09-14 08:07:44 - 暂停product成功：amazon 396322140725835
2026-09-14 08:07:44 - 暂停product成功：amazon 504790661201690
2026-09-14 08:07:44 - 暂停product成功：amazon 460937192898115
2026-09-14 08:07:44 - 暂停product成功：amazon 318132052234943
2026-09-14 08:07:44 - 暂停product成功：amazon 391100589505397
2026-09-14 08:07:44 - 暂停product成功：amazon 66535543635488
2026-09-14 08:07:44 - 暂停product成功：amazon 341132479970482
2026-09-14 08:07:44 - 暂停product成功：amazon 529901148321684
2026-09-14 08:07:44 - 暂停product成功：amazon 535548869851827
2026-09-14 08:07:44 - 暂停product成功：amazon 524196732177250
2026-09-14 08:07:44 - 暂停product成功：amazon 354555085463609
2026-09-14 08:07:44 - 暂停product成功：amazon 532776092642924
2026-09-14 08:07:44 - 暂停product成功：amazon 521322472168335
2026-09-14 08:07:44 - 暂停product成功：amazon 411994170875746
2026-09-14 08:07:44 - 暂停product成功：amazon 538458738877123
2026-09-14 08:07:44 - 暂停product成功：amazon 535968637544094
2026-09-14 08:07:44 - 暂停product成功：amazon 522130375922156
2026-09-14 08:07:44 - 暂停product成功：amazon 513160422002065
2026-09-14 08:07:44 - 暂停product成功：amazon 358565661652376
2026-09-14 08:07:44 - 暂停product成功：amazon 544238001025826
2026-09-14 08:07:44 - 暂停product成功：amazon 476787756494328
2026-09-14 08:07:44 - 暂停product成功：amazon 304853037042737
2026-09-14 08:07:44 - 暂停product成功：amazon 412791288471869
2026-09-14 08:07:44 - 暂停product成功：amazon 517764008406386
2026-09-14 08:07:44 - 暂停product成功：amazon 351385087861569
2026-09-14 08:07:44 - 暂停product成功：amazon 337764228584605
2026-09-14 08:07:44 - 暂停product成功：amazon 561048293658829
2026-09-14 08:07:44 - 暂停product成功：amazon 387525999084379
2026-09-14 08:07:44 - 暂停product成功：amazon 442818225956127
2026-09-14 08:07:44 - 暂停product成功：amazon 345970200005618
2026-09-14 08:07:44 - 暂停product成功：amazon 289760080817050
2026-09-14 08:07:44 - 暂停product成功：amazon 294627200215059
2026-09-14 08:07:44 - 暂停product成功：amazon 479518237636275
2026-09-14 08:07:44 - 暂停product成功：amazon 315514186493128
2026-09-14 08:07:44 - 暂停product成功：amazon 492987397959774
2026-09-14 08:07:44 - 暂停product成功：amazon 487883605130032
2026-09-14 08:07:44 - 暂停product成功：amazon 290956024490168
2026-09-14 08:07:44 - 暂停product成功：amazon 493873349164127
2026-09-14 08:07:44 - 暂停product成功：amazon 348808113840777
2026-09-14 08:07:44 - 暂停product成功：amazon 366294704080603
2026-09-14 08:07:44 - 暂停product成功：amazon 368994936030248
2026-09-14 08:07:44 - 暂停product成功：amazon 340333929033567
2026-09-14 08:07:44 - 暂停product成功：amazon 354416061395165
2026-09-14 08:07:44 - 暂停product成功：amazon 328862518376861
2026-09-14 08:07:44 - 暂停product成功：amazon 544540218635136
2026-09-14 08:07:44 - 暂停product成功：amazon 545901865376670
2026-09-14 08:07:44 - 暂停product成功：amazon 327412626031542
2026-09-14 08:07:44 - 暂停product成功：amazon 562652120133773
2026-09-14 08:07:44 - 暂停product成功：amazon 543156580490599
2026-09-14 08:07:44 - 暂停product成功：amazon 554795384222858
2026-09-14 08:07:44 - 暂停product成功：amazon 458300137734323
2026-09-14 08:07:44 - 暂停product成功：amazon 323151320167598
2026-09-14 08:07:44 - 暂停product成功：amazon 142936681375871
2026-09-14 08:07:44 - 暂停product成功：amazon 324166649223089
2026-09-14 08:07:44 - 暂停product成功：amazon 473590765634542
2026-09-14 08:07:44 - 暂停product成功：amazon 527203088737200
2026-09-14 08:07:44 - 暂停product成功：amazon 444135750834496
2026-09-14 08:07:44 - 暂停product成功：amazon 442557605938053
2026-09-14 08:07:44 - 暂停product成功：amazon 369277326503371
2026-09-14 08:07:44 - 暂停product成功：amazon 504638276921384
2026-09-14 08:07:44 - 暂停product成功：amazon 397998850112263
2026-09-14 08:07:44 - 暂停product成功：amazon 514621330014666
2026-09-14 08:07:44 - 暂停product成功：amazon 519339072554487
2026-09-14 08:07:46 - batchMongoUpdateProduct：共128条，成功128条，失败0条
2026-09-14 08:07:47 - {"status":"success","message":"success","data":[{"adId":511122074173042,"code":"SUCCESS"},{"adId":320939149731840,"code":"SUCCESS"},{"adId":315507462689892,"code":"SUCCESS"},{"adId":500857263697989,"code":"SUCCESS"},{"adId":364702108675831,"code":"SUCCESS"},{"adId":517639615089559,"code":"SUCCESS"},{"adId":512180890106035,"code":"SUCCESS"},{"adId":386998172068119,"code":"SUCCESS"},{"adId":521641575140799,"code":"SUCCESS"},{"adId":307147567402391,"code":"SUCCESS"},{"adId":458581478039753,"code":"SUCCESS"},{"adId":484453580856399,"code":"SUCCESS"},{"adId":308532745414607,"code":"SUCCESS"},{"adId":302264970877873,"code":"SUCCESS"},{"adId":456219034270996,"code":"SUCCESS"},{"adId":366556950498677,"code":"SUCCESS"},{"adId":381107020258228,"code":"SUCCESS"},{"adId":538586182196218,"code":"SUCCESS"},{"adId":416584870456311,"code":"SUCCESS"}]}
2026-09-14 08:07:47 - 暂停product成功：amazon 511122074173042
2026-09-14 08:07:47 - 暂停product成功：amazon 320939149731840
2026-09-14 08:07:47 - 暂停product成功：amazon 315507462689892
2026-09-14 08:07:47 - 暂停product成功：amazon 500857263697989
2026-09-14 08:07:47 - 暂停product成功：amazon 364702108675831
2026-09-14 08:07:47 - 暂停product成功：amazon 517639615089559
2026-09-14 08:07:47 - 暂停product成功：amazon 512180890106035
2026-09-14 08:07:47 - 暂停product成功：amazon 386998172068119
2026-09-14 08:07:47 - 暂停product成功：amazon 521641575140799
2026-09-14 08:07:47 - 暂停product成功：amazon 307147567402391
2026-09-14 08:07:47 - 暂停product成功：amazon 458581478039753
2026-09-14 08:07:47 - 暂停product成功：amazon 484453580856399
2026-09-14 08:07:47 - 暂停product成功：amazon 308532745414607
2026-09-14 08:07:47 - 暂停product成功：amazon 302264970877873
2026-09-14 08:07:47 - 暂停product成功：amazon 456219034270996
2026-09-14 08:07:47 - 暂停product成功：amazon 366556950498677
2026-09-14 08:07:47 - 暂停product成功：amazon 381107020258228
2026-09-14 08:07:47 - 暂停product成功：amazon 538586182196218
2026-09-14 08:07:47 - 暂停product成功：amazon 416584870456311
2026-09-14 08:07:47 - batchMongoUpdateProduct：共14条，成功14条，失败0条
2026-09-14 08:07:50 - {"status":"success","message":"success","data":[{"adId":409100095062739,"code":"SUCCESS"},{"adId":381331672084427,"code":"SUCCESS"},{"adId":546044646178602,"code":"SUCCESS"},{"adId":429832358655988,"code":"SUCCESS"},{"adId":460364514838230,"code":"SUCCESS"},{"adId":528480844567022,"code":"SUCCESS"},{"adId":395723952827710,"code":"SUCCESS"},{"adId":313932758352232,"code":"SUCCESS"},{"adId":536646780932172,"code":"SUCCESS"},{"adId":438983934031133,"code":"SUCCESS"},{"adId":360600940164761,"code":"SUCCESS"},{"adId":376264314792319,"code":"SUCCESS"},{"adId":429376258300140,"code":"SUCCESS"},{"adId":435110854776573,"code":"SUCCESS"},{"adId":365301078362916,"code":"SUCCESS"},{"adId":292098408946901,"code":"SUCCESS"},{"adId":387912126747329,"code":"SUCCESS"},{"adId":458497264202227,"code":"SUCCESS"},{"adId":445512887820308,"code":"SUCCESS"},{"adId":395576292450271,"code":"SUCCESS"},{"adId":442082199528391,"code":"SUCCESS"},{"adId":312746295170944,"code":"SUCCESS"},{"adId":315912239436630,"code":"SUCCESS"},{"adId":368696060474058,"code":"SUCCESS"},{"adId":366701653503178,"code":"SUCCESS"},{"adId":405104914443713,"code":"SUCCESS"},{"adId":484453341710019,"code":"SUCCESS"},{"adId":334524474005391,"code":"SUCCESS"},{"adId":421483975181884,"code":"SUCCESS"},{"adId":557676334800564,"code":"SUCCESS"},{"adId":366615497440197,"code":"SUCCESS"},{"adId":562593519538804,"code":"SUCCESS"},{"adId":557898221682819,"code":"SUCCESS"},{"adId":539883797670366,"code":"SUCCESS"},{"adId":409206806476971,"code":"SUCCESS"},{"adId":411673137088799,"code":"SUCCESS"},{"adId":336075820952952,"code":"SUCCESS"},{"adId":394214449491981,"code":"SUCCESS"},{"adId":560888176377876,"code":"SUCCESS"},{"adId":346589659942168,"code":"SUCCESS"},{"adId":316398599812088,"code":"SUCCESS"},{"adId":298249130630984,"code":"SUCCESS"},{"adId":346761168760063,"code":"SUCCESS"},{"adId":540032328827129,"code":"SUCCESS"},{"adId":312550609490292,"code":"SUCCESS"},{"adId":412295353068427,"code":"SUCCESS"},{"adId":551905484969808,"code":"SUCCESS"},{"adId":336707952748391,"code":"SUCCESS"},{"adId":429066869803688,"code":"SUCCESS"},{"adId":467933040317568,"code":"SUCCESS"},{"adId":432861015367845,"code":"SUCCESS"},{"adId":492578438093211,"code":"SUCCESS"},{"adId":528994973772639,"code":"SUCCESS"},{"adId":294120247953165,"code":"SUCCESS"},{"adId":297273938683011,"code":"SUCCESS"},{"adId":386292290283137,"code":"SUCCESS"},{"adId":522924377624742,"code":"SUCCESS"},{"adId":454788594438285,"code":"SUCCESS"},{"adId":341101800480028,"code":"SUCCESS"},{"adId":427053417849855,"code":"SUCCESS"},{"adId":301323985081848,"code":"SUCCESS"},{"adId":433198159062768,"code":"SUCCESS"},{"adId":511797997686770,"code":"SUCCESS"},{"adId":541958238569792,"code":"SUCCESS"},{"adId":432576215602550,"code":"SUCCESS"},{"adId":404951941215446,"code":"SUCCESS"},{"adId":453805790457070,"code":"SUCCESS"},{"adId":436098052027503,"code":"SUCCESS"},{"adId":475521368581693,"code":"SUCCESS"},{"adId":516561858641076,"code":"SUCCESS"},{"adId":560482701985901,"code":"SUCCESS"},{"adId":477854629837216,"code":"SUCCESS"},{"adId":398845090183686,"code":"SUCCESS"},{"adId":309617524685368,"code":"SUCCESS"},{"adId":521479086166028,"code":"SUCCESS"},{"adId":343916199414531,"code":"SUCCESS"},{"adId":306529862997314,"code":"SUCCESS"},{"adId":485823988354861,"code":"SUCCESS"},{"adId":490010211301160,"code":"SUCCESS"},{"adId":461163667909360,"code":"SUCCESS"},{"adId":450284877529003,"code":"SUCCESS"},{"adId":324981710031325,"code":"SUCCESS"},{"adId":444575048232276,"code":"SUCCESS"},{"adId":531821615122149,"code":"SUCCESS"},{"adId":374379862298724,"code":"SUCCESS"},{"adId":522642790589068,"code":"SUCCESS"},{"adId":313888592092695,"code":"SUCCESS"},{"adId":395146010788820,"code":"SUCCESS"},{"adId":430186149513013,"code":"SUCCESS"},{"adId":391947943742563,"code":"SUCCESS"},{"adId":391319641324919,"code":"SUCCESS"},{"adId":402054440959540,"code":"SUCCESS"},{"adId":286655095767308,"code":"SUCCESS"},{"adId":558835485270375,"code":"SUCCESS"},{"adId":417964652740855,"code":"SUCCESS"},{"adId":415885913489887,"code":"SUCCESS"},{"adId":320150929406547,"code":"SUCCESS"},{"adId":521159569482735,"code":"SUCCESS"},{"adId":403256325263448,"code":"SUCCESS"},{"adId":346173771127710,"code":"SUCCESS"},{"adId":290958381919374,"code":"SUCCESS"},{"adId":550850276834413,"code":"SUCCESS"},{"adId":557417936041250,"code":"SUCCESS"},{"adId":314213419394194,"code":"SUCCESS"},{"adId":523717918313249,"code":"SUCCESS"},{"adId":357798298941757,"code":"SUCCESS"},{"adId":543045987580724,"code":"SUCCESS"},{"adId":490258250110556,"code":"SUCCESS"},{"adId":494961683121870,"code":"SUCCESS"},{"adId":445943942876393,"code":"SUCCESS"},{"adId":329671625211628,"code":"SUCCESS"},{"adId":505427768631485,"code":"SUCCESS"},{"adId":392370643999786,"code":"SUCCESS"},{"adId":345281492822363,"code":"SUCCESS"},{"adId":374473696398698,"code":"SUCCESS"},{"adId":297203533161009,"code":"SUCCESS"},{"adId":428904861563648,"code":"SUCCESS"},{"adId":305222618496337,"code":"SUCCESS"},{"adId":455679608389687,"code":"SUCCESS"},{"adId":312603766269348,"code":"SUCCESS"},{"adId":486975625053780,"code":"SUCCESS"},{"adId":376433027508011,"code":"SUCCESS"},{"adId":358954296260385,"code":"SUCCESS"},{"adId":488991842768164,"code":"SUCCESS"},{"adId":490213960475830,"code":"SUCCESS"},{"adId":401137958316704,"code":"SUCCESS"},{"adId":542304282875921,"code":"SUCCESS"},{"adId":398782910800421,"code":"SUCCESS"},{"adId":414550218578737,"code":"SUCCESS"},{"adId":403165419181065,"code":"SUCCESS"},{"adId":410276998412504,"code":"SUCCESS"},{"adId":476083852991074,"code":"SUCCESS"},{"adId":371619323438341,"code":"SUCCESS"},{"adId":545448546627297,"code":"SUCCESS"},{"adId":284926193728821,"code":"SUCCESS"},{"adId":299606564621889,"code":"SUCCESS"},{"adId":356717527465975,"code":"SUCCESS"},{"adId":428032238746834,"code":"SUCCESS"},{"adId":478652689787399,"code":"SUCCESS"},{"adId":507805071997892,"code":"SUCCESS"},{"adId":528636132788096,"code":"SUCCESS"},{"adId":541209118004958,"code":"SUCCESS"},{"adId":443606279253504,"code":"SUCCESS"},{"adId":289436025279450,"code":"SUCCESS"},{"adId":394427047543782,"code":"SUCCESS"},{"adId":335402757314656,"code":"SUCCESS"}]}
2026-09-14 08:07:50 - 暂停product成功：amazon_us_hood 409100095062739
2026-09-14 08:07:50 - 暂停product成功：amazon_us_hood 381331672084427
2026-09-14 08:07:50 - 暂停product成功：amazon_us_hood 546044646178602
2026-09-14 08:07:50 - 暂停product成功：amazon_us_hood 429832358655988
2026-09-14 08:07:50 - 暂停product成功：amazon_us_hood 460364514838230
2026-09-14 08:07:50 - 暂停product成功：amazon_us_hood 528480844567022
2026-09-14 08:07:50 - 暂停product成功：amazon_us_hood 395723952827710
2026-09-14 08:07:50 - 暂停product成功：amazon_us_hood 313932758352232
2026-09-14 08:07:50 - 暂停product成功：amazon_us_hood 536646780932172
2026-09-14 08:07:50 - 暂停product成功：amazon_us_hood 438983934031133
2026-09-14 08:07:50 - 暂停product成功：amazon_us_hood 360600940164761
2026-09-14 08:07:50 - 暂停product成功：amazon_us_hood 376264314792319
2026-09-14 08:07:50 - 暂停product成功：amazon_us_hood 429376258300140
2026-09-14 08:07:50 - 暂停product成功：amazon_us_hood 435110854776573
2026-09-14 08:07:50 - 暂停product成功：amazon_us_hood 365301078362916
2026-09-14 08:07:50 - 暂停product成功：amazon_us_hood 292098408946901
2026-09-14 08:07:50 - 暂停product成功：amazon_us_hood 387912126747329
2026-09-14 08:07:50 - 暂停product成功：amazon_us_hood 458497264202227
2026-09-14 08:07:50 - 暂停product成功：amazon_us_hood 445512887820308
2026-09-14 08:07:50 - 暂停product成功：amazon_us_hood 395576292450271
2026-09-14 08:07:50 - 暂停product成功：amazon_us_hood 442082199528391
2026-09-14 08:07:50 - 暂停product成功：amazon_us_hood 312746295170944
2026-09-14 08:07:50 - 暂停product成功：amazon_us_hood 315912239436630
2026-09-14 08:07:50 - 暂停product成功：amazon_us_hood 368696060474058
2026-09-14 08:07:50 - 暂停product成功：amazon_us_hood 366701653503178
2026-09-14 08:07:50 - 暂停product成功：amazon_us_hood 405104914443713
2026-09-14 08:07:50 - 暂停product成功：amazon_us_hood 484453341710019
2026-09-14 08:07:50 - 暂停product成功：amazon_us_hood 334524474005391
2026-09-14 08:07:50 - 暂停product成功：amazon_us_hood 421483975181884
2026-09-14 08:07:50 - 暂停product成功：amazon_us_hood 557676334800564
2026-09-14 08:07:50 - 暂停product成功：amazon_us_hood 366615497440197
2026-09-14 08:07:50 - 暂停product成功：amazon_us_hood 562593519538804
2026-09-14 08:07:50 - 暂停product成功：amazon_us_hood 557898221682819
2026-09-14 08:07:50 - 暂停product成功：amazon_us_hood 539883797670366
2026-09-14 08:07:50 - 暂停product成功：amazon_us_hood 409206806476971
2026-09-14 08:07:50 - 暂停product成功：amazon_us_hood 411673137088799
2026-09-14 08:07:50 - 暂停product成功：amazon_us_hood 336075820952952
2026-09-14 08:07:50 - 暂停product成功：amazon_us_hood 394214449491981
2026-09-14 08:07:50 - 暂停product成功：amazon_us_hood 560888176377876
2026-09-14 08:07:50 - 暂停product成功：amazon_us_hood 346589659942168
2026-09-14 08:07:50 - 暂停product成功：amazon_us_hood 316398599812088
2026-09-14 08:07:50 - 暂停product成功：amazon_us_hood 298249130630984
2026-09-14 08:07:50 - 暂停product成功：amazon_us_hood 346761168760063
2026-09-14 08:07:50 - 暂停product成功：amazon_us_hood 540032328827129
2026-09-14 08:07:50 - 暂停product成功：amazon_us_hood 312550609490292
2026-09-14 08:07:50 - 暂停product成功：amazon_us_hood 412295353068427
2026-09-14 08:07:50 - 暂停product成功：amazon_us_hood 551905484969808
2026-09-14 08:07:50 - 暂停product成功：amazon_us_hood 336707952748391
2026-09-14 08:07:50 - 暂停product成功：amazon_us_hood 429066869803688
2026-09-14 08:07:50 - 暂停product成功：amazon_us_hood 467933040317568
2026-09-14 08:07:50 - 暂停product成功：amazon_us_hood 432861015367845
2026-09-14 08:07:50 - 暂停product成功：amazon_us_hood 492578438093211
2026-09-14 08:07:50 - 暂停product成功：amazon_us_hood 528994973772639
2026-09-14 08:07:50 - 暂停product成功：amazon_us_hood 294120247953165
2026-09-14 08:07:50 - 暂停product成功：amazon_us_hood 297273938683011
2026-09-14 08:07:50 - 暂停product成功：amazon_us_hood 386292290283137
2026-09-14 08:07:50 - 暂停product成功：amazon_us_hood 522924377624742
2026-09-14 08:07:50 - 暂停product成功：amazon_us_hood 454788594438285
2026-09-14 08:07:50 - 暂停product成功：amazon_us_hood 341101800480028
2026-09-14 08:07:50 - 暂停product成功：amazon_us_hood 427053417849855
2026-09-14 08:07:50 - 暂停product成功：amazon_us_hood 301323985081848
2026-09-14 08:07:50 - 暂停product成功：amazon_us_hood 433198159062768
2026-09-14 08:07:50 - 暂停product成功：amazon_us_hood 511797997686770
2026-09-14 08:07:50 - 暂停product成功：amazon_us_hood 541958238569792
2026-09-14 08:07:50 - 暂停product成功：amazon_us_hood 432576215602550
2026-09-14 08:07:50 - 暂停product成功：amazon_us_hood 404951941215446
2026-09-14 08:07:50 - 暂停product成功：amazon_us_hood 453805790457070
2026-09-14 08:07:50 - 暂停product成功：amazon_us_hood 436098052027503
2026-09-14 08:07:50 - 暂停product成功：amazon_us_hood 475521368581693
2026-09-14 08:07:50 - 暂停product成功：amazon_us_hood 516561858641076
2026-09-14 08:07:50 - 暂停product成功：amazon_us_hood 560482701985901
2026-09-14 08:07:50 - 暂停product成功：amazon_us_hood 477854629837216
2026-09-14 08:07:50 - 暂停product成功：amazon_us_hood 398845090183686
2026-09-14 08:07:50 - 暂停product成功：amazon_us_hood 309617524685368
2026-09-14 08:07:50 - 暂停product成功：amazon_us_hood 521479086166028
2026-09-14 08:07:50 - 暂停product成功：amazon_us_hood 343916199414531
2026-09-14 08:07:50 - 暂停product成功：amazon_us_hood 306529862997314
2026-09-14 08:07:50 - 暂停product成功：amazon_us_hood 485823988354861
2026-09-14 08:07:50 - 暂停product成功：amazon_us_hood 490010211301160
2026-09-14 08:07:50 - 暂停product成功：amazon_us_hood 461163667909360
2026-09-14 08:07:50 - 暂停product成功：amazon_us_hood 450284877529003
2026-09-14 08:07:50 - 暂停product成功：amazon_us_hood 324981710031325
2026-09-14 08:07:50 - 暂停product成功：amazon_us_hood 444575048232276
2026-09-14 08:07:50 - 暂停product成功：amazon_us_hood 531821615122149
2026-09-14 08:07:50 - 暂停product成功：amazon_us_hood 374379862298724
2026-09-14 08:07:50 - 暂停product成功：amazon_us_hood 522642790589068
2026-09-14 08:07:50 - 暂停product成功：amazon_us_hood 313888592092695
2026-09-14 08:07:50 - 暂停product成功：amazon_us_hood 395146010788820
2026-09-14 08:07:50 - 暂停product成功：amazon_us_hood 430186149513013
2026-09-14 08:07:50 - 暂停product成功：amazon_us_hood 391947943742563
2026-09-14 08:07:50 - 暂停product成功：amazon_us_hood 391319641324919
2026-09-14 08:07:50 - 暂停product成功：amazon_us_hood 402054440959540
2026-09-14 08:07:50 - 暂停product成功：amazon_us_hood 286655095767308
2026-09-14 08:07:50 - 暂停product成功：amazon_us_hood 558835485270375
2026-09-14 08:07:50 - 暂停product成功：amazon_us_hood 417964652740855
2026-09-14 08:07:50 - 暂停product成功：amazon_us_hood 415885913489887
2026-09-14 08:07:50 - 暂停product成功：amazon_us_hood 320150929406547
2026-09-14 08:07:50 - 暂停product成功：amazon_us_hood 521159569482735
2026-09-14 08:07:50 - 暂停product成功：amazon_us_hood 403256325263448
2026-09-14 08:07:50 - 暂停product成功：amazon_us_hood 346173771127710
2026-09-14 08:07:50 - 暂停product成功：amazon_us_hood 290958381919374
2026-09-14 08:07:50 - 暂停product成功：amazon_us_hood 550850276834413
2026-09-14 08:07:50 - 暂停product成功：amazon_us_hood 557417936041250
2026-09-14 08:07:50 - 暂停product成功：amazon_us_hood 314213419394194
2026-09-14 08:07:50 - 暂停product成功：amazon_us_hood 523717918313249
2026-09-14 08:07:50 - 暂停product成功：amazon_us_hood 357798298941757
2026-09-14 08:07:50 - 暂停product成功：amazon_us_hood 543045987580724
2026-09-14 08:07:50 - 暂停product成功：amazon_us_hood 490258250110556
2026-09-14 08:07:50 - 暂停product成功：amazon_us_hood 494961683121870
2026-09-14 08:07:50 - 暂停product成功：amazon_us_hood 445943942876393
2026-09-14 08:07:50 - 暂停product成功：amazon_us_hood 329671625211628
2026-09-14 08:07:50 - 暂停product成功：amazon_us_hood 505427768631485
2026-09-14 08:07:50 - 暂停product成功：amazon_us_hood 392370643999786
2026-09-14 08:07:50 - 暂停product成功：amazon_us_hood 345281492822363
2026-09-14 08:07:50 - 暂停product成功：amazon_us_hood 374473696398698
2026-09-14 08:07:50 - 暂停product成功：amazon_us_hood 297203533161009
2026-09-14 08:07:50 - 暂停product成功：amazon_us_hood 428904861563648
2026-09-14 08:07:50 - 暂停product成功：amazon_us_hood 305222618496337
2026-09-14 08:07:50 - 暂停product成功：amazon_us_hood 455679608389687
2026-09-14 08:07:50 - 暂停product成功：amazon_us_hood 312603766269348
2026-09-14 08:07:50 - 暂停product成功：amazon_us_hood 486975625053780
2026-09-14 08:07:50 - 暂停product成功：amazon_us_hood 376433027508011
2026-09-14 08:07:50 - 暂停product成功：amazon_us_hood 358954296260385
2026-09-14 08:07:50 - 暂停product成功：amazon_us_hood 488991842768164
2026-09-14 08:07:50 - 暂停product成功：amazon_us_hood 490213960475830
2026-09-14 08:07:50 - 暂停product成功：amazon_us_hood 401137958316704
2026-09-14 08:07:50 - 暂停product成功：amazon_us_hood 542304282875921
2026-09-14 08:07:50 - 暂停product成功：amazon_us_hood 398782910800421
2026-09-14 08:07:50 - 暂停product成功：amazon_us_hood 414550218578737
2026-09-14 08:07:50 - 暂停product成功：amazon_us_hood 403165419181065
2026-09-14 08:07:50 - 暂停product成功：amazon_us_hood 410276998412504
2026-09-14 08:07:50 - 暂停product成功：amazon_us_hood 476083852991074
2026-09-14 08:07:50 - 暂停product成功：amazon_us_hood 371619323438341
2026-09-14 08:07:50 - 暂停product成功：amazon_us_hood 545448546627297
2026-09-14 08:07:50 - 暂停product成功：amazon_us_hood 284926193728821
2026-09-14 08:07:50 - 暂停product成功：amazon_us_hood 299606564621889
2026-09-14 08:07:50 - 暂停product成功：amazon_us_hood 356717527465975
2026-09-14 08:07:50 - 暂停product成功：amazon_us_hood 428032238746834
2026-09-14 08:07:50 - 暂停product成功：amazon_us_hood 478652689787399
2026-09-14 08:07:50 - 暂停product成功：amazon_us_hood 507805071997892
2026-09-14 08:07:50 - 暂停product成功：amazon_us_hood 528636132788096
2026-09-14 08:07:50 - 暂停product成功：amazon_us_hood 541209118004958
2026-09-14 08:07:50 - 暂停product成功：amazon_us_hood 443606279253504
2026-09-14 08:07:50 - 暂停product成功：amazon_us_hood 289436025279450
2026-09-14 08:07:50 - 暂停product成功：amazon_us_hood 394427047543782
2026-09-14 08:07:50 - 暂停product成功：amazon_us_hood 335402757314656
2026-09-14 08:07:51 - batchMongoUpdateProduct：共144条，成功144条，失败0条
2026-09-14 08:07:54 - {"status":"success","message":"success","data":[{"adId":529292434111890,"code":"SUCCESS"},{"adId":357299907363482,"code":"SUCCESS"},{"adId":392895642697363,"code":"SUCCESS"},{"adId":539707857703785,"code":"SUCCESS"},{"adId":379809089448643,"code":"SUCCESS"},{"adId":338280830416941,"code":"SUCCESS"},{"adId":307786023450864,"code":"SUCCESS"},{"adId":308767339196733,"code":"SUCCESS"},{"adId":380793264590808,"code":"SUCCESS"},{"adId":403350732761633,"code":"SUCCESS"},{"adId":331940650196654,"code":"SUCCESS"},{"adId":335772682295393,"code":"SUCCESS"},{"adId":441840231519443,"code":"SUCCESS"},{"adId":557057880041294,"code":"SUCCESS"},{"adId":297835371874355,"code":"SUCCESS"},{"adId":315720059704765,"code":"SUCCESS"},{"adId":483929035711473,"code":"SUCCESS"},{"adId":522183448619611,"code":"SUCCESS"},{"adId":436843414623475,"code":"SUCCESS"},{"adId":414006311905370,"code":"SUCCESS"},{"adId":387712001266440,"code":"SUCCESS"},{"adId":287119339618622,"code":"SUCCESS"},{"adId":502435312525537,"code":"SUCCESS"},{"adId":492267344775489,"code":"SUCCESS"},{"adId":335968226101404,"code":"SUCCESS"},{"adId":315627518392253,"code":"SUCCESS"},{"adId":311090110013925,"code":"SUCCESS"},{"adId":514919103263397,"code":"SUCCESS"},{"adId":501121477598101,"code":"SUCCESS"},{"adId":332938278242948,"code":"SUCCESS"},{"adId":326657285041019,"code":"SUCCESS"},{"adId":494463815307590,"code":"SUCCESS"},{"adId":486879494570417,"code":"SUCCESS"},{"adId":288516375654047,"code":"SUCCESS"},{"adId":442596198410404,"code":"SUCCESS"},{"adId":505337320869223,"code":"SUCCESS"},{"adId":300004493682521,"code":"SUCCESS"},{"adId":439352862397793,"code":"SUCCESS"},{"adId":468425452454322,"code":"SUCCESS"},{"adId":283284444107411,"code":"SUCCESS"},{"adId":552022454755900,"code":"SUCCESS"},{"adId":452961543539617,"code":"SUCCESS"},{"adId":507897688864327,"code":"SUCCESS"},{"adId":343237498251372,"code":"SUCCESS"},{"adId":453420366790510,"code":"SUCCESS"},{"adId":307622473049941,"code":"SUCCESS"},{"adId":552451683604714,"code":"SUCCESS"},{"adId":545731668468843,"code":"SUCCESS"},{"adId":387277368905202,"code":"SUCCESS"},{"adId":415565323625747,"code":"SUCCESS"},{"adId":489024022493328,"code":"SUCCESS"},{"adId":506222619157637,"code":"SUCCESS"},{"adId":445890280946381,"code":"SUCCESS"},{"adId":411500928384782,"code":"SUCCESS"},{"adId":425111965474598,"code":"SUCCESS"},{"adId":504995209205702,"code":"SUCCESS"},{"adId":346534460074896,"code":"SUCCESS"},{"adId":445365661487057,"code":"SUCCESS"},{"adId":370541413759017,"code":"SUCCESS"},{"adId":404676334757483,"code":"SUCCESS"},{"adId":549965295138064,"code":"SUCCESS"},{"adId":545896432535938,"code":"SUCCESS"},{"adId":328319172783677,"code":"SUCCESS"},{"adId":479092870160533,"code":"SUCCESS"},{"adId":530653620044718,"code":"SUCCESS"},{"adId":434740418667286,"code":"SUCCESS"},{"adId":431063188802590,"code":"SUCCESS"},{"adId":337830647183842,"code":"SUCCESS"},{"adId":525363580924697,"code":"SUCCESS"},{"adId":409713501437502,"code":"SUCCESS"},{"adId":288609263684315,"code":"SUCCESS"},{"adId":410930959013783,"code":"SUCCESS"},{"adId":521871397441498,"code":"SUCCESS"},{"adId":436418255809941,"code":"SUCCESS"},{"adId":318674215332378,"code":"SUCCESS"},{"adId":387739824856676,"code":"SUCCESS"},{"adId":461192752773933,"code":"SUCCESS"},{"adId":465059394595073,"code":"SUCCESS"},{"adId":337657646424880,"code":"SUCCESS"},{"adId":408551292028622,"code":"SUCCESS"},{"adId":335825724137250,"code":"SUCCESS"},{"adId":305370467221911,"code":"SUCCESS"},{"adId":407313360684732,"code":"SUCCESS"},{"adId":465511532506121,"code":"SUCCESS"},{"adId":309795150642794,"code":"SUCCESS"},{"adId":299318374654953,"code":"SUCCESS"},{"adId":433261803044427,"code":"SUCCESS"},{"adId":365467359015090,"code":"SUCCESS"},{"adId":510346621617561,"code":"SUCCESS"},{"adId":557973659060836,"code":"SUCCESS"},{"adId":335340375808299,"code":"SUCCESS"},{"adId":453734780599091,"code":"SUCCESS"},{"adId":305844542756622,"code":"SUCCESS"},{"adId":339617607856061,"code":"SUCCESS"},{"adId":418725441748510,"code":"SUCCESS"},{"adId":493319322052083,"code":"SUCCESS"},{"adId":522210459055472,"code":"SUCCESS"},{"adId":362480411078810,"code":"SUCCESS"},{"adId":397438990286274,"code":"SUCCESS"},{"adId":309945812432095,"code":"SUCCESS"},{"adId":431663156463016,"code":"SUCCESS"},{"adId":556458261662588,"code":"SUCCESS"},{"adId":456676914900014,"code":"SUCCESS"},{"adId":538889834089958,"code":"SUCCESS"},{"adId":391710011370338,"code":"SUCCESS"},{"adId":430263815252794,"code":"SUCCESS"},{"adId":418276594861333,"code":"SUCCESS"},{"adId":298806272125519,"code":"SUCCESS"},{"adId":479460442730297,"code":"SUCCESS"},{"adId":374165026682441,"code":"SUCCESS"},{"adId":493167941155914,"code":"SUCCESS"},{"adId":560475256508137,"code":"SUCCESS"},{"adId":546781769218653,"code":"SUCCESS"},{"adId":335776998202455,"code":"SUCCESS"},{"adId":359781953649130,"code":"SUCCESS"},{"adId":505006384870972,"code":"SUCCESS"},{"adId":359183328135147,"code":"SUCCESS"},{"adId":324828333887287,"code":"SUCCESS"},{"adId":536687711708894,"code":"SUCCESS"},{"adId":374091758789168,"code":"SUCCESS"},{"adId":484800992134284,"code":"SUCCESS"},{"adId":498811135877296,"code":"SUCCESS"},{"adId":474829265346816,"code":"SUCCESS"},{"adId":327857878577407,"code":"SUCCESS"},{"adId":371603616361707,"code":"SUCCESS"},{"adId":458608602314949,"code":"SUCCESS"},{"adId":523807767503269,"code":"SUCCESS"},{"adId":360540488144312,"code":"SUCCESS"},{"adId":414023751825444,"code":"SUCCESS"},{"adId":350482749829868,"code":"SUCCESS"},{"adId":286224868813793,"code":"SUCCESS"},{"adId":282112173674071,"code":"SUCCESS"},{"adId":495393412156870,"code":"SUCCESS"},{"adId":396079681928471,"code":"SUCCESS"},{"adId":456652515563009,"code":"SUCCESS"},{"adId":552790778784427,"code":"SUCCESS"},{"adId":412669903616264,"code":"SUCCESS"},{"adId":441843000741176,"code":"SUCCESS"},{"adId":401982253660571,"code":"SUCCESS"},{"adId":435961220804120,"code":"SUCCESS"},{"adId":526876321107947,"code":"SUCCESS"},{"adId":537448503031069,"code":"SUCCESS"},{"adId":472614149633564,"code":"SUCCESS"},{"adId":490948459442940,"code":"SUCCESS"},{"adId":342613976505364,"code":"SUCCESS"},{"adId":458032805075350,"code":"SUCCESS"},{"adId":504277510506994,"code":"SUCCESS"},{"adId":388884351831830,"code":"SUCCESS"},{"adId":324668361167328,"code":"SUCCESS"},{"adId":484066577617640,"code":"SUCCESS"},{"adId":428234355752843,"code":"SUCCESS"},{"adId":411961864341075,"code":"SUCCESS"},{"adId":311456610113310,"code":"SUCCESS"},{"adId":367831844238684,"code":"SUCCESS"},{"adId":320290769477143,"code":"SUCCESS"},{"adId":461148469455449,"code":"SUCCESS"},{"adId":538937563768863,"code":"SUCCESS"},{"adId":336501603408861,"code":"SUCCESS"},{"adId":454830712659873,"code":"SUCCESS"},{"adId":373479537624810,"code":"SUCCESS"},{"adId":499804071427219,"code":"SUCCESS"},{"adId":431341954924974,"code":"SUCCESS"},{"adId":402927418234810,"code":"SUCCESS"},{"adId":526978171860380,"code":"SUCCESS"},{"adId":409083436651778,"code":"SUCCESS"},{"adId":492426864043768,"code":"SUCCESS"},{"adId":550722969717411,"code":"SUCCESS"},{"adId":439589459415842,"code":"SUCCESS"},{"adId":440799987535285,"code":"SUCCESS"},{"adId":552817212733584,"code":"SUCCESS"},{"adId":313000250577527,"code":"SUCCESS"},{"adId":388074647040051,"code":"SUCCESS"},{"adId":296083181579896,"code":"SUCCESS"},{"adId":419025779072025,"code":"SUCCESS"},{"adId":355571887964144,"code":"SUCCESS"},{"adId":345009084391978,"code":"SUCCESS"},{"adId":562524267948980,"code":"SUCCESS"},{"adId":352200294932390,"code":"SUCCESS"},{"adId":441524571650518,"code":"SUCCESS"},{"adId":517994129389231,"code":"SUCCESS"},{"adId":373592430982758,"code":"SUCCESS"},{"adId":513799968033668,"code":"SUCCESS"},{"adId":403677570752727,"code":"SUCCESS"},{"adId":541872453762258,"code":"SUCCESS"},{"adId":365569953677767,"code":"SUCCESS"},{"adId":376445476415776,"code":"SUCCESS"},{"adId":430523232617485,"code":"SUCCESS"},{"adId":524266450471032,"code":"SUCCESS"},{"adId":299964401134333,"code":"SUCCESS"},{"adId":295625802268989,"code":"SUCCESS"},{"adId":543125367573459,"code":"SUCCESS"},{"adId":481900472956565,"code":"SUCCESS"},{"adId":461520895371796,"code":"SUCCESS"},{"adId":318962847625951,"code":"SUCCESS"},{"adId":451196858878574,"code":"SUCCESS"},{"adId":436657133290960,"code":"SUCCESS"},{"adId":521685844828980,"code":"SUCCESS"},{"adId":300809775723295,"code":"SUCCESS"},{"adId":293623797674843,"code":"SUCCESS"},{"adId":561982630643732,"code":"SUCCESS"}]}
2026-09-14 08:07:54 - 暂停product成功：amazon_us_luux 529292434111890
2026-09-14 08:07:54 - 暂停product成功：amazon_us_luux 357299907363482
2026-09-14 08:07:54 - 暂停product成功：amazon_us_luux 392895642697363
2026-09-14 08:07:54 - 暂停product成功：amazon_us_luux 539707857703785
2026-09-14 08:07:54 - 暂停product成功：amazon_us_luux 379809089448643
2026-09-14 08:07:54 - 暂停product成功：amazon_us_luux 338280830416941
2026-09-14 08:07:54 - 暂停product成功：amazon_us_luux 307786023450864
2026-09-14 08:07:54 - 暂停product成功：amazon_us_luux 308767339196733
2026-09-14 08:07:54 - 暂停product成功：amazon_us_luux 380793264590808
2026-09-14 08:07:54 - 暂停product成功：amazon_us_luux 403350732761633
2026-09-14 08:07:54 - 暂停product成功：amazon_us_luux 331940650196654
2026-09-14 08:07:54 - 暂停product成功：amazon_us_luux 335772682295393
2026-09-14 08:07:54 - 暂停product成功：amazon_us_luux 441840231519443
2026-09-14 08:07:54 - 暂停product成功：amazon_us_luux 557057880041294
2026-09-14 08:07:54 - 暂停product成功：amazon_us_luux 297835371874355
2026-09-14 08:07:54 - 暂停product成功：amazon_us_luux 315720059704765
2026-09-14 08:07:54 - 暂停product成功：amazon_us_luux 483929035711473
2026-09-14 08:07:54 - 暂停product成功：amazon_us_luux 522183448619611
2026-09-14 08:07:54 - 暂停product成功：amazon_us_luux 436843414623475
2026-09-14 08:07:54 - 暂停product成功：amazon_us_luux 414006311905370
2026-09-14 08:07:54 - 暂停product成功：amazon_us_luux 387712001266440
2026-09-14 08:07:54 - 暂停product成功：amazon_us_luux 287119339618622
2026-09-14 08:07:54 - 暂停product成功：amazon_us_luux 502435312525537
2026-09-14 08:07:54 - 暂停product成功：amazon_us_luux 492267344775489
2026-09-14 08:07:54 - 暂停product成功：amazon_us_luux 335968226101404
2026-09-14 08:07:54 - 暂停product成功：amazon_us_luux 315627518392253
2026-09-14 08:07:54 - 暂停product成功：amazon_us_luux 311090110013925
2026-09-14 08:07:54 - 暂停product成功：amazon_us_luux 514919103263397
2026-09-14 08:07:54 - 暂停product成功：amazon_us_luux 501121477598101
2026-09-14 08:07:54 - 暂停product成功：amazon_us_luux 332938278242948
2026-09-14 08:07:54 - 暂停product成功：amazon_us_luux 326657285041019
2026-09-14 08:07:54 - 暂停product成功：amazon_us_luux 494463815307590
2026-09-14 08:07:54 - 暂停product成功：amazon_us_luux 486879494570417
2026-09-14 08:07:54 - 暂停product成功：amazon_us_luux 288516375654047
2026-09-14 08:07:54 - 暂停product成功：amazon_us_luux 442596198410404
2026-09-14 08:07:54 - 暂停product成功：amazon_us_luux 505337320869223
2026-09-14 08:07:54 - 暂停product成功：amazon_us_luux 300004493682521
2026-09-14 08:07:54 - 暂停product成功：amazon_us_luux 439352862397793
2026-09-14 08:07:54 - 暂停product成功：amazon_us_luux 468425452454322
2026-09-14 08:07:54 - 暂停product成功：amazon_us_luux 283284444107411
2026-09-14 08:07:54 - 暂停product成功：amazon_us_luux 552022454755900
2026-09-14 08:07:54 - 暂停product成功：amazon_us_luux 452961543539617
2026-09-14 08:07:54 - 暂停product成功：amazon_us_luux 507897688864327
2026-09-14 08:07:54 - 暂停product成功：amazon_us_luux 343237498251372
2026-09-14 08:07:54 - 暂停product成功：amazon_us_luux 453420366790510
2026-09-14 08:07:54 - 暂停product成功：amazon_us_luux 307622473049941
2026-09-14 08:07:54 - 暂停product成功：amazon_us_luux 552451683604714
2026-09-14 08:07:54 - 暂停product成功：amazon_us_luux 545731668468843
2026-09-14 08:07:54 - 暂停product成功：amazon_us_luux 387277368905202
2026-09-14 08:07:54 - 暂停product成功：amazon_us_luux 415565323625747
2026-09-14 08:07:54 - 暂停product成功：amazon_us_luux 489024022493328
2026-09-14 08:07:54 - 暂停product成功：amazon_us_luux 506222619157637
2026-09-14 08:07:54 - 暂停product成功：amazon_us_luux 445890280946381
2026-09-14 08:07:54 - 暂停product成功：amazon_us_luux 411500928384782
2026-09-14 08:07:54 - 暂停product成功：amazon_us_luux 425111965474598
2026-09-14 08:07:54 - 暂停product成功：amazon_us_luux 504995209205702
2026-09-14 08:07:54 - 暂停product成功：amazon_us_luux 346534460074896
2026-09-14 08:07:54 - 暂停product成功：amazon_us_luux 445365661487057
2026-09-14 08:07:54 - 暂停product成功：amazon_us_luux 370541413759017
2026-09-14 08:07:54 - 暂停product成功：amazon_us_luux 404676334757483
2026-09-14 08:07:54 - 暂停product成功：amazon_us_luux 549965295138064
2026-09-14 08:07:54 - 暂停product成功：amazon_us_luux 545896432535938
2026-09-14 08:07:54 - 暂停product成功：amazon_us_luux 328319172783677
2026-09-14 08:07:54 - 暂停product成功：amazon_us_luux 479092870160533
2026-09-14 08:07:54 - 暂停product成功：amazon_us_luux 530653620044718
2026-09-14 08:07:54 - 暂停product成功：amazon_us_luux 434740418667286
2026-09-14 08:07:54 - 暂停product成功：amazon_us_luux 431063188802590
2026-09-14 08:07:54 - 暂停product成功：amazon_us_luux 337830647183842
2026-09-14 08:07:54 - 暂停product成功：amazon_us_luux 525363580924697
2026-09-14 08:07:54 - 暂停product成功：amazon_us_luux 409713501437502
2026-09-14 08:07:54 - 暂停product成功：amazon_us_luux 288609263684315
2026-09-14 08:07:54 - 暂停product成功：amazon_us_luux 410930959013783
2026-09-14 08:07:54 - 暂停product成功：amazon_us_luux 521871397441498
2026-09-14 08:07:54 - 暂停product成功：amazon_us_luux 436418255809941
2026-09-14 08:07:54 - 暂停product成功：amazon_us_luux 318674215332378
2026-09-14 08:07:54 - 暂停product成功：amazon_us_luux 387739824856676
2026-09-14 08:07:54 - 暂停product成功：amazon_us_luux 461192752773933
2026-09-14 08:07:54 - 暂停product成功：amazon_us_luux 465059394595073
2026-09-14 08:07:54 - 暂停product成功：amazon_us_luux 337657646424880
2026-09-14 08:07:54 - 暂停product成功：amazon_us_luux 408551292028622
2026-09-14 08:07:54 - 暂停product成功：amazon_us_luux 335825724137250
2026-09-14 08:07:54 - 暂停product成功：amazon_us_luux 305370467221911
2026-09-14 08:07:54 - 暂停product成功：amazon_us_luux 407313360684732
2026-09-14 08:07:54 - 暂停product成功：amazon_us_luux 465511532506121
2026-09-14 08:07:54 - 暂停product成功：amazon_us_luux 309795150642794
2026-09-14 08:07:54 - 暂停product成功：amazon_us_luux 299318374654953
2026-09-14 08:07:54 - 暂停product成功：amazon_us_luux 433261803044427
2026-09-14 08:07:54 - 暂停product成功：amazon_us_luux 365467359015090
2026-09-14 08:07:54 - 暂停product成功：amazon_us_luux 510346621617561
2026-09-14 08:07:54 - 暂停product成功：amazon_us_luux 557973659060836
2026-09-14 08:07:54 - 暂停product成功：amazon_us_luux 335340375808299
2026-09-14 08:07:54 - 暂停product成功：amazon_us_luux 453734780599091
2026-09-14 08:07:54 - 暂停product成功：amazon_us_luux 305844542756622
2026-09-14 08:07:54 - 暂停product成功：amazon_us_luux 339617607856061
2026-09-14 08:07:54 - 暂停product成功：amazon_us_luux 418725441748510
2026-09-14 08:07:54 - 暂停product成功：amazon_us_luux 493319322052083
2026-09-14 08:07:54 - 暂停product成功：amazon_us_luux 522210459055472
2026-09-14 08:07:54 - 暂停product成功：amazon_us_luux 362480411078810
2026-09-14 08:07:54 - 暂停product成功：amazon_us_luux 397438990286274
2026-09-14 08:07:54 - 暂停product成功：amazon_us_luux 309945812432095
2026-09-14 08:07:54 - 暂停product成功：amazon_us_luux 431663156463016
2026-09-14 08:07:54 - 暂停product成功：amazon_us_luux 556458261662588
2026-09-14 08:07:54 - 暂停product成功：amazon_us_luux 456676914900014
2026-09-14 08:07:54 - 暂停product成功：amazon_us_luux 538889834089958
2026-09-14 08:07:54 - 暂停product成功：amazon_us_luux 391710011370338
2026-09-14 08:07:54 - 暂停product成功：amazon_us_luux 430263815252794
2026-09-14 08:07:54 - 暂停product成功：amazon_us_luux 418276594861333
2026-09-14 08:07:54 - 暂停product成功：amazon_us_luux 298806272125519
2026-09-14 08:07:54 - 暂停product成功：amazon_us_luux 479460442730297
2026-09-14 08:07:54 - 暂停product成功：amazon_us_luux 374165026682441
2026-09-14 08:07:54 - 暂停product成功：amazon_us_luux 493167941155914
2026-09-14 08:07:54 - 暂停product成功：amazon_us_luux 560475256508137
2026-09-14 08:07:54 - 暂停product成功：amazon_us_luux 546781769218653
2026-09-14 08:07:54 - 暂停product成功：amazon_us_luux 335776998202455
2026-09-14 08:07:54 - 暂停product成功：amazon_us_luux 359781953649130
2026-09-14 08:07:54 - 暂停product成功：amazon_us_luux 505006384870972
2026-09-14 08:07:54 - 暂停product成功：amazon_us_luux 359183328135147
2026-09-14 08:07:54 - 暂停product成功：amazon_us_luux 324828333887287
2026-09-14 08:07:54 - 暂停product成功：amazon_us_luux 536687711708894
2026-09-14 08:07:54 - 暂停product成功：amazon_us_luux 374091758789168
2026-09-14 08:07:54 - 暂停product成功：amazon_us_luux 484800992134284
2026-09-14 08:07:54 - 暂停product成功：amazon_us_luux 498811135877296
2026-09-14 08:07:54 - 暂停product成功：amazon_us_luux 474829265346816
2026-09-14 08:07:54 - 暂停product成功：amazon_us_luux 327857878577407
2026-09-14 08:07:54 - 暂停product成功：amazon_us_luux 371603616361707
2026-09-14 08:07:54 - 暂停product成功：amazon_us_luux 458608602314949
2026-09-14 08:07:54 - 暂停product成功：amazon_us_luux 523807767503269
2026-09-14 08:07:54 - 暂停product成功：amazon_us_luux 360540488144312
2026-09-14 08:07:54 - 暂停product成功：amazon_us_luux 414023751825444
2026-09-14 08:07:54 - 暂停product成功：amazon_us_luux 350482749829868
2026-09-14 08:07:54 - 暂停product成功：amazon_us_luux 286224868813793
2026-09-14 08:07:54 - 暂停product成功：amazon_us_luux 282112173674071
2026-09-14 08:07:54 - 暂停product成功：amazon_us_luux 495393412156870
2026-09-14 08:07:54 - 暂停product成功：amazon_us_luux 396079681928471
2026-09-14 08:07:54 - 暂停product成功：amazon_us_luux 456652515563009
2026-09-14 08:07:54 - 暂停product成功：amazon_us_luux 552790778784427
2026-09-14 08:07:54 - 暂停product成功：amazon_us_luux 412669903616264
2026-09-14 08:07:54 - 暂停product成功：amazon_us_luux 441843000741176
2026-09-14 08:07:54 - 暂停product成功：amazon_us_luux 401982253660571
2026-09-14 08:07:54 - 暂停product成功：amazon_us_luux 435961220804120
2026-09-14 08:07:54 - 暂停product成功：amazon_us_luux 526876321107947
2026-09-14 08:07:54 - 暂停product成功：amazon_us_luux 537448503031069
2026-09-14 08:07:54 - 暂停product成功：amazon_us_luux 472614149633564
2026-09-14 08:07:54 - 暂停product成功：amazon_us_luux 490948459442940
2026-09-14 08:07:54 - 暂停product成功：amazon_us_luux 342613976505364
2026-09-14 08:07:54 - 暂停product成功：amazon_us_luux 458032805075350
2026-09-14 08:07:54 - 暂停product成功：amazon_us_luux 504277510506994
2026-09-14 08:07:54 - 暂停product成功：amazon_us_luux 388884351831830
2026-09-14 08:07:54 - 暂停product成功：amazon_us_luux 324668361167328
2026-09-14 08:07:54 - 暂停product成功：amazon_us_luux 484066577617640
2026-09-14 08:07:54 - 暂停product成功：amazon_us_luux 428234355752843
2026-09-14 08:07:54 - 暂停product成功：amazon_us_luux 411961864341075
2026-09-14 08:07:54 - 暂停product成功：amazon_us_luux 311456610113310
2026-09-14 08:07:54 - 暂停product成功：amazon_us_luux 367831844238684
2026-09-14 08:07:54 - 暂停product成功：amazon_us_luux 320290769477143
2026-09-14 08:07:54 - 暂停product成功：amazon_us_luux 461148469455449
2026-09-14 08:07:54 - 暂停product成功：amazon_us_luux 538937563768863
2026-09-14 08:07:54 - 暂停product成功：amazon_us_luux 336501603408861
2026-09-14 08:07:54 - 暂停product成功：amazon_us_luux 454830712659873
2026-09-14 08:07:54 - 暂停product成功：amazon_us_luux 373479537624810
2026-09-14 08:07:54 - 暂停product成功：amazon_us_luux 499804071427219
2026-09-14 08:07:54 - 暂停product成功：amazon_us_luux 431341954924974
2026-09-14 08:07:54 - 暂停product成功：amazon_us_luux 402927418234810
2026-09-14 08:07:54 - 暂停product成功：amazon_us_luux 526978171860380
2026-09-14 08:07:54 - 暂停product成功：amazon_us_luux 409083436651778
2026-09-14 08:07:54 - 暂停product成功：amazon_us_luux 492426864043768
2026-09-14 08:07:54 - 暂停product成功：amazon_us_luux 550722969717411
2026-09-14 08:07:54 - 暂停product成功：amazon_us_luux 439589459415842
2026-09-14 08:07:54 - 暂停product成功：amazon_us_luux 440799987535285
2026-09-14 08:07:54 - 暂停product成功：amazon_us_luux 552817212733584
2026-09-14 08:07:54 - 暂停product成功：amazon_us_luux 313000250577527
2026-09-14 08:07:54 - 暂停product成功：amazon_us_luux 388074647040051
2026-09-14 08:07:54 - 暂停product成功：amazon_us_luux 296083181579896
2026-09-14 08:07:54 - 暂停product成功：amazon_us_luux 419025779072025
2026-09-14 08:07:54 - 暂停product成功：amazon_us_luux 355571887964144
2026-09-14 08:07:54 - 暂停product成功：amazon_us_luux 345009084391978
2026-09-14 08:07:54 - 暂停product成功：amazon_us_luux 562524267948980
2026-09-14 08:07:54 - 暂停product成功：amazon_us_luux 352200294932390
2026-09-14 08:07:54 - 暂停product成功：amazon_us_luux 441524571650518
2026-09-14 08:07:54 - 暂停product成功：amazon_us_luux 517994129389231
2026-09-14 08:07:54 - 暂停product成功：amazon_us_luux 373592430982758
2026-09-14 08:07:54 - 暂停product成功：amazon_us_luux 513799968033668
2026-09-14 08:07:54 - 暂停product成功：amazon_us_luux 403677570752727
2026-09-14 08:07:54 - 暂停product成功：amazon_us_luux 541872453762258
2026-09-14 08:07:54 - 暂停product成功：amazon_us_luux 365569953677767
2026-09-14 08:07:54 - 暂停product成功：amazon_us_luux 376445476415776
2026-09-14 08:07:54 - 暂停product成功：amazon_us_luux 430523232617485
2026-09-14 08:07:54 - 暂停product成功：amazon_us_luux 524266450471032
2026-09-14 08:07:54 - 暂停product成功：amazon_us_luux 299964401134333
2026-09-14 08:07:54 - 暂停product成功：amazon_us_luux 295625802268989
2026-09-14 08:07:54 - 暂停product成功：amazon_us_luux 543125367573459
2026-09-14 08:07:54 - 暂停product成功：amazon_us_luux 481900472956565
2026-09-14 08:07:54 - 暂停product成功：amazon_us_luux 461520895371796
2026-09-14 08:07:54 - 暂停product成功：amazon_us_luux 318962847625951
2026-09-14 08:07:54 - 暂停product成功：amazon_us_luux 451196858878574
2026-09-14 08:07:54 - 暂停product成功：amazon_us_luux 436657133290960
2026-09-14 08:07:54 - 暂停product成功：amazon_us_luux 521685844828980
2026-09-14 08:07:54 - 暂停product成功：amazon_us_luux 300809775723295
2026-09-14 08:07:54 - 暂停product成功：amazon_us_luux 293623797674843
2026-09-14 08:07:54 - 暂停product成功：amazon_us_luux 561982630643732
2026-09-14 08:07:56 - batchMongoUpdateProduct：共175条，成功175条，失败0条
2026-09-14 08:07:58 - {"status":"success","message":"success","data":[{"adId":304812100189604,"code":"SUCCESS"},{"adId":286220649756400,"code":"SUCCESS"},{"adId":344962781561906,"code":"SUCCESS"},{"adId":293131674662574,"code":"SUCCESS"},{"adId":369265086098255,"code":"SUCCESS"},{"adId":499086024941876,"code":"SUCCESS"},{"adId":314422327258249,"code":"SUCCESS"},{"adId":420046734801990,"code":"SUCCESS"},{"adId":527795519279436,"code":"SUCCESS"},{"adId":421986852600785,"code":"SUCCESS"},{"adId":357569197973435,"code":"SUCCESS"},{"adId":353823709988112,"code":"SUCCESS"},{"adId":320249581003210,"code":"SUCCESS"},{"adId":402797536721649,"code":"SUCCESS"},{"adId":288614006817390,"code":"SUCCESS"},{"adId":354085350875706,"code":"SUCCESS"},{"adId":437407746325961,"code":"SUCCESS"},{"adId":555234770494351,"code":"SUCCESS"},{"adId":363216174090768,"code":"SUCCESS"},{"adId":432639536941541,"code":"SUCCESS"},{"adId":425453286330377,"code":"SUCCESS"},{"adId":546111532942703,"code":"SUCCESS"},{"adId":430510396490300,"code":"SUCCESS"},{"adId":419220980216620,"code":"SUCCESS"},{"adId":440667789054413,"code":"SUCCESS"},{"adId":431318332281489,"code":"SUCCESS"},{"adId":394085223434056,"code":"SUCCESS"},{"adId":303950313330882,"code":"SUCCESS"},{"adId":448379801897937,"code":"SUCCESS"},{"adId":443098605296015,"code":"SUCCESS"},{"adId":368742224296150,"code":"SUCCESS"},{"adId":501316934941809,"code":"SUCCESS"},{"adId":483332293354734,"code":"SUCCESS"},{"adId":319660759358790,"code":"SUCCESS"},{"adId":450986043820424,"code":"SUCCESS"},{"adId":300725019806258,"code":"SUCCESS"},{"adId":366400606793385,"code":"SUCCESS"},{"adId":456831522278543,"code":"SUCCESS"},{"adId":354530521613303,"code":"SUCCESS"},{"adId":466743507102573,"code":"SUCCESS"},{"adId":348593823604664,"code":"SUCCESS"},{"adId":287554103111712,"code":"SUCCESS"},{"adId":486132549546936,"code":"SUCCESS"},{"adId":506111540191058,"code":"SUCCESS"},{"adId":522518409014754,"code":"SUCCESS"},{"adId":440341194662868,"code":"SUCCESS"},{"adId":482895093369304,"code":"SUCCESS"},{"adId":286319627498092,"code":"SUCCESS"},{"adId":294924791382170,"code":"SUCCESS"},{"adId":285803071863372,"code":"SUCCESS"},{"adId":539583384651000,"code":"SUCCESS"},{"adId":469056971404239,"code":"SUCCESS"},{"adId":545337894545261,"code":"SUCCESS"},{"adId":300411751987939,"code":"SUCCESS"},{"adId":551933380009615,"code":"SUCCESS"},{"adId":479376506620404,"code":"SUCCESS"},{"adId":360229679998291,"code":"SUCCESS"},{"adId":479267959717030,"code":"SUCCESS"},{"adId":433891685880433,"code":"SUCCESS"},{"adId":412159984661044,"code":"SUCCESS"},{"adId":524620746727716,"code":"SUCCESS"},{"adId":328658935859051,"code":"SUCCESS"},{"adId":427181185697525,"code":"SUCCESS"},{"adId":461938277447702,"code":"SUCCESS"},{"adId":313602075930150,"code":"SUCCESS"},{"adId":471329621421694,"code":"SUCCESS"},{"adId":301586343089180,"code":"SUCCESS"},{"adId":497906116782543,"code":"SUCCESS"},{"adId":489724823406995,"code":"SUCCESS"},{"adId":423786111617858,"code":"SUCCESS"},{"adId":395670828377355,"code":"SUCCESS"},{"adId":340740400416857,"code":"SUCCESS"},{"adId":445951337163515,"code":"SUCCESS"},{"adId":295004754094192,"code":"SUCCESS"},{"adId":494005888742079,"code":"SUCCESS"},{"adId":321838174844820,"code":"SUCCESS"},{"adId":470552753026691,"code":"SUCCESS"},{"adId":538120665300214,"code":"SUCCESS"},{"adId":306494547287206,"code":"SUCCESS"},{"adId":353824815920438,"code":"SUCCESS"},{"adId":562046419207046,"code":"SUCCESS"},{"adId":331190849367556,"code":"SUCCESS"},{"adId":517877980007861,"code":"SUCCESS"},{"adId":532783076391995,"code":"SUCCESS"},{"adId":535516184368769,"code":"SUCCESS"},{"adId":391520841755374,"code":"SUCCESS"},{"adId":493548514825251,"code":"SUCCESS"},{"adId":428660781555851,"code":"SUCCESS"},{"adId":338798782663929,"code":"SUCCESS"},{"adId":397264080988624,"code":"SUCCESS"},{"adId":559980766631768,"code":"SUCCESS"},{"adId":365116046354740,"code":"SUCCESS"},{"adId":545854329136524,"code":"SUCCESS"},{"adId":314866054144070,"code":"SUCCESS"},{"adId":313950436281566,"code":"SUCCESS"},{"adId":381742357601299,"code":"SUCCESS"},{"adId":359974426043442,"code":"SUCCESS"},{"adId":473731239898398,"code":"SUCCESS"},{"adId":550136682809795,"code":"SUCCESS"},{"adId":398042364849761,"code":"SUCCESS"},{"adId":482063244971879,"code":"SUCCESS"},{"adId":448663401955375,"code":"SUCCESS"},{"adId":453387827680805,"code":"SUCCESS"},{"adId":403131548512078,"code":"SUCCESS"},{"adId":465360357040983,"code":"SUCCESS"},{"adId":547188448234891,"code":"SUCCESS"},{"adId":471372042461385,"code":"SUCCESS"},{"adId":527872859389180,"code":"SUCCESS"},{"adId":390110743685283,"code":"SUCCESS"},{"adId":335358290835654,"code":"SUCCESS"},{"adId":285164904786227,"code":"SUCCESS"},{"adId":428595265037544,"code":"SUCCESS"},{"adId":291267356580489,"code":"SUCCESS"},{"adId":540331605708452,"code":"SUCCESS"},{"adId":394489945429707,"code":"SUCCESS"},{"adId":482125855147122,"code":"SUCCESS"},{"adId":475813316176317,"code":"SUCCESS"},{"adId":433630495656020,"code":"SUCCESS"},{"adId":385718140660276,"code":"SUCCESS"},{"adId":443712764179764,"code":"SUCCESS"},{"adId":330822811222463,"code":"SUCCESS"},{"adId":493135411143457,"code":"SUCCESS"},{"adId":297909206563410,"code":"SUCCESS"},{"adId":512306186203947,"code":"SUCCESS"},{"adId":561762661184089,"code":"SUCCESS"},{"adId":464721032716857,"code":"SUCCESS"},{"adId":426554864033644,"code":"SUCCESS"},{"adId":415055333911794,"code":"SUCCESS"},{"adId":430443236179600,"code":"SUCCESS"},{"adId":355890807756004,"code":"SUCCESS"},{"adId":325457860237257,"code":"SUCCESS"},{"adId":323225365620189,"code":"SUCCESS"},{"adId":374747351510233,"code":"SUCCESS"},{"adId":503671125295427,"code":"SUCCESS"},{"adId":302258916984065,"code":"SUCCESS"},{"adId":420931553284700,"code":"SUCCESS"},{"adId":356691425408516,"code":"SUCCESS"},{"adId":408500836809033,"code":"SUCCESS"},{"adId":301685346682037,"code":"SUCCESS"},{"adId":397090048300853,"code":"SUCCESS"},{"adId":526361814177802,"code":"SUCCESS"},{"adId":413292350428106,"code":"SUCCESS"},{"adId":527005847038967,"code":"SUCCESS"},{"adId":520255442287064,"code":"SUCCESS"},{"adId":340480743622516,"code":"SUCCESS"},{"adId":423725542966062,"code":"SUCCESS"},{"adId":339695405610652,"code":"SUCCESS"},{"adId":348638611044166,"code":"SUCCESS"},{"adId":467390680988894,"code":"SUCCESS"},{"adId":505424961567391,"code":"SUCCESS"},{"adId":100137909174724,"code":"SUCCESS"},{"adId":402416574857465,"code":"SUCCESS"},{"adId":491190637560492,"code":"SUCCESS"},{"adId":291599693896396,"code":"SUCCESS"},{"adId":558584988004568,"code":"SUCCESS"},{"adId":413334906182866,"code":"SUCCESS"},{"adId":347259117035168,"code":"SUCCESS"},{"adId":327259589553759,"code":"SUCCESS"},{"adId":514909016777331,"code":"SUCCESS"},{"adId":452878403668257,"code":"SUCCESS"},{"adId":537665878064308,"code":"SUCCESS"},{"adId":447175105736460,"code":"SUCCESS"},{"adId":428692560827365,"code":"SUCCESS"},{"adId":305768174751352,"code":"SUCCESS"},{"adId":355187076594512,"code":"SUCCESS"},{"adId":551632695231283,"code":"SUCCESS"},{"adId":474699632897620,"code":"SUCCESS"},{"adId":426201952690855,"code":"SUCCESS"},{"adId":374527967284510,"code":"SUCCESS"},{"adId":443934591408976,"code":"SUCCESS"},{"adId":412597090053294,"code":"SUCCESS"},{"adId":378239420427230,"code":"SUCCESS"},{"adId":369047184395809,"code":"SUCCESS"},{"adId":480889632858060,"code":"SUCCESS"},{"adId":482324941135761,"code":"SUCCESS"},{"adId":330447699072569,"code":"SUCCESS"},{"adId":311713458952855,"code":"SUCCESS"},{"adId":524594147081963,"code":"SUCCESS"},{"adId":553428850118581,"code":"SUCCESS"},{"adId":527299650386586,"code":"SUCCESS"},{"adId":451459798441497,"code":"SUCCESS"},{"adId":512927785281575,"code":"SUCCESS"},{"adId":490460560389845,"code":"SUCCESS"},{"adId":441110436095547,"code":"SUCCESS"},{"adId":387071000919109,"code":"SUCCESS"},{"adId":400197874378950,"code":"SUCCESS"},{"adId":375559641752285,"code":"SUCCESS"},{"adId":324071222948829,"code":"SUCCESS"},{"adId":309041085085763,"code":"SUCCESS"},{"adId":468453843835245,"code":"SUCCESS"},{"adId":283514225949481,"code":"SUCCESS"},{"adId":523632299980827,"code":"SUCCESS"},{"adId":442319238898839,"code":"SUCCESS"},{"adId":331109676823328,"code":"SUCCESS"},{"adId":561546571124484,"code":"SUCCESS"},{"adId":332769393114415,"code":"SUCCESS"},{"adId":359630855244772,"code":"SUCCESS"},{"adId":421044986367251,"code":"SUCCESS"},{"adId":283497047663829,"code":"SUCCESS"},{"adId":474195985790147,"code":"SUCCESS"}]}
2026-09-14 08:07:58 - 暂停product成功：amazon_us_luux 304812100189604
2026-09-14 08:07:58 - 暂停product成功：amazon_us_luux 286220649756400
2026-09-14 08:07:58 - 暂停product成功：amazon_us_luux 344962781561906
2026-09-14 08:07:58 - 暂停product成功：amazon_us_luux 293131674662574
2026-09-14 08:07:58 - 暂停product成功：amazon_us_luux 369265086098255
2026-09-14 08:07:58 - 暂停product成功：amazon_us_luux 499086024941876
2026-09-14 08:07:58 - 暂停product成功：amazon_us_luux 314422327258249
2026-09-14 08:07:58 - 暂停product成功：amazon_us_luux 420046734801990
2026-09-14 08:07:58 - 暂停product成功：amazon_us_luux 527795519279436
2026-09-14 08:07:58 - 暂停product成功：amazon_us_luux 421986852600785
2026-09-14 08:07:58 - 暂停product成功：amazon_us_luux 357569197973435
2026-09-14 08:07:58 - 暂停product成功：amazon_us_luux 353823709988112
2026-09-14 08:07:58 - 暂停product成功：amazon_us_luux 320249581003210
2026-09-14 08:07:58 - 暂停product成功：amazon_us_luux 402797536721649
2026-09-14 08:07:58 - 暂停product成功：amazon_us_luux 288614006817390
2026-09-14 08:07:58 - 暂停product成功：amazon_us_luux 354085350875706
2026-09-14 08:07:58 - 暂停product成功：amazon_us_luux 437407746325961
2026-09-14 08:07:58 - 暂停product成功：amazon_us_luux 555234770494351
2026-09-14 08:07:58 - 暂停product成功：amazon_us_luux 363216174090768
2026-09-14 08:07:58 - 暂停product成功：amazon_us_luux 432639536941541
2026-09-14 08:07:58 - 暂停product成功：amazon_us_luux 425453286330377
2026-09-14 08:07:58 - 暂停product成功：amazon_us_luux 546111532942703
2026-09-14 08:07:58 - 暂停product成功：amazon_us_luux 430510396490300
2026-09-14 08:07:58 - 暂停product成功：amazon_us_luux 419220980216620
2026-09-14 08:07:58 - 暂停product成功：amazon_us_luux 440667789054413
2026-09-14 08:07:58 - 暂停product成功：amazon_us_luux 431318332281489
2026-09-14 08:07:58 - 暂停product成功：amazon_us_luux 394085223434056
2026-09-14 08:07:58 - 暂停product成功：amazon_us_luux 303950313330882
2026-09-14 08:07:58 - 暂停product成功：amazon_us_luux 448379801897937
2026-09-14 08:07:58 - 暂停product成功：amazon_us_luux 443098605296015
2026-09-14 08:07:58 - 暂停product成功：amazon_us_luux 368742224296150
2026-09-14 08:07:58 - 暂停product成功：amazon_us_luux 501316934941809
2026-09-14 08:07:58 - 暂停product成功：amazon_us_luux 483332293354734
2026-09-14 08:07:58 - 暂停product成功：amazon_us_luux 319660759358790
2026-09-14 08:07:58 - 暂停product成功：amazon_us_luux 450986043820424
2026-09-14 08:07:58 - 暂停product成功：amazon_us_luux 300725019806258
2026-09-14 08:07:58 - 暂停product成功：amazon_us_luux 366400606793385
2026-09-14 08:07:58 - 暂停product成功：amazon_us_luux 456831522278543
2026-09-14 08:07:58 - 暂停product成功：amazon_us_luux 354530521613303
2026-09-14 08:07:58 - 暂停product成功：amazon_us_luux 466743507102573
2026-09-14 08:07:58 - 暂停product成功：amazon_us_luux 348593823604664
2026-09-14 08:07:58 - 暂停product成功：amazon_us_luux 287554103111712
2026-09-14 08:07:58 - 暂停product成功：amazon_us_luux 486132549546936
2026-09-14 08:07:58 - 暂停product成功：amazon_us_luux 506111540191058
2026-09-14 08:07:58 - 暂停product成功：amazon_us_luux 522518409014754
2026-09-14 08:07:58 - 暂停product成功：amazon_us_luux 440341194662868
2026-09-14 08:07:58 - 暂停product成功：amazon_us_luux 482895093369304
2026-09-14 08:07:58 - 暂停product成功：amazon_us_luux 286319627498092
2026-09-14 08:07:58 - 暂停product成功：amazon_us_luux 294924791382170
2026-09-14 08:07:58 - 暂停product成功：amazon_us_luux 285803071863372
2026-09-14 08:07:58 - 暂停product成功：amazon_us_luux 539583384651000
2026-09-14 08:07:58 - 暂停product成功：amazon_us_luux 469056971404239
2026-09-14 08:07:58 - 暂停product成功：amazon_us_luux 545337894545261
2026-09-14 08:07:58 - 暂停product成功：amazon_us_luux 300411751987939
2026-09-14 08:07:58 - 暂停product成功：amazon_us_luux 551933380009615
2026-09-14 08:07:58 - 暂停product成功：amazon_us_luux 479376506620404
2026-09-14 08:07:58 - 暂停product成功：amazon_us_luux 360229679998291
2026-09-14 08:07:58 - 暂停product成功：amazon_us_luux 479267959717030
2026-09-14 08:07:58 - 暂停product成功：amazon_us_luux 433891685880433
2026-09-14 08:07:58 - 暂停product成功：amazon_us_luux 412159984661044
2026-09-14 08:07:58 - 暂停product成功：amazon_us_luux 524620746727716
2026-09-14 08:07:58 - 暂停product成功：amazon_us_luux 328658935859051
2026-09-14 08:07:58 - 暂停product成功：amazon_us_luux 427181185697525
2026-09-14 08:07:58 - 暂停product成功：amazon_us_luux 461938277447702
2026-09-14 08:07:58 - 暂停product成功：amazon_us_luux 313602075930150
2026-09-14 08:07:58 - 暂停product成功：amazon_us_luux 471329621421694
2026-09-14 08:07:58 - 暂停product成功：amazon_us_luux 301586343089180
2026-09-14 08:07:58 - 暂停product成功：amazon_us_luux 497906116782543
2026-09-14 08:07:58 - 暂停product成功：amazon_us_luux 489724823406995
2026-09-14 08:07:58 - 暂停product成功：amazon_us_luux 423786111617858
2026-09-14 08:07:58 - 暂停product成功：amazon_us_luux 395670828377355
2026-09-14 08:07:58 - 暂停product成功：amazon_us_luux 340740400416857
2026-09-14 08:07:58 - 暂停product成功：amazon_us_luux 445951337163515
2026-09-14 08:07:58 - 暂停product成功：amazon_us_luux 295004754094192
2026-09-14 08:07:58 - 暂停product成功：amazon_us_luux 494005888742079
2026-09-14 08:07:58 - 暂停product成功：amazon_us_luux 321838174844820
2026-09-14 08:07:58 - 暂停product成功：amazon_us_luux 470552753026691
2026-09-14 08:07:58 - 暂停product成功：amazon_us_luux 538120665300214
2026-09-14 08:07:58 - 暂停product成功：amazon_us_luux 306494547287206
2026-09-14 08:07:58 - 暂停product成功：amazon_us_luux 353824815920438
2026-09-14 08:07:58 - 暂停product成功：amazon_us_luux 562046419207046
2026-09-14 08:07:58 - 暂停product成功：amazon_us_luux 331190849367556
2026-09-14 08:07:58 - 暂停product成功：amazon_us_luux 517877980007861
2026-09-14 08:07:58 - 暂停product成功：amazon_us_luux 532783076391995
2026-09-14 08:07:58 - 暂停product成功：amazon_us_luux 535516184368769
2026-09-14 08:07:58 - 暂停product成功：amazon_us_luux 391520841755374
2026-09-14 08:07:58 - 暂停product成功：amazon_us_luux 493548514825251
2026-09-14 08:07:58 - 暂停product成功：amazon_us_luux 428660781555851
2026-09-14 08:07:58 - 暂停product成功：amazon_us_luux 338798782663929
2026-09-14 08:07:58 - 暂停product成功：amazon_us_luux 397264080988624
2026-09-14 08:07:58 - 暂停product成功：amazon_us_luux 559980766631768
2026-09-14 08:07:58 - 暂停product成功：amazon_us_luux 365116046354740
2026-09-14 08:07:58 - 暂停product成功：amazon_us_luux 545854329136524
2026-09-14 08:07:58 - 暂停product成功：amazon_us_luux 314866054144070
2026-09-14 08:07:58 - 暂停product成功：amazon_us_luux 313950436281566
2026-09-14 08:07:58 - 暂停product成功：amazon_us_luux 381742357601299
2026-09-14 08:07:58 - 暂停product成功：amazon_us_luux 359974426043442
2026-09-14 08:07:58 - 暂停product成功：amazon_us_luux 473731239898398
2026-09-14 08:07:58 - 暂停product成功：amazon_us_luux 550136682809795
2026-09-14 08:07:58 - 暂停product成功：amazon_us_luux 398042364849761
2026-09-14 08:07:58 - 暂停product成功：amazon_us_luux 482063244971879
2026-09-14 08:07:58 - 暂停product成功：amazon_us_luux 448663401955375
2026-09-14 08:07:58 - 暂停product成功：amazon_us_luux 453387827680805
2026-09-14 08:07:58 - 暂停product成功：amazon_us_luux 403131548512078
2026-09-14 08:07:58 - 暂停product成功：amazon_us_luux 465360357040983
2026-09-14 08:07:58 - 暂停product成功：amazon_us_luux 547188448234891
2026-09-14 08:07:58 - 暂停product成功：amazon_us_luux 471372042461385
2026-09-14 08:07:58 - 暂停product成功：amazon_us_luux 527872859389180
2026-09-14 08:07:58 - 暂停product成功：amazon_us_luux 390110743685283
2026-09-14 08:07:58 - 暂停product成功：amazon_us_luux 335358290835654
2026-09-14 08:07:58 - 暂停product成功：amazon_us_luux 285164904786227
2026-09-14 08:07:58 - 暂停product成功：amazon_us_luux 428595265037544
2026-09-14 08:07:58 - 暂停product成功：amazon_us_luux 291267356580489
2026-09-14 08:07:58 - 暂停product成功：amazon_us_luux 540331605708452
2026-09-14 08:07:58 - 暂停product成功：amazon_us_luux 394489945429707
2026-09-14 08:07:58 - 暂停product成功：amazon_us_luux 482125855147122
2026-09-14 08:07:58 - 暂停product成功：amazon_us_luux 475813316176317
2026-09-14 08:07:58 - 暂停product成功：amazon_us_luux 433630495656020
2026-09-14 08:07:58 - 暂停product成功：amazon_us_luux 385718140660276
2026-09-14 08:07:58 - 暂停product成功：amazon_us_luux 443712764179764
2026-09-14 08:07:58 - 暂停product成功：amazon_us_luux 330822811222463
2026-09-14 08:07:58 - 暂停product成功：amazon_us_luux 493135411143457
2026-09-14 08:07:58 - 暂停product成功：amazon_us_luux 297909206563410
2026-09-14 08:07:58 - 暂停product成功：amazon_us_luux 512306186203947
2026-09-14 08:07:58 - 暂停product成功：amazon_us_luux 561762661184089
2026-09-14 08:07:58 - 暂停product成功：amazon_us_luux 464721032716857
2026-09-14 08:07:58 - 暂停product成功：amazon_us_luux 426554864033644
2026-09-14 08:07:58 - 暂停product成功：amazon_us_luux 415055333911794
2026-09-14 08:07:58 - 暂停product成功：amazon_us_luux 430443236179600
2026-09-14 08:07:58 - 暂停product成功：amazon_us_luux 355890807756004
2026-09-14 08:07:58 - 暂停product成功：amazon_us_luux 325457860237257
2026-09-14 08:07:58 - 暂停product成功：amazon_us_luux 323225365620189
2026-09-14 08:07:58 - 暂停product成功：amazon_us_luux 374747351510233
2026-09-14 08:07:58 - 暂停product成功：amazon_us_luux 503671125295427
2026-09-14 08:07:58 - 暂停product成功：amazon_us_luux 302258916984065
2026-09-14 08:07:58 - 暂停product成功：amazon_us_luux 420931553284700
2026-09-14 08:07:58 - 暂停product成功：amazon_us_luux 356691425408516
2026-09-14 08:07:58 - 暂停product成功：amazon_us_luux 408500836809033
2026-09-14 08:07:58 - 暂停product成功：amazon_us_luux 301685346682037
2026-09-14 08:07:58 - 暂停product成功：amazon_us_luux 397090048300853
2026-09-14 08:07:58 - 暂停product成功：amazon_us_luux 526361814177802
2026-09-14 08:07:58 - 暂停product成功：amazon_us_luux 413292350428106
2026-09-14 08:07:58 - 暂停product成功：amazon_us_luux 527005847038967
2026-09-14 08:07:58 - 暂停product成功：amazon_us_luux 520255442287064
2026-09-14 08:07:58 - 暂停product成功：amazon_us_luux 340480743622516
2026-09-14 08:07:58 - 暂停product成功：amazon_us_luux 423725542966062
2026-09-14 08:07:58 - 暂停product成功：amazon_us_luux 339695405610652
2026-09-14 08:07:58 - 暂停product成功：amazon_us_luux 348638611044166
2026-09-14 08:07:58 - 暂停product成功：amazon_us_luux 467390680988894
2026-09-14 08:07:58 - 暂停product成功：amazon_us_luux 505424961567391
2026-09-14 08:07:58 - 暂停product成功：amazon_us_luux 100137909174724
2026-09-14 08:07:58 - 暂停product成功：amazon_us_luux 402416574857465
2026-09-14 08:07:58 - 暂停product成功：amazon_us_luux 491190637560492
2026-09-14 08:07:58 - 暂停product成功：amazon_us_luux 291599693896396
2026-09-14 08:07:58 - 暂停product成功：amazon_us_luux 558584988004568
2026-09-14 08:07:58 - 暂停product成功：amazon_us_luux 413334906182866
2026-09-14 08:07:58 - 暂停product成功：amazon_us_luux 347259117035168
2026-09-14 08:07:58 - 暂停product成功：amazon_us_luux 327259589553759
2026-09-14 08:07:58 - 暂停product成功：amazon_us_luux 514909016777331
2026-09-14 08:07:58 - 暂停product成功：amazon_us_luux 452878403668257
2026-09-14 08:07:58 - 暂停product成功：amazon_us_luux 537665878064308
2026-09-14 08:07:58 - 暂停product成功：amazon_us_luux 447175105736460
2026-09-14 08:07:58 - 暂停product成功：amazon_us_luux 428692560827365
2026-09-14 08:07:58 - 暂停product成功：amazon_us_luux 305768174751352
2026-09-14 08:07:58 - 暂停product成功：amazon_us_luux 355187076594512
2026-09-14 08:07:58 - 暂停product成功：amazon_us_luux 551632695231283
2026-09-14 08:07:58 - 暂停product成功：amazon_us_luux 474699632897620
2026-09-14 08:07:58 - 暂停product成功：amazon_us_luux 426201952690855
2026-09-14 08:07:58 - 暂停product成功：amazon_us_luux 374527967284510
2026-09-14 08:07:58 - 暂停product成功：amazon_us_luux 443934591408976
2026-09-14 08:07:58 - 暂停product成功：amazon_us_luux 412597090053294
2026-09-14 08:07:58 - 暂停product成功：amazon_us_luux 378239420427230
2026-09-14 08:07:58 - 暂停product成功：amazon_us_luux 369047184395809
2026-09-14 08:07:58 - 暂停product成功：amazon_us_luux 480889632858060
2026-09-14 08:07:58 - 暂停product成功：amazon_us_luux 482324941135761
2026-09-14 08:07:58 - 暂停product成功：amazon_us_luux 330447699072569
2026-09-14 08:07:58 - 暂停product成功：amazon_us_luux 311713458952855
2026-09-14 08:07:58 - 暂停product成功：amazon_us_luux 524594147081963
2026-09-14 08:07:58 - 暂停product成功：amazon_us_luux 553428850118581
2026-09-14 08:07:58 - 暂停product成功：amazon_us_luux 527299650386586
2026-09-14 08:07:58 - 暂停product成功：amazon_us_luux 451459798441497
2026-09-14 08:07:58 - 暂停product成功：amazon_us_luux 512927785281575
2026-09-14 08:07:58 - 暂停product成功：amazon_us_luux 490460560389845
2026-09-14 08:07:58 - 暂停product成功：amazon_us_luux 441110436095547
2026-09-14 08:07:58 - 暂停product成功：amazon_us_luux 387071000919109
2026-09-14 08:07:58 - 暂停product成功：amazon_us_luux 400197874378950
2026-09-14 08:07:58 - 暂停product成功：amazon_us_luux 375559641752285
2026-09-14 08:07:58 - 暂停product成功：amazon_us_luux 324071222948829
2026-09-14 08:07:58 - 暂停product成功：amazon_us_luux 309041085085763
2026-09-14 08:07:58 - 暂停product成功：amazon_us_luux 468453843835245
2026-09-14 08:07:58 - 暂停product成功：amazon_us_luux 283514225949481
2026-09-14 08:07:58 - 暂停product成功：amazon_us_luux 523632299980827
2026-09-14 08:07:58 - 暂停product成功：amazon_us_luux 442319238898839
2026-09-14 08:07:58 - 暂停product成功：amazon_us_luux 331109676823328
2026-09-14 08:07:58 - 暂停product成功：amazon_us_luux 561546571124484
2026-09-14 08:07:58 - 暂停product成功：amazon_us_luux 332769393114415
2026-09-14 08:07:58 - 暂停product成功：amazon_us_luux 359630855244772
2026-09-14 08:07:58 - 暂停product成功：amazon_us_luux 421044986367251
2026-09-14 08:07:58 - 暂停product成功：amazon_us_luux 283497047663829
2026-09-14 08:07:58 - 暂停product成功：amazon_us_luux 474195985790147
2026-09-14 08:08:00 - batchMongoUpdateProduct：共174条，成功174条，失败0条
2026-09-14 08:08:01 - {"status":"success","message":"success","data":[{"adId":293773846350043,"code":"SUCCESS"},{"adId":488658307017543,"code":"SUCCESS"},{"adId":476840025807936,"code":"SUCCESS"},{"adId":298206208449296,"code":"SUCCESS"},{"adId":519028087131467,"code":"SUCCESS"},{"adId":548141142814687,"code":"SUCCESS"},{"adId":366466956291000,"code":"SUCCESS"},{"adId":397525012065652,"code":"SUCCESS"},{"adId":377581959953249,"code":"SUCCESS"},{"adId":490103726354395,"code":"SUCCESS"},{"adId":414093850337120,"code":"SUCCESS"},{"adId":426638833826435,"code":"SUCCESS"},{"adId":336107329763391,"code":"SUCCESS"},{"adId":281957687759285,"code":"SUCCESS"},{"adId":296544764857592,"code":"SUCCESS"},{"adId":325751384839237,"code":"SUCCESS"},{"adId":318290145586915,"code":"SUCCESS"},{"adId":406303615368497,"code":"SUCCESS"},{"adId":489767622550784,"code":"SUCCESS"},{"adId":470033399592126,"code":"SUCCESS"},{"adId":388913842927492,"code":"SUCCESS"},{"adId":532267882843326,"code":"SUCCESS"},{"adId":288719519140055,"code":"SUCCESS"},{"adId":454936955477095,"code":"SUCCESS"}]}
2026-09-14 08:08:01 - 暂停product成功：amazon_us_luux 293773846350043
2026-09-14 08:08:01 - 暂停product成功：amazon_us_luux 488658307017543
2026-09-14 08:08:01 - 暂停product成功：amazon_us_luux 476840025807936
2026-09-14 08:08:01 - 暂停product成功：amazon_us_luux 298206208449296
2026-09-14 08:08:01 - 暂停product成功：amazon_us_luux 519028087131467
2026-09-14 08:08:01 - 暂停product成功：amazon_us_luux 548141142814687
2026-09-14 08:08:01 - 暂停product成功：amazon_us_luux 366466956291000
2026-09-14 08:08:01 - 暂停product成功：amazon_us_luux 397525012065652
2026-09-14 08:08:01 - 暂停product成功：amazon_us_luux 377581959953249
2026-09-14 08:08:01 - 暂停product成功：amazon_us_luux 490103726354395
2026-09-14 08:08:01 - 暂停product成功：amazon_us_luux 414093850337120
2026-09-14 08:08:01 - 暂停product成功：amazon_us_luux 426638833826435
2026-09-14 08:08:01 - 暂停product成功：amazon_us_luux 336107329763391
2026-09-14 08:08:01 - 暂停product成功：amazon_us_luux 281957687759285
2026-09-14 08:08:01 - 暂停product成功：amazon_us_luux 296544764857592
2026-09-14 08:08:01 - 暂停product成功：amazon_us_luux 325751384839237
2026-09-14 08:08:01 - 暂停product成功：amazon_us_luux 318290145586915
2026-09-14 08:08:01 - 暂停product成功：amazon_us_luux 406303615368497
2026-09-14 08:08:01 - 暂停product成功：amazon_us_luux 489767622550784
2026-09-14 08:08:01 - 暂停product成功：amazon_us_luux 470033399592126
2026-09-14 08:08:01 - 暂停product成功：amazon_us_luux 388913842927492
2026-09-14 08:08:01 - 暂停product成功：amazon_us_luux 532267882843326
2026-09-14 08:08:01 - 暂停product成功：amazon_us_luux 288719519140055
2026-09-14 08:08:01 - 暂停product成功：amazon_us_luux 454936955477095
2026-09-14 08:08:01 - batchMongoUpdateProduct：共23条，成功23条，失败0条
2026-09-14 08:08:04 - {"status":"success","message":"success","data":[{"adId":383934168444220,"code":"SUCCESS"},{"adId":332454333303498,"code":"SUCCESS"},{"adId":561897826055117,"code":"SUCCESS"},{"adId":437047699715231,"code":"SUCCESS"},{"adId":286853310759737,"code":"SUCCESS"},{"adId":536463989246329,"code":"SUCCESS"},{"adId":346383602356259,"code":"SUCCESS"},{"adId":378935541790380,"code":"SUCCESS"},{"adId":401694963879591,"code":"SUCCESS"},{"adId":329107611277178,"code":"SUCCESS"},{"adId":395374809483367,"code":"SUCCESS"},{"adId":378866035818553,"code":"SUCCESS"},{"adId":466335747521908,"code":"SUCCESS"},{"adId":381651131419131,"code":"SUCCESS"},{"adId":541171987308348,"code":"SUCCESS"},{"adId":483951027436585,"code":"SUCCESS"},{"adId":419292821032087,"code":"SUCCESS"},{"adId":322307437188719,"code":"SUCCESS"},{"adId":410901524704966,"code":"SUCCESS"},{"adId":330696912261467,"code":"SUCCESS"},{"adId":531707539773326,"code":"SUCCESS"},{"adId":521127945990207,"code":"SUCCESS"},{"adId":536904009736688,"code":"SUCCESS"},{"adId":527576838680114,"code":"SUCCESS"},{"adId":338673601231540,"code":"SUCCESS"},{"adId":464594897742275,"code":"SUCCESS"},{"adId":537073455642623,"code":"SUCCESS"},{"adId":534220848940347,"code":"SUCCESS"},{"adId":326287813413254,"code":"SUCCESS"},{"adId":290698994237530,"code":"SUCCESS"},{"adId":320324651189812,"code":"SUCCESS"},{"adId":514084879501675,"code":"SUCCESS"},{"adId":322871464326565,"code":"SUCCESS"},{"adId":327136814570166,"code":"SUCCESS"},{"adId":522029929383261,"code":"SUCCESS"},{"adId":334954943095122,"code":"SUCCESS"},{"adId":357491157298592,"code":"SUCCESS"},{"adId":433151955517319,"code":"SUCCESS"},{"adId":448400388194686,"code":"SUCCESS"},{"adId":358948179682989,"code":"SUCCESS"},{"adId":477890253236050,"code":"SUCCESS"},{"adId":366008708283720,"code":"SUCCESS"},{"adId":332415332171054,"code":"SUCCESS"},{"adId":517002420187339,"code":"SUCCESS"},{"adId":370183425038097,"code":"SUCCESS"},{"adId":453145244098384,"code":"SUCCESS"},{"adId":479205979130581,"code":"SUCCESS"},{"adId":340666473051403,"code":"SUCCESS"},{"adId":531877311472048,"code":"SUCCESS"},{"adId":384972715517812,"code":"SUCCESS"},{"adId":368052113577696,"code":"SUCCESS"},{"adId":294692856933388,"code":"SUCCESS"},{"adId":500022874238638,"code":"SUCCESS"},{"adId":390755137080068,"code":"SUCCESS"},{"adId":552067198646587,"code":"SUCCESS"},{"adId":330344891230880,"code":"SUCCESS"},{"adId":505903195212908,"code":"SUCCESS"},{"adId":485491139580937,"code":"SUCCESS"},{"adId":377844372783004,"code":"SUCCESS"},{"adId":562268620374929,"code":"SUCCESS"},{"adId":385911843703721,"code":"SUCCESS"},{"adId":531365436720811,"code":"SUCCESS"},{"adId":291293509307557,"code":"SUCCESS"},{"adId":533375450422295,"code":"SUCCESS"},{"adId":480977845789629,"code":"SUCCESS"},{"adId":536333418766084,"code":"SUCCESS"},{"adId":518534952554703,"code":"SUCCESS"},{"adId":353048397215403,"code":"SUCCESS"},{"adId":479024166243621,"code":"SUCCESS"},{"adId":506053271600364,"code":"SUCCESS"},{"adId":338532130862223,"code":"SUCCESS"},{"adId":556443968717196,"code":"SUCCESS"},{"adId":348320197580402,"code":"SUCCESS"},{"adId":469637949075045,"code":"SUCCESS"},{"adId":337477514427177,"code":"SUCCESS"},{"adId":515986363602992,"code":"SUCCESS"},{"adId":473047495958834,"code":"SUCCESS"},{"adId":427297638736417,"code":"SUCCESS"},{"adId":473729855520358,"code":"SUCCESS"},{"adId":480621104425869,"code":"SUCCESS"},{"adId":437964849119449,"code":"SUCCESS"},{"adId":551057850817753,"code":"SUCCESS"},{"adId":315804550821535,"code":"SUCCESS"},{"adId":443790864982619,"code":"SUCCESS"},{"adId":501650273607942,"code":"SUCCESS"},{"adId":311993973929200,"code":"SUCCESS"},{"adId":355885565839239,"code":"SUCCESS"},{"adId":412309486224823,"code":"SUCCESS"},{"adId":451478620407167,"code":"SUCCESS"},{"adId":518179058642524,"code":"SUCCESS"},{"adId":523259447758999,"code":"SUCCESS"},{"adId":354617157661218,"code":"SUCCESS"},{"adId":390823766021423,"code":"SUCCESS"},{"adId":336852130042157,"code":"SUCCESS"},{"adId":474816201215077,"code":"SUCCESS"},{"adId":428306750438454,"code":"SUCCESS"},{"adId":547184614893076,"code":"SUCCESS"},{"adId":318161416016159,"code":"SUCCESS"},{"adId":439927992909254,"code":"SUCCESS"},{"adId":426064739841290,"code":"SUCCESS"},{"adId":337886868246775,"code":"SUCCESS"},{"adId":456496559763817,"code":"SUCCESS"},{"adId":301844600567719,"code":"SUCCESS"},{"adId":341620891403918,"code":"SUCCESS"},{"adId":446686850225144,"code":"SUCCESS"},{"adId":470949161589150,"code":"SUCCESS"},{"adId":327777929943346,"code":"SUCCESS"},{"adId":478211587361423,"code":"SUCCESS"},{"adId":516304114624014,"code":"SUCCESS"},{"adId":439484369783781,"code":"SUCCESS"},{"adId":368776295928594,"code":"SUCCESS"},{"adId":366290208790099,"code":"SUCCESS"},{"adId":454504846185907,"code":"SUCCESS"},{"adId":524624756690623,"code":"SUCCESS"},{"adId":434109215536534,"code":"SUCCESS"},{"adId":396858621855967,"code":"SUCCESS"},{"adId":486646970351393,"code":"SUCCESS"},{"adId":342456534933075,"code":"SUCCESS"},{"adId":481450035590726,"code":"SUCCESS"},{"adId":523039217039094,"code":"SUCCESS"},{"adId":346559737748770,"code":"SUCCESS"},{"adId":524016979092024,"code":"SUCCESS"},{"adId":321652325911629,"code":"SUCCESS"},{"adId":547200578087350,"code":"SUCCESS"},{"adId":562560940509861,"code":"SUCCESS"},{"adId":483236553839951,"code":"SUCCESS"},{"adId":452692157147154,"code":"SUCCESS"},{"adId":543636696553073,"code":"SUCCESS"},{"adId":302081925015093,"code":"SUCCESS"},{"adId":340685056714896,"code":"SUCCESS"},{"adId":377942838017345,"code":"SUCCESS"},{"adId":547172923060043,"code":"SUCCESS"},{"adId":328652876293880,"code":"SUCCESS"},{"adId":360336780025922,"code":"SUCCESS"},{"adId":438642287633386,"code":"SUCCESS"},{"adId":531613388151590,"code":"SUCCESS"},{"adId":472961224076489,"code":"SUCCESS"},{"adId":449198709530444,"code":"SUCCESS"},{"adId":388787762522629,"code":"SUCCESS"},{"adId":406563651683844,"code":"SUCCESS"},{"adId":479120922451506,"code":"SUCCESS"},{"adId":327850071153141,"code":"SUCCESS"},{"adId":460350956855636,"code":"SUCCESS"},{"adId":487456039741112,"code":"SUCCESS"},{"adId":293723527529732,"code":"SUCCESS"},{"adId":509951804521577,"code":"SUCCESS"},{"adId":354581374750663,"code":"SUCCESS"},{"adId":350044485837728,"code":"SUCCESS"},{"adId":509007422702072,"code":"SUCCESS"},{"adId":528990927879187,"code":"SUCCESS"},{"adId":377374357860765,"code":"SUCCESS"},{"adId":438892643115669,"code":"SUCCESS"},{"adId":377270431651028,"code":"SUCCESS"},{"adId":300474369854885,"code":"SUCCESS"},{"adId":428709391815057,"code":"SUCCESS"},{"adId":509384532342065,"code":"SUCCESS"},{"adId":486927328493750,"code":"SUCCESS"},{"adId":298238397260929,"code":"SUCCESS"},{"adId":429939035495934,"code":"SUCCESS"},{"adId":452274945367756,"code":"SUCCESS"},{"adId":534345698360916,"code":"SUCCESS"},{"adId":437559983189033,"code":"SUCCESS"},{"adId":497629889470115,"code":"SUCCESS"},{"adId":520788148639230,"code":"SUCCESS"},{"adId":319631228016335,"code":"SUCCESS"},{"adId":356326674999511,"code":"SUCCESS"},{"adId":430091097273425,"code":"SUCCESS"},{"adId":389697364990851,"code":"SUCCESS"},{"adId":362087946092593,"code":"SUCCESS"},{"adId":367622660123189,"code":"SUCCESS"},{"adId":421815806952347,"code":"SUCCESS"},{"adId":409321562834489,"code":"SUCCESS"},{"adId":345607680736741,"code":"SUCCESS"},{"adId":539985563607285,"code":"SUCCESS"},{"adId":554333060484385,"code":"SUCCESS"},{"adId":522973088724497,"code":"SUCCESS"},{"adId":378121688026698,"code":"SUCCESS"},{"adId":338745275808642,"code":"SUCCESS"},{"adId":434569283661192,"code":"SUCCESS"},{"adId":338077215194816,"code":"SUCCESS"},{"adId":365771176230985,"code":"SUCCESS"},{"adId":330203843139235,"code":"SUCCESS"},{"adId":448196764142454,"code":"SUCCESS"},{"adId":300499473482343,"code":"SUCCESS"},{"adId":541503271599395,"code":"SUCCESS"},{"adId":556288878816903,"code":"SUCCESS"},{"adId":464097133496163,"code":"SUCCESS"},{"adId":352495216492415,"code":"SUCCESS"},{"adId":558459319376467,"code":"SUCCESS"},{"adId":398403328561148,"code":"SUCCESS"},{"adId":539408527255979,"code":"SUCCESS"},{"adId":374385618293118,"code":"SUCCESS"},{"adId":437589471866186,"code":"SUCCESS"},{"adId":347380228039229,"code":"SUCCESS"},{"adId":437971417305179,"code":"SUCCESS"},{"adId":426193422685138,"code":"SUCCESS"},{"adId":379272524067086,"code":"SUCCESS"},{"adId":308925426553455,"code":"SUCCESS"},{"adId":351813350424713,"code":"SUCCESS"},{"adId":409001952782897,"code":"SUCCESS"}]}
2026-09-14 08:08:04 - 暂停product成功：amazon_us_tuc 383934168444220
2026-09-14 08:08:04 - 暂停product成功：amazon_us_tuc 332454333303498
2026-09-14 08:08:04 - 暂停product成功：amazon_us_tuc 561897826055117
2026-09-14 08:08:04 - 暂停product成功：amazon_us_tuc 437047699715231
2026-09-14 08:08:04 - 暂停product成功：amazon_us_tuc 286853310759737
2026-09-14 08:08:04 - 暂停product成功：amazon_us_tuc 536463989246329
2026-09-14 08:08:04 - 暂停product成功：amazon_us_tuc 346383602356259
2026-09-14 08:08:04 - 暂停product成功：amazon_us_tuc 378935541790380
2026-09-14 08:08:04 - 暂停product成功：amazon_us_tuc 401694963879591
2026-09-14 08:08:04 - 暂停product成功：amazon_us_tuc 329107611277178
2026-09-14 08:08:04 - 暂停product成功：amazon_us_tuc 395374809483367
2026-09-14 08:08:04 - 暂停product成功：amazon_us_tuc 378866035818553
2026-09-14 08:08:04 - 暂停product成功：amazon_us_tuc 466335747521908
2026-09-14 08:08:04 - 暂停product成功：amazon_us_tuc 381651131419131
2026-09-14 08:08:04 - 暂停product成功：amazon_us_tuc 541171987308348
2026-09-14 08:08:04 - 暂停product成功：amazon_us_tuc 483951027436585
2026-09-14 08:08:04 - 暂停product成功：amazon_us_tuc 419292821032087
2026-09-14 08:08:04 - 暂停product成功：amazon_us_tuc 322307437188719
2026-09-14 08:08:04 - 暂停product成功：amazon_us_tuc 410901524704966
2026-09-14 08:08:04 - 暂停product成功：amazon_us_tuc 330696912261467
2026-09-14 08:08:04 - 暂停product成功：amazon_us_tuc 531707539773326
2026-09-14 08:08:04 - 暂停product成功：amazon_us_tuc 521127945990207
2026-09-14 08:08:04 - 暂停product成功：amazon_us_tuc 536904009736688
2026-09-14 08:08:04 - 暂停product成功：amazon_us_tuc 527576838680114
2026-09-14 08:08:04 - 暂停product成功：amazon_us_tuc 338673601231540
2026-09-14 08:08:04 - 暂停product成功：amazon_us_tuc 464594897742275
2026-09-14 08:08:04 - 暂停product成功：amazon_us_tuc 537073455642623
2026-09-14 08:08:04 - 暂停product成功：amazon_us_tuc 534220848940347
2026-09-14 08:08:04 - 暂停product成功：amazon_us_tuc 326287813413254
2026-09-14 08:08:04 - 暂停product成功：amazon_us_tuc 290698994237530
2026-09-14 08:08:04 - 暂停product成功：amazon_us_tuc 320324651189812
2026-09-14 08:08:04 - 暂停product成功：amazon_us_tuc 514084879501675
2026-09-14 08:08:04 - 暂停product成功：amazon_us_tuc 322871464326565
2026-09-14 08:08:04 - 暂停product成功：amazon_us_tuc 327136814570166
2026-09-14 08:08:04 - 暂停product成功：amazon_us_tuc 522029929383261
2026-09-14 08:08:04 - 暂停product成功：amazon_us_tuc 334954943095122
2026-09-14 08:08:04 - 暂停product成功：amazon_us_tuc 357491157298592
2026-09-14 08:08:04 - 暂停product成功：amazon_us_tuc 433151955517319
2026-09-14 08:08:04 - 暂停product成功：amazon_us_tuc 448400388194686
2026-09-14 08:08:04 - 暂停product成功：amazon_us_tuc 358948179682989
2026-09-14 08:08:04 - 暂停product成功：amazon_us_tuc 477890253236050
2026-09-14 08:08:04 - 暂停product成功：amazon_us_tuc 366008708283720
2026-09-14 08:08:04 - 暂停product成功：amazon_us_tuc 332415332171054
2026-09-14 08:08:04 - 暂停product成功：amazon_us_tuc 517002420187339
2026-09-14 08:08:04 - 暂停product成功：amazon_us_tuc 370183425038097
2026-09-14 08:08:04 - 暂停product成功：amazon_us_tuc 453145244098384
2026-09-14 08:08:04 - 暂停product成功：amazon_us_tuc 479205979130581
2026-09-14 08:08:04 - 暂停product成功：amazon_us_tuc 340666473051403
2026-09-14 08:08:04 - 暂停product成功：amazon_us_tuc 531877311472048
2026-09-14 08:08:04 - 暂停product成功：amazon_us_tuc 384972715517812
2026-09-14 08:08:04 - 暂停product成功：amazon_us_tuc 368052113577696
2026-09-14 08:08:04 - 暂停product成功：amazon_us_tuc 294692856933388
2026-09-14 08:08:04 - 暂停product成功：amazon_us_tuc 500022874238638
2026-09-14 08:08:04 - 暂停product成功：amazon_us_tuc 390755137080068
2026-09-14 08:08:04 - 暂停product成功：amazon_us_tuc 552067198646587
2026-09-14 08:08:04 - 暂停product成功：amazon_us_tuc 330344891230880
2026-09-14 08:08:04 - 暂停product成功：amazon_us_tuc 505903195212908
2026-09-14 08:08:04 - 暂停product成功：amazon_us_tuc 485491139580937
2026-09-14 08:08:04 - 暂停product成功：amazon_us_tuc 377844372783004
2026-09-14 08:08:04 - 暂停product成功：amazon_us_tuc 562268620374929
2026-09-14 08:08:04 - 暂停product成功：amazon_us_tuc 385911843703721
2026-09-14 08:08:04 - 暂停product成功：amazon_us_tuc 531365436720811
2026-09-14 08:08:04 - 暂停product成功：amazon_us_tuc 291293509307557
2026-09-14 08:08:04 - 暂停product成功：amazon_us_tuc 533375450422295
2026-09-14 08:08:04 - 暂停product成功：amazon_us_tuc 480977845789629
2026-09-14 08:08:04 - 暂停product成功：amazon_us_tuc 536333418766084
2026-09-14 08:08:04 - 暂停product成功：amazon_us_tuc 518534952554703
2026-09-14 08:08:04 - 暂停product成功：amazon_us_tuc 353048397215403
2026-09-14 08:08:04 - 暂停product成功：amazon_us_tuc 479024166243621
2026-09-14 08:08:04 - 暂停product成功：amazon_us_tuc 506053271600364
2026-09-14 08:08:04 - 暂停product成功：amazon_us_tuc 338532130862223
2026-09-14 08:08:04 - 暂停product成功：amazon_us_tuc 556443968717196
2026-09-14 08:08:04 - 暂停product成功：amazon_us_tuc 348320197580402
2026-09-14 08:08:04 - 暂停product成功：amazon_us_tuc 469637949075045
2026-09-14 08:08:04 - 暂停product成功：amazon_us_tuc 337477514427177
2026-09-14 08:08:04 - 暂停product成功：amazon_us_tuc 515986363602992
2026-09-14 08:08:04 - 暂停product成功：amazon_us_tuc 473047495958834
2026-09-14 08:08:04 - 暂停product成功：amazon_us_tuc 427297638736417
2026-09-14 08:08:04 - 暂停product成功：amazon_us_tuc 473729855520358
2026-09-14 08:08:04 - 暂停product成功：amazon_us_tuc 480621104425869
2026-09-14 08:08:04 - 暂停product成功：amazon_us_tuc 437964849119449
2026-09-14 08:08:04 - 暂停product成功：amazon_us_tuc 551057850817753
2026-09-14 08:08:04 - 暂停product成功：amazon_us_tuc 315804550821535
2026-09-14 08:08:04 - 暂停product成功：amazon_us_tuc 443790864982619
2026-09-14 08:08:04 - 暂停product成功：amazon_us_tuc 501650273607942
2026-09-14 08:08:04 - 暂停product成功：amazon_us_tuc 311993973929200
2026-09-14 08:08:04 - 暂停product成功：amazon_us_tuc 355885565839239
2026-09-14 08:08:04 - 暂停product成功：amazon_us_tuc 412309486224823
2026-09-14 08:08:04 - 暂停product成功：amazon_us_tuc 451478620407167
2026-09-14 08:08:04 - 暂停product成功：amazon_us_tuc 518179058642524
2026-09-14 08:08:04 - 暂停product成功：amazon_us_tuc 523259447758999
2026-09-14 08:08:04 - 暂停product成功：amazon_us_tuc 354617157661218
2026-09-14 08:08:04 - 暂停product成功：amazon_us_tuc 390823766021423
2026-09-14 08:08:04 - 暂停product成功：amazon_us_tuc 336852130042157
2026-09-14 08:08:04 - 暂停product成功：amazon_us_tuc 474816201215077
2026-09-14 08:08:04 - 暂停product成功：amazon_us_tuc 428306750438454
2026-09-14 08:08:04 - 暂停product成功：amazon_us_tuc 547184614893076
2026-09-14 08:08:04 - 暂停product成功：amazon_us_tuc 318161416016159
2026-09-14 08:08:04 - 暂停product成功：amazon_us_tuc 439927992909254
2026-09-14 08:08:04 - 暂停product成功：amazon_us_tuc 426064739841290
2026-09-14 08:08:04 - 暂停product成功：amazon_us_tuc 337886868246775
2026-09-14 08:08:04 - 暂停product成功：amazon_us_tuc 456496559763817
2026-09-14 08:08:04 - 暂停product成功：amazon_us_tuc 301844600567719
2026-09-14 08:08:04 - 暂停product成功：amazon_us_tuc 341620891403918
2026-09-14 08:08:04 - 暂停product成功：amazon_us_tuc 446686850225144
2026-09-14 08:08:04 - 暂停product成功：amazon_us_tuc 470949161589150
2026-09-14 08:08:04 - 暂停product成功：amazon_us_tuc 327777929943346
2026-09-14 08:08:04 - 暂停product成功：amazon_us_tuc 478211587361423
2026-09-14 08:08:04 - 暂停product成功：amazon_us_tuc 516304114624014
2026-09-14 08:08:04 - 暂停product成功：amazon_us_tuc 439484369783781
2026-09-14 08:08:04 - 暂停product成功：amazon_us_tuc 368776295928594
2026-09-14 08:08:04 - 暂停product成功：amazon_us_tuc 366290208790099
2026-09-14 08:08:04 - 暂停product成功：amazon_us_tuc 454504846185907
2026-09-14 08:08:04 - 暂停product成功：amazon_us_tuc 524624756690623
2026-09-14 08:08:04 - 暂停product成功：amazon_us_tuc 434109215536534
2026-09-14 08:08:04 - 暂停product成功：amazon_us_tuc 396858621855967
2026-09-14 08:08:04 - 暂停product成功：amazon_us_tuc 486646970351393
2026-09-14 08:08:04 - 暂停product成功：amazon_us_tuc 342456534933075
2026-09-14 08:08:04 - 暂停product成功：amazon_us_tuc 481450035590726
2026-09-14 08:08:04 - 暂停product成功：amazon_us_tuc 523039217039094
2026-09-14 08:08:04 - 暂停product成功：amazon_us_tuc 346559737748770
2026-09-14 08:08:04 - 暂停product成功：amazon_us_tuc 524016979092024
2026-09-14 08:08:04 - 暂停product成功：amazon_us_tuc 321652325911629
2026-09-14 08:08:04 - 暂停product成功：amazon_us_tuc 547200578087350
2026-09-14 08:08:04 - 暂停product成功：amazon_us_tuc 562560940509861
2026-09-14 08:08:04 - 暂停product成功：amazon_us_tuc 483236553839951
2026-09-14 08:08:04 - 暂停product成功：amazon_us_tuc 452692157147154
2026-09-14 08:08:04 - 暂停product成功：amazon_us_tuc 543636696553073
2026-09-14 08:08:04 - 暂停product成功：amazon_us_tuc 302081925015093
2026-09-14 08:08:04 - 暂停product成功：amazon_us_tuc 340685056714896
2026-09-14 08:08:04 - 暂停product成功：amazon_us_tuc 377942838017345
2026-09-14 08:08:04 - 暂停product成功：amazon_us_tuc 547172923060043
2026-09-14 08:08:04 - 暂停product成功：amazon_us_tuc 328652876293880
2026-09-14 08:08:04 - 暂停product成功：amazon_us_tuc 360336780025922
2026-09-14 08:08:04 - 暂停product成功：amazon_us_tuc 438642287633386
2026-09-14 08:08:04 - 暂停product成功：amazon_us_tuc 531613388151590
2026-09-14 08:08:04 - 暂停product成功：amazon_us_tuc 472961224076489
2026-09-14 08:08:04 - 暂停product成功：amazon_us_tuc 449198709530444
2026-09-14 08:08:04 - 暂停product成功：amazon_us_tuc 388787762522629
2026-09-14 08:08:04 - 暂停product成功：amazon_us_tuc 406563651683844
2026-09-14 08:08:04 - 暂停product成功：amazon_us_tuc 479120922451506
2026-09-14 08:08:04 - 暂停product成功：amazon_us_tuc 327850071153141
2026-09-14 08:08:04 - 暂停product成功：amazon_us_tuc 460350956855636
2026-09-14 08:08:04 - 暂停product成功：amazon_us_tuc 487456039741112
2026-09-14 08:08:04 - 暂停product成功：amazon_us_tuc 293723527529732
2026-09-14 08:08:04 - 暂停product成功：amazon_us_tuc 509951804521577
2026-09-14 08:08:04 - 暂停product成功：amazon_us_tuc 354581374750663
2026-09-14 08:08:04 - 暂停product成功：amazon_us_tuc 350044485837728
2026-09-14 08:08:04 - 暂停product成功：amazon_us_tuc 509007422702072
2026-09-14 08:08:04 - 暂停product成功：amazon_us_tuc 528990927879187
2026-09-14 08:08:04 - 暂停product成功：amazon_us_tuc 377374357860765
2026-09-14 08:08:04 - 暂停product成功：amazon_us_tuc 438892643115669
2026-09-14 08:08:04 - 暂停product成功：amazon_us_tuc 377270431651028
2026-09-14 08:08:04 - 暂停product成功：amazon_us_tuc 300474369854885
2026-09-14 08:08:04 - 暂停product成功：amazon_us_tuc 428709391815057
2026-09-14 08:08:04 - 暂停product成功：amazon_us_tuc 509384532342065
2026-09-14 08:08:04 - 暂停product成功：amazon_us_tuc 486927328493750
2026-09-14 08:08:04 - 暂停product成功：amazon_us_tuc 298238397260929
2026-09-14 08:08:04 - 暂停product成功：amazon_us_tuc 429939035495934
2026-09-14 08:08:04 - 暂停product成功：amazon_us_tuc 452274945367756
2026-09-14 08:08:04 - 暂停product成功：amazon_us_tuc 534345698360916
2026-09-14 08:08:04 - 暂停product成功：amazon_us_tuc 437559983189033
2026-09-14 08:08:04 - 暂停product成功：amazon_us_tuc 497629889470115
2026-09-14 08:08:04 - 暂停product成功：amazon_us_tuc 520788148639230
2026-09-14 08:08:04 - 暂停product成功：amazon_us_tuc 319631228016335
2026-09-14 08:08:04 - 暂停product成功：amazon_us_tuc 356326674999511
2026-09-14 08:08:04 - 暂停product成功：amazon_us_tuc 430091097273425
2026-09-14 08:08:04 - 暂停product成功：amazon_us_tuc 389697364990851
2026-09-14 08:08:04 - 暂停product成功：amazon_us_tuc 362087946092593
2026-09-14 08:08:04 - 暂停product成功：amazon_us_tuc 367622660123189
2026-09-14 08:08:04 - 暂停product成功：amazon_us_tuc 421815806952347
2026-09-14 08:08:04 - 暂停product成功：amazon_us_tuc 409321562834489
2026-09-14 08:08:04 - 暂停product成功：amazon_us_tuc 345607680736741
2026-09-14 08:08:04 - 暂停product成功：amazon_us_tuc 539985563607285
2026-09-14 08:08:04 - 暂停product成功：amazon_us_tuc 554333060484385
2026-09-14 08:08:04 - 暂停product成功：amazon_us_tuc 522973088724497
2026-09-14 08:08:04 - 暂停product成功：amazon_us_tuc 378121688026698
2026-09-14 08:08:04 - 暂停product成功：amazon_us_tuc 338745275808642
2026-09-14 08:08:04 - 暂停product成功：amazon_us_tuc 434569283661192
2026-09-14 08:08:04 - 暂停product成功：amazon_us_tuc 338077215194816
2026-09-14 08:08:04 - 暂停product成功：amazon_us_tuc 365771176230985
2026-09-14 08:08:04 - 暂停product成功：amazon_us_tuc 330203843139235
2026-09-14 08:08:04 - 暂停product成功：amazon_us_tuc 448196764142454
2026-09-14 08:08:04 - 暂停product成功：amazon_us_tuc 300499473482343
2026-09-14 08:08:04 - 暂停product成功：amazon_us_tuc 541503271599395
2026-09-14 08:08:04 - 暂停product成功：amazon_us_tuc 556288878816903
2026-09-14 08:08:04 - 暂停product成功：amazon_us_tuc 464097133496163
2026-09-14 08:08:04 - 暂停product成功：amazon_us_tuc 352495216492415
2026-09-14 08:08:04 - 暂停product成功：amazon_us_tuc 558459319376467
2026-09-14 08:08:04 - 暂停product成功：amazon_us_tuc 398403328561148
2026-09-14 08:08:04 - 暂停product成功：amazon_us_tuc 539408527255979
2026-09-14 08:08:04 - 暂停product成功：amazon_us_tuc 374385618293118
2026-09-14 08:08:04 - 暂停product成功：amazon_us_tuc 437589471866186
2026-09-14 08:08:04 - 暂停product成功：amazon_us_tuc 347380228039229
2026-09-14 08:08:04 - 暂停product成功：amazon_us_tuc 437971417305179
2026-09-14 08:08:04 - 暂停product成功：amazon_us_tuc 426193422685138
2026-09-14 08:08:04 - 暂停product成功：amazon_us_tuc 379272524067086
2026-09-14 08:08:04 - 暂停product成功：amazon_us_tuc 308925426553455
2026-09-14 08:08:04 - 暂停product成功：amazon_us_tuc 351813350424713
2026-09-14 08:08:04 - 暂停product成功：amazon_us_tuc 409001952782897
2026-09-14 08:08:05 - batchMongoUpdateProduct：共164条，成功164条，失败0条
2026-09-14 08:08:07 - {"status":"success","message":"success","data":[{"adId":561488607158357,"code":"SUCCESS"},{"adId":362859425988000,"code":"SUCCESS"},{"adId":492688311963173,"code":"SUCCESS"},{"adId":348304821565401,"code":"SUCCESS"},{"adId":551553189680265,"code":"SUCCESS"},{"adId":542391600407128,"code":"SUCCESS"},{"adId":519157632196774,"code":"SUCCESS"},{"adId":451315065334461,"code":"SUCCESS"},{"adId":402032763445188,"code":"SUCCESS"},{"adId":287715189720744,"code":"SUCCESS"},{"adId":443996000715938,"code":"SUCCESS"},{"adId":338141863161527,"code":"SUCCESS"},{"adId":491278547920583,"code":"SUCCESS"},{"adId":352448562589424,"code":"SUCCESS"},{"adId":495186886191475,"code":"SUCCESS"},{"adId":297008362595595,"code":"SUCCESS"},{"adId":394531020310689,"code":"SUCCESS"},{"adId":551114358243095,"code":"SUCCESS"},{"adId":457418863821061,"code":"SUCCESS"},{"adId":504800423598629,"code":"SUCCESS"}]}
2026-09-14 08:08:07 - 暂停product成功：amazon_us_tuc 561488607158357
2026-09-14 08:08:07 - 暂停product成功：amazon_us_tuc 362859425988000
2026-09-14 08:08:07 - 暂停product成功：amazon_us_tuc 492688311963173
2026-09-14 08:08:07 - 暂停product成功：amazon_us_tuc 348304821565401
2026-09-14 08:08:07 - 暂停product成功：amazon_us_tuc 551553189680265
2026-09-14 08:08:07 - 暂停product成功：amazon_us_tuc 542391600407128
2026-09-14 08:08:07 - 暂停product成功：amazon_us_tuc 519157632196774
2026-09-14 08:08:07 - 暂停product成功：amazon_us_tuc 451315065334461
2026-09-14 08:08:07 - 暂停product成功：amazon_us_tuc 402032763445188
2026-09-14 08:08:07 - 暂停product成功：amazon_us_tuc 287715189720744
2026-09-14 08:08:07 - 暂停product成功：amazon_us_tuc 443996000715938
2026-09-14 08:08:07 - 暂停product成功：amazon_us_tuc 338141863161527
2026-09-14 08:08:07 - 暂停product成功：amazon_us_tuc 491278547920583
2026-09-14 08:08:07 - 暂停product成功：amazon_us_tuc 352448562589424
2026-09-14 08:08:07 - 暂停product成功：amazon_us_tuc 495186886191475
2026-09-14 08:08:07 - 暂停product成功：amazon_us_tuc 297008362595595
2026-09-14 08:08:07 - 暂停product成功：amazon_us_tuc 394531020310689
2026-09-14 08:08:07 - 暂停product成功：amazon_us_tuc 551114358243095
2026-09-14 08:08:07 - 暂停product成功：amazon_us_tuc 457418863821061
2026-09-14 08:08:07 - 暂停product成功：amazon_us_tuc 504800423598629
2026-09-14 08:08:07 - batchMongoUpdateProduct：共15条，成功15条，失败0条
2026-09-14 08:08:09 - {"status":"success","message":"success","data":[{"adId":328885046731826,"code":"SUCCESS"},{"adId":407802991100149,"code":"SUCCESS"},{"adId":535555572274935,"code":"SUCCESS"},{"adId":556053870895311,"code":"SUCCESS"},{"adId":288154115205563,"code":"SUCCESS"},{"adId":537099900121030,"code":"SUCCESS"},{"adId":370004130718994,"code":"SUCCESS"},{"adId":553679287991427,"code":"SUCCESS"},{"adId":423699952523012,"code":"SUCCESS"},{"adId":339233005302433,"code":"SUCCESS"},{"adId":496420644140235,"code":"SUCCESS"},{"adId":405613432988190,"code":"SUCCESS"},{"adId":455643324942220,"code":"SUCCESS"},{"adId":494166035735837,"code":"SUCCESS"},{"adId":320982945815949,"code":"SUCCESS"},{"adId":405503383732500,"code":"SUCCESS"},{"adId":501777193661064,"code":"SUCCESS"},{"adId":504120709947602,"code":"SUCCESS"},{"adId":341884354764748,"code":"SUCCESS"},{"adId":534503958579280,"code":"SUCCESS"},{"adId":323875625033520,"code":"SUCCESS"},{"adId":359149223188875,"code":"SUCCESS"},{"adId":314733381406125,"code":"SUCCESS"},{"adId":506018647412538,"code":"SUCCESS"},{"adId":414910191070419,"code":"SUCCESS"},{"adId":511181241292331,"code":"SUCCESS"},{"adId":410217545768289,"code":"SUCCESS"},{"adId":404999226398215,"code":"SUCCESS"},{"adId":359143568423609,"code":"SUCCESS"},{"adId":505381910504335,"code":"SUCCESS"},{"adId":366188499743962,"code":"SUCCESS"},{"adId":409288977997688,"code":"SUCCESS"},{"adId":561921554936150,"code":"SUCCESS"},{"adId":556836666769193,"code":"SUCCESS"},{"adId":543724901844807,"code":"SUCCESS"},{"adId":316381090465490,"code":"SUCCESS"},{"adId":417043349826253,"code":"SUCCESS"},{"adId":424613730979334,"code":"SUCCESS"},{"adId":562251591659099,"code":"SUCCESS"},{"adId":444034450726616,"code":"SUCCESS"},{"adId":560412573691593,"code":"SUCCESS"},{"adId":538519026419854,"code":"SUCCESS"},{"adId":479975170857566,"code":"SUCCESS"},{"adId":374105916120068,"code":"SUCCESS"},{"adId":387547583511490,"code":"SUCCESS"},{"adId":442429373072764,"code":"SUCCESS"},{"adId":499759764199511,"code":"SUCCESS"},{"adId":367473433778342,"code":"SUCCESS"},{"adId":292953966696778,"code":"SUCCESS"},{"adId":442360724660764,"code":"SUCCESS"},{"adId":554493626062403,"code":"SUCCESS"},{"adId":403345117533058,"code":"SUCCESS"},{"adId":495862740028580,"code":"SUCCESS"},{"adId":561397547947304,"code":"SUCCESS"},{"adId":430574311137382,"code":"SUCCESS"},{"adId":462362231735096,"code":"SUCCESS"},{"adId":517603001058784,"code":"SUCCESS"},{"adId":354259042035969,"code":"SUCCESS"},{"adId":412901026584525,"code":"SUCCESS"},{"adId":389504938546070,"code":"SUCCESS"},{"adId":498552440131180,"code":"SUCCESS"},{"adId":362470164232822,"code":"SUCCESS"},{"adId":419679243749629,"code":"SUCCESS"},{"adId":495032482384010,"code":"SUCCESS"},{"adId":338680301379798,"code":"SUCCESS"},{"adId":349881579827513,"code":"SUCCESS"},{"adId":537110508498332,"code":"SUCCESS"},{"adId":508269042745161,"code":"SUCCESS"},{"adId":374681115537389,"code":"SUCCESS"},{"adId":557439854394499,"code":"SUCCESS"},{"adId":300481671855456,"code":"SUCCESS"},{"adId":533650722390297,"code":"SUCCESS"},{"adId":316243125051526,"code":"SUCCESS"},{"adId":505498258275545,"code":"SUCCESS"},{"adId":312005839454033,"code":"SUCCESS"},{"adId":311542048395510,"code":"SUCCESS"}]}
2026-09-14 08:08:09 - 暂停product成功：amazon_us_rock 328885046731826
2026-09-14 08:08:09 - 暂停product成功：amazon_us_rock 407802991100149
2026-09-14 08:08:09 - 暂停product成功：amazon_us_rock 535555572274935
2026-09-14 08:08:09 - 暂停product成功：amazon_us_rock 556053870895311
2026-09-14 08:08:09 - 暂停product成功：amazon_us_rock 288154115205563
2026-09-14 08:08:09 - 暂停product成功：amazon_us_rock 537099900121030
2026-09-14 08:08:09 - 暂停product成功：amazon_us_rock 370004130718994
2026-09-14 08:08:09 - 暂停product成功：amazon_us_rock 553679287991427
2026-09-14 08:08:09 - 暂停product成功：amazon_us_rock 423699952523012
2026-09-14 08:08:09 - 暂停product成功：amazon_us_rock 339233005302433
2026-09-14 08:08:09 - 暂停product成功：amazon_us_rock 496420644140235
2026-09-14 08:08:09 - 暂停product成功：amazon_us_rock 405613432988190
2026-09-14 08:08:09 - 暂停product成功：amazon_us_rock 455643324942220
2026-09-14 08:08:09 - 暂停product成功：amazon_us_rock 494166035735837
2026-09-14 08:08:09 - 暂停product成功：amazon_us_rock 320982945815949
2026-09-14 08:08:09 - 暂停product成功：amazon_us_rock 405503383732500
2026-09-14 08:08:09 - 暂停product成功：amazon_us_rock 501777193661064
2026-09-14 08:08:09 - 暂停product成功：amazon_us_rock 504120709947602
2026-09-14 08:08:09 - 暂停product成功：amazon_us_rock 341884354764748
2026-09-14 08:08:09 - 暂停product成功：amazon_us_rock 534503958579280
2026-09-14 08:08:09 - 暂停product成功：amazon_us_rock 323875625033520
2026-09-14 08:08:09 - 暂停product成功：amazon_us_rock 359149223188875
2026-09-14 08:08:09 - 暂停product成功：amazon_us_rock 314733381406125
2026-09-14 08:08:09 - 暂停product成功：amazon_us_rock 506018647412538
2026-09-14 08:08:09 - 暂停product成功：amazon_us_rock 414910191070419
2026-09-14 08:08:09 - 暂停product成功：amazon_us_rock 511181241292331
2026-09-14 08:08:09 - 暂停product成功：amazon_us_rock 410217545768289
2026-09-14 08:08:09 - 暂停product成功：amazon_us_rock 404999226398215
2026-09-14 08:08:09 - 暂停product成功：amazon_us_rock 359143568423609
2026-09-14 08:08:09 - 暂停product成功：amazon_us_rock 505381910504335
2026-09-14 08:08:09 - 暂停product成功：amazon_us_rock 366188499743962
2026-09-14 08:08:09 - 暂停product成功：amazon_us_rock 409288977997688
2026-09-14 08:08:09 - 暂停product成功：amazon_us_rock 561921554936150
2026-09-14 08:08:09 - 暂停product成功：amazon_us_rock 556836666769193
2026-09-14 08:08:09 - 暂停product成功：amazon_us_rock 543724901844807
2026-09-14 08:08:09 - 暂停product成功：amazon_us_rock 316381090465490
2026-09-14 08:08:09 - 暂停product成功：amazon_us_rock 417043349826253
2026-09-14 08:08:09 - 暂停product成功：amazon_us_rock 424613730979334
2026-09-14 08:08:09 - 暂停product成功：amazon_us_rock 562251591659099
2026-09-14 08:08:09 - 暂停product成功：amazon_us_rock 444034450726616
2026-09-14 08:08:09 - 暂停product成功：amazon_us_rock 560412573691593
2026-09-14 08:08:09 - 暂停product成功：amazon_us_rock 538519026419854
2026-09-14 08:08:09 - 暂停product成功：amazon_us_rock 479975170857566
2026-09-14 08:08:09 - 暂停product成功：amazon_us_rock 374105916120068
2026-09-14 08:08:09 - 暂停product成功：amazon_us_rock 387547583511490
2026-09-14 08:08:09 - 暂停product成功：amazon_us_rock 442429373072764
2026-09-14 08:08:09 - 暂停product成功：amazon_us_rock 499759764199511
2026-09-14 08:08:09 - 暂停product成功：amazon_us_rock 367473433778342
2026-09-14 08:08:09 - 暂停product成功：amazon_us_rock 292953966696778
2026-09-14 08:08:09 - 暂停product成功：amazon_us_rock 442360724660764
2026-09-14 08:08:09 - 暂停product成功：amazon_us_rock 554493626062403
2026-09-14 08:08:09 - 暂停product成功：amazon_us_rock 403345117533058
2026-09-14 08:08:09 - 暂停product成功：amazon_us_rock 495862740028580
2026-09-14 08:08:09 - 暂停product成功：amazon_us_rock 561397547947304
2026-09-14 08:08:09 - 暂停product成功：amazon_us_rock 430574311137382
2026-09-14 08:08:09 - 暂停product成功：amazon_us_rock 462362231735096
2026-09-14 08:08:09 - 暂停product成功：amazon_us_rock 517603001058784
2026-09-14 08:08:09 - 暂停product成功：amazon_us_rock 354259042035969
2026-09-14 08:08:09 - 暂停product成功：amazon_us_rock 412901026584525
2026-09-14 08:08:09 - 暂停product成功：amazon_us_rock 389504938546070
2026-09-14 08:08:09 - 暂停product成功：amazon_us_rock 498552440131180
2026-09-14 08:08:09 - 暂停product成功：amazon_us_rock 362470164232822
2026-09-14 08:08:09 - 暂停product成功：amazon_us_rock 419679243749629
2026-09-14 08:08:09 - 暂停product成功：amazon_us_rock 495032482384010
2026-09-14 08:08:09 - 暂停product成功：amazon_us_rock 338680301379798
2026-09-14 08:08:09 - 暂停product成功：amazon_us_rock 349881579827513
2026-09-14 08:08:09 - 暂停product成功：amazon_us_rock 537110508498332
2026-09-14 08:08:09 - 暂停product成功：amazon_us_rock 508269042745161
2026-09-14 08:08:09 - 暂停product成功：amazon_us_rock 374681115537389
2026-09-14 08:08:09 - 暂停product成功：amazon_us_rock 557439854394499
2026-09-14 08:08:09 - 暂停product成功：amazon_us_rock 300481671855456
2026-09-14 08:08:09 - 暂停product成功：amazon_us_rock 533650722390297
2026-09-14 08:08:09 - 暂停product成功：amazon_us_rock 316243125051526
2026-09-14 08:08:09 - 暂停product成功：amazon_us_rock 505498258275545
2026-09-14 08:08:09 - 暂停product成功：amazon_us_rock 312005839454033
2026-09-14 08:08:09 - 暂停product成功：amazon_us_rock 311542048395510
2026-09-14 08:08:09 - batchMongoUpdateProduct：共53条，成功53条，失败0条
2026-09-14 08:08:12 - {"status":"success","message":"success","data":[{"adId":439535288262696,"code":"SUCCESS"},{"adId":341093251294036,"code":"SUCCESS"},{"adId":531361136256731,"code":"SUCCESS"},{"adId":392962601581895,"code":"SUCCESS"},{"adId":469315056598941,"code":"SUCCESS"},{"adId":543866812346023,"code":"SUCCESS"},{"adId":462402674695261,"code":"SUCCESS"},{"adId":467680021954857,"code":"SUCCESS"},{"adId":485513482007170,"code":"SUCCESS"},{"adId":334409806797831,"code":"SUCCESS"},{"adId":440618907666663,"code":"SUCCESS"},{"adId":560941107958207,"code":"SUCCESS"},{"adId":306143690420629,"code":"SUCCESS"},{"adId":317676236104484,"code":"SUCCESS"},{"adId":436584551201863,"code":"SUCCESS"},{"adId":530243975082469,"code":"SUCCESS"},{"adId":426093433912121,"code":"SUCCESS"},{"adId":527411451769490,"code":"SUCCESS"},{"adId":325334874321567,"code":"SUCCESS"},{"adId":468838280651669,"code":"SUCCESS"},{"adId":317574679668545,"code":"SUCCESS"},{"adId":303221352910524,"code":"SUCCESS"},{"adId":281885410310834,"code":"SUCCESS"},{"adId":536190518064731,"code":"SUCCESS"},{"adId":520439858722329,"code":"SUCCESS"},{"adId":533219381086611,"code":"SUCCESS"},{"adId":528019694026261,"code":"SUCCESS"},{"adId":334451607952752,"code":"SUCCESS"},{"adId":321920548173609,"code":"SUCCESS"},{"adId":489812820518253,"code":"SUCCESS"},{"adId":459412662593273,"code":"SUCCESS"},{"adId":538611390585639,"code":"SUCCESS"},{"adId":531427843413971,"code":"SUCCESS"},{"adId":326114553875624,"code":"SUCCESS"},{"adId":531060524921051,"code":"SUCCESS"},{"adId":467631917546454,"code":"SUCCESS"},{"adId":391174720012375,"code":"SUCCESS"},{"adId":356928513243266,"code":"SUCCESS"},{"adId":551173157493852,"code":"SUCCESS"},{"adId":444739765789088,"code":"SUCCESS"},{"adId":507609620772981,"code":"SUCCESS"},{"adId":548795787742337,"code":"SUCCESS"},{"adId":296126641925264,"code":"SUCCESS"},{"adId":376455286240822,"code":"SUCCESS"},{"adId":329934874362081,"code":"SUCCESS"},{"adId":421521183917872,"code":"SUCCESS"},{"adId":445318723663140,"code":"SUCCESS"},{"adId":340262954303178,"code":"SUCCESS"},{"adId":510830032201553,"code":"SUCCESS"},{"adId":558461365319723,"code":"SUCCESS"},{"adId":471572965465436,"code":"SUCCESS"},{"adId":517754643393485,"code":"SUCCESS"},{"adId":456389318807580,"code":"SUCCESS"},{"adId":425514216527238,"code":"SUCCESS"},{"adId":359681162314045,"code":"SUCCESS"},{"adId":292284291359748,"code":"SUCCESS"},{"adId":543081670781725,"code":"SUCCESS"},{"adId":410268122685700,"code":"SUCCESS"},{"adId":363247670035313,"code":"SUCCESS"},{"adId":553177606461022,"code":"SUCCESS"},{"adId":403292662961812,"code":"SUCCESS"},{"adId":363618318917343,"code":"SUCCESS"},{"adId":432078195029389,"code":"SUCCESS"},{"adId":391032195081858,"code":"SUCCESS"},{"adId":329978386998805,"code":"SUCCESS"},{"adId":415732603921673,"code":"SUCCESS"},{"adId":313860712692844,"code":"SUCCESS"},{"adId":445989890014064,"code":"SUCCESS"},{"adId":499129189026447,"code":"SUCCESS"},{"adId":366273099568984,"code":"SUCCESS"},{"adId":509380574558105,"code":"SUCCESS"},{"adId":416995502438664,"code":"SUCCESS"},{"adId":284518603934140,"code":"SUCCESS"},{"adId":408983521090741,"code":"SUCCESS"},{"adId":354056837810997,"code":"SUCCESS"},{"adId":515642772597250,"code":"SUCCESS"},{"adId":508978524256910,"code":"SUCCESS"},{"adId":371175837546502,"code":"SUCCESS"},{"adId":480011489523487,"code":"SUCCESS"},{"adId":486453729003031,"code":"SUCCESS"},{"adId":506815613055043,"code":"SUCCESS"},{"adId":344709165415864,"code":"SUCCESS"},{"adId":314426483687644,"code":"SUCCESS"},{"adId":443001767549730,"code":"SUCCESS"},{"adId":472176346039153,"code":"SUCCESS"},{"adId":432751319993731,"code":"SUCCESS"},{"adId":384886467582351,"code":"SUCCESS"},{"adId":360078180871614,"code":"SUCCESS"},{"adId":434965438093832,"code":"SUCCESS"},{"adId":512979829133287,"code":"SUCCESS"},{"adId":398734339158974,"code":"SUCCESS"},{"adId":293272521869969,"code":"SUCCESS"},{"adId":375866541156685,"code":"SUCCESS"},{"adId":360366378539236,"code":"SUCCESS"},{"adId":325106294470369,"code":"SUCCESS"},{"adId":450141143166183,"code":"SUCCESS"},{"adId":424464727682655,"code":"SUCCESS"},{"adId":292115762074327,"code":"SUCCESS"},{"adId":561135762160547,"code":"SUCCESS"},{"adId":520828629697659,"code":"SUCCESS"},{"adId":513937369740419,"code":"SUCCESS"},{"adId":318836621213321,"code":"SUCCESS"},{"adId":536713775093172,"code":"SUCCESS"},{"adId":560253455770606,"code":"SUCCESS"},{"adId":387491932014510,"code":"SUCCESS"},{"adId":560736202841180,"code":"SUCCESS"},{"adId":482559511914667,"code":"SUCCESS"},{"adId":415722088681648,"code":"SUCCESS"},{"adId":489996667515302,"code":"SUCCESS"},{"adId":491067119158495,"code":"SUCCESS"},{"adId":364670857792082,"code":"SUCCESS"},{"adId":341134596997212,"code":"SUCCESS"},{"adId":401853792467638,"code":"SUCCESS"},{"adId":330460393087149,"code":"SUCCESS"},{"adId":297990903297768,"code":"SUCCESS"},{"adId":332361499374554,"code":"SUCCESS"},{"adId":474901461214398,"code":"SUCCESS"},{"adId":389884901231388,"code":"SUCCESS"},{"adId":391519716095347,"code":"SUCCESS"},{"adId":339215604184657,"code":"SUCCESS"},{"adId":368718513651898,"code":"SUCCESS"},{"adId":426244786871521,"code":"SUCCESS"},{"adId":497988136837047,"code":"SUCCESS"},{"adId":508278064470677,"code":"SUCCESS"},{"adId":401037482092721,"code":"SUCCESS"},{"adId":370305142223787,"code":"SUCCESS"},{"adId":484792690611013,"code":"SUCCESS"},{"adId":432635930623132,"code":"SUCCESS"},{"adId":530080592054676,"code":"SUCCESS"},{"adId":531052425815798,"code":"SUCCESS"},{"adId":543185593900826,"code":"SUCCESS"},{"adId":300103844994406,"code":"SUCCESS"},{"adId":408325229417440,"code":"SUCCESS"},{"adId":465567724856275,"code":"SUCCESS"},{"adId":313224029048147,"code":"SUCCESS"},{"adId":494590125798884,"code":"SUCCESS"},{"adId":551512283253569,"code":"SUCCESS"},{"adId":385824631207867,"code":"SUCCESS"},{"adId":293134469400280,"code":"SUCCESS"},{"adId":308279773238311,"code":"SUCCESS"},{"adId":547717962924588,"code":"SUCCESS"},{"adId":350073154820391,"code":"SUCCESS"},{"adId":382329306746166,"code":"SUCCESS"},{"adId":561775817526675,"code":"SUCCESS"},{"adId":363017519923597,"code":"SUCCESS"},{"adId":308717748391003,"code":"SUCCESS"},{"adId":299392709797105,"code":"SUCCESS"},{"adId":450680815887885,"code":"SUCCESS"},{"adId":424723573591069,"code":"SUCCESS"},{"adId":495258222931827,"code":"SUCCESS"},{"adId":535365869017050,"code":"SUCCESS"},{"adId":457132332741489,"code":"SUCCESS"},{"adId":339255891038668,"code":"SUCCESS"},{"adId":535768762677440,"code":"SUCCESS"},{"adId":488917767206073,"code":"SUCCESS"},{"adId":499459572024397,"code":"SUCCESS"},{"adId":386687887845322,"code":"SUCCESS"},{"adId":311425421361558,"code":"SUCCESS"},{"adId":452959890304074,"code":"SUCCESS"},{"adId":489316034720152,"code":"SUCCESS"},{"adId":499810537657129,"code":"SUCCESS"},{"adId":362758239153965,"code":"SUCCESS"},{"adId":399646270377937,"code":"SUCCESS"},{"adId":531711274003372,"code":"SUCCESS"},{"adId":447074078337465,"code":"SUCCESS"},{"adId":360969670023392,"code":"SUCCESS"},{"adId":300676635747156,"code":"SUCCESS"},{"adId":471267172216130,"code":"SUCCESS"},{"adId":313201296750311,"code":"SUCCESS"},{"adId":389360886021698,"code":"SUCCESS"},{"adId":316238892534415,"code":"SUCCESS"},{"adId":293358747783739,"code":"SUCCESS"},{"adId":477308468795806,"code":"SUCCESS"},{"adId":517822458939457,"code":"SUCCESS"},{"adId":554384199719412,"code":"SUCCESS"},{"adId":313316394995669,"code":"SUCCESS"},{"adId":407677704613854,"code":"SUCCESS"},{"adId":475532622270678,"code":"SUCCESS"},{"adId":445374509549814,"code":"SUCCESS"},{"adId":549617271003786,"code":"SUCCESS"},{"adId":462804475998767,"code":"SUCCESS"},{"adId":502340550538605,"code":"SUCCESS"},{"adId":382990910208174,"code":"SUCCESS"},{"adId":379374302630770,"code":"SUCCESS"},{"adId":343703602988786,"code":"SUCCESS"},{"adId":314522755873657,"code":"SUCCESS"},{"adId":373298092187879,"code":"SUCCESS"},{"adId":543374815250213,"code":"SUCCESS"},{"adId":297703638255799,"code":"SUCCESS"},{"adId":393736415966480,"code":"SUCCESS"},{"adId":361858885995898,"code":"SUCCESS"},{"adId":316825890838211,"code":"SUCCESS"},{"adId":490568614723154,"code":"SUCCESS"},{"adId":397258561433342,"code":"SUCCESS"},{"adId":284711687661384,"code":"SUCCESS"},{"adId":316939463953022,"code":"SUCCESS"},{"adId":299427842253667,"code":"SUCCESS"},{"adId":524001705541367,"code":"SUCCESS"},{"adId":547212198239247,"code":"SUCCESS"},{"adId":361212916081847,"code":"SUCCESS"}]}
2026-09-14 08:08:12 - 暂停product成功：amazon_us_moto 439535288262696
2026-09-14 08:08:12 - 暂停product成功：amazon_us_moto 341093251294036
2026-09-14 08:08:12 - 暂停product成功：amazon_us_moto 531361136256731
2026-09-14 08:08:12 - 暂停product成功：amazon_us_moto 392962601581895
2026-09-14 08:08:12 - 暂停product成功：amazon_us_moto 469315056598941
2026-09-14 08:08:12 - 暂停product成功：amazon_us_moto 543866812346023
2026-09-14 08:08:12 - 暂停product成功：amazon_us_moto 462402674695261
2026-09-14 08:08:12 - 暂停product成功：amazon_us_moto 467680021954857
2026-09-14 08:08:12 - 暂停product成功：amazon_us_moto 485513482007170
2026-09-14 08:08:12 - 暂停product成功：amazon_us_moto 334409806797831
2026-09-14 08:08:12 - 暂停product成功：amazon_us_moto 440618907666663
2026-09-14 08:08:12 - 暂停product成功：amazon_us_moto 560941107958207
2026-09-14 08:08:12 - 暂停product成功：amazon_us_moto 306143690420629
2026-09-14 08:08:12 - 暂停product成功：amazon_us_moto 317676236104484
2026-09-14 08:08:12 - 暂停product成功：amazon_us_moto 436584551201863
2026-09-14 08:08:12 - 暂停product成功：amazon_us_moto 530243975082469
2026-09-14 08:08:12 - 暂停product成功：amazon_us_moto 426093433912121
2026-09-14 08:08:12 - 暂停product成功：amazon_us_moto 527411451769490
2026-09-14 08:08:12 - 暂停product成功：amazon_us_moto 325334874321567
2026-09-14 08:08:12 - 暂停product成功：amazon_us_moto 468838280651669
2026-09-14 08:08:12 - 暂停product成功：amazon_us_moto 317574679668545
2026-09-14 08:08:12 - 暂停product成功：amazon_us_moto 303221352910524
2026-09-14 08:08:12 - 暂停product成功：amazon_us_moto 281885410310834
2026-09-14 08:08:12 - 暂停product成功：amazon_us_moto 536190518064731
2026-09-14 08:08:12 - 暂停product成功：amazon_us_moto 520439858722329
2026-09-14 08:08:12 - 暂停product成功：amazon_us_moto 533219381086611
2026-09-14 08:08:12 - 暂停product成功：amazon_us_moto 528019694026261
2026-09-14 08:08:12 - 暂停product成功：amazon_us_moto 334451607952752
2026-09-14 08:08:12 - 暂停product成功：amazon_us_moto 321920548173609
2026-09-14 08:08:12 - 暂停product成功：amazon_us_moto 489812820518253
2026-09-14 08:08:12 - 暂停product成功：amazon_us_moto 459412662593273
2026-09-14 08:08:12 - 暂停product成功：amazon_us_moto 538611390585639
2026-09-14 08:08:12 - 暂停product成功：amazon_us_moto 531427843413971
2026-09-14 08:08:12 - 暂停product成功：amazon_us_moto 326114553875624
2026-09-14 08:08:12 - 暂停product成功：amazon_us_moto 531060524921051
2026-09-14 08:08:12 - 暂停product成功：amazon_us_moto 467631917546454
2026-09-14 08:08:12 - 暂停product成功：amazon_us_moto 391174720012375
2026-09-14 08:08:12 - 暂停product成功：amazon_us_moto 356928513243266
2026-09-14 08:08:12 - 暂停product成功：amazon_us_moto 551173157493852
2026-09-14 08:08:12 - 暂停product成功：amazon_us_moto 444739765789088
2026-09-14 08:08:12 - 暂停product成功：amazon_us_moto 507609620772981
2026-09-14 08:08:12 - 暂停product成功：amazon_us_moto 548795787742337
2026-09-14 08:08:12 - 暂停product成功：amazon_us_moto 296126641925264
2026-09-14 08:08:12 - 暂停product成功：amazon_us_moto 376455286240822
2026-09-14 08:08:12 - 暂停product成功：amazon_us_moto 329934874362081
2026-09-14 08:08:12 - 暂停product成功：amazon_us_moto 421521183917872
2026-09-14 08:08:12 - 暂停product成功：amazon_us_moto 445318723663140
2026-09-14 08:08:12 - 暂停product成功：amazon_us_moto 340262954303178
2026-09-14 08:08:12 - 暂停product成功：amazon_us_moto 510830032201553
2026-09-14 08:08:12 - 暂停product成功：amazon_us_moto 558461365319723
2026-09-14 08:08:12 - 暂停product成功：amazon_us_moto 471572965465436
2026-09-14 08:08:12 - 暂停product成功：amazon_us_moto 517754643393485
2026-09-14 08:08:12 - 暂停product成功：amazon_us_moto 456389318807580
2026-09-14 08:08:12 - 暂停product成功：amazon_us_moto 425514216527238
2026-09-14 08:08:12 - 暂停product成功：amazon_us_moto 359681162314045
2026-09-14 08:08:12 - 暂停product成功：amazon_us_moto 292284291359748
2026-09-14 08:08:12 - 暂停product成功：amazon_us_moto 543081670781725
2026-09-14 08:08:12 - 暂停product成功：amazon_us_moto 410268122685700
2026-09-14 08:08:12 - 暂停product成功：amazon_us_moto 363247670035313
2026-09-14 08:08:12 - 暂停product成功：amazon_us_moto 553177606461022
2026-09-14 08:08:12 - 暂停product成功：amazon_us_moto 403292662961812
2026-09-14 08:08:12 - 暂停product成功：amazon_us_moto 363618318917343
2026-09-14 08:08:12 - 暂停product成功：amazon_us_moto 432078195029389
2026-09-14 08:08:12 - 暂停product成功：amazon_us_moto 391032195081858
2026-09-14 08:08:12 - 暂停product成功：amazon_us_moto 329978386998805
2026-09-14 08:08:12 - 暂停product成功：amazon_us_moto 415732603921673
2026-09-14 08:08:12 - 暂停product成功：amazon_us_moto 313860712692844
2026-09-14 08:08:12 - 暂停product成功：amazon_us_moto 445989890014064
2026-09-14 08:08:12 - 暂停product成功：amazon_us_moto 499129189026447
2026-09-14 08:08:12 - 暂停product成功：amazon_us_moto 366273099568984
2026-09-14 08:08:12 - 暂停product成功：amazon_us_moto 509380574558105
2026-09-14 08:08:12 - 暂停product成功：amazon_us_moto 416995502438664
2026-09-14 08:08:12 - 暂停product成功：amazon_us_moto 284518603934140
2026-09-14 08:08:12 - 暂停product成功：amazon_us_moto 408983521090741
2026-09-14 08:08:12 - 暂停product成功：amazon_us_moto 354056837810997
2026-09-14 08:08:12 - 暂停product成功：amazon_us_moto 515642772597250
2026-09-14 08:08:12 - 暂停product成功：amazon_us_moto 508978524256910
2026-09-14 08:08:12 - 暂停product成功：amazon_us_moto 371175837546502
2026-09-14 08:08:12 - 暂停product成功：amazon_us_moto 480011489523487
2026-09-14 08:08:12 - 暂停product成功：amazon_us_moto 486453729003031
2026-09-14 08:08:12 - 暂停product成功：amazon_us_moto 506815613055043
2026-09-14 08:08:12 - 暂停product成功：amazon_us_moto 344709165415864
2026-09-14 08:08:12 - 暂停product成功：amazon_us_moto 314426483687644
2026-09-14 08:08:12 - 暂停product成功：amazon_us_moto 443001767549730
2026-09-14 08:08:12 - 暂停product成功：amazon_us_moto 472176346039153
2026-09-14 08:08:12 - 暂停product成功：amazon_us_moto 432751319993731
2026-09-14 08:08:12 - 暂停product成功：amazon_us_moto 384886467582351
2026-09-14 08:08:12 - 暂停product成功：amazon_us_moto 360078180871614
2026-09-14 08:08:12 - 暂停product成功：amazon_us_moto 434965438093832
2026-09-14 08:08:12 - 暂停product成功：amazon_us_moto 512979829133287
2026-09-14 08:08:12 - 暂停product成功：amazon_us_moto 398734339158974
2026-09-14 08:08:12 - 暂停product成功：amazon_us_moto 293272521869969
2026-09-14 08:08:12 - 暂停product成功：amazon_us_moto 375866541156685
2026-09-14 08:08:12 - 暂停product成功：amazon_us_moto 360366378539236
2026-09-14 08:08:12 - 暂停product成功：amazon_us_moto 325106294470369
2026-09-14 08:08:12 - 暂停product成功：amazon_us_moto 450141143166183
2026-09-14 08:08:12 - 暂停product成功：amazon_us_moto 424464727682655
2026-09-14 08:08:12 - 暂停product成功：amazon_us_moto 292115762074327
2026-09-14 08:08:12 - 暂停product成功：amazon_us_moto 561135762160547
2026-09-14 08:08:12 - 暂停product成功：amazon_us_moto 520828629697659
2026-09-14 08:08:12 - 暂停product成功：amazon_us_moto 513937369740419
2026-09-14 08:08:12 - 暂停product成功：amazon_us_moto 318836621213321
2026-09-14 08:08:12 - 暂停product成功：amazon_us_moto 536713775093172
2026-09-14 08:08:12 - 暂停product成功：amazon_us_moto 560253455770606
2026-09-14 08:08:12 - 暂停product成功：amazon_us_moto 387491932014510
2026-09-14 08:08:12 - 暂停product成功：amazon_us_moto 560736202841180
2026-09-14 08:08:12 - 暂停product成功：amazon_us_moto 482559511914667
2026-09-14 08:08:12 - 暂停product成功：amazon_us_moto 415722088681648
2026-09-14 08:08:12 - 暂停product成功：amazon_us_moto 489996667515302
2026-09-14 08:08:12 - 暂停product成功：amazon_us_moto 491067119158495
2026-09-14 08:08:12 - 暂停product成功：amazon_us_moto 364670857792082
2026-09-14 08:08:12 - 暂停product成功：amazon_us_moto 341134596997212
2026-09-14 08:08:12 - 暂停product成功：amazon_us_moto 401853792467638
2026-09-14 08:08:12 - 暂停product成功：amazon_us_moto 330460393087149
2026-09-14 08:08:12 - 暂停product成功：amazon_us_moto 297990903297768
2026-09-14 08:08:12 - 暂停product成功：amazon_us_moto 332361499374554
2026-09-14 08:08:12 - 暂停product成功：amazon_us_moto 474901461214398
2026-09-14 08:08:12 - 暂停product成功：amazon_us_moto 389884901231388
2026-09-14 08:08:12 - 暂停product成功：amazon_us_moto 391519716095347
2026-09-14 08:08:12 - 暂停product成功：amazon_us_moto 339215604184657
2026-09-14 08:08:12 - 暂停product成功：amazon_us_moto 368718513651898
2026-09-14 08:08:12 - 暂停product成功：amazon_us_moto 426244786871521
2026-09-14 08:08:12 - 暂停product成功：amazon_us_moto 497988136837047
2026-09-14 08:08:12 - 暂停product成功：amazon_us_moto 508278064470677
2026-09-14 08:08:12 - 暂停product成功：amazon_us_moto 401037482092721
2026-09-14 08:08:12 - 暂停product成功：amazon_us_moto 370305142223787
2026-09-14 08:08:12 - 暂停product成功：amazon_us_moto 484792690611013
2026-09-14 08:08:12 - 暂停product成功：amazon_us_moto 432635930623132
2026-09-14 08:08:12 - 暂停product成功：amazon_us_moto 530080592054676
2026-09-14 08:08:12 - 暂停product成功：amazon_us_moto 531052425815798
2026-09-14 08:08:12 - 暂停product成功：amazon_us_moto 543185593900826
2026-09-14 08:08:12 - 暂停product成功：amazon_us_moto 300103844994406
2026-09-14 08:08:12 - 暂停product成功：amazon_us_moto 408325229417440
2026-09-14 08:08:12 - 暂停product成功：amazon_us_moto 465567724856275
2026-09-14 08:08:12 - 暂停product成功：amazon_us_moto 313224029048147
2026-09-14 08:08:12 - 暂停product成功：amazon_us_moto 494590125798884
2026-09-14 08:08:12 - 暂停product成功：amazon_us_moto 551512283253569
2026-09-14 08:08:12 - 暂停product成功：amazon_us_moto 385824631207867
2026-09-14 08:08:12 - 暂停product成功：amazon_us_moto 293134469400280
2026-09-14 08:08:12 - 暂停product成功：amazon_us_moto 308279773238311
2026-09-14 08:08:12 - 暂停product成功：amazon_us_moto 547717962924588
2026-09-14 08:08:12 - 暂停product成功：amazon_us_moto 350073154820391
2026-09-14 08:08:12 - 暂停product成功：amazon_us_moto 382329306746166
2026-09-14 08:08:12 - 暂停product成功：amazon_us_moto 561775817526675
2026-09-14 08:08:12 - 暂停product成功：amazon_us_moto 363017519923597
2026-09-14 08:08:12 - 暂停product成功：amazon_us_moto 308717748391003
2026-09-14 08:08:12 - 暂停product成功：amazon_us_moto 299392709797105
2026-09-14 08:08:12 - 暂停product成功：amazon_us_moto 450680815887885
2026-09-14 08:08:12 - 暂停product成功：amazon_us_moto 424723573591069
2026-09-14 08:08:12 - 暂停product成功：amazon_us_moto 495258222931827
2026-09-14 08:08:12 - 暂停product成功：amazon_us_moto 535365869017050
2026-09-14 08:08:12 - 暂停product成功：amazon_us_moto 457132332741489
2026-09-14 08:08:12 - 暂停product成功：amazon_us_moto 339255891038668
2026-09-14 08:08:12 - 暂停product成功：amazon_us_moto 535768762677440
2026-09-14 08:08:12 - 暂停product成功：amazon_us_moto 488917767206073
2026-09-14 08:08:12 - 暂停product成功：amazon_us_moto 499459572024397
2026-09-14 08:08:12 - 暂停product成功：amazon_us_moto 386687887845322
2026-09-14 08:08:12 - 暂停product成功：amazon_us_moto 311425421361558
2026-09-14 08:08:12 - 暂停product成功：amazon_us_moto 452959890304074
2026-09-14 08:08:12 - 暂停product成功：amazon_us_moto 489316034720152
2026-09-14 08:08:12 - 暂停product成功：amazon_us_moto 499810537657129
2026-09-14 08:08:12 - 暂停product成功：amazon_us_moto 362758239153965
2026-09-14 08:08:12 - 暂停product成功：amazon_us_moto 399646270377937
2026-09-14 08:08:12 - 暂停product成功：amazon_us_moto 531711274003372
2026-09-14 08:08:12 - 暂停product成功：amazon_us_moto 447074078337465
2026-09-14 08:08:12 - 暂停product成功：amazon_us_moto 360969670023392
2026-09-14 08:08:12 - 暂停product成功：amazon_us_moto 300676635747156
2026-09-14 08:08:12 - 暂停product成功：amazon_us_moto 471267172216130
2026-09-14 08:08:12 - 暂停product成功：amazon_us_moto 313201296750311
2026-09-14 08:08:12 - 暂停product成功：amazon_us_moto 389360886021698
2026-09-14 08:08:12 - 暂停product成功：amazon_us_moto 316238892534415
2026-09-14 08:08:12 - 暂停product成功：amazon_us_moto 293358747783739
2026-09-14 08:08:12 - 暂停product成功：amazon_us_moto 477308468795806
2026-09-14 08:08:12 - 暂停product成功：amazon_us_moto 517822458939457
2026-09-14 08:08:12 - 暂停product成功：amazon_us_moto 554384199719412
2026-09-14 08:08:12 - 暂停product成功：amazon_us_moto 313316394995669
2026-09-14 08:08:12 - 暂停product成功：amazon_us_moto 407677704613854
2026-09-14 08:08:12 - 暂停product成功：amazon_us_moto 475532622270678
2026-09-14 08:08:12 - 暂停product成功：amazon_us_moto 445374509549814
2026-09-14 08:08:12 - 暂停product成功：amazon_us_moto 549617271003786
2026-09-14 08:08:12 - 暂停product成功：amazon_us_moto 462804475998767
2026-09-14 08:08:12 - 暂停product成功：amazon_us_moto 502340550538605
2026-09-14 08:08:12 - 暂停product成功：amazon_us_moto 382990910208174
2026-09-14 08:08:12 - 暂停product成功：amazon_us_moto 379374302630770
2026-09-14 08:08:12 - 暂停product成功：amazon_us_moto 343703602988786
2026-09-14 08:08:12 - 暂停product成功：amazon_us_moto 314522755873657
2026-09-14 08:08:12 - 暂停product成功：amazon_us_moto 373298092187879
2026-09-14 08:08:12 - 暂停product成功：amazon_us_moto 543374815250213
2026-09-14 08:08:12 - 暂停product成功：amazon_us_moto 297703638255799
2026-09-14 08:08:12 - 暂停product成功：amazon_us_moto 393736415966480
2026-09-14 08:08:12 - 暂停product成功：amazon_us_moto 361858885995898
2026-09-14 08:08:12 - 暂停product成功：amazon_us_moto 316825890838211
2026-09-14 08:08:12 - 暂停product成功：amazon_us_moto 490568614723154
2026-09-14 08:08:12 - 暂停product成功：amazon_us_moto 397258561433342
2026-09-14 08:08:12 - 暂停product成功：amazon_us_moto 284711687661384
2026-09-14 08:08:12 - 暂停product成功：amazon_us_moto 316939463953022
2026-09-14 08:08:12 - 暂停product成功：amazon_us_moto 299427842253667
2026-09-14 08:08:12 - 暂停product成功：amazon_us_moto 524001705541367
2026-09-14 08:08:12 - 暂停product成功：amazon_us_moto 547212198239247
2026-09-14 08:08:12 - 暂停product成功：amazon_us_moto 361212916081847
2026-09-14 08:08:15 - batchMongoUpdateProduct：共183条，成功183条，失败0条
2026-09-14 08:08:17 - {"status":"success","message":"success","data":[{"adId":475209991855770,"code":"SUCCESS"},{"adId":427611239586826,"code":"SUCCESS"},{"adId":558944209920015,"code":"SUCCESS"},{"adId":444915397847771,"code":"SUCCESS"},{"adId":445056250143812,"code":"SUCCESS"},{"adId":289845958562502,"code":"SUCCESS"},{"adId":466063911223219,"code":"SUCCESS"},{"adId":392771154721211,"code":"SUCCESS"},{"adId":332868232833278,"code":"SUCCESS"},{"adId":471572233204139,"code":"SUCCESS"},{"adId":453841201557276,"code":"SUCCESS"},{"adId":329429037279721,"code":"SUCCESS"},{"adId":455078783078576,"code":"SUCCESS"},{"adId":316596136537222,"code":"SUCCESS"},{"adId":548408252987052,"code":"SUCCESS"},{"adId":366344064544043,"code":"SUCCESS"},{"adId":471464690512296,"code":"SUCCESS"},{"adId":297364878179311,"code":"SUCCESS"},{"adId":437395031573485,"code":"SUCCESS"},{"adId":545282101504198,"code":"SUCCESS"},{"adId":304417433462542,"code":"SUCCESS"},{"adId":395645589220719,"code":"SUCCESS"},{"adId":441279068567830,"code":"SUCCESS"},{"adId":541745334742583,"code":"SUCCESS"},{"adId":436897327786566,"code":"SUCCESS"},{"adId":520320035173084,"code":"SUCCESS"},{"adId":562515750184578,"code":"SUCCESS"},{"adId":282008359064081,"code":"SUCCESS"},{"adId":481352753256452,"code":"SUCCESS"},{"adId":456578799595587,"code":"SUCCESS"},{"adId":499545151763047,"code":"SUCCESS"},{"adId":472440944398345,"code":"SUCCESS"},{"adId":334819481879301,"code":"SUCCESS"},{"adId":393468320305336,"code":"SUCCESS"},{"adId":506417260713839,"code":"SUCCESS"},{"adId":370208999257031,"code":"SUCCESS"},{"adId":289536877456107,"code":"SUCCESS"},{"adId":291851549090487,"code":"SUCCESS"},{"adId":450057552332398,"code":"SUCCESS"},{"adId":283823536273550,"code":"SUCCESS"},{"adId":469490869469125,"code":"SUCCESS"},{"adId":405411233727980,"code":"SUCCESS"},{"adId":367041230569970,"code":"SUCCESS"},{"adId":379261336143736,"code":"SUCCESS"},{"adId":452027398523925,"code":"SUCCESS"},{"adId":437698322150732,"code":"SUCCESS"},{"adId":559501128816554,"code":"SUCCESS"},{"adId":508713377372394,"code":"SUCCESS"},{"adId":499433421143277,"code":"SUCCESS"},{"adId":516178979871908,"code":"SUCCESS"},{"adId":468010972248299,"code":"SUCCESS"},{"adId":401742761916506,"code":"SUCCESS"},{"adId":425712098263713,"code":"SUCCESS"},{"adId":347264726127721,"code":"SUCCESS"},{"adId":470465033143583,"code":"SUCCESS"},{"adId":502998357490958,"code":"SUCCESS"},{"adId":365521855898499,"code":"SUCCESS"},{"adId":553296871652549,"code":"SUCCESS"},{"adId":308289541385389,"code":"SUCCESS"},{"adId":396873362046126,"code":"SUCCESS"},{"adId":413488682541515,"code":"SUCCESS"},{"adId":308796510461170,"code":"SUCCESS"},{"adId":407538965215774,"code":"SUCCESS"},{"adId":368857599143402,"code":"SUCCESS"},{"adId":480084766566345,"code":"SUCCESS"},{"adId":541581917705017,"code":"SUCCESS"},{"adId":556689493711839,"code":"SUCCESS"},{"adId":523667350139247,"code":"SUCCESS"},{"adId":458987775622081,"code":"SUCCESS"},{"adId":455101542344901,"code":"SUCCESS"},{"adId":378386587022519,"code":"SUCCESS"},{"adId":554410160181820,"code":"SUCCESS"},{"adId":522745633681605,"code":"SUCCESS"},{"adId":496415911568321,"code":"SUCCESS"},{"adId":451686656006944,"code":"SUCCESS"},{"adId":467841945789420,"code":"SUCCESS"},{"adId":439234114721736,"code":"SUCCESS"},{"adId":547208121645930,"code":"SUCCESS"},{"adId":479701092382978,"code":"SUCCESS"},{"adId":519512887256228,"code":"SUCCESS"},{"adId":305224515517518,"code":"SUCCESS"},{"adId":442534285442923,"code":"SUCCESS"},{"adId":323245637637249,"code":"SUCCESS"},{"adId":292863942258740,"code":"SUCCESS"},{"adId":420233074078562,"code":"SUCCESS"},{"adId":297799880496930,"code":"SUCCESS"},{"adId":325320261490812,"code":"SUCCESS"},{"adId":382043692796694,"code":"SUCCESS"},{"adId":483957501237691,"code":"SUCCESS"},{"adId":309877385802783,"code":"SUCCESS"},{"adId":525314876266822,"code":"SUCCESS"},{"adId":498599316581550,"code":"SUCCESS"},{"adId":518306854876137,"code":"SUCCESS"},{"adId":455091585514002,"code":"SUCCESS"},{"adId":345020208781622,"code":"SUCCESS"},{"adId":332722064077317,"code":"SUCCESS"},{"adId":497479063658496,"code":"SUCCESS"},{"adId":543205940600543,"code":"SUCCESS"},{"adId":384174080257271,"code":"SUCCESS"},{"adId":365864372375855,"code":"SUCCESS"},{"adId":287385464671167,"code":"SUCCESS"},{"adId":405359546612345,"code":"SUCCESS"},{"adId":478526420213497,"code":"SUCCESS"},{"adId":476141143382341,"code":"SUCCESS"},{"adId":384806217070218,"code":"SUCCESS"},{"adId":514489093126939,"code":"SUCCESS"},{"adId":353429397334025,"code":"SUCCESS"},{"adId":360575737891965,"code":"SUCCESS"},{"adId":490234032494065,"code":"SUCCESS"},{"adId":541900129129449,"code":"SUCCESS"},{"adId":517904933357189,"code":"SUCCESS"},{"adId":306974294214383,"code":"SUCCESS"},{"adId":482799901818814,"code":"SUCCESS"},{"adId":404527915777487,"code":"SUCCESS"},{"adId":296775025818864,"code":"SUCCESS"},{"adId":555128548185827,"code":"SUCCESS"},{"adId":490393390864617,"code":"SUCCESS"},{"adId":559735711708163,"code":"SUCCESS"},{"adId":309107249055905,"code":"SUCCESS"},{"adId":370530454702354,"code":"SUCCESS"},{"adId":450426404558113,"code":"SUCCESS"},{"adId":519463330533177,"code":"SUCCESS"},{"adId":399671886953535,"code":"SUCCESS"},{"adId":329603993714078,"code":"SUCCESS"},{"adId":508349242711662,"code":"SUCCESS"},{"adId":495842974586388,"code":"SUCCESS"},{"adId":425256474363620,"code":"SUCCESS"},{"adId":319033859807529,"code":"SUCCESS"},{"adId":390498304569786,"code":"SUCCESS"},{"adId":404732592498994,"code":"SUCCESS"},{"adId":365451889801541,"code":"SUCCESS"},{"adId":553733626427753,"code":"SUCCESS"},{"adId":499249416831783,"code":"SUCCESS"},{"adId":558505132455014,"code":"SUCCESS"},{"adId":481611749436053,"code":"SUCCESS"},{"adId":409153397374626,"code":"SUCCESS"},{"adId":452837542274968,"code":"SUCCESS"},{"adId":334415047100350,"code":"SUCCESS"},{"adId":435735374722906,"code":"SUCCESS"},{"adId":342285190153648,"code":"SUCCESS"},{"adId":376852423098070,"code":"SUCCESS"},{"adId":438057978467630,"code":"SUCCESS"},{"adId":555465962234612,"code":"SUCCESS"},{"adId":376159152852456,"code":"SUCCESS"},{"adId":408902305477382,"code":"SUCCESS"},{"adId":477689857312225,"code":"SUCCESS"},{"adId":555882305741197,"code":"SUCCESS"},{"adId":496795291575934,"code":"SUCCESS"},{"adId":447068385593121,"code":"SUCCESS"},{"adId":451086053955180,"code":"SUCCESS"},{"adId":538773413895296,"code":"SUCCESS"},{"adId":357881185554624,"code":"SUCCESS"},{"adId":509097638101262,"code":"SUCCESS"},{"adId":296467413465761,"code":"SUCCESS"},{"adId":474364234497515,"code":"SUCCESS"},{"adId":379734902313501,"code":"SUCCESS"},{"adId":373896750090321,"code":"SUCCESS"},{"adId":457042820129617,"code":"SUCCESS"},{"adId":540492224964804,"code":"SUCCESS"},{"adId":484929687079767,"code":"SUCCESS"},{"adId":337308102601638,"code":"SUCCESS"},{"adId":350045365011667,"code":"SUCCESS"}]}
2026-09-14 08:08:17 - 暂停product成功：amazon_us_moto 475209991855770
2026-09-14 08:08:17 - 暂停product成功：amazon_us_moto 427611239586826
2026-09-14 08:08:17 - 暂停product成功：amazon_us_moto 558944209920015
2026-09-14 08:08:17 - 暂停product成功：amazon_us_moto 444915397847771
2026-09-14 08:08:17 - 暂停product成功：amazon_us_moto 445056250143812
2026-09-14 08:08:17 - 暂停product成功：amazon_us_moto 289845958562502
2026-09-14 08:08:17 - 暂停product成功：amazon_us_moto 466063911223219
2026-09-14 08:08:17 - 暂停product成功：amazon_us_moto 392771154721211
2026-09-14 08:08:17 - 暂停product成功：amazon_us_moto 332868232833278
2026-09-14 08:08:17 - 暂停product成功：amazon_us_moto 471572233204139
2026-09-14 08:08:17 - 暂停product成功：amazon_us_moto 453841201557276
2026-09-14 08:08:17 - 暂停product成功：amazon_us_moto 329429037279721
2026-09-14 08:08:17 - 暂停product成功：amazon_us_moto 455078783078576
2026-09-14 08:08:17 - 暂停product成功：amazon_us_moto 316596136537222
2026-09-14 08:08:17 - 暂停product成功：amazon_us_moto 548408252987052
2026-09-14 08:08:17 - 暂停product成功：amazon_us_moto 366344064544043
2026-09-14 08:08:17 - 暂停product成功：amazon_us_moto 471464690512296
2026-09-14 08:08:17 - 暂停product成功：amazon_us_moto 297364878179311
2026-09-14 08:08:17 - 暂停product成功：amazon_us_moto 437395031573485
2026-09-14 08:08:17 - 暂停product成功：amazon_us_moto 545282101504198
2026-09-14 08:08:17 - 暂停product成功：amazon_us_moto 304417433462542
2026-09-14 08:08:17 - 暂停product成功：amazon_us_moto 395645589220719
2026-09-14 08:08:17 - 暂停product成功：amazon_us_moto 441279068567830
2026-09-14 08:08:17 - 暂停product成功：amazon_us_moto 541745334742583
2026-09-14 08:08:17 - 暂停product成功：amazon_us_moto 436897327786566
2026-09-14 08:08:17 - 暂停product成功：amazon_us_moto 520320035173084
2026-09-14 08:08:17 - 暂停product成功：amazon_us_moto 562515750184578
2026-09-14 08:08:17 - 暂停product成功：amazon_us_moto 282008359064081
2026-09-14 08:08:17 - 暂停product成功：amazon_us_moto 481352753256452
2026-09-14 08:08:17 - 暂停product成功：amazon_us_moto 456578799595587
2026-09-14 08:08:17 - 暂停product成功：amazon_us_moto 499545151763047
2026-09-14 08:08:17 - 暂停product成功：amazon_us_moto 472440944398345
2026-09-14 08:08:17 - 暂停product成功：amazon_us_moto 334819481879301
2026-09-14 08:08:17 - 暂停product成功：amazon_us_moto 393468320305336
2026-09-14 08:08:17 - 暂停product成功：amazon_us_moto 506417260713839
2026-09-14 08:08:17 - 暂停product成功：amazon_us_moto 370208999257031
2026-09-14 08:08:17 - 暂停product成功：amazon_us_moto 289536877456107
2026-09-14 08:08:17 - 暂停product成功：amazon_us_moto 291851549090487
2026-09-14 08:08:17 - 暂停product成功：amazon_us_moto 450057552332398
2026-09-14 08:08:17 - 暂停product成功：amazon_us_moto 283823536273550
2026-09-14 08:08:17 - 暂停product成功：amazon_us_moto 469490869469125
2026-09-14 08:08:17 - 暂停product成功：amazon_us_moto 405411233727980
2026-09-14 08:08:17 - 暂停product成功：amazon_us_moto 367041230569970
2026-09-14 08:08:17 - 暂停product成功：amazon_us_moto 379261336143736
2026-09-14 08:08:17 - 暂停product成功：amazon_us_moto 452027398523925
2026-09-14 08:08:17 - 暂停product成功：amazon_us_moto 437698322150732
2026-09-14 08:08:17 - 暂停product成功：amazon_us_moto 559501128816554
2026-09-14 08:08:17 - 暂停product成功：amazon_us_moto 508713377372394
2026-09-14 08:08:17 - 暂停product成功：amazon_us_moto 499433421143277
2026-09-14 08:08:17 - 暂停product成功：amazon_us_moto 516178979871908
2026-09-14 08:08:17 - 暂停product成功：amazon_us_moto 468010972248299
2026-09-14 08:08:17 - 暂停product成功：amazon_us_moto 401742761916506
2026-09-14 08:08:17 - 暂停product成功：amazon_us_moto 425712098263713
2026-09-14 08:08:17 - 暂停product成功：amazon_us_moto 347264726127721
2026-09-14 08:08:17 - 暂停product成功：amazon_us_moto 470465033143583
2026-09-14 08:08:17 - 暂停product成功：amazon_us_moto 502998357490958
2026-09-14 08:08:17 - 暂停product成功：amazon_us_moto 365521855898499
2026-09-14 08:08:17 - 暂停product成功：amazon_us_moto 553296871652549
2026-09-14 08:08:17 - 暂停product成功：amazon_us_moto 308289541385389
2026-09-14 08:08:17 - 暂停product成功：amazon_us_moto 396873362046126
2026-09-14 08:08:17 - 暂停product成功：amazon_us_moto 413488682541515
2026-09-14 08:08:17 - 暂停product成功：amazon_us_moto 308796510461170
2026-09-14 08:08:17 - 暂停product成功：amazon_us_moto 407538965215774
2026-09-14 08:08:17 - 暂停product成功：amazon_us_moto 368857599143402
2026-09-14 08:08:17 - 暂停product成功：amazon_us_moto 480084766566345
2026-09-14 08:08:17 - 暂停product成功：amazon_us_moto 541581917705017
2026-09-14 08:08:17 - 暂停product成功：amazon_us_moto 556689493711839
2026-09-14 08:08:17 - 暂停product成功：amazon_us_moto 523667350139247
2026-09-14 08:08:17 - 暂停product成功：amazon_us_moto 458987775622081
2026-09-14 08:08:17 - 暂停product成功：amazon_us_moto 455101542344901
2026-09-14 08:08:17 - 暂停product成功：amazon_us_moto 378386587022519
2026-09-14 08:08:17 - 暂停product成功：amazon_us_moto 554410160181820
2026-09-14 08:08:17 - 暂停product成功：amazon_us_moto 522745633681605
2026-09-14 08:08:17 - 暂停product成功：amazon_us_moto 496415911568321
2026-09-14 08:08:17 - 暂停product成功：amazon_us_moto 451686656006944
2026-09-14 08:08:17 - 暂停product成功：amazon_us_moto 467841945789420
2026-09-14 08:08:17 - 暂停product成功：amazon_us_moto 439234114721736
2026-09-14 08:08:17 - 暂停product成功：amazon_us_moto 547208121645930
2026-09-14 08:08:17 - 暂停product成功：amazon_us_moto 479701092382978
2026-09-14 08:08:17 - 暂停product成功：amazon_us_moto 519512887256228
2026-09-14 08:08:17 - 暂停product成功：amazon_us_moto 305224515517518
2026-09-14 08:08:17 - 暂停product成功：amazon_us_moto 442534285442923
2026-09-14 08:08:17 - 暂停product成功：amazon_us_moto 323245637637249
2026-09-14 08:08:17 - 暂停product成功：amazon_us_moto 292863942258740
2026-09-14 08:08:17 - 暂停product成功：amazon_us_moto 420233074078562
2026-09-14 08:08:17 - 暂停product成功：amazon_us_moto 297799880496930
2026-09-14 08:08:17 - 暂停product成功：amazon_us_moto 325320261490812
2026-09-14 08:08:17 - 暂停product成功：amazon_us_moto 382043692796694
2026-09-14 08:08:17 - 暂停product成功：amazon_us_moto 483957501237691
2026-09-14 08:08:17 - 暂停product成功：amazon_us_moto 309877385802783
2026-09-14 08:08:17 - 暂停product成功：amazon_us_moto 525314876266822
2026-09-14 08:08:17 - 暂停product成功：amazon_us_moto 498599316581550
2026-09-14 08:08:17 - 暂停product成功：amazon_us_moto 518306854876137
2026-09-14 08:08:17 - 暂停product成功：amazon_us_moto 455091585514002
2026-09-14 08:08:17 - 暂停product成功：amazon_us_moto 345020208781622
2026-09-14 08:08:17 - 暂停product成功：amazon_us_moto 332722064077317
2026-09-14 08:08:17 - 暂停product成功：amazon_us_moto 497479063658496
2026-09-14 08:08:17 - 暂停product成功：amazon_us_moto 543205940600543
2026-09-14 08:08:17 - 暂停product成功：amazon_us_moto 384174080257271
2026-09-14 08:08:17 - 暂停product成功：amazon_us_moto 365864372375855
2026-09-14 08:08:17 - 暂停product成功：amazon_us_moto 287385464671167
2026-09-14 08:08:17 - 暂停product成功：amazon_us_moto 405359546612345
2026-09-14 08:08:17 - 暂停product成功：amazon_us_moto 478526420213497
2026-09-14 08:08:17 - 暂停product成功：amazon_us_moto 476141143382341
2026-09-14 08:08:17 - 暂停product成功：amazon_us_moto 384806217070218
2026-09-14 08:08:17 - 暂停product成功：amazon_us_moto 514489093126939
2026-09-14 08:08:17 - 暂停product成功：amazon_us_moto 353429397334025
2026-09-14 08:08:17 - 暂停product成功：amazon_us_moto 360575737891965
2026-09-14 08:08:17 - 暂停product成功：amazon_us_moto 490234032494065
2026-09-14 08:08:17 - 暂停product成功：amazon_us_moto 541900129129449
2026-09-14 08:08:17 - 暂停product成功：amazon_us_moto 517904933357189
2026-09-14 08:08:17 - 暂停product成功：amazon_us_moto 306974294214383
2026-09-14 08:08:17 - 暂停product成功：amazon_us_moto 482799901818814
2026-09-14 08:08:17 - 暂停product成功：amazon_us_moto 404527915777487
2026-09-14 08:08:17 - 暂停product成功：amazon_us_moto 296775025818864
2026-09-14 08:08:17 - 暂停product成功：amazon_us_moto 555128548185827
2026-09-14 08:08:17 - 暂停product成功：amazon_us_moto 490393390864617
2026-09-14 08:08:17 - 暂停product成功：amazon_us_moto 559735711708163
2026-09-14 08:08:17 - 暂停product成功：amazon_us_moto 309107249055905
2026-09-14 08:08:17 - 暂停product成功：amazon_us_moto 370530454702354
2026-09-14 08:08:17 - 暂停product成功：amazon_us_moto 450426404558113
2026-09-14 08:08:17 - 暂停product成功：amazon_us_moto 519463330533177
2026-09-14 08:08:17 - 暂停product成功：amazon_us_moto 399671886953535
2026-09-14 08:08:17 - 暂停product成功：amazon_us_moto 329603993714078
2026-09-14 08:08:17 - 暂停product成功：amazon_us_moto 508349242711662
2026-09-14 08:08:17 - 暂停product成功：amazon_us_moto 495842974586388
2026-09-14 08:08:17 - 暂停product成功：amazon_us_moto 425256474363620
2026-09-14 08:08:17 - 暂停product成功：amazon_us_moto 319033859807529
2026-09-14 08:08:17 - 暂停product成功：amazon_us_moto 390498304569786
2026-09-14 08:08:17 - 暂停product成功：amazon_us_moto 404732592498994
2026-09-14 08:08:17 - 暂停product成功：amazon_us_moto 365451889801541
2026-09-14 08:08:17 - 暂停product成功：amazon_us_moto 553733626427753
2026-09-14 08:08:17 - 暂停product成功：amazon_us_moto 499249416831783
2026-09-14 08:08:17 - 暂停product成功：amazon_us_moto 558505132455014
2026-09-14 08:08:17 - 暂停product成功：amazon_us_moto 481611749436053
2026-09-14 08:08:17 - 暂停product成功：amazon_us_moto 409153397374626
2026-09-14 08:08:17 - 暂停product成功：amazon_us_moto 452837542274968
2026-09-14 08:08:17 - 暂停product成功：amazon_us_moto 334415047100350
2026-09-14 08:08:17 - 暂停product成功：amazon_us_moto 435735374722906
2026-09-14 08:08:17 - 暂停product成功：amazon_us_moto 342285190153648
2026-09-14 08:08:17 - 暂停product成功：amazon_us_moto 376852423098070
2026-09-14 08:08:17 - 暂停product成功：amazon_us_moto 438057978467630
2026-09-14 08:08:17 - 暂停product成功：amazon_us_moto 555465962234612
2026-09-14 08:08:17 - 暂停product成功：amazon_us_moto 376159152852456
2026-09-14 08:08:17 - 暂停product成功：amazon_us_moto 408902305477382
2026-09-14 08:08:17 - 暂停product成功：amazon_us_moto 477689857312225
2026-09-14 08:08:17 - 暂停product成功：amazon_us_moto 555882305741197
2026-09-14 08:08:17 - 暂停product成功：amazon_us_moto 496795291575934
2026-09-14 08:08:17 - 暂停product成功：amazon_us_moto 447068385593121
2026-09-14 08:08:17 - 暂停product成功：amazon_us_moto 451086053955180
2026-09-14 08:08:17 - 暂停product成功：amazon_us_moto 538773413895296
2026-09-14 08:08:17 - 暂停product成功：amazon_us_moto 357881185554624
2026-09-14 08:08:17 - 暂停product成功：amazon_us_moto 509097638101262
2026-09-14 08:08:17 - 暂停product成功：amazon_us_moto 296467413465761
2026-09-14 08:08:17 - 暂停product成功：amazon_us_moto 474364234497515
2026-09-14 08:08:17 - 暂停product成功：amazon_us_moto 379734902313501
2026-09-14 08:08:17 - 暂停product成功：amazon_us_moto 373896750090321
2026-09-14 08:08:17 - 暂停product成功：amazon_us_moto 457042820129617
2026-09-14 08:08:17 - 暂停product成功：amazon_us_moto 540492224964804
2026-09-14 08:08:17 - 暂停product成功：amazon_us_moto 484929687079767
2026-09-14 08:08:17 - 暂停product成功：amazon_us_moto 337308102601638
2026-09-14 08:08:17 - 暂停product成功：amazon_us_moto 350045365011667
2026-09-14 08:08:19 - batchMongoUpdateProduct：共147条，成功147条，失败0条
2026-09-14 08:08:21 - {"status":"success","message":"success","data":[{"adId":397322523487899,"code":"SUCCESS"},{"adId":283911505127550,"code":"SUCCESS"},{"adId":509151067767533,"code":"SUCCESS"},{"adId":460995805141567,"code":"SUCCESS"},{"adId":477420101552266,"code":"SUCCESS"},{"adId":456797360506346,"code":"SUCCESS"},{"adId":459904129828787,"code":"SUCCESS"},{"adId":359639981167121,"code":"SUCCESS"},{"adId":334418964953654,"code":"SUCCESS"},{"adId":506316078588962,"code":"SUCCESS"},{"adId":561340803536223,"code":"SUCCESS"},{"adId":344753701717223,"code":"SUCCESS"},{"adId":543479318982887,"code":"SUCCESS"},{"adId":363965972733006,"code":"SUCCESS"},{"adId":529424697885717,"code":"SUCCESS"},{"adId":335724570596853,"code":"SUCCESS"},{"adId":533348657523860,"code":"SUCCESS"},{"adId":443975641305707,"code":"SUCCESS"},{"adId":488043702820804,"code":"SUCCESS"},{"adId":291296207971084,"code":"SUCCESS"},{"adId":347621006100387,"code":"SUCCESS"},{"adId":537144131144139,"code":"SUCCESS"},{"adId":508222114027290,"code":"SUCCESS"},{"adId":347515288395498,"code":"SUCCESS"},{"adId":555610814659301,"code":"SUCCESS"},{"adId":405545266173928,"code":"SUCCESS"},{"adId":311357988738101,"code":"SUCCESS"},{"adId":467381878049964,"code":"SUCCESS"},{"adId":459433460213233,"code":"SUCCESS"},{"adId":415657389598580,"code":"SUCCESS"},{"adId":387435852954939,"code":"SUCCESS"},{"adId":547698563738491,"code":"SUCCESS"},{"adId":524792532124771,"code":"SUCCESS"},{"adId":437094101045478,"code":"SUCCESS"},{"adId":329280692247310,"code":"SUCCESS"},{"adId":546832962019317,"code":"SUCCESS"},{"adId":328127717596619,"code":"SUCCESS"},{"adId":458899250362946,"code":"SUCCESS"},{"adId":525656160304432,"code":"SUCCESS"},{"adId":364137684936362,"code":"SUCCESS"},{"adId":313316025934363,"code":"SUCCESS"},{"adId":318017313807298,"code":"SUCCESS"},{"adId":383290957171375,"code":"SUCCESS"},{"adId":337516279684100,"code":"SUCCESS"},{"adId":385485231606950,"code":"SUCCESS"},{"adId":518121272364657,"code":"SUCCESS"},{"adId":364458442646381,"code":"SUCCESS"},{"adId":532478438977293,"code":"SUCCESS"},{"adId":372524406299909,"code":"SUCCESS"},{"adId":352031765754507,"code":"SUCCESS"},{"adId":457548704650976,"code":"SUCCESS"},{"adId":507012821327225,"code":"SUCCESS"},{"adId":326576952492639,"code":"SUCCESS"},{"adId":443290561661026,"code":"SUCCESS"},{"adId":349436039129136,"code":"SUCCESS"},{"adId":291945704359419,"code":"SUCCESS"},{"adId":290367825896058,"code":"SUCCESS"},{"adId":494051451768989,"code":"SUCCESS"},{"adId":385838439062030,"code":"SUCCESS"},{"adId":354013957970356,"code":"SUCCESS"},{"adId":542097281670787,"code":"SUCCESS"},{"adId":481430964586631,"code":"SUCCESS"},{"adId":469631973889700,"code":"SUCCESS"},{"adId":454452141744799,"code":"SUCCESS"},{"adId":466816083573009,"code":"SUCCESS"},{"adId":550575952406257,"code":"SUCCESS"},{"adId":492450537941938,"code":"SUCCESS"},{"adId":513256515971182,"code":"SUCCESS"},{"adId":294406317097919,"code":"SUCCESS"},{"adId":413908511480910,"code":"SUCCESS"},{"adId":305191349499919,"code":"SUCCESS"},{"adId":475226496904406,"code":"SUCCESS"},{"adId":357309273442126,"code":"SUCCESS"},{"adId":555327589152151,"code":"SUCCESS"},{"adId":551054423255433,"code":"SUCCESS"},{"adId":334915635660206,"code":"SUCCESS"},{"adId":369367423995450,"code":"SUCCESS"},{"adId":522389142009248,"code":"SUCCESS"},{"adId":398041258145792,"code":"SUCCESS"},{"adId":395180350009206,"code":"SUCCESS"},{"adId":364470984437265,"code":"SUCCESS"},{"adId":349183952819976,"code":"SUCCESS"},{"adId":502100572612379,"code":"SUCCESS"},{"adId":474133051428641,"code":"SUCCESS"},{"adId":472874376821247,"code":"SUCCESS"},{"adId":359544813311900,"code":"SUCCESS"},{"adId":306062329106221,"code":"SUCCESS"},{"adId":524918081263486,"code":"SUCCESS"},{"adId":337869778006315,"code":"SUCCESS"},{"adId":421298014469615,"code":"SUCCESS"},{"adId":562455831448484,"code":"SUCCESS"},{"adId":355342482173012,"code":"SUCCESS"},{"adId":284548461501021,"code":"SUCCESS"},{"adId":412749796870476,"code":"SUCCESS"},{"adId":399051187618919,"code":"SUCCESS"},{"adId":449517624937526,"code":"SUCCESS"},{"adId":369177937759298,"code":"SUCCESS"},{"adId":325689821576017,"code":"SUCCESS"},{"adId":307842311010508,"code":"SUCCESS"},{"adId":376699016194063,"code":"SUCCESS"},{"adId":464399509507310,"code":"SUCCESS"},{"adId":389856012180453,"code":"SUCCESS"},{"adId":466126429148261,"code":"SUCCESS"},{"adId":322336171203033,"code":"SUCCESS"},{"adId":408124331410416,"code":"SUCCESS"},{"adId":412172094963826,"code":"SUCCESS"},{"adId":487128311512898,"code":"SUCCESS"},{"adId":497243761880956,"code":"SUCCESS"},{"adId":365560301526559,"code":"SUCCESS"},{"adId":427425278966188,"code":"SUCCESS"},{"adId":370388825550632,"code":"SUCCESS"},{"adId":377519140479747,"code":"SUCCESS"},{"adId":302157818522233,"code":"SUCCESS"},{"adId":419416328587744,"code":"SUCCESS"},{"adId":465136387886315,"code":"SUCCESS"},{"adId":544300255895772,"code":"SUCCESS"},{"adId":286923243584294,"code":"SUCCESS"},{"adId":300285748618372,"code":"SUCCESS"},{"adId":315449994957080,"code":"SUCCESS"},{"adId":355412073663524,"code":"SUCCESS"},{"adId":313669615222633,"code":"SUCCESS"},{"adId":369123746269096,"code":"SUCCESS"},{"adId":436774979131158,"code":"SUCCESS"},{"adId":534174318686196,"code":"SUCCESS"},{"adId":392959925796648,"code":"SUCCESS"},{"adId":295099656496036,"code":"SUCCESS"},{"adId":462464907347788,"code":"SUCCESS"},{"adId":401149126217036,"code":"SUCCESS"},{"adId":310094529633432,"code":"SUCCESS"},{"adId":386214908612831,"code":"SUCCESS"},{"adId":373396656508693,"code":"SUCCESS"},{"adId":381303328129178,"code":"SUCCESS"},{"adId":363125941877601,"code":"SUCCESS"},{"adId":427738677889182,"code":"SUCCESS"},{"adId":442270634507330,"code":"SUCCESS"},{"adId":513694006971177,"code":"SUCCESS"},{"adId":387411573801650,"code":"SUCCESS"},{"adId":296119706489776,"code":"SUCCESS"},{"adId":298752722007352,"code":"SUCCESS"},{"adId":306299752098250,"code":"SUCCESS"},{"adId":424889830798622,"code":"SUCCESS"},{"adId":507867660795142,"code":"SUCCESS"},{"adId":402436541679925,"code":"SUCCESS"},{"adId":513134036731395,"code":"SUCCESS"},{"adId":522462412624849,"code":"SUCCESS"},{"adId":522039623300107,"code":"SUCCESS"},{"adId":368648898071933,"code":"SUCCESS"},{"adId":538011130568706,"code":"SUCCESS"},{"adId":304208655549234,"code":"SUCCESS"},{"adId":477832864678894,"code":"SUCCESS"},{"adId":560116909709146,"code":"SUCCESS"},{"adId":470417767079329,"code":"SUCCESS"},{"adId":480987220728102,"code":"SUCCESS"},{"adId":358364385142706,"code":"SUCCESS"},{"adId":437064609163462,"code":"SUCCESS"},{"adId":321832285548390,"code":"SUCCESS"},{"adId":308665623502451,"code":"SUCCESS"},{"adId":469594643445292,"code":"SUCCESS"},{"adId":512270495388717,"code":"SUCCESS"},{"adId":345992927551844,"code":"SUCCESS"},{"adId":321685022800992,"code":"SUCCESS"},{"adId":335736165026118,"code":"SUCCESS"},{"adId":521888759471186,"code":"SUCCESS"},{"adId":518170159472285,"code":"SUCCESS"},{"adId":438191032668185,"code":"SUCCESS"},{"adId":476979421839904,"code":"SUCCESS"},{"adId":387722925075220,"code":"SUCCESS"},{"adId":407719912179276,"code":"SUCCESS"},{"adId":447252919609651,"code":"SUCCESS"},{"adId":528142365199405,"code":"SUCCESS"},{"adId":494504104094069,"code":"SUCCESS"},{"adId":537376688755936,"code":"SUCCESS"},{"adId":281784758383255,"code":"SUCCESS"},{"adId":406706225543412,"code":"SUCCESS"},{"adId":517532141562292,"code":"SUCCESS"},{"adId":404780728975089,"code":"SUCCESS"},{"adId":426142943637114,"code":"SUCCESS"},{"adId":313765952017391,"code":"SUCCESS"},{"adId":476536392074717,"code":"SUCCESS"},{"adId":543754337210963,"code":"SUCCESS"},{"adId":424609202585513,"code":"SUCCESS"},{"adId":551656499562692,"code":"SUCCESS"},{"adId":426287386604877,"code":"SUCCESS"},{"adId":427368551415514,"code":"SUCCESS"},{"adId":435180221615997,"code":"SUCCESS"},{"adId":400354162126437,"code":"SUCCESS"},{"adId":524841656877924,"code":"SUCCESS"},{"adId":522812554730966,"code":"SUCCESS"},{"adId":446447895073944,"code":"SUCCESS"},{"adId":555863054661954,"code":"SUCCESS"},{"adId":416691789209902,"code":"SUCCESS"},{"adId":347811898267611,"code":"SUCCESS"},{"adId":516739171475993,"code":"SUCCESS"},{"adId":433935398816281,"code":"SUCCESS"},{"adId":551320161837607,"code":"SUCCESS"},{"adId":408094696796931,"code":"SUCCESS"},{"adId":522760680534746,"code":"SUCCESS"},{"adId":283202423989466,"code":"SUCCESS"},{"adId":520810597493211,"code":"SUCCESS"},{"adId":548296849744157,"code":"SUCCESS"}]}
2026-09-14 08:08:21 - 暂停product成功：amazon_ca_moto 397322523487899
2026-09-14 08:08:21 - 暂停product成功：amazon_ca_moto 283911505127550
2026-09-14 08:08:21 - 暂停product成功：amazon_ca_moto 509151067767533
2026-09-14 08:08:21 - 暂停product成功：amazon_ca_moto 460995805141567
2026-09-14 08:08:21 - 暂停product成功：amazon_ca_moto 477420101552266
2026-09-14 08:08:21 - 暂停product成功：amazon_ca_moto 456797360506346
2026-09-14 08:08:21 - 暂停product成功：amazon_ca_moto 459904129828787
2026-09-14 08:08:21 - 暂停product成功：amazon_ca_moto 359639981167121
2026-09-14 08:08:21 - 暂停product成功：amazon_ca_moto 334418964953654
2026-09-14 08:08:21 - 暂停product成功：amazon_ca_moto 506316078588962
2026-09-14 08:08:21 - 暂停product成功：amazon_ca_moto 561340803536223
2026-09-14 08:08:21 - 暂停product成功：amazon_ca_moto 344753701717223
2026-09-14 08:08:21 - 暂停product成功：amazon_ca_moto 543479318982887
2026-09-14 08:08:21 - 暂停product成功：amazon_ca_moto 363965972733006
2026-09-14 08:08:21 - 暂停product成功：amazon_ca_moto 529424697885717
2026-09-14 08:08:21 - 暂停product成功：amazon_ca_moto 335724570596853
2026-09-14 08:08:21 - 暂停product成功：amazon_ca_moto 533348657523860
2026-09-14 08:08:21 - 暂停product成功：amazon_ca_moto 443975641305707
2026-09-14 08:08:21 - 暂停product成功：amazon_ca_moto 488043702820804
2026-09-14 08:08:21 - 暂停product成功：amazon_ca_moto 291296207971084
2026-09-14 08:08:21 - 暂停product成功：amazon_ca_moto 347621006100387
2026-09-14 08:08:21 - 暂停product成功：amazon_ca_moto 537144131144139
2026-09-14 08:08:21 - 暂停product成功：amazon_ca_moto 508222114027290
2026-09-14 08:08:21 - 暂停product成功：amazon_ca_moto 347515288395498
2026-09-14 08:08:21 - 暂停product成功：amazon_ca_moto 555610814659301
2026-09-14 08:08:21 - 暂停product成功：amazon_ca_moto 405545266173928
2026-09-14 08:08:21 - 暂停product成功：amazon_ca_moto 311357988738101
2026-09-14 08:08:21 - 暂停product成功：amazon_ca_moto 467381878049964
2026-09-14 08:08:21 - 暂停product成功：amazon_ca_moto 459433460213233
2026-09-14 08:08:21 - 暂停product成功：amazon_ca_moto 415657389598580
2026-09-14 08:08:21 - 暂停product成功：amazon_ca_moto 387435852954939
2026-09-14 08:08:21 - 暂停product成功：amazon_ca_moto 547698563738491
2026-09-14 08:08:21 - 暂停product成功：amazon_ca_moto 524792532124771
2026-09-14 08:08:21 - 暂停product成功：amazon_ca_moto 437094101045478
2026-09-14 08:08:21 - 暂停product成功：amazon_ca_moto 329280692247310
2026-09-14 08:08:21 - 暂停product成功：amazon_ca_moto 546832962019317
2026-09-14 08:08:21 - 暂停product成功：amazon_ca_moto 328127717596619
2026-09-14 08:08:21 - 暂停product成功：amazon_ca_moto 458899250362946
2026-09-14 08:08:21 - 暂停product成功：amazon_ca_moto 525656160304432
2026-09-14 08:08:21 - 暂停product成功：amazon_ca_moto 364137684936362
2026-09-14 08:08:21 - 暂停product成功：amazon_ca_moto 313316025934363
2026-09-14 08:08:21 - 暂停product成功：amazon_ca_moto 318017313807298
2026-09-14 08:08:21 - 暂停product成功：amazon_ca_moto 383290957171375
2026-09-14 08:08:21 - 暂停product成功：amazon_ca_moto 337516279684100
2026-09-14 08:08:21 - 暂停product成功：amazon_ca_moto 385485231606950
2026-09-14 08:08:21 - 暂停product成功：amazon_ca_moto 518121272364657
2026-09-14 08:08:21 - 暂停product成功：amazon_ca_moto 364458442646381
2026-09-14 08:08:21 - 暂停product成功：amazon_ca_moto 532478438977293
2026-09-14 08:08:21 - 暂停product成功：amazon_ca_moto 372524406299909
2026-09-14 08:08:21 - 暂停product成功：amazon_ca_moto 352031765754507
2026-09-14 08:08:21 - 暂停product成功：amazon_ca_moto 457548704650976
2026-09-14 08:08:21 - 暂停product成功：amazon_ca_moto 507012821327225
2026-09-14 08:08:21 - 暂停product成功：amazon_ca_moto 326576952492639
2026-09-14 08:08:21 - 暂停product成功：amazon_ca_moto 443290561661026
2026-09-14 08:08:21 - 暂停product成功：amazon_ca_moto 349436039129136
2026-09-14 08:08:21 - 暂停product成功：amazon_ca_moto 291945704359419
2026-09-14 08:08:21 - 暂停product成功：amazon_ca_moto 290367825896058
2026-09-14 08:08:21 - 暂停product成功：amazon_ca_moto 494051451768989
2026-09-14 08:08:21 - 暂停product成功：amazon_ca_moto 385838439062030
2026-09-14 08:08:21 - 暂停product成功：amazon_ca_moto 354013957970356
2026-09-14 08:08:21 - 暂停product成功：amazon_ca_moto 542097281670787
2026-09-14 08:08:21 - 暂停product成功：amazon_ca_moto 481430964586631
2026-09-14 08:08:21 - 暂停product成功：amazon_ca_moto 469631973889700
2026-09-14 08:08:21 - 暂停product成功：amazon_ca_moto 454452141744799
2026-09-14 08:08:21 - 暂停product成功：amazon_ca_moto 466816083573009
2026-09-14 08:08:21 - 暂停product成功：amazon_ca_moto 550575952406257
2026-09-14 08:08:21 - 暂停product成功：amazon_ca_moto 492450537941938
2026-09-14 08:08:21 - 暂停product成功：amazon_ca_moto 513256515971182
2026-09-14 08:08:21 - 暂停product成功：amazon_ca_moto 294406317097919
2026-09-14 08:08:21 - 暂停product成功：amazon_ca_moto 413908511480910
2026-09-14 08:08:21 - 暂停product成功：amazon_ca_moto 305191349499919
2026-09-14 08:08:21 - 暂停product成功：amazon_ca_moto 475226496904406
2026-09-14 08:08:21 - 暂停product成功：amazon_ca_moto 357309273442126
2026-09-14 08:08:21 - 暂停product成功：amazon_ca_moto 555327589152151
2026-09-14 08:08:21 - 暂停product成功：amazon_ca_moto 551054423255433
2026-09-14 08:08:21 - 暂停product成功：amazon_ca_moto 334915635660206
2026-09-14 08:08:21 - 暂停product成功：amazon_ca_moto 369367423995450
2026-09-14 08:08:21 - 暂停product成功：amazon_ca_moto 522389142009248
2026-09-14 08:08:21 - 暂停product成功：amazon_ca_moto 398041258145792
2026-09-14 08:08:21 - 暂停product成功：amazon_ca_moto 395180350009206
2026-09-14 08:08:21 - 暂停product成功：amazon_ca_moto 364470984437265
2026-09-14 08:08:21 - 暂停product成功：amazon_ca_moto 349183952819976
2026-09-14 08:08:21 - 暂停product成功：amazon_ca_moto 502100572612379
2026-09-14 08:08:21 - 暂停product成功：amazon_ca_moto 474133051428641
2026-09-14 08:08:21 - 暂停product成功：amazon_ca_moto 472874376821247
2026-09-14 08:08:21 - 暂停product成功：amazon_ca_moto 359544813311900
2026-09-14 08:08:21 - 暂停product成功：amazon_ca_moto 306062329106221
2026-09-14 08:08:21 - 暂停product成功：amazon_ca_moto 524918081263486
2026-09-14 08:08:21 - 暂停product成功：amazon_ca_moto 337869778006315
2026-09-14 08:08:21 - 暂停product成功：amazon_ca_moto 421298014469615
2026-09-14 08:08:21 - 暂停product成功：amazon_ca_moto 562455831448484
2026-09-14 08:08:21 - 暂停product成功：amazon_ca_moto 355342482173012
2026-09-14 08:08:21 - 暂停product成功：amazon_ca_moto 284548461501021
2026-09-14 08:08:21 - 暂停product成功：amazon_ca_moto 412749796870476
2026-09-14 08:08:21 - 暂停product成功：amazon_ca_moto 399051187618919
2026-09-14 08:08:21 - 暂停product成功：amazon_ca_moto 449517624937526
2026-09-14 08:08:21 - 暂停product成功：amazon_ca_moto 369177937759298
2026-09-14 08:08:21 - 暂停product成功：amazon_ca_moto 325689821576017
2026-09-14 08:08:21 - 暂停product成功：amazon_ca_moto 307842311010508
2026-09-14 08:08:21 - 暂停product成功：amazon_ca_moto 376699016194063
2026-09-14 08:08:21 - 暂停product成功：amazon_ca_moto 464399509507310
2026-09-14 08:08:21 - 暂停product成功：amazon_ca_moto 389856012180453
2026-09-14 08:08:21 - 暂停product成功：amazon_ca_moto 466126429148261
2026-09-14 08:08:21 - 暂停product成功：amazon_ca_moto 322336171203033
2026-09-14 08:08:21 - 暂停product成功：amazon_ca_moto 408124331410416
2026-09-14 08:08:21 - 暂停product成功：amazon_ca_moto 412172094963826
2026-09-14 08:08:21 - 暂停product成功：amazon_ca_moto 487128311512898
2026-09-14 08:08:21 - 暂停product成功：amazon_ca_moto 497243761880956
2026-09-14 08:08:21 - 暂停product成功：amazon_ca_moto 365560301526559
2026-09-14 08:08:21 - 暂停product成功：amazon_ca_moto 427425278966188
2026-09-14 08:08:21 - 暂停product成功：amazon_ca_moto 370388825550632
2026-09-14 08:08:21 - 暂停product成功：amazon_ca_moto 377519140479747
2026-09-14 08:08:21 - 暂停product成功：amazon_ca_moto 302157818522233
2026-09-14 08:08:21 - 暂停product成功：amazon_ca_moto 419416328587744
2026-09-14 08:08:21 - 暂停product成功：amazon_ca_moto 465136387886315
2026-09-14 08:08:21 - 暂停product成功：amazon_ca_moto 544300255895772
2026-09-14 08:08:21 - 暂停product成功：amazon_ca_moto 286923243584294
2026-09-14 08:08:21 - 暂停product成功：amazon_ca_moto 300285748618372
2026-09-14 08:08:21 - 暂停product成功：amazon_ca_moto 315449994957080
2026-09-14 08:08:21 - 暂停product成功：amazon_ca_moto 355412073663524
2026-09-14 08:08:21 - 暂停product成功：amazon_ca_moto 313669615222633
2026-09-14 08:08:21 - 暂停product成功：amazon_ca_moto 369123746269096
2026-09-14 08:08:21 - 暂停product成功：amazon_ca_moto 436774979131158
2026-09-14 08:08:21 - 暂停product成功：amazon_ca_moto 534174318686196
2026-09-14 08:08:21 - 暂停product成功：amazon_ca_moto 392959925796648
2026-09-14 08:08:21 - 暂停product成功：amazon_ca_moto 295099656496036
2026-09-14 08:08:21 - 暂停product成功：amazon_ca_moto 462464907347788
2026-09-14 08:08:21 - 暂停product成功：amazon_ca_moto 401149126217036
2026-09-14 08:08:21 - 暂停product成功：amazon_ca_moto 310094529633432
2026-09-14 08:08:21 - 暂停product成功：amazon_ca_moto 386214908612831
2026-09-14 08:08:21 - 暂停product成功：amazon_ca_moto 373396656508693
2026-09-14 08:08:21 - 暂停product成功：amazon_ca_moto 381303328129178
2026-09-14 08:08:21 - 暂停product成功：amazon_ca_moto 363125941877601
2026-09-14 08:08:21 - 暂停product成功：amazon_ca_moto 427738677889182
2026-09-14 08:08:21 - 暂停product成功：amazon_ca_moto 442270634507330
2026-09-14 08:08:21 - 暂停product成功：amazon_ca_moto 513694006971177
2026-09-14 08:08:21 - 暂停product成功：amazon_ca_moto 387411573801650
2026-09-14 08:08:21 - 暂停product成功：amazon_ca_moto 296119706489776
2026-09-14 08:08:21 - 暂停product成功：amazon_ca_moto 298752722007352
2026-09-14 08:08:21 - 暂停product成功：amazon_ca_moto 306299752098250
2026-09-14 08:08:21 - 暂停product成功：amazon_ca_moto 424889830798622
2026-09-14 08:08:21 - 暂停product成功：amazon_ca_moto 507867660795142
2026-09-14 08:08:21 - 暂停product成功：amazon_ca_moto 402436541679925
2026-09-14 08:08:21 - 暂停product成功：amazon_ca_moto 513134036731395
2026-09-14 08:08:21 - 暂停product成功：amazon_ca_moto 522462412624849
2026-09-14 08:08:21 - 暂停product成功：amazon_ca_moto 522039623300107
2026-09-14 08:08:21 - 暂停product成功：amazon_ca_moto 368648898071933
2026-09-14 08:08:21 - 暂停product成功：amazon_ca_moto 538011130568706
2026-09-14 08:08:21 - 暂停product成功：amazon_ca_moto 304208655549234
2026-09-14 08:08:21 - 暂停product成功：amazon_ca_moto 477832864678894
2026-09-14 08:08:21 - 暂停product成功：amazon_ca_moto 560116909709146
2026-09-14 08:08:21 - 暂停product成功：amazon_ca_moto 470417767079329
2026-09-14 08:08:21 - 暂停product成功：amazon_ca_moto 480987220728102
2026-09-14 08:08:21 - 暂停product成功：amazon_ca_moto 358364385142706
2026-09-14 08:08:21 - 暂停product成功：amazon_ca_moto 437064609163462
2026-09-14 08:08:21 - 暂停product成功：amazon_ca_moto 321832285548390
2026-09-14 08:08:21 - 暂停product成功：amazon_ca_moto 308665623502451
2026-09-14 08:08:21 - 暂停product成功：amazon_ca_moto 469594643445292
2026-09-14 08:08:21 - 暂停product成功：amazon_ca_moto 512270495388717
2026-09-14 08:08:21 - 暂停product成功：amazon_ca_moto 345992927551844
2026-09-14 08:08:21 - 暂停product成功：amazon_ca_moto 321685022800992
2026-09-14 08:08:21 - 暂停product成功：amazon_ca_moto 335736165026118
2026-09-14 08:08:21 - 暂停product成功：amazon_ca_moto 521888759471186
2026-09-14 08:08:21 - 暂停product成功：amazon_ca_moto 518170159472285
2026-09-14 08:08:21 - 暂停product成功：amazon_ca_moto 438191032668185
2026-09-14 08:08:21 - 暂停product成功：amazon_ca_moto 476979421839904
2026-09-14 08:08:21 - 暂停product成功：amazon_ca_moto 387722925075220
2026-09-14 08:08:21 - 暂停product成功：amazon_ca_moto 407719912179276
2026-09-14 08:08:21 - 暂停product成功：amazon_ca_moto 447252919609651
2026-09-14 08:08:21 - 暂停product成功：amazon_ca_moto 528142365199405
2026-09-14 08:08:21 - 暂停product成功：amazon_ca_moto 494504104094069
2026-09-14 08:08:21 - 暂停product成功：amazon_ca_moto 537376688755936
2026-09-14 08:08:21 - 暂停product成功：amazon_ca_moto 281784758383255
2026-09-14 08:08:21 - 暂停product成功：amazon_ca_moto 406706225543412
2026-09-14 08:08:21 - 暂停product成功：amazon_ca_moto 517532141562292
2026-09-14 08:08:21 - 暂停product成功：amazon_ca_moto 404780728975089
2026-09-14 08:08:21 - 暂停product成功：amazon_ca_moto 426142943637114
2026-09-14 08:08:21 - 暂停product成功：amazon_ca_moto 313765952017391
2026-09-14 08:08:21 - 暂停product成功：amazon_ca_moto 476536392074717
2026-09-14 08:08:21 - 暂停product成功：amazon_ca_moto 543754337210963
2026-09-14 08:08:21 - 暂停product成功：amazon_ca_moto 424609202585513
2026-09-14 08:08:21 - 暂停product成功：amazon_ca_moto 551656499562692
2026-09-14 08:08:21 - 暂停product成功：amazon_ca_moto 426287386604877
2026-09-14 08:08:21 - 暂停product成功：amazon_ca_moto 427368551415514
2026-09-14 08:08:21 - 暂停product成功：amazon_ca_moto 435180221615997
2026-09-14 08:08:21 - 暂停product成功：amazon_ca_moto 400354162126437
2026-09-14 08:08:21 - 暂停product成功：amazon_ca_moto 524841656877924
2026-09-14 08:08:21 - 暂停product成功：amazon_ca_moto 522812554730966
2026-09-14 08:08:21 - 暂停product成功：amazon_ca_moto 446447895073944
2026-09-14 08:08:21 - 暂停product成功：amazon_ca_moto 555863054661954
2026-09-14 08:08:21 - 暂停product成功：amazon_ca_moto 416691789209902
2026-09-14 08:08:21 - 暂停product成功：amazon_ca_moto 347811898267611
2026-09-14 08:08:21 - 暂停product成功：amazon_ca_moto 516739171475993
2026-09-14 08:08:21 - 暂停product成功：amazon_ca_moto 433935398816281
2026-09-14 08:08:21 - 暂停product成功：amazon_ca_moto 551320161837607
2026-09-14 08:08:21 - 暂停product成功：amazon_ca_moto 408094696796931
2026-09-14 08:08:21 - 暂停product成功：amazon_ca_moto 522760680534746
2026-09-14 08:08:21 - 暂停product成功：amazon_ca_moto 283202423989466
2026-09-14 08:08:21 - 暂停product成功：amazon_ca_moto 520810597493211
2026-09-14 08:08:21 - 暂停product成功：amazon_ca_moto 548296849744157
2026-09-14 08:08:24 - batchMongoUpdateProduct：共192条，成功192条，失败0条
2026-09-14 08:08:26 - {"status":"success","message":"success","data":[{"adId":459489889254655,"code":"SUCCESS"},{"adId":389665105779151,"code":"SUCCESS"},{"adId":338287225781486,"code":"SUCCESS"},{"adId":435125156572770,"code":"SUCCESS"},{"adId":398875010793451,"code":"SUCCESS"},{"adId":521967630408353,"code":"SUCCESS"},{"adId":547339287795492,"code":"SUCCESS"},{"adId":311948659578324,"code":"SUCCESS"},{"adId":519335305350983,"code":"SUCCESS"}]}
2026-09-14 08:08:26 - 暂停product成功：amazon_ca_moto 459489889254655
2026-09-14 08:08:26 - 暂停product成功：amazon_ca_moto 389665105779151
2026-09-14 08:08:26 - 暂停product成功：amazon_ca_moto 338287225781486
2026-09-14 08:08:26 - 暂停product成功：amazon_ca_moto 435125156572770
2026-09-14 08:08:26 - 暂停product成功：amazon_ca_moto 398875010793451
2026-09-14 08:08:26 - 暂停product成功：amazon_ca_moto 521967630408353
2026-09-14 08:08:26 - 暂停product成功：amazon_ca_moto 547339287795492
2026-09-14 08:08:26 - 暂停product成功：amazon_ca_moto 311948659578324
2026-09-14 08:08:26 - 暂停product成功：amazon_ca_moto 519335305350983
2026-09-14 08:08:26 - batchMongoUpdateProduct：共9条，成功9条，失败0条
2026-09-14 08:08:28 - {"status":"success","message":"success","data":[{"adId":368378480578337,"code":"SUCCESS"},{"adId":414312761366065,"code":"SUCCESS"},{"adId":498957950483720,"code":"SUCCESS"},{"adId":407984287670077,"code":"SUCCESS"},{"adId":284897743016850,"code":"SUCCESS"},{"adId":538585368207363,"code":"SUCCESS"},{"adId":396386895528051,"code":"SUCCESS"},{"adId":360993297624606,"code":"SUCCESS"},{"adId":511799924688851,"code":"SUCCESS"},{"adId":322127189498974,"code":"SUCCESS"},{"adId":432909823027168,"code":"SUCCESS"},{"adId":321379130831174,"code":"SUCCESS"},{"adId":364639165809412,"code":"SUCCESS"},{"adId":328291509095337,"code":"SUCCESS"},{"adId":293974402629428,"code":"SUCCESS"},{"adId":351300198215721,"code":"SUCCESS"},{"adId":290404057953450,"code":"SUCCESS"},{"adId":343480289541510,"code":"SUCCESS"},{"adId":433153956269762,"code":"SUCCESS"},{"adId":347970091957750,"code":"SUCCESS"},{"adId":289684965380320,"code":"SUCCESS"},{"adId":553239187230167,"code":"SUCCESS"},{"adId":499683366885756,"code":"SUCCESS"},{"adId":552399060945923,"code":"SUCCESS"},{"adId":303574934542617,"code":"SUCCESS"},{"adId":472798927126746,"code":"SUCCESS"},{"adId":313307691063433,"code":"SUCCESS"},{"adId":535305322207477,"code":"SUCCESS"},{"adId":326426085961922,"code":"SUCCESS"},{"adId":541944913859780,"code":"SUCCESS"},{"adId":324870101823611,"code":"SUCCESS"},{"adId":469635023526017,"code":"SUCCESS"},{"adId":477604437741721,"code":"SUCCESS"},{"adId":355672957591784,"code":"SUCCESS"},{"adId":512516773355648,"code":"SUCCESS"},{"adId":452408319453079,"code":"SUCCESS"},{"adId":469669201387024,"code":"SUCCESS"},{"adId":281964162543879,"code":"SUCCESS"},{"adId":375711364929203,"code":"SUCCESS"},{"adId":466416594087262,"code":"SUCCESS"},{"adId":397274665983990,"code":"SUCCESS"},{"adId":488691894541537,"code":"SUCCESS"},{"adId":446647826012127,"code":"SUCCESS"},{"adId":489070813280563,"code":"SUCCESS"},{"adId":454183500703271,"code":"SUCCESS"},{"adId":512363053793235,"code":"SUCCESS"},{"adId":291788465073679,"code":"SUCCESS"},{"adId":305300450309599,"code":"SUCCESS"},{"adId":496426758884768,"code":"SUCCESS"},{"adId":487674400627334,"code":"SUCCESS"},{"adId":347741218921209,"code":"SUCCESS"},{"adId":375073794664828,"code":"SUCCESS"},{"adId":389299299502735,"code":"SUCCESS"},{"adId":534693491474456,"code":"SUCCESS"},{"adId":297917639714925,"code":"SUCCESS"},{"adId":322050352381681,"code":"SUCCESS"},{"adId":293040690440439,"code":"SUCCESS"},{"adId":335072539084433,"code":"SUCCESS"},{"adId":513765442565064,"code":"SUCCESS"},{"adId":319189293309051,"code":"SUCCESS"},{"adId":393301654853119,"code":"SUCCESS"},{"adId":306436151151034,"code":"SUCCESS"},{"adId":524875447005157,"code":"SUCCESS"},{"adId":439902766536780,"code":"SUCCESS"},{"adId":524664161186822,"code":"SUCCESS"},{"adId":325948260601125,"code":"SUCCESS"},{"adId":381758715660211,"code":"SUCCESS"},{"adId":312154318298402,"code":"SUCCESS"},{"adId":431349913519971,"code":"SUCCESS"},{"adId":404976579970483,"code":"SUCCESS"},{"adId":555342052932603,"code":"SUCCESS"},{"adId":425986743568981,"code":"SUCCESS"},{"adId":429767868403952,"code":"SUCCESS"},{"adId":289303449643814,"code":"SUCCESS"},{"adId":509226716794500,"code":"SUCCESS"},{"adId":353994917756266,"code":"SUCCESS"},{"adId":292163598653969,"code":"SUCCESS"},{"adId":353170746384117,"code":"SUCCESS"},{"adId":392126004507885,"code":"SUCCESS"},{"adId":552026105440031,"code":"SUCCESS"},{"adId":497033405221640,"code":"SUCCESS"},{"adId":531865026818988,"code":"SUCCESS"},{"adId":382060340915010,"code":"SUCCESS"},{"adId":362241915686120,"code":"SUCCESS"},{"adId":383858835979680,"code":"SUCCESS"},{"adId":302632905455770,"code":"SUCCESS"},{"adId":561776017345644,"code":"SUCCESS"},{"adId":290026235761883,"code":"SUCCESS"},{"adId":534422052069588,"code":"SUCCESS"},{"adId":365187263935451,"code":"SUCCESS"},{"adId":364347684315683,"code":"SUCCESS"},{"adId":489287198679571,"code":"SUCCESS"},{"adId":552506812602094,"code":"SUCCESS"},{"adId":539514814936052,"code":"SUCCESS"},{"adId":391034453742658,"code":"SUCCESS"},{"adId":473711938708024,"code":"SUCCESS"},{"adId":356844291245865,"code":"SUCCESS"},{"adId":536832233564170,"code":"SUCCESS"},{"adId":365447109146731,"code":"SUCCESS"}]}
2026-09-14 08:08:28 - 暂停product成功：amazon_ca_tuto 368378480578337
2026-09-14 08:08:28 - 暂停product成功：amazon_ca_tuto 414312761366065
2026-09-14 08:08:28 - 暂停product成功：amazon_ca_tuto 498957950483720
2026-09-14 08:08:28 - 暂停product成功：amazon_ca_tuto 407984287670077
2026-09-14 08:08:28 - 暂停product成功：amazon_ca_tuto 284897743016850
2026-09-14 08:08:28 - 暂停product成功：amazon_ca_tuto 538585368207363
2026-09-14 08:08:28 - 暂停product成功：amazon_ca_tuto 396386895528051
2026-09-14 08:08:28 - 暂停product成功：amazon_ca_tuto 360993297624606
2026-09-14 08:08:28 - 暂停product成功：amazon_ca_tuto 511799924688851
2026-09-14 08:08:28 - 暂停product成功：amazon_ca_tuto 322127189498974
2026-09-14 08:08:28 - 暂停product成功：amazon_ca_tuto 432909823027168
2026-09-14 08:08:28 - 暂停product成功：amazon_ca_tuto 321379130831174
2026-09-14 08:08:28 - 暂停product成功：amazon_ca_tuto 364639165809412
2026-09-14 08:08:28 - 暂停product成功：amazon_ca_tuto 328291509095337
2026-09-14 08:08:28 - 暂停product成功：amazon_ca_tuto 293974402629428
2026-09-14 08:08:28 - 暂停product成功：amazon_ca_tuto 351300198215721
2026-09-14 08:08:28 - 暂停product成功：amazon_ca_tuto 290404057953450
2026-09-14 08:08:28 - 暂停product成功：amazon_ca_tuto 343480289541510
2026-09-14 08:08:28 - 暂停product成功：amazon_ca_tuto 433153956269762
2026-09-14 08:08:28 - 暂停product成功：amazon_ca_tuto 347970091957750
2026-09-14 08:08:28 - 暂停product成功：amazon_ca_tuto 289684965380320
2026-09-14 08:08:28 - 暂停product成功：amazon_ca_tuto 553239187230167
2026-09-14 08:08:28 - 暂停product成功：amazon_ca_tuto 499683366885756
2026-09-14 08:08:28 - 暂停product成功：amazon_ca_tuto 552399060945923
2026-09-14 08:08:28 - 暂停product成功：amazon_ca_tuto 303574934542617
2026-09-14 08:08:28 - 暂停product成功：amazon_ca_tuto 472798927126746
2026-09-14 08:08:28 - 暂停product成功：amazon_ca_tuto 313307691063433
2026-09-14 08:08:28 - 暂停product成功：amazon_ca_tuto 535305322207477
2026-09-14 08:08:28 - 暂停product成功：amazon_ca_tuto 326426085961922
2026-09-14 08:08:28 - 暂停product成功：amazon_ca_tuto 541944913859780
2026-09-14 08:08:28 - 暂停product成功：amazon_ca_tuto 324870101823611
2026-09-14 08:08:28 - 暂停product成功：amazon_ca_tuto 469635023526017
2026-09-14 08:08:28 - 暂停product成功：amazon_ca_tuto 477604437741721
2026-09-14 08:08:28 - 暂停product成功：amazon_ca_tuto 355672957591784
2026-09-14 08:08:28 - 暂停product成功：amazon_ca_tuto 512516773355648
2026-09-14 08:08:28 - 暂停product成功：amazon_ca_tuto 452408319453079
2026-09-14 08:08:28 - 暂停product成功：amazon_ca_tuto 469669201387024
2026-09-14 08:08:28 - 暂停product成功：amazon_ca_tuto 281964162543879
2026-09-14 08:08:28 - 暂停product成功：amazon_ca_tuto 375711364929203
2026-09-14 08:08:28 - 暂停product成功：amazon_ca_tuto 466416594087262
2026-09-14 08:08:28 - 暂停product成功：amazon_ca_tuto 397274665983990
2026-09-14 08:08:28 - 暂停product成功：amazon_ca_tuto 488691894541537
2026-09-14 08:08:28 - 暂停product成功：amazon_ca_tuto 446647826012127
2026-09-14 08:08:28 - 暂停product成功：amazon_ca_tuto 489070813280563
2026-09-14 08:08:28 - 暂停product成功：amazon_ca_tuto 454183500703271
2026-09-14 08:08:28 - 暂停product成功：amazon_ca_tuto 512363053793235
2026-09-14 08:08:28 - 暂停product成功：amazon_ca_tuto 291788465073679
2026-09-14 08:08:28 - 暂停product成功：amazon_ca_tuto 305300450309599
2026-09-14 08:08:28 - 暂停product成功：amazon_ca_tuto 496426758884768
2026-09-14 08:08:28 - 暂停product成功：amazon_ca_tuto 487674400627334
2026-09-14 08:08:28 - 暂停product成功：amazon_ca_tuto 347741218921209
2026-09-14 08:08:28 - 暂停product成功：amazon_ca_tuto 375073794664828
2026-09-14 08:08:28 - 暂停product成功：amazon_ca_tuto 389299299502735
2026-09-14 08:08:28 - 暂停product成功：amazon_ca_tuto 534693491474456
2026-09-14 08:08:28 - 暂停product成功：amazon_ca_tuto 297917639714925
2026-09-14 08:08:28 - 暂停product成功：amazon_ca_tuto 322050352381681
2026-09-14 08:08:28 - 暂停product成功：amazon_ca_tuto 293040690440439
2026-09-14 08:08:28 - 暂停product成功：amazon_ca_tuto 335072539084433
2026-09-14 08:08:28 - 暂停product成功：amazon_ca_tuto 513765442565064
2026-09-14 08:08:28 - 暂停product成功：amazon_ca_tuto 319189293309051
2026-09-14 08:08:28 - 暂停product成功：amazon_ca_tuto 393301654853119
2026-09-14 08:08:28 - 暂停product成功：amazon_ca_tuto 306436151151034
2026-09-14 08:08:28 - 暂停product成功：amazon_ca_tuto 524875447005157
2026-09-14 08:08:28 - 暂停product成功：amazon_ca_tuto 439902766536780
2026-09-14 08:08:28 - 暂停product成功：amazon_ca_tuto 524664161186822
2026-09-14 08:08:28 - 暂停product成功：amazon_ca_tuto 325948260601125
2026-09-14 08:08:28 - 暂停product成功：amazon_ca_tuto 381758715660211
2026-09-14 08:08:28 - 暂停product成功：amazon_ca_tuto 312154318298402
2026-09-14 08:08:28 - 暂停product成功：amazon_ca_tuto 431349913519971
2026-09-14 08:08:28 - 暂停product成功：amazon_ca_tuto 404976579970483
2026-09-14 08:08:28 - 暂停product成功：amazon_ca_tuto 555342052932603
2026-09-14 08:08:28 - 暂停product成功：amazon_ca_tuto 425986743568981
2026-09-14 08:08:28 - 暂停product成功：amazon_ca_tuto 429767868403952
2026-09-14 08:08:28 - 暂停product成功：amazon_ca_tuto 289303449643814
2026-09-14 08:08:28 - 暂停product成功：amazon_ca_tuto 509226716794500
2026-09-14 08:08:28 - 暂停product成功：amazon_ca_tuto 353994917756266
2026-09-14 08:08:28 - 暂停product成功：amazon_ca_tuto 292163598653969
2026-09-14 08:08:28 - 暂停product成功：amazon_ca_tuto 353170746384117
2026-09-14 08:08:28 - 暂停product成功：amazon_ca_tuto 392126004507885
2026-09-14 08:08:28 - 暂停product成功：amazon_ca_tuto 552026105440031
2026-09-14 08:08:28 - 暂停product成功：amazon_ca_tuto 497033405221640
2026-09-14 08:08:28 - 暂停product成功：amazon_ca_tuto 531865026818988
2026-09-14 08:08:28 - 暂停product成功：amazon_ca_tuto 382060340915010
2026-09-14 08:08:28 - 暂停product成功：amazon_ca_tuto 362241915686120
2026-09-14 08:08:28 - 暂停product成功：amazon_ca_tuto 383858835979680
2026-09-14 08:08:28 - 暂停product成功：amazon_ca_tuto 302632905455770
2026-09-14 08:08:28 - 暂停product成功：amazon_ca_tuto 561776017345644
2026-09-14 08:08:28 - 暂停product成功：amazon_ca_tuto 290026235761883
2026-09-14 08:08:28 - 暂停product成功：amazon_ca_tuto 534422052069588
2026-09-14 08:08:28 - 暂停product成功：amazon_ca_tuto 365187263935451
2026-09-14 08:08:28 - 暂停product成功：amazon_ca_tuto 364347684315683
2026-09-14 08:08:28 - 暂停product成功：amazon_ca_tuto 489287198679571
2026-09-14 08:08:28 - 暂停product成功：amazon_ca_tuto 552506812602094
2026-09-14 08:08:28 - 暂停product成功：amazon_ca_tuto 539514814936052
2026-09-14 08:08:28 - 暂停product成功：amazon_ca_tuto 391034453742658
2026-09-14 08:08:28 - 暂停product成功：amazon_ca_tuto 473711938708024
2026-09-14 08:08:28 - 暂停product成功：amazon_ca_tuto 356844291245865
2026-09-14 08:08:28 - 暂停product成功：amazon_ca_tuto 536832233564170
2026-09-14 08:08:28 - 暂停product成功：amazon_ca_tuto 365447109146731
2026-09-14 08:08:29 - batchMongoUpdateProduct：共80条，成功80条，失败0条
2026-09-14 08:08:31 - {"status":"success","message":"success","data":[{"adId":295522122984405,"code":"SUCCESS"},{"adId":542128826604112,"code":"SUCCESS"},{"adId":347993600069997,"code":"SUCCESS"},{"adId":501550377440437,"code":"SUCCESS"},{"adId":417319973627077,"code":"SUCCESS"},{"adId":376660843997790,"code":"SUCCESS"},{"adId":330291985985239,"code":"SUCCESS"},{"adId":452322018126598,"code":"SUCCESS"},{"adId":449682747924250,"code":"SUCCESS"},{"adId":302723260583984,"code":"SUCCESS"},{"adId":555829068487527,"code":"SUCCESS"},{"adId":339073097116567,"code":"SUCCESS"},{"adId":424016105618886,"code":"SUCCESS"},{"adId":313449986480017,"code":"SUCCESS"},{"adId":332234703058598,"code":"SUCCESS"},{"adId":348868159305048,"code":"SUCCESS"},{"adId":418909742172245,"code":"SUCCESS"},{"adId":511234624108422,"code":"SUCCESS"},{"adId":364852245133388,"code":"SUCCESS"},{"adId":497315419915082,"code":"SUCCESS"},{"adId":330497852996822,"code":"SUCCESS"},{"adId":343935882021703,"code":"SUCCESS"},{"adId":408370894911990,"code":"SUCCESS"},{"adId":384767747682824,"code":"SUCCESS"},{"adId":413111763690486,"code":"SUCCESS"},{"adId":369884041437957,"code":"SUCCESS"},{"adId":452144854715314,"code":"SUCCESS"},{"adId":511740029916118,"code":"SUCCESS"},{"adId":499537416452808,"code":"SUCCESS"}]}
2026-09-14 08:08:31 - 暂停product成功：amazon_uk_hope 295522122984405
2026-09-14 08:08:31 - 暂停product成功：amazon_uk_hope 542128826604112
2026-09-14 08:08:31 - 暂停product成功：amazon_uk_hope 347993600069997
2026-09-14 08:08:31 - 暂停product成功：amazon_uk_hope 501550377440437
2026-09-14 08:08:31 - 暂停product成功：amazon_uk_hope 417319973627077
2026-09-14 08:08:31 - 暂停product成功：amazon_uk_hope 376660843997790
2026-09-14 08:08:31 - 暂停product成功：amazon_uk_hope 330291985985239
2026-09-14 08:08:31 - 暂停product成功：amazon_uk_hope 452322018126598
2026-09-14 08:08:31 - 暂停product成功：amazon_uk_hope 449682747924250
2026-09-14 08:08:31 - 暂停product成功：amazon_uk_hope 302723260583984
2026-09-14 08:08:31 - 暂停product成功：amazon_uk_hope 555829068487527
2026-09-14 08:08:31 - 暂停product成功：amazon_uk_hope 339073097116567
2026-09-14 08:08:31 - 暂停product成功：amazon_uk_hope 424016105618886
2026-09-14 08:08:31 - 暂停product成功：amazon_uk_hope 313449986480017
2026-09-14 08:08:31 - 暂停product成功：amazon_uk_hope 332234703058598
2026-09-14 08:08:31 - 暂停product成功：amazon_uk_hope 348868159305048
2026-09-14 08:08:31 - 暂停product成功：amazon_uk_hope 418909742172245
2026-09-14 08:08:31 - 暂停product成功：amazon_uk_hope 511234624108422
2026-09-14 08:08:31 - 暂停product成功：amazon_uk_hope 364852245133388
2026-09-14 08:08:31 - 暂停product成功：amazon_uk_hope 497315419915082
2026-09-14 08:08:31 - 暂停product成功：amazon_uk_hope 330497852996822
2026-09-14 08:08:31 - 暂停product成功：amazon_uk_hope 343935882021703
2026-09-14 08:08:31 - 暂停product成功：amazon_uk_hope 408370894911990
2026-09-14 08:08:31 - 暂停product成功：amazon_uk_hope 384767747682824
2026-09-14 08:08:31 - 暂停product成功：amazon_uk_hope 413111763690486
2026-09-14 08:08:31 - 暂停product成功：amazon_uk_hope 369884041437957
2026-09-14 08:08:31 - 暂停product成功：amazon_uk_hope 452144854715314
2026-09-14 08:08:31 - 暂停product成功：amazon_uk_hope 511740029916118
2026-09-14 08:08:31 - 暂停product成功：amazon_uk_hope 499537416452808
2026-09-14 08:08:31 - batchMongoUpdateProduct：共26条，成功26条，失败0条
2026-09-14 08:08:33 - {"status":"success","message":"success","data":[{"adId":452058173326505,"code":"SUCCESS"},{"adId":334929272604024,"code":"SUCCESS"},{"adId":422750702090585,"code":"SUCCESS"},{"adId":285566137341382,"code":"SUCCESS"},{"adId":414864066660380,"code":"SUCCESS"},{"adId":433417178532330,"code":"SUCCESS"},{"adId":562884524214400,"code":"SUCCESS"},{"adId":461106829380235,"code":"SUCCESS"},{"adId":442389395591594,"code":"SUCCESS"},{"adId":551515136884005,"code":"SUCCESS"},{"adId":355407966245325,"code":"SUCCESS"},{"adId":459132402378873,"code":"SUCCESS"},{"adId":554120921680219,"code":"SUCCESS"},{"adId":324948240546636,"code":"SUCCESS"},{"adId":523179802625681,"code":"SUCCESS"},{"adId":374685745174714,"code":"SUCCESS"},{"adId":435745421883616,"code":"SUCCESS"},{"adId":293207412443419,"code":"SUCCESS"},{"adId":562232958514981,"code":"SUCCESS"},{"adId":311372934094994,"code":"SUCCESS"},{"adId":390359336366797,"code":"SUCCESS"},{"adId":296905016544326,"code":"SUCCESS"},{"adId":543721719477131,"code":"SUCCESS"},{"adId":293551552107208,"code":"SUCCESS"},{"adId":413822417752812,"code":"SUCCESS"},{"adId":402636836801903,"code":"SUCCESS"},{"adId":532180142017637,"code":"SUCCESS"},{"adId":419926223706122,"code":"SUCCESS"},{"adId":426587900105234,"code":"SUCCESS"},{"adId":553008241552117,"code":"SUCCESS"},{"adId":423584678716443,"code":"SUCCESS"},{"adId":331695901440955,"code":"SUCCESS"},{"adId":555871762038304,"code":"SUCCESS"},{"adId":501306416804132,"code":"SUCCESS"},{"adId":553341156252315,"code":"SUCCESS"},{"adId":337506709088319,"code":"SUCCESS"},{"adId":290122289696107,"code":"SUCCESS"},{"adId":369932896163741,"code":"SUCCESS"},{"adId":503679766310360,"code":"SUCCESS"},{"adId":454367883115705,"code":"SUCCESS"},{"adId":331644429609542,"code":"SUCCESS"},{"adId":417465016350890,"code":"SUCCESS"},{"adId":312852318509684,"code":"SUCCESS"},{"adId":480218206930644,"code":"SUCCESS"},{"adId":477601806456408,"code":"SUCCESS"},{"adId":539385881718828,"code":"SUCCESS"},{"adId":395698147543613,"code":"SUCCESS"},{"adId":539704964052796,"code":"SUCCESS"},{"adId":542853258580478,"code":"SUCCESS"},{"adId":284262630175803,"code":"SUCCESS"},{"adId":413334614753057,"code":"SUCCESS"},{"adId":480030167323878,"code":"SUCCESS"},{"adId":309607920773466,"code":"SUCCESS"},{"adId":281689665589377,"code":"SUCCESS"},{"adId":306926958094145,"code":"SUCCESS"},{"adId":339693486975389,"code":"SUCCESS"},{"adId":294296821028388,"code":"SUCCESS"},{"adId":420173806669418,"code":"SUCCESS"},{"adId":442185914255661,"code":"SUCCESS"},{"adId":331780166107056,"code":"SUCCESS"},{"adId":382218609844780,"code":"SUCCESS"},{"adId":437922242026671,"code":"SUCCESS"},{"adId":363217334986889,"code":"SUCCESS"},{"adId":412291017483956,"code":"SUCCESS"},{"adId":445063826269740,"code":"SUCCESS"},{"adId":466578867475585,"code":"SUCCESS"},{"adId":407189925452778,"code":"SUCCESS"},{"adId":304908769111711,"code":"SUCCESS"},{"adId":363312245650121,"code":"SUCCESS"},{"adId":376610621182797,"code":"SUCCESS"},{"adId":436629924215653,"code":"SUCCESS"},{"adId":436160275183661,"code":"SUCCESS"},{"adId":463273014995023,"code":"SUCCESS"},{"adId":527686793655860,"code":"SUCCESS"},{"adId":483224643492329,"code":"SUCCESS"},{"adId":468790458433540,"code":"SUCCESS"},{"adId":537904569158879,"code":"SUCCESS"},{"adId":443336006787105,"code":"SUCCESS"},{"adId":344062132931176,"code":"SUCCESS"},{"adId":389048846102524,"code":"SUCCESS"},{"adId":419060586120785,"code":"SUCCESS"},{"adId":484210768556145,"code":"SUCCESS"},{"adId":350174163721980,"code":"SUCCESS"},{"adId":400481972726588,"code":"SUCCESS"},{"adId":487827211294379,"code":"SUCCESS"},{"adId":300999281595103,"code":"SUCCESS"},{"adId":525067058440589,"code":"SUCCESS"},{"adId":298133491961631,"code":"SUCCESS"},{"adId":369215382326992,"code":"SUCCESS"},{"adId":504932127525909,"code":"SUCCESS"}]}
2026-09-14 08:08:33 - 暂停product成功：amazon_us_dri 452058173326505
2026-09-14 08:08:33 - 暂停product成功：amazon_us_dri 334929272604024
2026-09-14 08:08:33 - 暂停product成功：amazon_us_dri 422750702090585
2026-09-14 08:08:33 - 暂停product成功：amazon_us_dri 285566137341382
2026-09-14 08:08:33 - 暂停product成功：amazon_us_dri 414864066660380
2026-09-14 08:08:33 - 暂停product成功：amazon_us_dri 433417178532330
2026-09-14 08:08:33 - 暂停product成功：amazon_us_dri 562884524214400
2026-09-14 08:08:33 - 暂停product成功：amazon_us_dri 461106829380235
2026-09-14 08:08:33 - 暂停product成功：amazon_us_dri 442389395591594
2026-09-14 08:08:33 - 暂停product成功：amazon_us_dri 551515136884005
2026-09-14 08:08:33 - 暂停product成功：amazon_us_dri 355407966245325
2026-09-14 08:08:33 - 暂停product成功：amazon_us_dri 459132402378873
2026-09-14 08:08:33 - 暂停product成功：amazon_us_dri 554120921680219
2026-09-14 08:08:33 - 暂停product成功：amazon_us_dri 324948240546636
2026-09-14 08:08:33 - 暂停product成功：amazon_us_dri 523179802625681
2026-09-14 08:08:33 - 暂停product成功：amazon_us_dri 374685745174714
2026-09-14 08:08:33 - 暂停product成功：amazon_us_dri 435745421883616
2026-09-14 08:08:33 - 暂停product成功：amazon_us_dri 293207412443419
2026-09-14 08:08:33 - 暂停product成功：amazon_us_dri 562232958514981
2026-09-14 08:08:33 - 暂停product成功：amazon_us_dri 311372934094994
2026-09-14 08:08:33 - 暂停product成功：amazon_us_dri 390359336366797
2026-09-14 08:08:33 - 暂停product成功：amazon_us_dri 296905016544326
2026-09-14 08:08:33 - 暂停product成功：amazon_us_dri 543721719477131
2026-09-14 08:08:33 - 暂停product成功：amazon_us_dri 293551552107208
2026-09-14 08:08:33 - 暂停product成功：amazon_us_dri 413822417752812
2026-09-14 08:08:33 - 暂停product成功：amazon_us_dri 402636836801903
2026-09-14 08:08:33 - 暂停product成功：amazon_us_dri 532180142017637
2026-09-14 08:08:33 - 暂停product成功：amazon_us_dri 419926223706122
2026-09-14 08:08:33 - 暂停product成功：amazon_us_dri 426587900105234
2026-09-14 08:08:33 - 暂停product成功：amazon_us_dri 553008241552117
2026-09-14 08:08:33 - 暂停product成功：amazon_us_dri 423584678716443
2026-09-14 08:08:33 - 暂停product成功：amazon_us_dri 331695901440955
2026-09-14 08:08:33 - 暂停product成功：amazon_us_dri 555871762038304
2026-09-14 08:08:33 - 暂停product成功：amazon_us_dri 501306416804132
2026-09-14 08:08:33 - 暂停product成功：amazon_us_dri 553341156252315
2026-09-14 08:08:33 - 暂停product成功：amazon_us_dri 337506709088319
2026-09-14 08:08:33 - 暂停product成功：amazon_us_dri 290122289696107
2026-09-14 08:08:33 - 暂停product成功：amazon_us_dri 369932896163741
2026-09-14 08:08:33 - 暂停product成功：amazon_us_dri 503679766310360
2026-09-14 08:08:33 - 暂停product成功：amazon_us_dri 454367883115705
2026-09-14 08:08:33 - 暂停product成功：amazon_us_dri 331644429609542
2026-09-14 08:08:33 - 暂停product成功：amazon_us_dri 417465016350890
2026-09-14 08:08:33 - 暂停product成功：amazon_us_dri 312852318509684
2026-09-14 08:08:33 - 暂停product成功：amazon_us_dri 480218206930644
2026-09-14 08:08:33 - 暂停product成功：amazon_us_dri 477601806456408
2026-09-14 08:08:33 - 暂停product成功：amazon_us_dri 539385881718828
2026-09-14 08:08:33 - 暂停product成功：amazon_us_dri 395698147543613
2026-09-14 08:08:33 - 暂停product成功：amazon_us_dri 539704964052796
2026-09-14 08:08:33 - 暂停product成功：amazon_us_dri 542853258580478
2026-09-14 08:08:33 - 暂停product成功：amazon_us_dri 284262630175803
2026-09-14 08:08:33 - 暂停product成功：amazon_us_dri 413334614753057
2026-09-14 08:08:33 - 暂停product成功：amazon_us_dri 480030167323878
2026-09-14 08:08:33 - 暂停product成功：amazon_us_dri 309607920773466
2026-09-14 08:08:33 - 暂停product成功：amazon_us_dri 281689665589377
2026-09-14 08:08:33 - 暂停product成功：amazon_us_dri 306926958094145
2026-09-14 08:08:33 - 暂停product成功：amazon_us_dri 339693486975389
2026-09-14 08:08:33 - 暂停product成功：amazon_us_dri 294296821028388
2026-09-14 08:08:33 - 暂停product成功：amazon_us_dri 420173806669418
2026-09-14 08:08:33 - 暂停product成功：amazon_us_dri 442185914255661
2026-09-14 08:08:33 - 暂停product成功：amazon_us_dri 331780166107056
2026-09-14 08:08:33 - 暂停product成功：amazon_us_dri 382218609844780
2026-09-14 08:08:33 - 暂停product成功：amazon_us_dri 437922242026671
2026-09-14 08:08:33 - 暂停product成功：amazon_us_dri 363217334986889
2026-09-14 08:08:33 - 暂停product成功：amazon_us_dri 412291017483956
2026-09-14 08:08:33 - 暂停product成功：amazon_us_dri 445063826269740
2026-09-14 08:08:33 - 暂停product成功：amazon_us_dri 466578867475585
2026-09-14 08:08:33 - 暂停product成功：amazon_us_dri 407189925452778
2026-09-14 08:08:33 - 暂停product成功：amazon_us_dri 304908769111711
2026-09-14 08:08:33 - 暂停product成功：amazon_us_dri 363312245650121
2026-09-14 08:08:33 - 暂停product成功：amazon_us_dri 376610621182797
2026-09-14 08:08:33 - 暂停product成功：amazon_us_dri 436629924215653
2026-09-14 08:08:33 - 暂停product成功：amazon_us_dri 436160275183661
2026-09-14 08:08:33 - 暂停product成功：amazon_us_dri 463273014995023
2026-09-14 08:08:33 - 暂停product成功：amazon_us_dri 527686793655860
2026-09-14 08:08:33 - 暂停product成功：amazon_us_dri 483224643492329
2026-09-14 08:08:33 - 暂停product成功：amazon_us_dri 468790458433540
2026-09-14 08:08:33 - 暂停product成功：amazon_us_dri 537904569158879
2026-09-14 08:08:33 - 暂停product成功：amazon_us_dri 443336006787105
2026-09-14 08:08:33 - 暂停product成功：amazon_us_dri 344062132931176
2026-09-14 08:08:33 - 暂停product成功：amazon_us_dri 389048846102524
2026-09-14 08:08:33 - 暂停product成功：amazon_us_dri 419060586120785
2026-09-14 08:08:33 - 暂停product成功：amazon_us_dri 484210768556145
2026-09-14 08:08:33 - 暂停product成功：amazon_us_dri 350174163721980
2026-09-14 08:08:33 - 暂停product成功：amazon_us_dri 400481972726588
2026-09-14 08:08:33 - 暂停product成功：amazon_us_dri 487827211294379
2026-09-14 08:08:33 - 暂停product成功：amazon_us_dri 300999281595103
2026-09-14 08:08:33 - 暂停product成功：amazon_us_dri 525067058440589
2026-09-14 08:08:33 - 暂停product成功：amazon_us_dri 298133491961631
2026-09-14 08:08:33 - 暂停product成功：amazon_us_dri 369215382326992
2026-09-14 08:08:33 - 暂停product成功：amazon_us_dri 504932127525909
2026-09-14 08:08:34 - batchMongoUpdateProduct：共36条，成功36条，失败0条
2026-09-14 08:08:35 - {"status":"success","message":"success","data":[{"adId":450671202123682,"code":"SUCCESS"},{"adId":354266101077054,"code":"SUCCESS"},{"adId":289207903108651,"code":"SUCCESS"},{"adId":424827276667472,"code":"SUCCESS"},{"adId":504447552399893,"code":"SUCCESS"},{"adId":544444974756047,"code":"SUCCESS"},{"adId":504538962469530,"code":"SUCCESS"},{"adId":416605965566272,"code":"SUCCESS"},{"adId":437220550987424,"code":"SUCCESS"},{"adId":292754679916907,"code":"SUCCESS"},{"adId":378491935894851,"code":"SUCCESS"},{"adId":447342817645345,"code":"SUCCESS"},{"adId":461582348695988,"code":"SUCCESS"},{"adId":413723981771676,"code":"SUCCESS"},{"adId":297663295583656,"code":"SUCCESS"},{"adId":429844926794498,"code":"SUCCESS"},{"adId":362627157577164,"code":"SUCCESS"},{"adId":314042510092687,"code":"SUCCESS"},{"adId":303926058008759,"code":"SUCCESS"}]}
2026-09-14 08:08:35 - 暂停product成功：amazon_uk_hero 450671202123682
2026-09-14 08:08:35 - 暂停product成功：amazon_uk_hero 354266101077054
2026-09-14 08:08:35 - 暂停product成功：amazon_uk_hero 289207903108651
2026-09-14 08:08:35 - 暂停product成功：amazon_uk_hero 424827276667472
2026-09-14 08:08:35 - 暂停product成功：amazon_uk_hero 504447552399893
2026-09-14 08:08:35 - 暂停product成功：amazon_uk_hero 544444974756047
2026-09-14 08:08:35 - 暂停product成功：amazon_uk_hero 504538962469530
2026-09-14 08:08:35 - 暂停product成功：amazon_uk_hero 416605965566272
2026-09-14 08:08:35 - 暂停product成功：amazon_uk_hero 437220550987424
2026-09-14 08:08:35 - 暂停product成功：amazon_uk_hero 292754679916907
2026-09-14 08:08:35 - 暂停product成功：amazon_uk_hero 378491935894851
2026-09-14 08:08:35 - 暂停product成功：amazon_uk_hero 447342817645345
2026-09-14 08:08:35 - 暂停product成功：amazon_uk_hero 461582348695988
2026-09-14 08:08:35 - 暂停product成功：amazon_uk_hero 413723981771676
2026-09-14 08:08:35 - 暂停product成功：amazon_uk_hero 297663295583656
2026-09-14 08:08:35 - 暂停product成功：amazon_uk_hero 429844926794498
2026-09-14 08:08:35 - 暂停product成功：amazon_uk_hero 362627157577164
2026-09-14 08:08:35 - 暂停product成功：amazon_uk_hero 314042510092687
2026-09-14 08:08:35 - 暂停product成功：amazon_uk_hero 303926058008759
2026-09-14 08:08:35 - batchMongoUpdateProduct：共16条，成功16条，失败0条
2026-09-14 08:08:38 - {"status":"success","message":"success","data":[{"adId":327750429365393,"code":"SUCCESS"},{"adId":519198724792830,"code":"SUCCESS"},{"adId":498700229952910,"code":"SUCCESS"},{"adId":548300424732113,"code":"SUCCESS"},{"adId":292002333789583,"code":"SUCCESS"},{"adId":362110660500678,"code":"SUCCESS"},{"adId":467511917991202,"code":"SUCCESS"},{"adId":296584055750734,"code":"SUCCESS"},{"adId":513888195168229,"code":"SUCCESS"},{"adId":539714424216166,"code":"SUCCESS"},{"adId":435939426526337,"code":"SUCCESS"},{"adId":323070972569442,"code":"SUCCESS"},{"adId":318118807529697,"code":"SUCCESS"},{"adId":348117149233153,"code":"SUCCESS"},{"adId":380543591850257,"code":"SUCCESS"},{"adId":531791916631257,"code":"SUCCESS"},{"adId":365628463130487,"code":"SUCCESS"},{"adId":279112699959135,"code":"SUCCESS"},{"adId":318536571832056,"code":"SUCCESS"},{"adId":319013211071969,"code":"SUCCESS"},{"adId":462881373048478,"code":"SUCCESS"},{"adId":496388604136097,"code":"SUCCESS"},{"adId":383898664914125,"code":"SUCCESS"},{"adId":284585284629760,"code":"SUCCESS"},{"adId":557631519611619,"code":"SUCCESS"},{"adId":410554374711518,"code":"SUCCESS"},{"adId":464391842877120,"code":"SUCCESS"},{"adId":291374427246084,"code":"SUCCESS"},{"adId":463769933723781,"code":"SUCCESS"},{"adId":503094307481569,"code":"SUCCESS"},{"adId":338843396315376,"code":"SUCCESS"},{"adId":372749402601451,"code":"SUCCESS"},{"adId":520947289842157,"code":"SUCCESS"},{"adId":303199588374143,"code":"SUCCESS"},{"adId":542832599944370,"code":"SUCCESS"},{"adId":308524040257337,"code":"SUCCESS"},{"adId":387462449599619,"code":"SUCCESS"},{"adId":380664676973256,"code":"SUCCESS"},{"adId":449506455585728,"code":"SUCCESS"},{"adId":447031082761386,"code":"SUCCESS"},{"adId":542612060746114,"code":"SUCCESS"},{"adId":548755842147323,"code":"SUCCESS"},{"adId":416452832816014,"code":"SUCCESS"},{"adId":479970980256884,"code":"SUCCESS"},{"adId":444738950559366,"code":"SUCCESS"},{"adId":405405697779175,"code":"SUCCESS"},{"adId":550444231921952,"code":"SUCCESS"},{"adId":347965988323776,"code":"SUCCESS"},{"adId":297964193416439,"code":"SUCCESS"},{"adId":549515645890482,"code":"SUCCESS"},{"adId":397627973672833,"code":"SUCCESS"},{"adId":396034904874704,"code":"SUCCESS"},{"adId":312991400965885,"code":"SUCCESS"},{"adId":470126915216509,"code":"SUCCESS"},{"adId":427051917289843,"code":"SUCCESS"},{"adId":307335031892152,"code":"SUCCESS"},{"adId":386432322751395,"code":"SUCCESS"},{"adId":403210079121591,"code":"SUCCESS"},{"adId":381089830371475,"code":"SUCCESS"},{"adId":372479890619864,"code":"SUCCESS"},{"adId":281935977249315,"code":"SUCCESS"},{"adId":321785884087860,"code":"SUCCESS"},{"adId":437057568501598,"code":"SUCCESS"},{"adId":33082674785021,"code":"SUCCESS"},{"adId":539456567222755,"code":"SUCCESS"},{"adId":293162944640597,"code":"SUCCESS"},{"adId":500619384548905,"code":"SUCCESS"},{"adId":515910990494566,"code":"SUCCESS"},{"adId":485025429632208,"code":"SUCCESS"},{"adId":421586809655144,"code":"SUCCESS"},{"adId":471918857179816,"code":"SUCCESS"},{"adId":524245016955506,"code":"SUCCESS"},{"adId":339898800696796,"code":"SUCCESS"},{"adId":474019695284956,"code":"SUCCESS"},{"adId":309367772240751,"code":"SUCCESS"},{"adId":495911563318860,"code":"SUCCESS"},{"adId":484602778623338,"code":"SUCCESS"},{"adId":434238070055107,"code":"SUCCESS"},{"adId":392075732443202,"code":"SUCCESS"},{"adId":339746792271143,"code":"SUCCESS"},{"adId":377651152126611,"code":"SUCCESS"},{"adId":486510326391125,"code":"SUCCESS"},{"adId":518905440201990,"code":"SUCCESS"},{"adId":475031329588451,"code":"SUCCESS"},{"adId":369342683901091,"code":"SUCCESS"},{"adId":383733527567596,"code":"SUCCESS"},{"adId":320080584610245,"code":"SUCCESS"},{"adId":464361471838439,"code":"SUCCESS"},{"adId":498612825281874,"code":"SUCCESS"},{"adId":386214992501037,"code":"SUCCESS"},{"adId":314545568890483,"code":"SUCCESS"},{"adId":443789402114449,"code":"SUCCESS"},{"adId":495137729664915,"code":"SUCCESS"},{"adId":523607635527257,"code":"SUCCESS"},{"adId":455715452712244,"code":"SUCCESS"},{"adId":532247376250577,"code":"SUCCESS"},{"adId":408929014943688,"code":"SUCCESS"},{"adId":365926245529497,"code":"SUCCESS"},{"adId":461862916370304,"code":"SUCCESS"},{"adId":454912349259275,"code":"SUCCESS"},{"adId":499928619797262,"code":"SUCCESS"},{"adId":548488252312241,"code":"SUCCESS"},{"adId":351626312949776,"code":"SUCCESS"},{"adId":450154119332090,"code":"SUCCESS"},{"adId":513816977269120,"code":"SUCCESS"},{"adId":324808800948513,"code":"SUCCESS"},{"adId":444990903082497,"code":"SUCCESS"},{"adId":430318766191274,"code":"SUCCESS"},{"adId":534886693741271,"code":"SUCCESS"},{"adId":484189049218597,"code":"SUCCESS"},{"adId":332691452591893,"code":"SUCCESS"},{"adId":445249748211639,"code":"SUCCESS"},{"adId":361137290266735,"code":"SUCCESS"},{"adId":466618350809600,"code":"SUCCESS"},{"adId":516862021383598,"code":"SUCCESS"},{"adId":493881459680210,"code":"SUCCESS"},{"adId":335585957406687,"code":"SUCCESS"},{"adId":351128058520448,"code":"SUCCESS"},{"adId":513022516222988,"code":"SUCCESS"},{"adId":451724672130397,"code":"SUCCESS"},{"adId":353830846713899,"code":"SUCCESS"},{"adId":547174637436914,"code":"SUCCESS"},{"adId":494215590151263,"code":"SUCCESS"},{"adId":192906498990003,"code":"SUCCESS"},{"adId":341346158563768,"code":"SUCCESS"},{"adId":479156510749284,"code":"SUCCESS"},{"adId":522143192980991,"code":"SUCCESS"},{"adId":416969333087089,"code":"SUCCESS"},{"adId":517537100421518,"code":"SUCCESS"},{"adId":346877232632382,"code":"SUCCESS"},{"adId":307030202154336,"code":"SUCCESS"},{"adId":420475117308486,"code":"SUCCESS"},{"adId":430243118279343,"code":"SUCCESS"},{"adId":514881764041076,"code":"SUCCESS"},{"adId":303815141959531,"code":"SUCCESS"},{"adId":291321694021356,"code":"SUCCESS"},{"adId":437700889146765,"code":"SUCCESS"},{"adId":535172665766383,"code":"SUCCESS"},{"adId":393667621237789,"code":"SUCCESS"},{"adId":292616456839083,"code":"SUCCESS"},{"adId":490369096410110,"code":"SUCCESS"},{"adId":348263386940646,"code":"SUCCESS"},{"adId":332546599488078,"code":"SUCCESS"},{"adId":325738807365770,"code":"SUCCESS"},{"adId":526042431831185,"code":"SUCCESS"},{"adId":290783767076056,"code":"SUCCESS"},{"adId":475241319241830,"code":"SUCCESS"},{"adId":299108676079655,"code":"SUCCESS"},{"adId":492880038522388,"code":"SUCCESS"},{"adId":397594424001990,"code":"SUCCESS"},{"adId":397076642969796,"code":"SUCCESS"},{"adId":542668343430944,"code":"SUCCESS"},{"adId":526647574972422,"code":"SUCCESS"},{"adId":363818073973707,"code":"SUCCESS"},{"adId":478121408757955,"code":"SUCCESS"},{"adId":479634681598828,"code":"SUCCESS"},{"adId":351671759987573,"code":"SUCCESS"},{"adId":348921807989938,"code":"SUCCESS"},{"adId":542719580665865,"code":"SUCCESS"},{"adId":307072936229951,"code":"SUCCESS"},{"adId":188206542181472,"code":"SUCCESS"},{"adId":295708121556022,"code":"SUCCESS"},{"adId":366342246458120,"code":"SUCCESS"},{"adId":503765610141627,"code":"SUCCESS"},{"adId":458326311862758,"code":"SUCCESS"},{"adId":281543293285121,"code":"SUCCESS"},{"adId":334186732737658,"code":"SUCCESS"},{"adId":485205153253091,"code":"SUCCESS"},{"adId":454774844100860,"code":"SUCCESS"},{"adId":366435900895326,"code":"SUCCESS"},{"adId":487623224769333,"code":"SUCCESS"},{"adId":542170878340345,"code":"SUCCESS"},{"adId":446421135477363,"code":"SUCCESS"},{"adId":358657305280623,"code":"SUCCESS"},{"adId":463598605751007,"code":"SUCCESS"},{"adId":550813600668886,"code":"SUCCESS"},{"adId":470578236436325,"code":"SUCCESS"},{"adId":433841887279145,"code":"SUCCESS"},{"adId":479118132240940,"code":"SUCCESS"},{"adId":294182521920742,"code":"SUCCESS"},{"adId":398489474031779,"code":"SUCCESS"},{"adId":433549561661643,"code":"SUCCESS"},{"adId":525344108873873,"code":"SUCCESS"},{"adId":309921300637018,"code":"SUCCESS"},{"adId":559632628759561,"code":"SUCCESS"},{"adId":481336305419161,"code":"SUCCESS"},{"adId":391220922379131,"code":"SUCCESS"},{"adId":216013722080466,"code":"SUCCESS"},{"adId":388495813678797,"code":"SUCCESS"},{"adId":443833750487037,"code":"SUCCESS"},{"adId":299240678622736,"code":"SUCCESS"},{"adId":537471085780749,"code":"SUCCESS"},{"adId":399366108279601,"code":"SUCCESS"},{"adId":431805159121602,"code":"SUCCESS"},{"adId":202158001095396,"code":"SUCCESS"},{"adId":458770690655196,"code":"SUCCESS"},{"adId":470949675741156,"code":"SUCCESS"},{"adId":282823864785978,"code":"SUCCESS"},{"adId":328897596724044,"code":"SUCCESS"},{"adId":444138235336098,"code":"SUCCESS"}]}
2026-09-14 08:08:38 - 暂停product成功：amazon_us_sopro 327750429365393
2026-09-14 08:08:38 - 暂停product成功：amazon_us_sopro 519198724792830
2026-09-14 08:08:38 - 暂停product成功：amazon_us_sopro 498700229952910
2026-09-14 08:08:38 - 暂停product成功：amazon_us_sopro 548300424732113
2026-09-14 08:08:38 - 暂停product成功：amazon_us_sopro 292002333789583
2026-09-14 08:08:38 - 暂停product成功：amazon_us_sopro 362110660500678
2026-09-14 08:08:38 - 暂停product成功：amazon_us_sopro 467511917991202
2026-09-14 08:08:38 - 暂停product成功：amazon_us_sopro 296584055750734
2026-09-14 08:08:38 - 暂停product成功：amazon_us_sopro 513888195168229
2026-09-14 08:08:38 - 暂停product成功：amazon_us_sopro 539714424216166
2026-09-14 08:08:38 - 暂停product成功：amazon_us_sopro 435939426526337
2026-09-14 08:08:38 - 暂停product成功：amazon_us_sopro 323070972569442
2026-09-14 08:08:38 - 暂停product成功：amazon_us_sopro 318118807529697
2026-09-14 08:08:38 - 暂停product成功：amazon_us_sopro 348117149233153
2026-09-14 08:08:38 - 暂停product成功：amazon_us_sopro 380543591850257
2026-09-14 08:08:38 - 暂停product成功：amazon_us_sopro 531791916631257
2026-09-14 08:08:38 - 暂停product成功：amazon_us_sopro 365628463130487
2026-09-14 08:08:38 - 暂停product成功：amazon_us_sopro 279112699959135
2026-09-14 08:08:38 - 暂停product成功：amazon_us_sopro 318536571832056
2026-09-14 08:08:38 - 暂停product成功：amazon_us_sopro 319013211071969
2026-09-14 08:08:38 - 暂停product成功：amazon_us_sopro 462881373048478
2026-09-14 08:08:38 - 暂停product成功：amazon_us_sopro 496388604136097
2026-09-14 08:08:38 - 暂停product成功：amazon_us_sopro 383898664914125
2026-09-14 08:08:38 - 暂停product成功：amazon_us_sopro 284585284629760
2026-09-14 08:08:38 - 暂停product成功：amazon_us_sopro 557631519611619
2026-09-14 08:08:38 - 暂停product成功：amazon_us_sopro 410554374711518
2026-09-14 08:08:38 - 暂停product成功：amazon_us_sopro 464391842877120
2026-09-14 08:08:38 - 暂停product成功：amazon_us_sopro 291374427246084
2026-09-14 08:08:38 - 暂停product成功：amazon_us_sopro 463769933723781
2026-09-14 08:08:38 - 暂停product成功：amazon_us_sopro 503094307481569
2026-09-14 08:08:38 - 暂停product成功：amazon_us_sopro 338843396315376
2026-09-14 08:08:38 - 暂停product成功：amazon_us_sopro 372749402601451
2026-09-14 08:08:38 - 暂停product成功：amazon_us_sopro 520947289842157
2026-09-14 08:08:38 - 暂停product成功：amazon_us_sopro 303199588374143
2026-09-14 08:08:38 - 暂停product成功：amazon_us_sopro 542832599944370
2026-09-14 08:08:38 - 暂停product成功：amazon_us_sopro 308524040257337
2026-09-14 08:08:38 - 暂停product成功：amazon_us_sopro 387462449599619
2026-09-14 08:08:38 - 暂停product成功：amazon_us_sopro 380664676973256
2026-09-14 08:08:38 - 暂停product成功：amazon_us_sopro 449506455585728
2026-09-14 08:08:38 - 暂停product成功：amazon_us_sopro 447031082761386
2026-09-14 08:08:38 - 暂停product成功：amazon_us_sopro 542612060746114
2026-09-14 08:08:38 - 暂停product成功：amazon_us_sopro 548755842147323
2026-09-14 08:08:38 - 暂停product成功：amazon_us_sopro 416452832816014
2026-09-14 08:08:38 - 暂停product成功：amazon_us_sopro 479970980256884
2026-09-14 08:08:38 - 暂停product成功：amazon_us_sopro 444738950559366
2026-09-14 08:08:38 - 暂停product成功：amazon_us_sopro 405405697779175
2026-09-14 08:08:38 - 暂停product成功：amazon_us_sopro 550444231921952
2026-09-14 08:08:38 - 暂停product成功：amazon_us_sopro 347965988323776
2026-09-14 08:08:38 - 暂停product成功：amazon_us_sopro 297964193416439
2026-09-14 08:08:38 - 暂停product成功：amazon_us_sopro 549515645890482
2026-09-14 08:08:38 - 暂停product成功：amazon_us_sopro 397627973672833
2026-09-14 08:08:38 - 暂停product成功：amazon_us_sopro 396034904874704
2026-09-14 08:08:38 - 暂停product成功：amazon_us_sopro 312991400965885
2026-09-14 08:08:38 - 暂停product成功：amazon_us_sopro 470126915216509
2026-09-14 08:08:38 - 暂停product成功：amazon_us_sopro 427051917289843
2026-09-14 08:08:38 - 暂停product成功：amazon_us_sopro 307335031892152
2026-09-14 08:08:38 - 暂停product成功：amazon_us_sopro 386432322751395
2026-09-14 08:08:38 - 暂停product成功：amazon_us_sopro 403210079121591
2026-09-14 08:08:38 - 暂停product成功：amazon_us_sopro 381089830371475
2026-09-14 08:08:38 - 暂停product成功：amazon_us_sopro 372479890619864
2026-09-14 08:08:38 - 暂停product成功：amazon_us_sopro 281935977249315
2026-09-14 08:08:38 - 暂停product成功：amazon_us_sopro 321785884087860
2026-09-14 08:08:38 - 暂停product成功：amazon_us_sopro 437057568501598
2026-09-14 08:08:38 - 暂停product成功：amazon_us_sopro 33082674785021
2026-09-14 08:08:38 - 暂停product成功：amazon_us_sopro 539456567222755
2026-09-14 08:08:38 - 暂停product成功：amazon_us_sopro 293162944640597
2026-09-14 08:08:38 - 暂停product成功：amazon_us_sopro 500619384548905
2026-09-14 08:08:38 - 暂停product成功：amazon_us_sopro 515910990494566
2026-09-14 08:08:38 - 暂停product成功：amazon_us_sopro 485025429632208
2026-09-14 08:08:38 - 暂停product成功：amazon_us_sopro 421586809655144
2026-09-14 08:08:38 - 暂停product成功：amazon_us_sopro 471918857179816
2026-09-14 08:08:38 - 暂停product成功：amazon_us_sopro 524245016955506
2026-09-14 08:08:38 - 暂停product成功：amazon_us_sopro 339898800696796
2026-09-14 08:08:38 - 暂停product成功：amazon_us_sopro 474019695284956
2026-09-14 08:08:38 - 暂停product成功：amazon_us_sopro 309367772240751
2026-09-14 08:08:38 - 暂停product成功：amazon_us_sopro 495911563318860
2026-09-14 08:08:38 - 暂停product成功：amazon_us_sopro 484602778623338
2026-09-14 08:08:38 - 暂停product成功：amazon_us_sopro 434238070055107
2026-09-14 08:08:38 - 暂停product成功：amazon_us_sopro 392075732443202
2026-09-14 08:08:38 - 暂停product成功：amazon_us_sopro 339746792271143
2026-09-14 08:08:38 - 暂停product成功：amazon_us_sopro 377651152126611
2026-09-14 08:08:38 - 暂停product成功：amazon_us_sopro 486510326391125
2026-09-14 08:08:38 - 暂停product成功：amazon_us_sopro 518905440201990
2026-09-14 08:08:38 - 暂停product成功：amazon_us_sopro 475031329588451
2026-09-14 08:08:38 - 暂停product成功：amazon_us_sopro 369342683901091
2026-09-14 08:08:38 - 暂停product成功：amazon_us_sopro 383733527567596
2026-09-14 08:08:38 - 暂停product成功：amazon_us_sopro 320080584610245
2026-09-14 08:08:38 - 暂停product成功：amazon_us_sopro 464361471838439
2026-09-14 08:08:38 - 暂停product成功：amazon_us_sopro 498612825281874
2026-09-14 08:08:38 - 暂停product成功：amazon_us_sopro 386214992501037
2026-09-14 08:08:38 - 暂停product成功：amazon_us_sopro 314545568890483
2026-09-14 08:08:38 - 暂停product成功：amazon_us_sopro 443789402114449
2026-09-14 08:08:38 - 暂停product成功：amazon_us_sopro 495137729664915
2026-09-14 08:08:38 - 暂停product成功：amazon_us_sopro 523607635527257
2026-09-14 08:08:38 - 暂停product成功：amazon_us_sopro 455715452712244
2026-09-14 08:08:38 - 暂停product成功：amazon_us_sopro 532247376250577
2026-09-14 08:08:38 - 暂停product成功：amazon_us_sopro 408929014943688
2026-09-14 08:08:38 - 暂停product成功：amazon_us_sopro 365926245529497
2026-09-14 08:08:38 - 暂停product成功：amazon_us_sopro 461862916370304
2026-09-14 08:08:38 - 暂停product成功：amazon_us_sopro 454912349259275
2026-09-14 08:08:38 - 暂停product成功：amazon_us_sopro 499928619797262
2026-09-14 08:08:38 - 暂停product成功：amazon_us_sopro 548488252312241
2026-09-14 08:08:38 - 暂停product成功：amazon_us_sopro 351626312949776
2026-09-14 08:08:38 - 暂停product成功：amazon_us_sopro 450154119332090
2026-09-14 08:08:38 - 暂停product成功：amazon_us_sopro 513816977269120
2026-09-14 08:08:38 - 暂停product成功：amazon_us_sopro 324808800948513
2026-09-14 08:08:38 - 暂停product成功：amazon_us_sopro 444990903082497
2026-09-14 08:08:38 - 暂停product成功：amazon_us_sopro 430318766191274
2026-09-14 08:08:38 - 暂停product成功：amazon_us_sopro 534886693741271
2026-09-14 08:08:38 - 暂停product成功：amazon_us_sopro 484189049218597
2026-09-14 08:08:38 - 暂停product成功：amazon_us_sopro 332691452591893
2026-09-14 08:08:38 - 暂停product成功：amazon_us_sopro 445249748211639
2026-09-14 08:08:38 - 暂停product成功：amazon_us_sopro 361137290266735
2026-09-14 08:08:38 - 暂停product成功：amazon_us_sopro 466618350809600
2026-09-14 08:08:38 - 暂停product成功：amazon_us_sopro 516862021383598
2026-09-14 08:08:38 - 暂停product成功：amazon_us_sopro 493881459680210
2026-09-14 08:08:38 - 暂停product成功：amazon_us_sopro 335585957406687
2026-09-14 08:08:38 - 暂停product成功：amazon_us_sopro 351128058520448
2026-09-14 08:08:38 - 暂停product成功：amazon_us_sopro 513022516222988
2026-09-14 08:08:38 - 暂停product成功：amazon_us_sopro 451724672130397
2026-09-14 08:08:38 - 暂停product成功：amazon_us_sopro 353830846713899
2026-09-14 08:08:38 - 暂停product成功：amazon_us_sopro 547174637436914
2026-09-14 08:08:38 - 暂停product成功：amazon_us_sopro 494215590151263
2026-09-14 08:08:38 - 暂停product成功：amazon_us_sopro 192906498990003
2026-09-14 08:08:38 - 暂停product成功：amazon_us_sopro 341346158563768
2026-09-14 08:08:38 - 暂停product成功：amazon_us_sopro 479156510749284
2026-09-14 08:08:38 - 暂停product成功：amazon_us_sopro 522143192980991
2026-09-14 08:08:38 - 暂停product成功：amazon_us_sopro 416969333087089
2026-09-14 08:08:38 - 暂停product成功：amazon_us_sopro 517537100421518
2026-09-14 08:08:38 - 暂停product成功：amazon_us_sopro 346877232632382
2026-09-14 08:08:38 - 暂停product成功：amazon_us_sopro 307030202154336
2026-09-14 08:08:38 - 暂停product成功：amazon_us_sopro 420475117308486
2026-09-14 08:08:38 - 暂停product成功：amazon_us_sopro 430243118279343
2026-09-14 08:08:38 - 暂停product成功：amazon_us_sopro 514881764041076
2026-09-14 08:08:38 - 暂停product成功：amazon_us_sopro 303815141959531
2026-09-14 08:08:38 - 暂停product成功：amazon_us_sopro 291321694021356
2026-09-14 08:08:38 - 暂停product成功：amazon_us_sopro 437700889146765
2026-09-14 08:08:38 - 暂停product成功：amazon_us_sopro 535172665766383
2026-09-14 08:08:38 - 暂停product成功：amazon_us_sopro 393667621237789
2026-09-14 08:08:38 - 暂停product成功：amazon_us_sopro 292616456839083
2026-09-14 08:08:38 - 暂停product成功：amazon_us_sopro 490369096410110
2026-09-14 08:08:38 - 暂停product成功：amazon_us_sopro 348263386940646
2026-09-14 08:08:38 - 暂停product成功：amazon_us_sopro 332546599488078
2026-09-14 08:08:38 - 暂停product成功：amazon_us_sopro 325738807365770
2026-09-14 08:08:38 - 暂停product成功：amazon_us_sopro 526042431831185
2026-09-14 08:08:38 - 暂停product成功：amazon_us_sopro 290783767076056
2026-09-14 08:08:38 - 暂停product成功：amazon_us_sopro 475241319241830
2026-09-14 08:08:38 - 暂停product成功：amazon_us_sopro 299108676079655
2026-09-14 08:08:38 - 暂停product成功：amazon_us_sopro 492880038522388
2026-09-14 08:08:38 - 暂停product成功：amazon_us_sopro 397594424001990
2026-09-14 08:08:38 - 暂停product成功：amazon_us_sopro 397076642969796
2026-09-14 08:08:38 - 暂停product成功：amazon_us_sopro 542668343430944
2026-09-14 08:08:38 - 暂停product成功：amazon_us_sopro 526647574972422
2026-09-14 08:08:38 - 暂停product成功：amazon_us_sopro 363818073973707
2026-09-14 08:08:38 - 暂停product成功：amazon_us_sopro 478121408757955
2026-09-14 08:08:38 - 暂停product成功：amazon_us_sopro 479634681598828
2026-09-14 08:08:38 - 暂停product成功：amazon_us_sopro 351671759987573
2026-09-14 08:08:38 - 暂停product成功：amazon_us_sopro 348921807989938
2026-09-14 08:08:38 - 暂停product成功：amazon_us_sopro 542719580665865
2026-09-14 08:08:38 - 暂停product成功：amazon_us_sopro 307072936229951
2026-09-14 08:08:38 - 暂停product成功：amazon_us_sopro 188206542181472
2026-09-14 08:08:38 - 暂停product成功：amazon_us_sopro 295708121556022
2026-09-14 08:08:38 - 暂停product成功：amazon_us_sopro 366342246458120
2026-09-14 08:08:38 - 暂停product成功：amazon_us_sopro 503765610141627
2026-09-14 08:08:38 - 暂停product成功：amazon_us_sopro 458326311862758
2026-09-14 08:08:38 - 暂停product成功：amazon_us_sopro 281543293285121
2026-09-14 08:08:38 - 暂停product成功：amazon_us_sopro 334186732737658
2026-09-14 08:08:38 - 暂停product成功：amazon_us_sopro 485205153253091
2026-09-14 08:08:38 - 暂停product成功：amazon_us_sopro 454774844100860
2026-09-14 08:08:38 - 暂停product成功：amazon_us_sopro 366435900895326
2026-09-14 08:08:38 - 暂停product成功：amazon_us_sopro 487623224769333
2026-09-14 08:08:38 - 暂停product成功：amazon_us_sopro 542170878340345
2026-09-14 08:08:38 - 暂停product成功：amazon_us_sopro 446421135477363
2026-09-14 08:08:38 - 暂停product成功：amazon_us_sopro 358657305280623
2026-09-14 08:08:38 - 暂停product成功：amazon_us_sopro 463598605751007
2026-09-14 08:08:38 - 暂停product成功：amazon_us_sopro 550813600668886
2026-09-14 08:08:38 - 暂停product成功：amazon_us_sopro 470578236436325
2026-09-14 08:08:38 - 暂停product成功：amazon_us_sopro 433841887279145
2026-09-14 08:08:38 - 暂停product成功：amazon_us_sopro 479118132240940
2026-09-14 08:08:38 - 暂停product成功：amazon_us_sopro 294182521920742
2026-09-14 08:08:38 - 暂停product成功：amazon_us_sopro 398489474031779
2026-09-14 08:08:38 - 暂停product成功：amazon_us_sopro 433549561661643
2026-09-14 08:08:38 - 暂停product成功：amazon_us_sopro 525344108873873
2026-09-14 08:08:38 - 暂停product成功：amazon_us_sopro 309921300637018
2026-09-14 08:08:38 - 暂停product成功：amazon_us_sopro 559632628759561
2026-09-14 08:08:38 - 暂停product成功：amazon_us_sopro 481336305419161
2026-09-14 08:08:38 - 暂停product成功：amazon_us_sopro 391220922379131
2026-09-14 08:08:38 - 暂停product成功：amazon_us_sopro 216013722080466
2026-09-14 08:08:38 - 暂停product成功：amazon_us_sopro 388495813678797
2026-09-14 08:08:38 - 暂停product成功：amazon_us_sopro 443833750487037
2026-09-14 08:08:38 - 暂停product成功：amazon_us_sopro 299240678622736
2026-09-14 08:08:38 - 暂停product成功：amazon_us_sopro 537471085780749
2026-09-14 08:08:38 - 暂停product成功：amazon_us_sopro 399366108279601
2026-09-14 08:08:38 - 暂停product成功：amazon_us_sopro 431805159121602
2026-09-14 08:08:38 - 暂停product成功：amazon_us_sopro 202158001095396
2026-09-14 08:08:38 - 暂停product成功：amazon_us_sopro 458770690655196
2026-09-14 08:08:38 - 暂停product成功：amazon_us_sopro 470949675741156
2026-09-14 08:08:38 - 暂停product成功：amazon_us_sopro 282823864785978
2026-09-14 08:08:38 - 暂停product成功：amazon_us_sopro 328897596724044
2026-09-14 08:08:38 - 暂停product成功：amazon_us_sopro 444138235336098
2026-09-14 08:08:39 - batchMongoUpdateProduct：共136条，成功136条，失败0条
2026-09-14 08:08:41 - {"status":"success","message":"success","data":[{"adId":432032741387214,"code":"SUCCESS"},{"adId":512233900831992,"code":"SUCCESS"},{"adId":431920653753280,"code":"SUCCESS"},{"adId":283289298453875,"code":"SUCCESS"},{"adId":496913707043687,"code":"SUCCESS"},{"adId":314066800609996,"code":"SUCCESS"},{"adId":332604914017535,"code":"SUCCESS"},{"adId":538815468323359,"code":"SUCCESS"},{"adId":469862556033536,"code":"SUCCESS"},{"adId":520902371223291,"code":"SUCCESS"},{"adId":475023502262654,"code":"SUCCESS"},{"adId":389346442221790,"code":"SUCCESS"},{"adId":413165462612662,"code":"SUCCESS"},{"adId":408289407897458,"code":"SUCCESS"},{"adId":285488620163758,"code":"SUCCESS"},{"adId":504083638449159,"code":"SUCCESS"},{"adId":408230980417967,"code":"SUCCESS"},{"adId":294542092625323,"code":"SUCCESS"},{"adId":323010795122636,"code":"SUCCESS"},{"adId":398086948553350,"code":"SUCCESS"},{"adId":298352447685822,"code":"SUCCESS"},{"adId":557572468328074,"code":"SUCCESS"},{"adId":483854904894364,"code":"SUCCESS"},{"adId":561359479017834,"code":"SUCCESS"},{"adId":367877533594617,"code":"SUCCESS"},{"adId":290458225993744,"code":"SUCCESS"},{"adId":515915732613000,"code":"SUCCESS"},{"adId":449454031010528,"code":"SUCCESS"},{"adId":397484712662285,"code":"SUCCESS"},{"adId":406184380058039,"code":"SUCCESS"},{"adId":389892587622896,"code":"SUCCESS"},{"adId":286305296458887,"code":"SUCCESS"},{"adId":508093123250892,"code":"SUCCESS"},{"adId":508130576088011,"code":"SUCCESS"},{"adId":364544999565491,"code":"SUCCESS"},{"adId":360012902254019,"code":"SUCCESS"},{"adId":334665005124049,"code":"SUCCESS"},{"adId":440831693395806,"code":"SUCCESS"},{"adId":543767016021890,"code":"SUCCESS"},{"adId":431175564815467,"code":"SUCCESS"},{"adId":391541252766050,"code":"SUCCESS"},{"adId":508979224135619,"code":"SUCCESS"},{"adId":384028194550987,"code":"SUCCESS"},{"adId":522694563164867,"code":"SUCCESS"},{"adId":402108139548237,"code":"SUCCESS"},{"adId":284137880355969,"code":"SUCCESS"},{"adId":440122204293785,"code":"SUCCESS"},{"adId":402787816407454,"code":"SUCCESS"},{"adId":344578225976558,"code":"SUCCESS"},{"adId":365248514697728,"code":"SUCCESS"},{"adId":285412205189812,"code":"SUCCESS"},{"adId":459132173050001,"code":"SUCCESS"},{"adId":311803660898600,"code":"SUCCESS"},{"adId":305028224491667,"code":"SUCCESS"},{"adId":288859530175766,"code":"SUCCESS"},{"adId":493891161144947,"code":"SUCCESS"},{"adId":409220092762215,"code":"SUCCESS"},{"adId":451887371167545,"code":"SUCCESS"},{"adId":381715632280189,"code":"SUCCESS"},{"adId":542637320845138,"code":"SUCCESS"},{"adId":337050846717010,"code":"SUCCESS"},{"adId":377094213357305,"code":"SUCCESS"},{"adId":544441120600834,"code":"SUCCESS"},{"adId":281402904453524,"code":"SUCCESS"},{"adId":476822094950954,"code":"SUCCESS"},{"adId":356705918902747,"code":"SUCCESS"},{"adId":317291327955169,"code":"SUCCESS"},{"adId":385061035726653,"code":"SUCCESS"},{"adId":467669568699897,"code":"SUCCESS"},{"adId":434016743118634,"code":"SUCCESS"},{"adId":383041106385400,"code":"SUCCESS"},{"adId":547333270447106,"code":"SUCCESS"},{"adId":349862792938885,"code":"SUCCESS"},{"adId":431298034429635,"code":"SUCCESS"},{"adId":45010585364601,"code":"SUCCESS"},{"adId":507884393984484,"code":"SUCCESS"},{"adId":304969131293458,"code":"SUCCESS"},{"adId":405473459529954,"code":"SUCCESS"},{"adId":514508920293294,"code":"SUCCESS"},{"adId":542191550711517,"code":"SUCCESS"},{"adId":325536205612667,"code":"SUCCESS"},{"adId":362339205198641,"code":"SUCCESS"},{"adId":556191020141315,"code":"SUCCESS"},{"adId":488462968139143,"code":"SUCCESS"},{"adId":478781388629816,"code":"SUCCESS"},{"adId":306743028477615,"code":"SUCCESS"},{"adId":382476953923047,"code":"SUCCESS"},{"adId":528498261019261,"code":"SUCCESS"},{"adId":441293848747554,"code":"SUCCESS"},{"adId":291990692271391,"code":"SUCCESS"},{"adId":456852973542607,"code":"SUCCESS"},{"adId":409352017628157,"code":"SUCCESS"},{"adId":489145762210627,"code":"SUCCESS"},{"adId":431465434572571,"code":"SUCCESS"},{"adId":207769641949267,"code":"SUCCESS"},{"adId":296245207969417,"code":"SUCCESS"},{"adId":302713526346241,"code":"SUCCESS"},{"adId":551846535297467,"code":"SUCCESS"},{"adId":405295573282559,"code":"SUCCESS"},{"adId":394972755716151,"code":"SUCCESS"},{"adId":309990345333210,"code":"SUCCESS"},{"adId":378201819392111,"code":"SUCCESS"},{"adId":478706568027906,"code":"SUCCESS"},{"adId":332517317375368,"code":"SUCCESS"},{"adId":542164999880531,"code":"SUCCESS"}]}
2026-09-14 08:08:41 - 暂停product成功：amazon_us_sopro 432032741387214
2026-09-14 08:08:41 - 暂停product成功：amazon_us_sopro 512233900831992
2026-09-14 08:08:41 - 暂停product成功：amazon_us_sopro 431920653753280
2026-09-14 08:08:41 - 暂停product成功：amazon_us_sopro 283289298453875
2026-09-14 08:08:41 - 暂停product成功：amazon_us_sopro 496913707043687
2026-09-14 08:08:41 - 暂停product成功：amazon_us_sopro 314066800609996
2026-09-14 08:08:41 - 暂停product成功：amazon_us_sopro 332604914017535
2026-09-14 08:08:41 - 暂停product成功：amazon_us_sopro 538815468323359
2026-09-14 08:08:41 - 暂停product成功：amazon_us_sopro 469862556033536
2026-09-14 08:08:41 - 暂停product成功：amazon_us_sopro 520902371223291
2026-09-14 08:08:41 - 暂停product成功：amazon_us_sopro 475023502262654
2026-09-14 08:08:41 - 暂停product成功：amazon_us_sopro 389346442221790
2026-09-14 08:08:41 - 暂停product成功：amazon_us_sopro 413165462612662
2026-09-14 08:08:41 - 暂停product成功：amazon_us_sopro 408289407897458
2026-09-14 08:08:41 - 暂停product成功：amazon_us_sopro 285488620163758
2026-09-14 08:08:41 - 暂停product成功：amazon_us_sopro 504083638449159
2026-09-14 08:08:41 - 暂停product成功：amazon_us_sopro 408230980417967
2026-09-14 08:08:41 - 暂停product成功：amazon_us_sopro 294542092625323
2026-09-14 08:08:41 - 暂停product成功：amazon_us_sopro 323010795122636
2026-09-14 08:08:41 - 暂停product成功：amazon_us_sopro 398086948553350
2026-09-14 08:08:41 - 暂停product成功：amazon_us_sopro 298352447685822
2026-09-14 08:08:41 - 暂停product成功：amazon_us_sopro 557572468328074
2026-09-14 08:08:41 - 暂停product成功：amazon_us_sopro 483854904894364
2026-09-14 08:08:41 - 暂停product成功：amazon_us_sopro 561359479017834
2026-09-14 08:08:41 - 暂停product成功：amazon_us_sopro 367877533594617
2026-09-14 08:08:41 - 暂停product成功：amazon_us_sopro 290458225993744
2026-09-14 08:08:41 - 暂停product成功：amazon_us_sopro 515915732613000
2026-09-14 08:08:41 - 暂停product成功：amazon_us_sopro 449454031010528
2026-09-14 08:08:41 - 暂停product成功：amazon_us_sopro 397484712662285
2026-09-14 08:08:41 - 暂停product成功：amazon_us_sopro 406184380058039
2026-09-14 08:08:41 - 暂停product成功：amazon_us_sopro 389892587622896
2026-09-14 08:08:41 - 暂停product成功：amazon_us_sopro 286305296458887
2026-09-14 08:08:41 - 暂停product成功：amazon_us_sopro 508093123250892
2026-09-14 08:08:41 - 暂停product成功：amazon_us_sopro 508130576088011
2026-09-14 08:08:41 - 暂停product成功：amazon_us_sopro 364544999565491
2026-09-14 08:08:41 - 暂停product成功：amazon_us_sopro 360012902254019
2026-09-14 08:08:41 - 暂停product成功：amazon_us_sopro 334665005124049
2026-09-14 08:08:41 - 暂停product成功：amazon_us_sopro 440831693395806
2026-09-14 08:08:41 - 暂停product成功：amazon_us_sopro 543767016021890
2026-09-14 08:08:41 - 暂停product成功：amazon_us_sopro 431175564815467
2026-09-14 08:08:41 - 暂停product成功：amazon_us_sopro 391541252766050
2026-09-14 08:08:41 - 暂停product成功：amazon_us_sopro 508979224135619
2026-09-14 08:08:41 - 暂停product成功：amazon_us_sopro 384028194550987
2026-09-14 08:08:41 - 暂停product成功：amazon_us_sopro 522694563164867
2026-09-14 08:08:41 - 暂停product成功：amazon_us_sopro 402108139548237
2026-09-14 08:08:41 - 暂停product成功：amazon_us_sopro 284137880355969
2026-09-14 08:08:41 - 暂停product成功：amazon_us_sopro 440122204293785
2026-09-14 08:08:41 - 暂停product成功：amazon_us_sopro 402787816407454
2026-09-14 08:08:41 - 暂停product成功：amazon_us_sopro 344578225976558
2026-09-14 08:08:41 - 暂停product成功：amazon_us_sopro 365248514697728
2026-09-14 08:08:41 - 暂停product成功：amazon_us_sopro 285412205189812
2026-09-14 08:08:41 - 暂停product成功：amazon_us_sopro 459132173050001
2026-09-14 08:08:41 - 暂停product成功：amazon_us_sopro 311803660898600
2026-09-14 08:08:41 - 暂停product成功：amazon_us_sopro 305028224491667
2026-09-14 08:08:41 - 暂停product成功：amazon_us_sopro 288859530175766
2026-09-14 08:08:41 - 暂停product成功：amazon_us_sopro 493891161144947
2026-09-14 08:08:41 - 暂停product成功：amazon_us_sopro 409220092762215
2026-09-14 08:08:41 - 暂停product成功：amazon_us_sopro 451887371167545
2026-09-14 08:08:41 - 暂停product成功：amazon_us_sopro 381715632280189
2026-09-14 08:08:41 - 暂停product成功：amazon_us_sopro 542637320845138
2026-09-14 08:08:41 - 暂停product成功：amazon_us_sopro 337050846717010
2026-09-14 08:08:41 - 暂停product成功：amazon_us_sopro 377094213357305
2026-09-14 08:08:41 - 暂停product成功：amazon_us_sopro 544441120600834
2026-09-14 08:08:41 - 暂停product成功：amazon_us_sopro 281402904453524
2026-09-14 08:08:41 - 暂停product成功：amazon_us_sopro 476822094950954
2026-09-14 08:08:41 - 暂停product成功：amazon_us_sopro 356705918902747
2026-09-14 08:08:41 - 暂停product成功：amazon_us_sopro 317291327955169
2026-09-14 08:08:41 - 暂停product成功：amazon_us_sopro 385061035726653
2026-09-14 08:08:41 - 暂停product成功：amazon_us_sopro 467669568699897
2026-09-14 08:08:41 - 暂停product成功：amazon_us_sopro 434016743118634
2026-09-14 08:08:41 - 暂停product成功：amazon_us_sopro 383041106385400
2026-09-14 08:08:41 - 暂停product成功：amazon_us_sopro 547333270447106
2026-09-14 08:08:41 - 暂停product成功：amazon_us_sopro 349862792938885
2026-09-14 08:08:41 - 暂停product成功：amazon_us_sopro 431298034429635
2026-09-14 08:08:41 - 暂停product成功：amazon_us_sopro 45010585364601
2026-09-14 08:08:41 - 暂停product成功：amazon_us_sopro 507884393984484
2026-09-14 08:08:41 - 暂停product成功：amazon_us_sopro 304969131293458
2026-09-14 08:08:41 - 暂停product成功：amazon_us_sopro 405473459529954
2026-09-14 08:08:41 - 暂停product成功：amazon_us_sopro 514508920293294
2026-09-14 08:08:41 - 暂停product成功：amazon_us_sopro 542191550711517
2026-09-14 08:08:41 - 暂停product成功：amazon_us_sopro 325536205612667
2026-09-14 08:08:41 - 暂停product成功：amazon_us_sopro 362339205198641
2026-09-14 08:08:41 - 暂停product成功：amazon_us_sopro 556191020141315
2026-09-14 08:08:41 - 暂停product成功：amazon_us_sopro 488462968139143
2026-09-14 08:08:41 - 暂停product成功：amazon_us_sopro 478781388629816
2026-09-14 08:08:41 - 暂停product成功：amazon_us_sopro 306743028477615
2026-09-14 08:08:41 - 暂停product成功：amazon_us_sopro 382476953923047
2026-09-14 08:08:41 - 暂停product成功：amazon_us_sopro 528498261019261
2026-09-14 08:08:41 - 暂停product成功：amazon_us_sopro 441293848747554
2026-09-14 08:08:41 - 暂停product成功：amazon_us_sopro 291990692271391
2026-09-14 08:08:41 - 暂停product成功：amazon_us_sopro 456852973542607
2026-09-14 08:08:41 - 暂停product成功：amazon_us_sopro 409352017628157
2026-09-14 08:08:41 - 暂停product成功：amazon_us_sopro 489145762210627
2026-09-14 08:08:41 - 暂停product成功：amazon_us_sopro 431465434572571
2026-09-14 08:08:41 - 暂停product成功：amazon_us_sopro 207769641949267
2026-09-14 08:08:41 - 暂停product成功：amazon_us_sopro 296245207969417
2026-09-14 08:08:41 - 暂停product成功：amazon_us_sopro 302713526346241
2026-09-14 08:08:41 - 暂停product成功：amazon_us_sopro 551846535297467
2026-09-14 08:08:41 - 暂停product成功：amazon_us_sopro 405295573282559
2026-09-14 08:08:41 - 暂停product成功：amazon_us_sopro 394972755716151
2026-09-14 08:08:41 - 暂停product成功：amazon_us_sopro 309990345333210
2026-09-14 08:08:41 - 暂停product成功：amazon_us_sopro 378201819392111
2026-09-14 08:08:41 - 暂停product成功：amazon_us_sopro 478706568027906
2026-09-14 08:08:41 - 暂停product成功：amazon_us_sopro 332517317375368
2026-09-14 08:08:41 - 暂停product成功：amazon_us_sopro 542164999880531
2026-09-14 08:08:42 - batchMongoUpdateProduct：共64条，成功64条，失败0条
2026-09-14 08:08:45 - {"status":"success","message":"success","data":[{"adId":555120647883832,"code":"SUCCESS"},{"adId":314410834337653,"code":"SUCCESS"},{"adId":319719158616998,"code":"SUCCESS"},{"adId":320521655740581,"code":"SUCCESS"},{"adId":432430981381242,"code":"SUCCESS"},{"adId":542220752594320,"code":"SUCCESS"},{"adId":513221253968067,"code":"SUCCESS"},{"adId":551208620275081,"code":"SUCCESS"},{"adId":359037738017109,"code":"SUCCESS"},{"adId":529363727847469,"code":"SUCCESS"},{"adId":481472628886999,"code":"SUCCESS"},{"adId":436207994561222,"code":"SUCCESS"},{"adId":364982193463954,"code":"SUCCESS"},{"adId":412671750761794,"code":"SUCCESS"},{"adId":442486436133247,"code":"SUCCESS"},{"adId":367248016389051,"code":"SUCCESS"},{"adId":390611383179484,"code":"SUCCESS"},{"adId":341271581758438,"code":"SUCCESS"},{"adId":403876488091256,"code":"SUCCESS"},{"adId":468762835299750,"code":"SUCCESS"},{"adId":282732059401105,"code":"SUCCESS"},{"adId":316989402005027,"code":"SUCCESS"},{"adId":543677145609779,"code":"SUCCESS"},{"adId":548887540609348,"code":"SUCCESS"},{"adId":504971000838383,"code":"SUCCESS"},{"adId":459718940902192,"code":"SUCCESS"},{"adId":474304963530523,"code":"SUCCESS"},{"adId":290978067363337,"code":"SUCCESS"},{"adId":531944210753472,"code":"SUCCESS"},{"adId":283447354337080,"code":"SUCCESS"},{"adId":327162756101345,"code":"SUCCESS"},{"adId":521140992564204,"code":"SUCCESS"},{"adId":463377077958637,"code":"SUCCESS"},{"adId":302373005702765,"code":"SUCCESS"},{"adId":399834852721443,"code":"SUCCESS"},{"adId":328483122742784,"code":"SUCCESS"},{"adId":424753210176915,"code":"SUCCESS"},{"adId":432207291238844,"code":"SUCCESS"},{"adId":534075751690772,"code":"SUCCESS"},{"adId":292627752275890,"code":"SUCCESS"},{"adId":329338314594862,"code":"SUCCESS"},{"adId":306098359082607,"code":"SUCCESS"},{"adId":378623503516431,"code":"SUCCESS"},{"adId":418085364091048,"code":"SUCCESS"},{"adId":510291524642960,"code":"SUCCESS"},{"adId":383041855672881,"code":"SUCCESS"},{"adId":300138101591307,"code":"SUCCESS"},{"adId":443045230642212,"code":"SUCCESS"},{"adId":505491239342459,"code":"SUCCESS"},{"adId":556861219205767,"code":"SUCCESS"},{"adId":443515203661995,"code":"SUCCESS"},{"adId":317841920551958,"code":"SUCCESS"},{"adId":554630280820038,"code":"SUCCESS"},{"adId":393425261597326,"code":"SUCCESS"},{"adId":522828404846390,"code":"SUCCESS"},{"adId":321946946076448,"code":"SUCCESS"},{"adId":384303474670786,"code":"SUCCESS"},{"adId":502144262490728,"code":"SUCCESS"},{"adId":310746753071017,"code":"SUCCESS"},{"adId":483804575649074,"code":"SUCCESS"},{"adId":562531212562540,"code":"SUCCESS"},{"adId":528248156085161,"code":"SUCCESS"},{"adId":329944122790310,"code":"SUCCESS"},{"adId":512128751143709,"code":"SUCCESS"},{"adId":545488824130575,"code":"SUCCESS"},{"adId":353605723015607,"code":"SUCCESS"},{"adId":537555389420460,"code":"SUCCESS"},{"adId":307657022757579,"code":"SUCCESS"},{"adId":492516417424574,"code":"SUCCESS"},{"adId":442845947654199,"code":"SUCCESS"},{"adId":330211477336932,"code":"SUCCESS"},{"adId":521442119069500,"code":"SUCCESS"},{"adId":439717420817309,"code":"SUCCESS"},{"adId":555548850622640,"code":"SUCCESS"},{"adId":505363936677303,"code":"SUCCESS"},{"adId":525883988623007,"code":"SUCCESS"},{"adId":319810989777355,"code":"SUCCESS"},{"adId":543057356328443,"code":"SUCCESS"},{"adId":330926129303045,"code":"SUCCESS"},{"adId":441994477193653,"code":"SUCCESS"},{"adId":441445923772659,"code":"SUCCESS"},{"adId":428011253860064,"code":"SUCCESS"},{"adId":361104880683634,"code":"SUCCESS"},{"adId":417460526577521,"code":"SUCCESS"},{"adId":511511778733192,"code":"SUCCESS"},{"adId":562543024250486,"code":"SUCCESS"},{"adId":434020237708234,"code":"SUCCESS"},{"adId":417966565028646,"code":"SUCCESS"},{"adId":518551741572634,"code":"SUCCESS"},{"adId":444327406190374,"code":"SUCCESS"},{"adId":282946886108492,"code":"SUCCESS"},{"adId":554889516293374,"code":"SUCCESS"},{"adId":328113734970142,"code":"SUCCESS"},{"adId":536924680381313,"code":"SUCCESS"},{"adId":306749863514002,"code":"SUCCESS"}]}
2026-09-14 08:08:45 - 暂停product成功：amazon_ca_ifn 555120647883832
2026-09-14 08:08:45 - 暂停product成功：amazon_ca_ifn 314410834337653
2026-09-14 08:08:45 - 暂停product成功：amazon_ca_ifn 319719158616998
2026-09-14 08:08:45 - 暂停product成功：amazon_ca_ifn 320521655740581
2026-09-14 08:08:45 - 暂停product成功：amazon_ca_ifn 432430981381242
2026-09-14 08:08:45 - 暂停product成功：amazon_ca_ifn 542220752594320
2026-09-14 08:08:45 - 暂停product成功：amazon_ca_ifn 513221253968067
2026-09-14 08:08:45 - 暂停product成功：amazon_ca_ifn 551208620275081
2026-09-14 08:08:45 - 暂停product成功：amazon_ca_ifn 359037738017109
2026-09-14 08:08:45 - 暂停product成功：amazon_ca_ifn 529363727847469
2026-09-14 08:08:45 - 暂停product成功：amazon_ca_ifn 481472628886999
2026-09-14 08:08:45 - 暂停product成功：amazon_ca_ifn 436207994561222
2026-09-14 08:08:45 - 暂停product成功：amazon_ca_ifn 364982193463954
2026-09-14 08:08:45 - 暂停product成功：amazon_ca_ifn 412671750761794
2026-09-14 08:08:45 - 暂停product成功：amazon_ca_ifn 442486436133247
2026-09-14 08:08:45 - 暂停product成功：amazon_ca_ifn 367248016389051
2026-09-14 08:08:45 - 暂停product成功：amazon_ca_ifn 390611383179484
2026-09-14 08:08:45 - 暂停product成功：amazon_ca_ifn 341271581758438
2026-09-14 08:08:45 - 暂停product成功：amazon_ca_ifn 403876488091256
2026-09-14 08:08:45 - 暂停product成功：amazon_ca_ifn 468762835299750
2026-09-14 08:08:45 - 暂停product成功：amazon_ca_ifn 282732059401105
2026-09-14 08:08:45 - 暂停product成功：amazon_ca_ifn 316989402005027
2026-09-14 08:08:45 - 暂停product成功：amazon_ca_ifn 543677145609779
2026-09-14 08:08:45 - 暂停product成功：amazon_ca_ifn 548887540609348
2026-09-14 08:08:45 - 暂停product成功：amazon_ca_ifn 504971000838383
2026-09-14 08:08:45 - 暂停product成功：amazon_ca_ifn 459718940902192
2026-09-14 08:08:45 - 暂停product成功：amazon_ca_ifn 474304963530523
2026-09-14 08:08:45 - 暂停product成功：amazon_ca_ifn 290978067363337
2026-09-14 08:08:45 - 暂停product成功：amazon_ca_ifn 531944210753472
2026-09-14 08:08:45 - 暂停product成功：amazon_ca_ifn 283447354337080
2026-09-14 08:08:45 - 暂停product成功：amazon_ca_ifn 327162756101345
2026-09-14 08:08:45 - 暂停product成功：amazon_ca_ifn 521140992564204
2026-09-14 08:08:45 - 暂停product成功：amazon_ca_ifn 463377077958637
2026-09-14 08:08:45 - 暂停product成功：amazon_ca_ifn 302373005702765
2026-09-14 08:08:45 - 暂停product成功：amazon_ca_ifn 399834852721443
2026-09-14 08:08:45 - 暂停product成功：amazon_ca_ifn 328483122742784
2026-09-14 08:08:45 - 暂停product成功：amazon_ca_ifn 424753210176915
2026-09-14 08:08:45 - 暂停product成功：amazon_ca_ifn 432207291238844
2026-09-14 08:08:45 - 暂停product成功：amazon_ca_ifn 534075751690772
2026-09-14 08:08:45 - 暂停product成功：amazon_ca_ifn 292627752275890
2026-09-14 08:08:45 - 暂停product成功：amazon_ca_ifn 329338314594862
2026-09-14 08:08:45 - 暂停product成功：amazon_ca_ifn 306098359082607
2026-09-14 08:08:45 - 暂停product成功：amazon_ca_ifn 378623503516431
2026-09-14 08:08:45 - 暂停product成功：amazon_ca_ifn 418085364091048
2026-09-14 08:08:45 - 暂停product成功：amazon_ca_ifn 510291524642960
2026-09-14 08:08:45 - 暂停product成功：amazon_ca_ifn 383041855672881
2026-09-14 08:08:45 - 暂停product成功：amazon_ca_ifn 300138101591307
2026-09-14 08:08:45 - 暂停product成功：amazon_ca_ifn 443045230642212
2026-09-14 08:08:45 - 暂停product成功：amazon_ca_ifn 505491239342459
2026-09-14 08:08:45 - 暂停product成功：amazon_ca_ifn 556861219205767
2026-09-14 08:08:45 - 暂停product成功：amazon_ca_ifn 443515203661995
2026-09-14 08:08:45 - 暂停product成功：amazon_ca_ifn 317841920551958
2026-09-14 08:08:45 - 暂停product成功：amazon_ca_ifn 554630280820038
2026-09-14 08:08:45 - 暂停product成功：amazon_ca_ifn 393425261597326
2026-09-14 08:08:45 - 暂停product成功：amazon_ca_ifn 522828404846390
2026-09-14 08:08:45 - 暂停product成功：amazon_ca_ifn 321946946076448
2026-09-14 08:08:45 - 暂停product成功：amazon_ca_ifn 384303474670786
2026-09-14 08:08:45 - 暂停product成功：amazon_ca_ifn 502144262490728
2026-09-14 08:08:45 - 暂停product成功：amazon_ca_ifn 310746753071017
2026-09-14 08:08:45 - 暂停product成功：amazon_ca_ifn 483804575649074
2026-09-14 08:08:45 - 暂停product成功：amazon_ca_ifn 562531212562540
2026-09-14 08:08:45 - 暂停product成功：amazon_ca_ifn 528248156085161
2026-09-14 08:08:45 - 暂停product成功：amazon_ca_ifn 329944122790310
2026-09-14 08:08:45 - 暂停product成功：amazon_ca_ifn 512128751143709
2026-09-14 08:08:45 - 暂停product成功：amazon_ca_ifn 545488824130575
2026-09-14 08:08:45 - 暂停product成功：amazon_ca_ifn 353605723015607
2026-09-14 08:08:45 - 暂停product成功：amazon_ca_ifn 537555389420460
2026-09-14 08:08:45 - 暂停product成功：amazon_ca_ifn 307657022757579
2026-09-14 08:08:45 - 暂停product成功：amazon_ca_ifn 492516417424574
2026-09-14 08:08:45 - 暂停product成功：amazon_ca_ifn 442845947654199
2026-09-14 08:08:45 - 暂停product成功：amazon_ca_ifn 330211477336932
2026-09-14 08:08:45 - 暂停product成功：amazon_ca_ifn 521442119069500
2026-09-14 08:08:45 - 暂停product成功：amazon_ca_ifn 439717420817309
2026-09-14 08:08:45 - 暂停product成功：amazon_ca_ifn 555548850622640
2026-09-14 08:08:45 - 暂停product成功：amazon_ca_ifn 505363936677303
2026-09-14 08:08:45 - 暂停product成功：amazon_ca_ifn 525883988623007
2026-09-14 08:08:45 - 暂停product成功：amazon_ca_ifn 319810989777355
2026-09-14 08:08:45 - 暂停product成功：amazon_ca_ifn 543057356328443
2026-09-14 08:08:45 - 暂停product成功：amazon_ca_ifn 330926129303045
2026-09-14 08:08:45 - 暂停product成功：amazon_ca_ifn 441994477193653
2026-09-14 08:08:45 - 暂停product成功：amazon_ca_ifn 441445923772659
2026-09-14 08:08:45 - 暂停product成功：amazon_ca_ifn 428011253860064
2026-09-14 08:08:45 - 暂停product成功：amazon_ca_ifn 361104880683634
2026-09-14 08:08:45 - 暂停product成功：amazon_ca_ifn 417460526577521
2026-09-14 08:08:45 - 暂停product成功：amazon_ca_ifn 511511778733192
2026-09-14 08:08:45 - 暂停product成功：amazon_ca_ifn 562543024250486
2026-09-14 08:08:45 - 暂停product成功：amazon_ca_ifn 434020237708234
2026-09-14 08:08:45 - 暂停product成功：amazon_ca_ifn 417966565028646
2026-09-14 08:08:45 - 暂停product成功：amazon_ca_ifn 518551741572634
2026-09-14 08:08:45 - 暂停product成功：amazon_ca_ifn 444327406190374
2026-09-14 08:08:45 - 暂停product成功：amazon_ca_ifn 282946886108492
2026-09-14 08:08:45 - 暂停product成功：amazon_ca_ifn 554889516293374
2026-09-14 08:08:45 - 暂停product成功：amazon_ca_ifn 328113734970142
2026-09-14 08:08:45 - 暂停product成功：amazon_ca_ifn 536924680381313
2026-09-14 08:08:45 - 暂停product成功：amazon_ca_ifn 306749863514002
2026-09-14 08:08:45 - batchMongoUpdateProduct：共85条，成功85条，失败0条
2026-09-14 08:08:48 - {"status":"success","message":"success","data":[{"adId":449707497877824,"code":"SUCCESS"},{"adId":303444082944284,"code":"SUCCESS"},{"adId":522151063303686,"code":"SUCCESS"},{"adId":381911500503274,"code":"SUCCESS"},{"adId":500544564799259,"code":"SUCCESS"},{"adId":545903330764999,"code":"SUCCESS"},{"adId":375316864868695,"code":"SUCCESS"},{"adId":518719509353023,"code":"SUCCESS"},{"adId":405871540294770,"code":"SUCCESS"},{"adId":512375883483220,"code":"SUCCESS"},{"adId":384876784682413,"code":"SUCCESS"},{"adId":522866224195076,"code":"SUCCESS"},{"adId":509875570529876,"code":"SUCCESS"},{"adId":505327279027076,"code":"SUCCESS"},{"adId":417203842373079,"code":"SUCCESS"},{"adId":347449611246159,"code":"SUCCESS"},{"adId":286776588305387,"code":"SUCCESS"},{"adId":560632002240821,"code":"SUCCESS"},{"adId":301689102051955,"code":"SUCCESS"},{"adId":453673107618691,"code":"SUCCESS"},{"adId":488857547087526,"code":"SUCCESS"},{"adId":403231658553689,"code":"SUCCESS"},{"adId":489622969801178,"code":"SUCCESS"},{"adId":468122065153227,"code":"SUCCESS"},{"adId":420070150924400,"code":"SUCCESS"},{"adId":532458999262135,"code":"SUCCESS"},{"adId":475877513320628,"code":"SUCCESS"},{"adId":425268092623225,"code":"SUCCESS"},{"adId":461708119710307,"code":"SUCCESS"},{"adId":472301759473190,"code":"SUCCESS"},{"adId":365193468944088,"code":"SUCCESS"},{"adId":290915364135524,"code":"SUCCESS"},{"adId":467113885289022,"code":"SUCCESS"},{"adId":516976150482442,"code":"SUCCESS"},{"adId":434965696895568,"code":"SUCCESS"},{"adId":530514107331477,"code":"SUCCESS"},{"adId":330828270481052,"code":"SUCCESS"},{"adId":513500661466344,"code":"SUCCESS"},{"adId":499588832828266,"code":"SUCCESS"},{"adId":480113161341415,"code":"SUCCESS"},{"adId":283448529821904,"code":"SUCCESS"},{"adId":369143722584762,"code":"SUCCESS"},{"adId":409238747058828,"code":"SUCCESS"},{"adId":380496230153183,"code":"SUCCESS"},{"adId":361232011601010,"code":"SUCCESS"},{"adId":282908438856409,"code":"SUCCESS"},{"adId":498186871465003,"code":"SUCCESS"},{"adId":307762806574413,"code":"SUCCESS"},{"adId":521248881496266,"code":"SUCCESS"},{"adId":453493199287053,"code":"SUCCESS"},{"adId":425134445638527,"code":"SUCCESS"},{"adId":388189137444237,"code":"SUCCESS"},{"adId":298726140561743,"code":"SUCCESS"},{"adId":551649826932315,"code":"SUCCESS"},{"adId":436367735912082,"code":"SUCCESS"},{"adId":412862284340908,"code":"SUCCESS"},{"adId":507217317173384,"code":"SUCCESS"},{"adId":291367735023463,"code":"SUCCESS"},{"adId":504993223303762,"code":"SUCCESS"},{"adId":334440923812983,"code":"SUCCESS"},{"adId":487240881852866,"code":"SUCCESS"},{"adId":463310437996885,"code":"SUCCESS"},{"adId":294646406973971,"code":"SUCCESS"},{"adId":320136000845145,"code":"SUCCESS"},{"adId":497302750991965,"code":"SUCCESS"},{"adId":444608775211903,"code":"SUCCESS"},{"adId":478279450532438,"code":"SUCCESS"},{"adId":369657441280225,"code":"SUCCESS"},{"adId":537026335998021,"code":"SUCCESS"},{"adId":312190785168161,"code":"SUCCESS"},{"adId":292604134174436,"code":"SUCCESS"},{"adId":401794827967863,"code":"SUCCESS"},{"adId":531282051281488,"code":"SUCCESS"},{"adId":427485047350211,"code":"SUCCESS"},{"adId":558260599510853,"code":"SUCCESS"},{"adId":342407814727921,"code":"SUCCESS"},{"adId":393797130114016,"code":"SUCCESS"},{"adId":336440521230184,"code":"SUCCESS"},{"adId":320339445445468,"code":"SUCCESS"},{"adId":478786232361158,"code":"SUCCESS"},{"adId":464391282679489,"code":"SUCCESS"},{"adId":389282456726939,"code":"SUCCESS"},{"adId":289674263480082,"code":"SUCCESS"},{"adId":508195491655504,"code":"SUCCESS"},{"adId":421833332982307,"code":"SUCCESS"},{"adId":371718383020827,"code":"SUCCESS"},{"adId":414967741741812,"code":"SUCCESS"},{"adId":322128491760134,"code":"SUCCESS"},{"adId":417585777812537,"code":"SUCCESS"},{"adId":495662156134123,"code":"SUCCESS"},{"adId":356933222613380,"code":"SUCCESS"},{"adId":441124992141245,"code":"SUCCESS"},{"adId":500995454884492,"code":"SUCCESS"},{"adId":292881661546485,"code":"SUCCESS"},{"adId":452490993775184,"code":"SUCCESS"},{"adId":562076229639447,"code":"SUCCESS"},{"adId":504872753783998,"code":"SUCCESS"},{"adId":413523322295758,"code":"SUCCESS"},{"adId":550599440936290,"code":"SUCCESS"},{"adId":406553191013021,"code":"SUCCESS"},{"adId":533156040776069,"code":"SUCCESS"},{"adId":399206993511456,"code":"SUCCESS"},{"adId":455316739891261,"code":"SUCCESS"},{"adId":436573845415791,"code":"SUCCESS"},{"adId":383871011385929,"code":"SUCCESS"},{"adId":496702023408379,"code":"SUCCESS"},{"adId":346022937987442,"code":"SUCCESS"},{"adId":306858016109202,"code":"SUCCESS"},{"adId":436815718727479,"code":"SUCCESS"},{"adId":368554916462643,"code":"SUCCESS"},{"adId":530326864560805,"code":"SUCCESS"},{"adId":292434682230057,"code":"SUCCESS"},{"adId":510694062923951,"code":"SUCCESS"},{"adId":409180345711683,"code":"SUCCESS"},{"adId":387022702560591,"code":"SUCCESS"},{"adId":369932033038644,"code":"SUCCESS"},{"adId":373929180153507,"code":"SUCCESS"},{"adId":543423045455795,"code":"SUCCESS"},{"adId":480515011800977,"code":"SUCCESS"},{"adId":453841868218887,"code":"SUCCESS"},{"adId":555622063286069,"code":"SUCCESS"},{"adId":317964399987686,"code":"SUCCESS"},{"adId":460946564985939,"code":"SUCCESS"},{"adId":499120255509192,"code":"SUCCESS"},{"adId":383696954729010,"code":"SUCCESS"},{"adId":555555018125642,"code":"SUCCESS"},{"adId":320332068817443,"code":"SUCCESS"},{"adId":420247428312176,"code":"SUCCESS"},{"adId":505931652491228,"code":"SUCCESS"},{"adId":521578175843592,"code":"SUCCESS"},{"adId":466140351163479,"code":"SUCCESS"},{"adId":482633536621494,"code":"SUCCESS"},{"adId":422270460439494,"code":"SUCCESS"},{"adId":308903448981039,"code":"SUCCESS"},{"adId":354974956385245,"code":"SUCCESS"},{"adId":473867689511396,"code":"SUCCESS"},{"adId":408019946663610,"code":"SUCCESS"},{"adId":41804069159464,"code":"SUCCESS"},{"adId":357091589221674,"code":"SUCCESS"},{"adId":398424166541265,"code":"SUCCESS"},{"adId":460661992966181,"code":"SUCCESS"},{"adId":504549681762314,"code":"SUCCESS"},{"adId":394260907674787,"code":"SUCCESS"},{"adId":289407043229783,"code":"SUCCESS"},{"adId":464414856189604,"code":"SUCCESS"},{"adId":367719363105633,"code":"SUCCESS"},{"adId":357731803636770,"code":"SUCCESS"},{"adId":283052673909490,"code":"SUCCESS"},{"adId":443028101979869,"code":"SUCCESS"},{"adId":290429415602435,"code":"SUCCESS"},{"adId":498076218345654,"code":"SUCCESS"},{"adId":557008640932889,"code":"SUCCESS"},{"adId":438847811021303,"code":"SUCCESS"},{"adId":449114643129711,"code":"SUCCESS"},{"adId":380749696423126,"code":"SUCCESS"},{"adId":474100580565276,"code":"SUCCESS"},{"adId":547436443374950,"code":"SUCCESS"},{"adId":444987650828949,"code":"SUCCESS"},{"adId":447957964441768,"code":"SUCCESS"},{"adId":416693231102726,"code":"SUCCESS"},{"adId":370261761100490,"code":"SUCCESS"},{"adId":455003965058512,"code":"SUCCESS"},{"adId":347215573438727,"code":"SUCCESS"},{"adId":287565352390902,"code":"SUCCESS"},{"adId":444140676788923,"code":"SUCCESS"},{"adId":397427971572842,"code":"SUCCESS"},{"adId":289165154721004,"code":"SUCCESS"},{"adId":376922867004592,"code":"SUCCESS"},{"adId":548536146243299,"code":"SUCCESS"},{"adId":524998523167577,"code":"SUCCESS"},{"adId":413387524221120,"code":"SUCCESS"},{"adId":381226234036546,"code":"SUCCESS"},{"adId":328949628609033,"code":"SUCCESS"},{"adId":328254259466302,"code":"SUCCESS"},{"adId":320553151113963,"code":"SUCCESS"},{"adId":561035003149295,"code":"SUCCESS"},{"adId":372083289761171,"code":"SUCCESS"},{"adId":504739357310989,"code":"SUCCESS"},{"adId":415038186089039,"code":"SUCCESS"},{"adId":387693152297686,"code":"SUCCESS"},{"adId":403352985156280,"code":"SUCCESS"},{"adId":381912119408002,"code":"SUCCESS"},{"adId":523155455271690,"code":"SUCCESS"},{"adId":289087609506304,"code":"SUCCESS"},{"adId":408354222457892,"code":"SUCCESS"},{"adId":401286640695519,"code":"SUCCESS"},{"adId":453152477645934,"code":"SUCCESS"},{"adId":534954272325685,"code":"SUCCESS"},{"adId":544770956050664,"code":"SUCCESS"},{"adId":318484376221212,"code":"SUCCESS"},{"adId":517205974999068,"code":"SUCCESS"},{"adId":354309259109169,"code":"SUCCESS"},{"adId":553626547882843,"code":"SUCCESS"},{"adId":337749519495544,"code":"SUCCESS"},{"adId":315473158720632,"code":"SUCCESS"},{"adId":341955068950389,"code":"SUCCESS"},{"adId":458155849164847,"code":"SUCCESS"},{"adId":381184251924488,"code":"SUCCESS"},[{"description":"Archived entity cannot be modified","code":"ARCHIVED_ENTITY_CANNOT_BE_MODIFIED"},{"description":"Archived entity cannot be modified","code":"ARCHIVED_ENTITY_CANNOT_BE_MODIFIED"}]]}
2026-09-14 08:08:48 - 暂停product成功：amazon_us_ac1 449707497877824
2026-09-14 08:08:48 - 暂停product成功：amazon_us_ac1 303444082944284
2026-09-14 08:08:48 - 暂停product成功：amazon_us_ac1 522151063303686
2026-09-14 08:08:48 - 暂停product成功：amazon_us_ac1 381911500503274
2026-09-14 08:08:48 - 暂停product成功：amazon_us_ac1 500544564799259
2026-09-14 08:08:48 - 暂停product成功：amazon_us_ac1 545903330764999
2026-09-14 08:08:48 - 暂停product成功：amazon_us_ac1 375316864868695
2026-09-14 08:08:48 - 暂停product成功：amazon_us_ac1 518719509353023
2026-09-14 08:08:48 - 暂停product成功：amazon_us_ac1 405871540294770
2026-09-14 08:08:48 - 暂停product成功：amazon_us_ac1 512375883483220
2026-09-14 08:08:48 - 暂停product成功：amazon_us_ac1 384876784682413
2026-09-14 08:08:48 - 暂停product成功：amazon_us_ac1 522866224195076
2026-09-14 08:08:48 - 暂停product成功：amazon_us_ac1 509875570529876
2026-09-14 08:08:48 - 暂停product成功：amazon_us_ac1 505327279027076
2026-09-14 08:08:48 - 暂停product成功：amazon_us_ac1 417203842373079
2026-09-14 08:08:48 - 暂停product成功：amazon_us_ac1 347449611246159
2026-09-14 08:08:48 - 暂停product成功：amazon_us_ac1 286776588305387
2026-09-14 08:08:48 - 暂停product成功：amazon_us_ac1 560632002240821
2026-09-14 08:08:48 - 暂停product成功：amazon_us_ac1 301689102051955
2026-09-14 08:08:48 - 暂停product成功：amazon_us_ac1 453673107618691
2026-09-14 08:08:48 - 暂停product成功：amazon_us_ac1 488857547087526
2026-09-14 08:08:48 - 暂停product成功：amazon_us_ac1 403231658553689
2026-09-14 08:08:48 - 暂停product成功：amazon_us_ac1 489622969801178
2026-09-14 08:08:48 - 暂停product成功：amazon_us_ac1 468122065153227
2026-09-14 08:08:48 - 暂停product成功：amazon_us_ac1 420070150924400
2026-09-14 08:08:48 - 暂停product成功：amazon_us_ac1 532458999262135
2026-09-14 08:08:48 - 暂停product成功：amazon_us_ac1 475877513320628
2026-09-14 08:08:48 - 暂停product成功：amazon_us_ac1 425268092623225
2026-09-14 08:08:48 - 暂停product成功：amazon_us_ac1 461708119710307
2026-09-14 08:08:48 - 暂停product成功：amazon_us_ac1 472301759473190
2026-09-14 08:08:48 - 暂停product失败：amazon_us_ac1 311606110531557
2026-09-14 08:08:48 - 暂停product成功：amazon_us_ac1 365193468944088
2026-09-14 08:08:48 - 暂停product成功：amazon_us_ac1 290915364135524
2026-09-14 08:08:48 - 暂停product成功：amazon_us_ac1 467113885289022
2026-09-14 08:08:48 - 暂停product成功：amazon_us_ac1 516976150482442
2026-09-14 08:08:48 - 暂停product成功：amazon_us_ac1 434965696895568
2026-09-14 08:08:48 - 暂停product成功：amazon_us_ac1 530514107331477
2026-09-14 08:08:48 - 暂停product成功：amazon_us_ac1 330828270481052
2026-09-14 08:08:48 - 暂停product成功：amazon_us_ac1 513500661466344
2026-09-14 08:08:48 - 暂停product成功：amazon_us_ac1 499588832828266
2026-09-14 08:08:48 - 暂停product成功：amazon_us_ac1 480113161341415
2026-09-14 08:08:48 - 暂停product成功：amazon_us_ac1 283448529821904
2026-09-14 08:08:48 - 暂停product成功：amazon_us_ac1 369143722584762
2026-09-14 08:08:48 - 暂停product成功：amazon_us_ac1 409238747058828
2026-09-14 08:08:48 - 暂停product成功：amazon_us_ac1 380496230153183
2026-09-14 08:08:48 - 暂停product成功：amazon_us_ac1 361232011601010
2026-09-14 08:08:48 - 暂停product成功：amazon_us_ac1 282908438856409
2026-09-14 08:08:48 - 暂停product成功：amazon_us_ac1 498186871465003
2026-09-14 08:08:48 - 暂停product成功：amazon_us_ac1 307762806574413
2026-09-14 08:08:48 - 暂停product成功：amazon_us_ac1 521248881496266
2026-09-14 08:08:48 - 暂停product成功：amazon_us_ac1 453493199287053
2026-09-14 08:08:48 - 暂停product成功：amazon_us_ac1 425134445638527
2026-09-14 08:08:48 - 暂停product成功：amazon_us_ac1 388189137444237
2026-09-14 08:08:48 - 暂停product成功：amazon_us_ac1 298726140561743
2026-09-14 08:08:48 - 暂停product成功：amazon_us_ac1 551649826932315
2026-09-14 08:08:48 - 暂停product成功：amazon_us_ac1 436367735912082
2026-09-14 08:08:48 - 暂停product成功：amazon_us_ac1 412862284340908
2026-09-14 08:08:48 - 暂停product成功：amazon_us_ac1 507217317173384
2026-09-14 08:08:48 - 暂停product成功：amazon_us_ac1 291367735023463
2026-09-14 08:08:48 - 暂停product成功：amazon_us_ac1 504993223303762
2026-09-14 08:08:48 - 暂停product成功：amazon_us_ac1 334440923812983
2026-09-14 08:08:48 - 暂停product成功：amazon_us_ac1 487240881852866
2026-09-14 08:08:48 - 暂停product成功：amazon_us_ac1 463310437996885
2026-09-14 08:08:48 - 暂停product成功：amazon_us_ac1 294646406973971
2026-09-14 08:08:48 - 暂停product成功：amazon_us_ac1 320136000845145
2026-09-14 08:08:48 - 暂停product成功：amazon_us_ac1 497302750991965
2026-09-14 08:08:48 - 暂停product成功：amazon_us_ac1 444608775211903
2026-09-14 08:08:48 - 暂停product成功：amazon_us_ac1 478279450532438
2026-09-14 08:08:48 - 暂停product成功：amazon_us_ac1 369657441280225
2026-09-14 08:08:48 - 暂停product成功：amazon_us_ac1 537026335998021
2026-09-14 08:08:48 - 暂停product成功：amazon_us_ac1 312190785168161
2026-09-14 08:08:48 - 暂停product成功：amazon_us_ac1 292604134174436
2026-09-14 08:08:48 - 暂停product成功：amazon_us_ac1 401794827967863
2026-09-14 08:08:48 - 暂停product成功：amazon_us_ac1 531282051281488
2026-09-14 08:08:48 - 暂停product成功：amazon_us_ac1 427485047350211
2026-09-14 08:08:48 - 暂停product成功：amazon_us_ac1 558260599510853
2026-09-14 08:08:48 - 暂停product成功：amazon_us_ac1 342407814727921
2026-09-14 08:08:48 - 暂停product成功：amazon_us_ac1 393797130114016
2026-09-14 08:08:48 - 暂停product成功：amazon_us_ac1 336440521230184
2026-09-14 08:08:48 - 暂停product成功：amazon_us_ac1 320339445445468
2026-09-14 08:08:48 - 暂停product成功：amazon_us_ac1 478786232361158
2026-09-14 08:08:48 - 暂停product成功：amazon_us_ac1 464391282679489
2026-09-14 08:08:48 - 暂停product成功：amazon_us_ac1 389282456726939
2026-09-14 08:08:48 - 暂停product成功：amazon_us_ac1 289674263480082
2026-09-14 08:08:48 - 暂停product成功：amazon_us_ac1 508195491655504
2026-09-14 08:08:48 - 暂停product成功：amazon_us_ac1 421833332982307
2026-09-14 08:08:48 - 暂停product成功：amazon_us_ac1 371718383020827
2026-09-14 08:08:48 - 暂停product成功：amazon_us_ac1 414967741741812
2026-09-14 08:08:48 - 暂停product成功：amazon_us_ac1 322128491760134
2026-09-14 08:08:48 - 暂停product成功：amazon_us_ac1 417585777812537
2026-09-14 08:08:48 - 暂停product成功：amazon_us_ac1 495662156134123
2026-09-14 08:08:48 - 暂停product成功：amazon_us_ac1 356933222613380
2026-09-14 08:08:48 - 暂停product成功：amazon_us_ac1 441124992141245
2026-09-14 08:08:48 - 暂停product成功：amazon_us_ac1 500995454884492
2026-09-14 08:08:48 - 暂停product成功：amazon_us_ac1 292881661546485
2026-09-14 08:08:48 - 暂停product成功：amazon_us_ac1 452490993775184
2026-09-14 08:08:48 - 暂停product成功：amazon_us_ac1 562076229639447
2026-09-14 08:08:48 - 暂停product成功：amazon_us_ac1 504872753783998
2026-09-14 08:08:48 - 暂停product成功：amazon_us_ac1 413523322295758
2026-09-14 08:08:48 - 暂停product成功：amazon_us_ac1 550599440936290
2026-09-14 08:08:48 - 暂停product成功：amazon_us_ac1 406553191013021
2026-09-14 08:08:48 - 暂停product成功：amazon_us_ac1 533156040776069
2026-09-14 08:08:48 - 暂停product成功：amazon_us_ac1 399206993511456
2026-09-14 08:08:48 - 暂停product成功：amazon_us_ac1 455316739891261
2026-09-14 08:08:48 - 暂停product成功：amazon_us_ac1 436573845415791
2026-09-14 08:08:48 - 暂停product成功：amazon_us_ac1 383871011385929
2026-09-14 08:08:48 - 暂停product成功：amazon_us_ac1 496702023408379
2026-09-14 08:08:48 - 暂停product成功：amazon_us_ac1 346022937987442
2026-09-14 08:08:48 - 暂停product成功：amazon_us_ac1 306858016109202
2026-09-14 08:08:48 - 暂停product成功：amazon_us_ac1 436815718727479
2026-09-14 08:08:48 - 暂停product成功：amazon_us_ac1 368554916462643
2026-09-14 08:08:48 - 暂停product成功：amazon_us_ac1 530326864560805
2026-09-14 08:08:48 - 暂停product成功：amazon_us_ac1 292434682230057
2026-09-14 08:08:48 - 暂停product成功：amazon_us_ac1 510694062923951
2026-09-14 08:08:48 - 暂停product成功：amazon_us_ac1 409180345711683
2026-09-14 08:08:48 - 暂停product成功：amazon_us_ac1 387022702560591
2026-09-14 08:08:48 - 暂停product成功：amazon_us_ac1 369932033038644
2026-09-14 08:08:48 - 暂停product成功：amazon_us_ac1 373929180153507
2026-09-14 08:08:48 - 暂停product失败：amazon_us_ac1 341578804635599
2026-09-14 08:08:48 - 暂停product成功：amazon_us_ac1 543423045455795
2026-09-14 08:08:48 - 暂停product成功：amazon_us_ac1 480515011800977
2026-09-14 08:08:48 - 暂停product成功：amazon_us_ac1 453841868218887
2026-09-14 08:08:48 - 暂停product成功：amazon_us_ac1 555622063286069
2026-09-14 08:08:48 - 暂停product成功：amazon_us_ac1 317964399987686
2026-09-14 08:08:48 - 暂停product成功：amazon_us_ac1 460946564985939
2026-09-14 08:08:48 - 暂停product成功：amazon_us_ac1 499120255509192
2026-09-14 08:08:48 - 暂停product成功：amazon_us_ac1 383696954729010
2026-09-14 08:08:48 - 暂停product成功：amazon_us_ac1 555555018125642
2026-09-14 08:08:48 - 暂停product成功：amazon_us_ac1 320332068817443
2026-09-14 08:08:48 - 暂停product成功：amazon_us_ac1 420247428312176
2026-09-14 08:08:48 - 暂停product成功：amazon_us_ac1 505931652491228
2026-09-14 08:08:48 - 暂停product成功：amazon_us_ac1 521578175843592
2026-09-14 08:08:48 - 暂停product成功：amazon_us_ac1 466140351163479
2026-09-14 08:08:48 - 暂停product成功：amazon_us_ac1 482633536621494
2026-09-14 08:08:48 - 暂停product成功：amazon_us_ac1 422270460439494
2026-09-14 08:08:48 - 暂停product成功：amazon_us_ac1 308903448981039
2026-09-14 08:08:48 - 暂停product成功：amazon_us_ac1 354974956385245
2026-09-14 08:08:48 - 暂停product成功：amazon_us_ac1 473867689511396
2026-09-14 08:08:48 - 暂停product成功：amazon_us_ac1 408019946663610
2026-09-14 08:08:48 - 暂停product成功：amazon_us_ac1 41804069159464
2026-09-14 08:08:48 - 暂停product成功：amazon_us_ac1 357091589221674
2026-09-14 08:08:48 - 暂停product成功：amazon_us_ac1 398424166541265
2026-09-14 08:08:48 - 暂停product成功：amazon_us_ac1 460661992966181
2026-09-14 08:08:48 - 暂停product成功：amazon_us_ac1 504549681762314
2026-09-14 08:08:48 - 暂停product成功：amazon_us_ac1 394260907674787
2026-09-14 08:08:48 - 暂停product成功：amazon_us_ac1 289407043229783
2026-09-14 08:08:48 - 暂停product成功：amazon_us_ac1 464414856189604
2026-09-14 08:08:48 - 暂停product成功：amazon_us_ac1 367719363105633
2026-09-14 08:08:48 - 暂停product成功：amazon_us_ac1 357731803636770
2026-09-14 08:08:48 - 暂停product成功：amazon_us_ac1 283052673909490
2026-09-14 08:08:48 - 暂停product成功：amazon_us_ac1 443028101979869
2026-09-14 08:08:48 - 暂停product成功：amazon_us_ac1 290429415602435
2026-09-14 08:08:48 - 暂停product成功：amazon_us_ac1 498076218345654
2026-09-14 08:08:48 - 暂停product成功：amazon_us_ac1 557008640932889
2026-09-14 08:08:48 - 暂停product成功：amazon_us_ac1 438847811021303
2026-09-14 08:08:48 - 暂停product成功：amazon_us_ac1 449114643129711
2026-09-14 08:08:48 - 暂停product成功：amazon_us_ac1 380749696423126
2026-09-14 08:08:48 - 暂停product成功：amazon_us_ac1 474100580565276
2026-09-14 08:08:48 - 暂停product成功：amazon_us_ac1 547436443374950
2026-09-14 08:08:48 - 暂停product成功：amazon_us_ac1 444987650828949
2026-09-14 08:08:48 - 暂停product成功：amazon_us_ac1 447957964441768
2026-09-14 08:08:48 - 暂停product成功：amazon_us_ac1 416693231102726
2026-09-14 08:08:48 - 暂停product成功：amazon_us_ac1 370261761100490
2026-09-14 08:08:48 - 暂停product成功：amazon_us_ac1 455003965058512
2026-09-14 08:08:48 - 暂停product成功：amazon_us_ac1 347215573438727
2026-09-14 08:08:48 - 暂停product成功：amazon_us_ac1 287565352390902
2026-09-14 08:08:48 - 暂停product成功：amazon_us_ac1 444140676788923
2026-09-14 08:08:48 - 暂停product成功：amazon_us_ac1 397427971572842
2026-09-14 08:08:48 - 暂停product成功：amazon_us_ac1 289165154721004
2026-09-14 08:08:48 - 暂停product成功：amazon_us_ac1 376922867004592
2026-09-14 08:08:48 - 暂停product成功：amazon_us_ac1 548536146243299
2026-09-14 08:08:48 - 暂停product成功：amazon_us_ac1 524998523167577
2026-09-14 08:08:48 - 暂停product成功：amazon_us_ac1 413387524221120
2026-09-14 08:08:48 - 暂停product成功：amazon_us_ac1 381226234036546
2026-09-14 08:08:48 - 暂停product成功：amazon_us_ac1 328949628609033
2026-09-14 08:08:48 - 暂停product成功：amazon_us_ac1 328254259466302
2026-09-14 08:08:48 - 暂停product成功：amazon_us_ac1 320553151113963
2026-09-14 08:08:48 - 暂停product成功：amazon_us_ac1 561035003149295
2026-09-14 08:08:48 - 暂停product成功：amazon_us_ac1 372083289761171
2026-09-14 08:08:48 - 暂停product成功：amazon_us_ac1 504739357310989
2026-09-14 08:08:48 - 暂停product成功：amazon_us_ac1 415038186089039
2026-09-14 08:08:48 - 暂停product成功：amazon_us_ac1 387693152297686
2026-09-14 08:08:48 - 暂停product成功：amazon_us_ac1 403352985156280
2026-09-14 08:08:48 - 暂停product成功：amazon_us_ac1 381912119408002
2026-09-14 08:08:48 - 暂停product成功：amazon_us_ac1 523155455271690
2026-09-14 08:08:48 - 暂停product成功：amazon_us_ac1 289087609506304
2026-09-14 08:08:48 - 暂停product成功：amazon_us_ac1 408354222457892
2026-09-14 08:08:48 - 暂停product成功：amazon_us_ac1 401286640695519
2026-09-14 08:08:48 - 暂停product成功：amazon_us_ac1 453152477645934
2026-09-14 08:08:48 - 暂停product成功：amazon_us_ac1 534954272325685
2026-09-14 08:08:48 - 暂停product成功：amazon_us_ac1 544770956050664
2026-09-14 08:08:48 - 暂停product成功：amazon_us_ac1 318484376221212
2026-09-14 08:08:48 - 暂停product成功：amazon_us_ac1 517205974999068
2026-09-14 08:08:48 - 暂停product成功：amazon_us_ac1 354309259109169
2026-09-14 08:08:48 - 暂停product成功：amazon_us_ac1 553626547882843
2026-09-14 08:08:48 - 暂停product成功：amazon_us_ac1 337749519495544
2026-09-14 08:08:48 - 暂停product成功：amazon_us_ac1 315473158720632
2026-09-14 08:08:48 - 暂停product成功：amazon_us_ac1 341955068950389
2026-09-14 08:08:48 - 暂停product成功：amazon_us_ac1 458155849164847
2026-09-14 08:08:48 - 暂停product成功：amazon_us_ac1 381184251924488
2026-09-14 08:08:49 - batchMongoUpdateProduct：共123条，成功123条，失败0条
2026-09-14 08:08:51 - {"status":"success","message":"success","data":[{"adId":471546481264394,"code":"SUCCESS"},{"adId":425335574008697,"code":"SUCCESS"},{"adId":282527508791898,"code":"SUCCESS"},{"adId":388494050668351,"code":"SUCCESS"},{"adId":360263104019985,"code":"SUCCESS"},{"adId":486763760597581,"code":"SUCCESS"},{"adId":319165134534445,"code":"SUCCESS"},{"adId":379741241955632,"code":"SUCCESS"},{"adId":448263168544974,"code":"SUCCESS"},{"adId":403377738801513,"code":"SUCCESS"},{"adId":459042916755820,"code":"SUCCESS"},{"adId":302379106802909,"code":"SUCCESS"},{"adId":463081360626432,"code":"SUCCESS"},{"adId":515011115443051,"code":"SUCCESS"},{"adId":491755526415147,"code":"SUCCESS"},{"adId":453727365280935,"code":"SUCCESS"},{"adId":286890951166954,"code":"SUCCESS"},{"adId":392099139502845,"code":"SUCCESS"},{"adId":395815517097878,"code":"SUCCESS"},{"adId":342822360007820,"code":"SUCCESS"},{"adId":455759558280961,"code":"SUCCESS"},{"adId":423985307667084,"code":"SUCCESS"},{"adId":425187771856759,"code":"SUCCESS"},{"adId":334696673856266,"code":"SUCCESS"},{"adId":487596106701400,"code":"SUCCESS"},{"adId":433614405015000,"code":"SUCCESS"},{"adId":379546383558952,"code":"SUCCESS"},{"adId":394437884009180,"code":"SUCCESS"},{"adId":352508923715965,"code":"SUCCESS"},{"adId":390160949269465,"code":"SUCCESS"},{"adId":441145379649120,"code":"SUCCESS"},{"adId":312705750145203,"code":"SUCCESS"},{"adId":448476998297247,"code":"SUCCESS"},{"adId":311447104188918,"code":"SUCCESS"},{"adId":295492716717455,"code":"SUCCESS"},{"adId":436848161640322,"code":"SUCCESS"},{"adId":439259458290522,"code":"SUCCESS"},{"adId":453794687888773,"code":"SUCCESS"},{"adId":305509854140378,"code":"SUCCESS"},{"adId":539615849834144,"code":"SUCCESS"},{"adId":553830832107604,"code":"SUCCESS"},{"adId":470125333375760,"code":"SUCCESS"},{"adId":553125301996595,"code":"SUCCESS"},{"adId":322445771878552,"code":"SUCCESS"},{"adId":556314719632460,"code":"SUCCESS"},{"adId":284375740695500,"code":"SUCCESS"},{"adId":388592702261060,"code":"SUCCESS"},{"adId":412141425847926,"code":"SUCCESS"},{"adId":494962651433438,"code":"SUCCESS"},{"adId":355244715577232,"code":"SUCCESS"},{"adId":424838635600800,"code":"SUCCESS"},{"adId":384785744754290,"code":"SUCCESS"},{"adId":505432891604621,"code":"SUCCESS"},{"adId":453412442336885,"code":"SUCCESS"},{"adId":384494444159515,"code":"SUCCESS"},{"adId":406695131945652,"code":"SUCCESS"},{"adId":358708461813386,"code":"SUCCESS"},{"adId":528525046794883,"code":"SUCCESS"},{"adId":320318326405140,"code":"SUCCESS"},{"adId":560818837877760,"code":"SUCCESS"},{"adId":555561580673232,"code":"SUCCESS"},{"adId":501118504368958,"code":"SUCCESS"},{"adId":479999404241306,"code":"SUCCESS"},{"adId":355194028111201,"code":"SUCCESS"},{"adId":308653498157419,"code":"SUCCESS"},{"adId":388587688631033,"code":"SUCCESS"},{"adId":456834994575803,"code":"SUCCESS"},{"adId":434265361802079,"code":"SUCCESS"},{"adId":527462383013638,"code":"SUCCESS"},{"adId":343650371984906,"code":"SUCCESS"},{"adId":541695359069549,"code":"SUCCESS"},{"adId":298375810972611,"code":"SUCCESS"},{"adId":363493098276191,"code":"SUCCESS"},{"adId":350985821037528,"code":"SUCCESS"},{"adId":532041051217032,"code":"SUCCESS"},{"adId":477037579121713,"code":"SUCCESS"},{"adId":524399339123108,"code":"SUCCESS"},{"adId":311909754574488,"code":"SUCCESS"},{"adId":313781871175218,"code":"SUCCESS"},{"adId":537048514548169,"code":"SUCCESS"},{"adId":528648205283057,"code":"SUCCESS"},{"adId":497322493735539,"code":"SUCCESS"},{"adId":533200165705943,"code":"SUCCESS"},{"adId":485210135240442,"code":"SUCCESS"},{"adId":303454860698045,"code":"SUCCESS"},{"adId":514594631199587,"code":"SUCCESS"},{"adId":557225942117308,"code":"SUCCESS"},{"adId":355247500309805,"code":"SUCCESS"},{"adId":473782031773443,"code":"SUCCESS"},{"adId":472877927699960,"code":"SUCCESS"},{"adId":473720755550607,"code":"SUCCESS"},{"adId":350583647321307,"code":"SUCCESS"},{"adId":506901414438521,"code":"SUCCESS"},{"adId":481028846730288,"code":"SUCCESS"},{"adId":392038432165946,"code":"SUCCESS"},{"adId":481902170552759,"code":"SUCCESS"},{"adId":473898675402500,"code":"SUCCESS"},{"adId":467999873954608,"code":"SUCCESS"},{"adId":511584783622156,"code":"SUCCESS"},{"adId":345416714018897,"code":"SUCCESS"},{"adId":334626818277378,"code":"SUCCESS"},{"adId":459545961574596,"code":"SUCCESS"},{"adId":434712747895005,"code":"SUCCESS"},{"adId":357452793756557,"code":"SUCCESS"},{"adId":303400861895131,"code":"SUCCESS"},{"adId":561769821527141,"code":"SUCCESS"},{"adId":538827076629911,"code":"SUCCESS"},{"adId":487065881593635,"code":"SUCCESS"},{"adId":357677144146608,"code":"SUCCESS"},{"adId":465453047847185,"code":"SUCCESS"},{"adId":402360432091011,"code":"SUCCESS"},{"adId":310151568517573,"code":"SUCCESS"},{"adId":369694472920569,"code":"SUCCESS"},{"adId":385456107400571,"code":"SUCCESS"},{"adId":562259364011708,"code":"SUCCESS"},{"adId":366297436477626,"code":"SUCCESS"},{"adId":399499825753161,"code":"SUCCESS"},{"adId":443513617608929,"code":"SUCCESS"},{"adId":351667283478683,"code":"SUCCESS"},{"adId":323829276397258,"code":"SUCCESS"},{"adId":439536816161410,"code":"SUCCESS"},{"adId":283760580367261,"code":"SUCCESS"},{"adId":476223762401674,"code":"SUCCESS"},{"adId":427700765581355,"code":"SUCCESS"},{"adId":478191447443687,"code":"SUCCESS"},{"adId":387546704057269,"code":"SUCCESS"},{"adId":541772531321154,"code":"SUCCESS"},{"adId":293251155186490,"code":"SUCCESS"},{"adId":305488535150863,"code":"SUCCESS"},{"adId":410453392471559,"code":"SUCCESS"},{"adId":451484256426633,"code":"SUCCESS"},{"adId":555413484218067,"code":"SUCCESS"},{"adId":468697399102216,"code":"SUCCESS"},{"adId":406186694682690,"code":"SUCCESS"},{"adId":287209120843605,"code":"SUCCESS"},{"adId":302393948371736,"code":"SUCCESS"},{"adId":536938675291703,"code":"SUCCESS"},{"adId":555347984321522,"code":"SUCCESS"},{"adId":515010587719384,"code":"SUCCESS"},{"adId":418202441676367,"code":"SUCCESS"},{"adId":501636346723134,"code":"SUCCESS"},{"adId":525592691767880,"code":"SUCCESS"},{"adId":293280249081745,"code":"SUCCESS"},{"adId":355314058894346,"code":"SUCCESS"},{"adId":492537013360336,"code":"SUCCESS"},{"adId":311954590730988,"code":"SUCCESS"},{"adId":349417546287118,"code":"SUCCESS"},{"adId":448260242979322,"code":"SUCCESS"},{"adId":379269043262311,"code":"SUCCESS"},{"adId":483126744299011,"code":"SUCCESS"},{"adId":469569559922667,"code":"SUCCESS"},{"adId":450345933279826,"code":"SUCCESS"},{"adId":311070286154413,"code":"SUCCESS"},{"adId":490958877186054,"code":"SUCCESS"},{"adId":419295370490776,"code":"SUCCESS"},{"adId":517990243616432,"code":"SUCCESS"},{"adId":533604126779334,"code":"SUCCESS"},{"adId":338647681405858,"code":"SUCCESS"},{"adId":350999312293210,"code":"SUCCESS"},{"adId":513333220688273,"code":"SUCCESS"},{"adId":364790276609338,"code":"SUCCESS"},{"adId":441028227338867,"code":"SUCCESS"},{"adId":484395698113249,"code":"SUCCESS"},{"adId":510706519051279,"code":"SUCCESS"}]}
2026-09-14 08:08:51 - 暂停product成功：amazon_us_ac1 471546481264394
2026-09-14 08:08:51 - 暂停product成功：amazon_us_ac1 425335574008697
2026-09-14 08:08:51 - 暂停product成功：amazon_us_ac1 282527508791898
2026-09-14 08:08:51 - 暂停product成功：amazon_us_ac1 388494050668351
2026-09-14 08:08:51 - 暂停product成功：amazon_us_ac1 360263104019985
2026-09-14 08:08:51 - 暂停product成功：amazon_us_ac1 486763760597581
2026-09-14 08:08:51 - 暂停product成功：amazon_us_ac1 319165134534445
2026-09-14 08:08:51 - 暂停product成功：amazon_us_ac1 379741241955632
2026-09-14 08:08:51 - 暂停product成功：amazon_us_ac1 448263168544974
2026-09-14 08:08:51 - 暂停product成功：amazon_us_ac1 403377738801513
2026-09-14 08:08:51 - 暂停product成功：amazon_us_ac1 459042916755820
2026-09-14 08:08:51 - 暂停product成功：amazon_us_ac1 302379106802909
2026-09-14 08:08:51 - 暂停product成功：amazon_us_ac1 463081360626432
2026-09-14 08:08:51 - 暂停product成功：amazon_us_ac1 515011115443051
2026-09-14 08:08:51 - 暂停product成功：amazon_us_ac1 491755526415147
2026-09-14 08:08:51 - 暂停product成功：amazon_us_ac1 453727365280935
2026-09-14 08:08:51 - 暂停product成功：amazon_us_ac1 286890951166954
2026-09-14 08:08:51 - 暂停product成功：amazon_us_ac1 392099139502845
2026-09-14 08:08:51 - 暂停product成功：amazon_us_ac1 395815517097878
2026-09-14 08:08:51 - 暂停product成功：amazon_us_ac1 342822360007820
2026-09-14 08:08:51 - 暂停product成功：amazon_us_ac1 455759558280961
2026-09-14 08:08:51 - 暂停product成功：amazon_us_ac1 423985307667084
2026-09-14 08:08:51 - 暂停product成功：amazon_us_ac1 425187771856759
2026-09-14 08:08:51 - 暂停product成功：amazon_us_ac1 334696673856266
2026-09-14 08:08:51 - 暂停product成功：amazon_us_ac1 487596106701400
2026-09-14 08:08:51 - 暂停product成功：amazon_us_ac1 433614405015000
2026-09-14 08:08:51 - 暂停product成功：amazon_us_ac1 379546383558952
2026-09-14 08:08:51 - 暂停product成功：amazon_us_ac1 394437884009180
2026-09-14 08:08:51 - 暂停product成功：amazon_us_ac1 352508923715965
2026-09-14 08:08:51 - 暂停product成功：amazon_us_ac1 390160949269465
2026-09-14 08:08:51 - 暂停product成功：amazon_us_ac1 441145379649120
2026-09-14 08:08:51 - 暂停product成功：amazon_us_ac1 312705750145203
2026-09-14 08:08:51 - 暂停product成功：amazon_us_ac1 448476998297247
2026-09-14 08:08:51 - 暂停product成功：amazon_us_ac1 311447104188918
2026-09-14 08:08:51 - 暂停product成功：amazon_us_ac1 295492716717455
2026-09-14 08:08:51 - 暂停product成功：amazon_us_ac1 436848161640322
2026-09-14 08:08:51 - 暂停product成功：amazon_us_ac1 439259458290522
2026-09-14 08:08:51 - 暂停product成功：amazon_us_ac1 453794687888773
2026-09-14 08:08:51 - 暂停product成功：amazon_us_ac1 305509854140378
2026-09-14 08:08:51 - 暂停product成功：amazon_us_ac1 539615849834144
2026-09-14 08:08:51 - 暂停product成功：amazon_us_ac1 553830832107604
2026-09-14 08:08:51 - 暂停product成功：amazon_us_ac1 470125333375760
2026-09-14 08:08:51 - 暂停product成功：amazon_us_ac1 553125301996595
2026-09-14 08:08:51 - 暂停product成功：amazon_us_ac1 322445771878552
2026-09-14 08:08:51 - 暂停product成功：amazon_us_ac1 556314719632460
2026-09-14 08:08:51 - 暂停product成功：amazon_us_ac1 284375740695500
2026-09-14 08:08:51 - 暂停product成功：amazon_us_ac1 388592702261060
2026-09-14 08:08:51 - 暂停product成功：amazon_us_ac1 412141425847926
2026-09-14 08:08:51 - 暂停product成功：amazon_us_ac1 494962651433438
2026-09-14 08:08:51 - 暂停product成功：amazon_us_ac1 355244715577232
2026-09-14 08:08:51 - 暂停product成功：amazon_us_ac1 424838635600800
2026-09-14 08:08:51 - 暂停product成功：amazon_us_ac1 384785744754290
2026-09-14 08:08:51 - 暂停product成功：amazon_us_ac1 505432891604621
2026-09-14 08:08:51 - 暂停product成功：amazon_us_ac1 453412442336885
2026-09-14 08:08:51 - 暂停product成功：amazon_us_ac1 384494444159515
2026-09-14 08:08:51 - 暂停product成功：amazon_us_ac1 406695131945652
2026-09-14 08:08:51 - 暂停product成功：amazon_us_ac1 358708461813386
2026-09-14 08:08:51 - 暂停product成功：amazon_us_ac1 528525046794883
2026-09-14 08:08:51 - 暂停product成功：amazon_us_ac1 320318326405140
2026-09-14 08:08:51 - 暂停product成功：amazon_us_ac1 560818837877760
2026-09-14 08:08:51 - 暂停product成功：amazon_us_ac1 555561580673232
2026-09-14 08:08:51 - 暂停product成功：amazon_us_ac1 501118504368958
2026-09-14 08:08:51 - 暂停product成功：amazon_us_ac1 479999404241306
2026-09-14 08:08:51 - 暂停product成功：amazon_us_ac1 355194028111201
2026-09-14 08:08:51 - 暂停product成功：amazon_us_ac1 308653498157419
2026-09-14 08:08:51 - 暂停product成功：amazon_us_ac1 388587688631033
2026-09-14 08:08:51 - 暂停product成功：amazon_us_ac1 456834994575803
2026-09-14 08:08:51 - 暂停product成功：amazon_us_ac1 434265361802079
2026-09-14 08:08:51 - 暂停product成功：amazon_us_ac1 527462383013638
2026-09-14 08:08:51 - 暂停product成功：amazon_us_ac1 343650371984906
2026-09-14 08:08:51 - 暂停product成功：amazon_us_ac1 541695359069549
2026-09-14 08:08:51 - 暂停product成功：amazon_us_ac1 298375810972611
2026-09-14 08:08:51 - 暂停product成功：amazon_us_ac1 363493098276191
2026-09-14 08:08:51 - 暂停product成功：amazon_us_ac1 350985821037528
2026-09-14 08:08:51 - 暂停product成功：amazon_us_ac1 532041051217032
2026-09-14 08:08:51 - 暂停product成功：amazon_us_ac1 477037579121713
2026-09-14 08:08:51 - 暂停product成功：amazon_us_ac1 524399339123108
2026-09-14 08:08:51 - 暂停product成功：amazon_us_ac1 311909754574488
2026-09-14 08:08:51 - 暂停product成功：amazon_us_ac1 313781871175218
2026-09-14 08:08:51 - 暂停product成功：amazon_us_ac1 537048514548169
2026-09-14 08:08:51 - 暂停product成功：amazon_us_ac1 528648205283057
2026-09-14 08:08:51 - 暂停product成功：amazon_us_ac1 497322493735539
2026-09-14 08:08:51 - 暂停product成功：amazon_us_ac1 533200165705943
2026-09-14 08:08:51 - 暂停product成功：amazon_us_ac1 485210135240442
2026-09-14 08:08:51 - 暂停product成功：amazon_us_ac1 303454860698045
2026-09-14 08:08:51 - 暂停product成功：amazon_us_ac1 514594631199587
2026-09-14 08:08:51 - 暂停product成功：amazon_us_ac1 557225942117308
2026-09-14 08:08:51 - 暂停product成功：amazon_us_ac1 355247500309805
2026-09-14 08:08:51 - 暂停product成功：amazon_us_ac1 473782031773443
2026-09-14 08:08:51 - 暂停product成功：amazon_us_ac1 472877927699960
2026-09-14 08:08:51 - 暂停product成功：amazon_us_ac1 473720755550607
2026-09-14 08:08:51 - 暂停product成功：amazon_us_ac1 350583647321307
2026-09-14 08:08:51 - 暂停product成功：amazon_us_ac1 506901414438521
2026-09-14 08:08:51 - 暂停product成功：amazon_us_ac1 481028846730288
2026-09-14 08:08:51 - 暂停product成功：amazon_us_ac1 392038432165946
2026-09-14 08:08:51 - 暂停product成功：amazon_us_ac1 481902170552759
2026-09-14 08:08:51 - 暂停product成功：amazon_us_ac1 473898675402500
2026-09-14 08:08:51 - 暂停product成功：amazon_us_ac1 467999873954608
2026-09-14 08:08:51 - 暂停product成功：amazon_us_ac1 511584783622156
2026-09-14 08:08:51 - 暂停product成功：amazon_us_ac1 345416714018897
2026-09-14 08:08:51 - 暂停product成功：amazon_us_ac1 334626818277378
2026-09-14 08:08:51 - 暂停product成功：amazon_us_ac1 459545961574596
2026-09-14 08:08:51 - 暂停product成功：amazon_us_ac1 434712747895005
2026-09-14 08:08:51 - 暂停product成功：amazon_us_ac1 357452793756557
2026-09-14 08:08:51 - 暂停product成功：amazon_us_ac1 303400861895131
2026-09-14 08:08:51 - 暂停product成功：amazon_us_ac1 561769821527141
2026-09-14 08:08:51 - 暂停product成功：amazon_us_ac1 538827076629911
2026-09-14 08:08:51 - 暂停product成功：amazon_us_ac1 487065881593635
2026-09-14 08:08:51 - 暂停product成功：amazon_us_ac1 357677144146608
2026-09-14 08:08:51 - 暂停product成功：amazon_us_ac1 465453047847185
2026-09-14 08:08:51 - 暂停product成功：amazon_us_ac1 402360432091011
2026-09-14 08:08:51 - 暂停product成功：amazon_us_ac1 310151568517573
2026-09-14 08:08:51 - 暂停product成功：amazon_us_ac1 369694472920569
2026-09-14 08:08:51 - 暂停product成功：amazon_us_ac1 385456107400571
2026-09-14 08:08:51 - 暂停product成功：amazon_us_ac1 562259364011708
2026-09-14 08:08:51 - 暂停product成功：amazon_us_ac1 366297436477626
2026-09-14 08:08:51 - 暂停product成功：amazon_us_ac1 399499825753161
2026-09-14 08:08:51 - 暂停product成功：amazon_us_ac1 443513617608929
2026-09-14 08:08:51 - 暂停product成功：amazon_us_ac1 351667283478683
2026-09-14 08:08:51 - 暂停product成功：amazon_us_ac1 323829276397258
2026-09-14 08:08:51 - 暂停product成功：amazon_us_ac1 439536816161410
2026-09-14 08:08:51 - 暂停product成功：amazon_us_ac1 283760580367261
2026-09-14 08:08:51 - 暂停product成功：amazon_us_ac1 476223762401674
2026-09-14 08:08:51 - 暂停product成功：amazon_us_ac1 427700765581355
2026-09-14 08:08:51 - 暂停product成功：amazon_us_ac1 478191447443687
2026-09-14 08:08:51 - 暂停product成功：amazon_us_ac1 387546704057269
2026-09-14 08:08:51 - 暂停product成功：amazon_us_ac1 541772531321154
2026-09-14 08:08:51 - 暂停product成功：amazon_us_ac1 293251155186490
2026-09-14 08:08:51 - 暂停product成功：amazon_us_ac1 305488535150863
2026-09-14 08:08:51 - 暂停product成功：amazon_us_ac1 410453392471559
2026-09-14 08:08:51 - 暂停product成功：amazon_us_ac1 451484256426633
2026-09-14 08:08:51 - 暂停product成功：amazon_us_ac1 555413484218067
2026-09-14 08:08:51 - 暂停product成功：amazon_us_ac1 468697399102216
2026-09-14 08:08:51 - 暂停product成功：amazon_us_ac1 406186694682690
2026-09-14 08:08:51 - 暂停product成功：amazon_us_ac1 287209120843605
2026-09-14 08:08:51 - 暂停product成功：amazon_us_ac1 302393948371736
2026-09-14 08:08:51 - 暂停product成功：amazon_us_ac1 536938675291703
2026-09-14 08:08:51 - 暂停product成功：amazon_us_ac1 555347984321522
2026-09-14 08:08:51 - 暂停product成功：amazon_us_ac1 515010587719384
2026-09-14 08:08:51 - 暂停product成功：amazon_us_ac1 418202441676367
2026-09-14 08:08:51 - 暂停product成功：amazon_us_ac1 501636346723134
2026-09-14 08:08:51 - 暂停product成功：amazon_us_ac1 525592691767880
2026-09-14 08:08:51 - 暂停product成功：amazon_us_ac1 293280249081745
2026-09-14 08:08:51 - 暂停product成功：amazon_us_ac1 355314058894346
2026-09-14 08:08:51 - 暂停product成功：amazon_us_ac1 492537013360336
2026-09-14 08:08:51 - 暂停product成功：amazon_us_ac1 311954590730988
2026-09-14 08:08:51 - 暂停product成功：amazon_us_ac1 349417546287118
2026-09-14 08:08:51 - 暂停product成功：amazon_us_ac1 448260242979322
2026-09-14 08:08:51 - 暂停product成功：amazon_us_ac1 379269043262311
2026-09-14 08:08:51 - 暂停product成功：amazon_us_ac1 483126744299011
2026-09-14 08:08:51 - 暂停product成功：amazon_us_ac1 469569559922667
2026-09-14 08:08:51 - 暂停product成功：amazon_us_ac1 450345933279826
2026-09-14 08:08:51 - 暂停product成功：amazon_us_ac1 311070286154413
2026-09-14 08:08:51 - 暂停product成功：amazon_us_ac1 490958877186054
2026-09-14 08:08:51 - 暂停product成功：amazon_us_ac1 419295370490776
2026-09-14 08:08:51 - 暂停product成功：amazon_us_ac1 517990243616432
2026-09-14 08:08:51 - 暂停product成功：amazon_us_ac1 533604126779334
2026-09-14 08:08:51 - 暂停product成功：amazon_us_ac1 338647681405858
2026-09-14 08:08:51 - 暂停product成功：amazon_us_ac1 350999312293210
2026-09-14 08:08:51 - 暂停product成功：amazon_us_ac1 513333220688273
2026-09-14 08:08:51 - 暂停product成功：amazon_us_ac1 364790276609338
2026-09-14 08:08:51 - 暂停product成功：amazon_us_ac1 441028227338867
2026-09-14 08:08:51 - 暂停product成功：amazon_us_ac1 484395698113249
2026-09-14 08:08:51 - 暂停product成功：amazon_us_ac1 510706519051279
2026-09-14 08:08:52 - batchMongoUpdateProduct：共86条，成功86条，失败0条
2026-09-14 08:08:54 - {"status":"success","message":"success","data":[{"adId":376157373677984,"code":"SUCCESS"},{"adId":561595928732211,"code":"SUCCESS"},{"adId":558383528559948,"code":"SUCCESS"},{"adId":349986919816161,"code":"SUCCESS"},{"adId":294627644534605,"code":"SUCCESS"},{"adId":295218968084937,"code":"SUCCESS"},{"adId":404403557529567,"code":"SUCCESS"},{"adId":337353963037749,"code":"SUCCESS"},{"adId":286533977696672,"code":"SUCCESS"},{"adId":326476270806079,"code":"SUCCESS"},{"adId":468042412872171,"code":"SUCCESS"},{"adId":318750394429272,"code":"SUCCESS"},{"adId":398527878224862,"code":"SUCCESS"},{"adId":321640556851195,"code":"SUCCESS"},{"adId":481090805671921,"code":"SUCCESS"},{"adId":561344803054180,"code":"SUCCESS"},{"adId":317343673773619,"code":"SUCCESS"},{"adId":552181300305906,"code":"SUCCESS"},{"adId":440133989804987,"code":"SUCCESS"},{"adId":323854405810672,"code":"SUCCESS"},{"adId":444368747380268,"code":"SUCCESS"},{"adId":369873006775940,"code":"SUCCESS"},{"adId":406130605470219,"code":"SUCCESS"},{"adId":311079928332544,"code":"SUCCESS"},{"adId":294835537191798,"code":"SUCCESS"},{"adId":307697180768146,"code":"SUCCESS"},{"adId":547915939929987,"code":"SUCCESS"},{"adId":499306337730734,"code":"SUCCESS"},{"adId":434938315549241,"code":"SUCCESS"},{"adId":319310062970158,"code":"SUCCESS"},{"adId":400531994554402,"code":"SUCCESS"},{"adId":362895274140138,"code":"SUCCESS"},{"adId":306303430797791,"code":"SUCCESS"},{"adId":284819307271610,"code":"SUCCESS"},{"adId":516756522923749,"code":"SUCCESS"},{"adId":287593286798124,"code":"SUCCESS"},{"adId":295521143237840,"code":"SUCCESS"},{"adId":532578689372640,"code":"SUCCESS"},{"adId":324820643055288,"code":"SUCCESS"},{"adId":377627757894069,"code":"SUCCESS"},{"adId":509936797299981,"code":"SUCCESS"},{"adId":517193180957736,"code":"SUCCESS"},{"adId":298461630419936,"code":"SUCCESS"},{"adId":325190470147825,"code":"SUCCESS"},{"adId":321342688071606,"code":"SUCCESS"},{"adId":445726972522089,"code":"SUCCESS"},{"adId":429824968372601,"code":"SUCCESS"},{"adId":467497973109616,"code":"SUCCESS"},{"adId":325334698880193,"code":"SUCCESS"},{"adId":447483289259394,"code":"SUCCESS"},{"adId":344314219983155,"code":"SUCCESS"},{"adId":471939239518418,"code":"SUCCESS"},{"adId":497790406804178,"code":"SUCCESS"},{"adId":311801612538743,"code":"SUCCESS"},{"adId":531420682960202,"code":"SUCCESS"},{"adId":361047775914409,"code":"SUCCESS"},{"adId":482431885529829,"code":"SUCCESS"},{"adId":314609017949108,"code":"SUCCESS"},{"adId":358408164640843,"code":"SUCCESS"},{"adId":301673314263634,"code":"SUCCESS"},{"adId":509263794701735,"code":"SUCCESS"},{"adId":305976842430759,"code":"SUCCESS"},{"adId":337016446806251,"code":"SUCCESS"},{"adId":418630943120943,"code":"SUCCESS"},{"adId":450550056606032,"code":"SUCCESS"},{"adId":543509570219873,"code":"SUCCESS"},{"adId":509074269059767,"code":"SUCCESS"},{"adId":470819993458204,"code":"SUCCESS"},{"adId":347603805852107,"code":"SUCCESS"},{"adId":551456518191771,"code":"SUCCESS"},{"adId":486341303972122,"code":"SUCCESS"},{"adId":486852114578134,"code":"SUCCESS"},{"adId":507314652124680,"code":"SUCCESS"},{"adId":299284058382062,"code":"SUCCESS"},{"adId":332069947582272,"code":"SUCCESS"},{"adId":392060576810447,"code":"SUCCESS"},{"adId":342788807742485,"code":"SUCCESS"},{"adId":292736251802063,"code":"SUCCESS"},{"adId":527738458414033,"code":"SUCCESS"},{"adId":460233537985152,"code":"SUCCESS"},{"adId":562625608844325,"code":"SUCCESS"},{"adId":496187129365335,"code":"SUCCESS"},{"adId":477545373948665,"code":"SUCCESS"},{"adId":373410954861872,"code":"SUCCESS"},{"adId":424571091830698,"code":"SUCCESS"},{"adId":358956982445993,"code":"SUCCESS"},{"adId":537701012728588,"code":"SUCCESS"},{"adId":403063343159136,"code":"SUCCESS"},{"adId":363443654423237,"code":"SUCCESS"},{"adId":337736491053657,"code":"SUCCESS"},{"adId":481907063359336,"code":"SUCCESS"},{"adId":522450007316555,"code":"SUCCESS"},{"adId":391086931531111,"code":"SUCCESS"},{"adId":342193970425393,"code":"SUCCESS"},{"adId":391990533998929,"code":"SUCCESS"},{"adId":511263587243418,"code":"SUCCESS"},{"adId":326583845509261,"code":"SUCCESS"},{"adId":541070446381529,"code":"SUCCESS"},{"adId":473362768801213,"code":"SUCCESS"},{"adId":506567117424273,"code":"SUCCESS"},{"adId":288676693191707,"code":"SUCCESS"},{"adId":468372079297261,"code":"SUCCESS"},{"adId":539161314414722,"code":"SUCCESS"},{"adId":427379616260309,"code":"SUCCESS"},{"adId":448043108489042,"code":"SUCCESS"},{"adId":281850085771935,"code":"SUCCESS"},{"adId":332904573392208,"code":"SUCCESS"},{"adId":318248194359028,"code":"SUCCESS"},{"adId":366511511753192,"code":"SUCCESS"},{"adId":337496003611499,"code":"SUCCESS"},{"adId":345373298119901,"code":"SUCCESS"},{"adId":299392408115476,"code":"SUCCESS"},{"adId":469057238354114,"code":"SUCCESS"},{"adId":436516092648283,"code":"SUCCESS"},{"adId":553700824720215,"code":"SUCCESS"},{"adId":307201414298655,"code":"SUCCESS"},{"adId":372055079231608,"code":"SUCCESS"},{"adId":307255248707091,"code":"SUCCESS"},{"adId":514055826479375,"code":"SUCCESS"},{"adId":394106814591101,"code":"SUCCESS"},{"adId":473635814011813,"code":"SUCCESS"},{"adId":463122685664038,"code":"SUCCESS"},{"adId":333127943249335,"code":"SUCCESS"},{"adId":458501595558780,"code":"SUCCESS"},{"adId":328490398052223,"code":"SUCCESS"},{"adId":410527679411350,"code":"SUCCESS"},{"adId":288671480798352,"code":"SUCCESS"},{"adId":479393597309211,"code":"SUCCESS"},{"adId":450250939200900,"code":"SUCCESS"},{"adId":339054085824693,"code":"SUCCESS"},{"adId":491889329441625,"code":"SUCCESS"},{"adId":318731677027713,"code":"SUCCESS"},{"adId":511757649014003,"code":"SUCCESS"},{"adId":520944357349929,"code":"SUCCESS"},{"adId":363347515914103,"code":"SUCCESS"},{"adId":402878660673988,"code":"SUCCESS"},{"adId":384277010647223,"code":"SUCCESS"},{"adId":432057930418213,"code":"SUCCESS"},{"adId":462149683950464,"code":"SUCCESS"},{"adId":342976773759118,"code":"SUCCESS"},{"adId":394769329648406,"code":"SUCCESS"},{"adId":299328441574910,"code":"SUCCESS"},{"adId":309121611744778,"code":"SUCCESS"},{"adId":509166566090814,"code":"SUCCESS"},{"adId":440401057127535,"code":"SUCCESS"},{"adId":347284886007742,"code":"SUCCESS"},{"adId":515855288536631,"code":"SUCCESS"},{"adId":454947618661246,"code":"SUCCESS"},{"adId":297833676812587,"code":"SUCCESS"},{"adId":392887555688317,"code":"SUCCESS"},{"adId":413878402546926,"code":"SUCCESS"},{"adId":555238097130274,"code":"SUCCESS"},{"adId":536401709559919,"code":"SUCCESS"},{"adId":342392440772122,"code":"SUCCESS"},{"adId":332027666754517,"code":"SUCCESS"},{"adId":416590118659412,"code":"SUCCESS"},{"adId":395519699050946,"code":"SUCCESS"},{"adId":360115623820135,"code":"SUCCESS"},{"adId":329616423956111,"code":"SUCCESS"},{"adId":298617789325496,"code":"SUCCESS"},{"adId":458612400625631,"code":"SUCCESS"},{"adId":317670558540642,"code":"SUCCESS"},{"adId":413862078035343,"code":"SUCCESS"},{"adId":515892031489618,"code":"SUCCESS"},{"adId":295109571791309,"code":"SUCCESS"},{"adId":435421490494937,"code":"SUCCESS"},{"adId":365584616607619,"code":"SUCCESS"},{"adId":283088956949853,"code":"SUCCESS"},{"adId":506619673128047,"code":"SUCCESS"},{"adId":438944006175887,"code":"SUCCESS"},{"adId":307219459389479,"code":"SUCCESS"},{"adId":475638657400912,"code":"SUCCESS"},{"adId":465406910638549,"code":"SUCCESS"},{"adId":536061915305823,"code":"SUCCESS"},{"adId":556887757582818,"code":"SUCCESS"},{"adId":368017988604365,"code":"SUCCESS"},{"adId":544580644702936,"code":"SUCCESS"},{"adId":547766539252537,"code":"SUCCESS"},{"adId":557147487898544,"code":"SUCCESS"},{"adId":557814310524833,"code":"SUCCESS"},{"adId":320943233731822,"code":"SUCCESS"},{"adId":351997002767504,"code":"SUCCESS"},{"adId":326422785629257,"code":"SUCCESS"},{"adId":493878525910111,"code":"SUCCESS"},{"adId":329684242614205,"code":"SUCCESS"},{"adId":352560838890078,"code":"SUCCESS"},{"adId":344951843989531,"code":"SUCCESS"},{"adId":343314115204417,"code":"SUCCESS"},{"adId":427201194880120,"code":"SUCCESS"},{"adId":336566365372912,"code":"SUCCESS"},{"adId":383510091383638,"code":"SUCCESS"},{"adId":360489768445507,"code":"SUCCESS"},{"adId":440678340648956,"code":"SUCCESS"},{"adId":427837797005923,"code":"SUCCESS"},{"adId":412348885359420,"code":"SUCCESS"},{"adId":468164206245088,"code":"SUCCESS"},{"adId":397745744128539,"code":"SUCCESS"},[{"description":"Archived entity cannot be modified","code":"ARCHIVED_ENTITY_CANNOT_BE_MODIFIED"},{"description":"Archived entity cannot be modified","code":"ARCHIVED_ENTITY_CANNOT_BE_MODIFIED"},{"description":"Archived entity cannot be modified","code":"ARCHIVED_ENTITY_CANNOT_BE_MODIFIED"}]]}
2026-09-14 08:08:54 - 暂停product成功：amazon_us_find 376157373677984
2026-09-14 08:08:54 - 暂停product成功：amazon_us_find 561595928732211
2026-09-14 08:08:54 - 暂停product成功：amazon_us_find 558383528559948
2026-09-14 08:08:54 - 暂停product成功：amazon_us_find 349986919816161
2026-09-14 08:08:54 - 暂停product成功：amazon_us_find 294627644534605
2026-09-14 08:08:54 - 暂停product成功：amazon_us_find 295218968084937
2026-09-14 08:08:54 - 暂停product成功：amazon_us_find 404403557529567
2026-09-14 08:08:54 - 暂停product成功：amazon_us_find 337353963037749
2026-09-14 08:08:54 - 暂停product成功：amazon_us_find 286533977696672
2026-09-14 08:08:54 - 暂停product成功：amazon_us_find 326476270806079
2026-09-14 08:08:54 - 暂停product成功：amazon_us_find 468042412872171
2026-09-14 08:08:54 - 暂停product成功：amazon_us_find 318750394429272
2026-09-14 08:08:54 - 暂停product成功：amazon_us_find 398527878224862
2026-09-14 08:08:54 - 暂停product成功：amazon_us_find 321640556851195
2026-09-14 08:08:54 - 暂停product成功：amazon_us_find 481090805671921
2026-09-14 08:08:54 - 暂停product成功：amazon_us_find 561344803054180
2026-09-14 08:08:54 - 暂停product成功：amazon_us_find 317343673773619
2026-09-14 08:08:54 - 暂停product成功：amazon_us_find 552181300305906
2026-09-14 08:08:54 - 暂停product成功：amazon_us_find 440133989804987
2026-09-14 08:08:54 - 暂停product成功：amazon_us_find 323854405810672
2026-09-14 08:08:54 - 暂停product成功：amazon_us_find 444368747380268
2026-09-14 08:08:54 - 暂停product成功：amazon_us_find 369873006775940
2026-09-14 08:08:54 - 暂停product成功：amazon_us_find 406130605470219
2026-09-14 08:08:54 - 暂停product成功：amazon_us_find 311079928332544
2026-09-14 08:08:54 - 暂停product成功：amazon_us_find 294835537191798
2026-09-14 08:08:54 - 暂停product成功：amazon_us_find 307697180768146
2026-09-14 08:08:54 - 暂停product成功：amazon_us_find 547915939929987
2026-09-14 08:08:54 - 暂停product成功：amazon_us_find 499306337730734
2026-09-14 08:08:54 - 暂停product成功：amazon_us_find 434938315549241
2026-09-14 08:08:54 - 暂停product成功：amazon_us_find 319310062970158
2026-09-14 08:08:54 - 暂停product成功：amazon_us_find 400531994554402
2026-09-14 08:08:54 - 暂停product成功：amazon_us_find 362895274140138
2026-09-14 08:08:54 - 暂停product成功：amazon_us_find 306303430797791
2026-09-14 08:08:54 - 暂停product成功：amazon_us_find 284819307271610
2026-09-14 08:08:54 - 暂停product成功：amazon_us_find 516756522923749
2026-09-14 08:08:54 - 暂停product成功：amazon_us_find 287593286798124
2026-09-14 08:08:54 - 暂停product成功：amazon_us_find 295521143237840
2026-09-14 08:08:54 - 暂停product成功：amazon_us_find 532578689372640
2026-09-14 08:08:54 - 暂停product成功：amazon_us_find 324820643055288
2026-09-14 08:08:54 - 暂停product成功：amazon_us_find 377627757894069
2026-09-14 08:08:54 - 暂停product成功：amazon_us_find 509936797299981
2026-09-14 08:08:54 - 暂停product成功：amazon_us_find 517193180957736
2026-09-14 08:08:54 - 暂停product成功：amazon_us_find 298461630419936
2026-09-14 08:08:54 - 暂停product成功：amazon_us_find 325190470147825
2026-09-14 08:08:54 - 暂停product成功：amazon_us_find 321342688071606
2026-09-14 08:08:54 - 暂停product成功：amazon_us_find 445726972522089
2026-09-14 08:08:54 - 暂停product成功：amazon_us_find 429824968372601
2026-09-14 08:08:54 - 暂停product成功：amazon_us_find 467497973109616
2026-09-14 08:08:54 - 暂停product成功：amazon_us_find 325334698880193
2026-09-14 08:08:54 - 暂停product成功：amazon_us_find 447483289259394
2026-09-14 08:08:54 - 暂停product成功：amazon_us_find 344314219983155
2026-09-14 08:08:54 - 暂停product成功：amazon_us_find 471939239518418
2026-09-14 08:08:54 - 暂停product成功：amazon_us_find 497790406804178
2026-09-14 08:08:54 - 暂停product成功：amazon_us_find 311801612538743
2026-09-14 08:08:54 - 暂停product成功：amazon_us_find 531420682960202
2026-09-14 08:08:54 - 暂停product成功：amazon_us_find 361047775914409
2026-09-14 08:08:54 - 暂停product成功：amazon_us_find 482431885529829
2026-09-14 08:08:54 - 暂停product成功：amazon_us_find 314609017949108
2026-09-14 08:08:54 - 暂停product成功：amazon_us_find 358408164640843
2026-09-14 08:08:54 - 暂停product成功：amazon_us_find 301673314263634
2026-09-14 08:08:54 - 暂停product成功：amazon_us_find 509263794701735
2026-09-14 08:08:54 - 暂停product成功：amazon_us_find 305976842430759
2026-09-14 08:08:54 - 暂停product成功：amazon_us_find 337016446806251
2026-09-14 08:08:54 - 暂停product成功：amazon_us_find 418630943120943
2026-09-14 08:08:54 - 暂停product成功：amazon_us_find 450550056606032
2026-09-14 08:08:54 - 暂停product成功：amazon_us_find 543509570219873
2026-09-14 08:08:54 - 暂停product成功：amazon_us_find 509074269059767
2026-09-14 08:08:54 - 暂停product成功：amazon_us_find 470819993458204
2026-09-14 08:08:54 - 暂停product成功：amazon_us_find 347603805852107
2026-09-14 08:08:54 - 暂停product成功：amazon_us_find 551456518191771
2026-09-14 08:08:54 - 暂停product成功：amazon_us_find 486341303972122
2026-09-14 08:08:54 - 暂停product成功：amazon_us_find 486852114578134
2026-09-14 08:08:54 - 暂停product成功：amazon_us_find 507314652124680
2026-09-14 08:08:54 - 暂停product成功：amazon_us_find 299284058382062
2026-09-14 08:08:54 - 暂停product成功：amazon_us_find 332069947582272
2026-09-14 08:08:54 - 暂停product成功：amazon_us_find 392060576810447
2026-09-14 08:08:54 - 暂停product成功：amazon_us_find 342788807742485
2026-09-14 08:08:54 - 暂停product成功：amazon_us_find 292736251802063
2026-09-14 08:08:54 - 暂停product成功：amazon_us_find 527738458414033
2026-09-14 08:08:54 - 暂停product成功：amazon_us_find 460233537985152
2026-09-14 08:08:54 - 暂停product成功：amazon_us_find 562625608844325
2026-09-14 08:08:54 - 暂停product成功：amazon_us_find 496187129365335
2026-09-14 08:08:54 - 暂停product成功：amazon_us_find 477545373948665
2026-09-14 08:08:54 - 暂停product成功：amazon_us_find 373410954861872
2026-09-14 08:08:54 - 暂停product成功：amazon_us_find 424571091830698
2026-09-14 08:08:54 - 暂停product成功：amazon_us_find 358956982445993
2026-09-14 08:08:54 - 暂停product成功：amazon_us_find 537701012728588
2026-09-14 08:08:54 - 暂停product成功：amazon_us_find 403063343159136
2026-09-14 08:08:54 - 暂停product成功：amazon_us_find 363443654423237
2026-09-14 08:08:54 - 暂停product成功：amazon_us_find 337736491053657
2026-09-14 08:08:54 - 暂停product成功：amazon_us_find 481907063359336
2026-09-14 08:08:54 - 暂停product成功：amazon_us_find 522450007316555
2026-09-14 08:08:54 - 暂停product失败：amazon_us_find 547650708817661
2026-09-14 08:08:54 - 暂停product成功：amazon_us_find 391086931531111
2026-09-14 08:08:54 - 暂停product成功：amazon_us_find 342193970425393
2026-09-14 08:08:54 - 暂停product成功：amazon_us_find 391990533998929
2026-09-14 08:08:54 - 暂停product成功：amazon_us_find 511263587243418
2026-09-14 08:08:54 - 暂停product成功：amazon_us_find 326583845509261
2026-09-14 08:08:54 - 暂停product成功：amazon_us_find 541070446381529
2026-09-14 08:08:54 - 暂停product成功：amazon_us_find 473362768801213
2026-09-14 08:08:54 - 暂停product成功：amazon_us_find 506567117424273
2026-09-14 08:08:54 - 暂停product成功：amazon_us_find 288676693191707
2026-09-14 08:08:54 - 暂停product成功：amazon_us_find 468372079297261
2026-09-14 08:08:54 - 暂停product成功：amazon_us_find 539161314414722
2026-09-14 08:08:54 - 暂停product成功：amazon_us_find 427379616260309
2026-09-14 08:08:54 - 暂停product成功：amazon_us_find 448043108489042
2026-09-14 08:08:54 - 暂停product成功：amazon_us_find 281850085771935
2026-09-14 08:08:54 - 暂停product成功：amazon_us_find 332904573392208
2026-09-14 08:08:54 - 暂停product成功：amazon_us_find 318248194359028
2026-09-14 08:08:54 - 暂停product成功：amazon_us_find 366511511753192
2026-09-14 08:08:54 - 暂停product成功：amazon_us_find 337496003611499
2026-09-14 08:08:54 - 暂停product成功：amazon_us_find 345373298119901
2026-09-14 08:08:54 - 暂停product成功：amazon_us_find 299392408115476
2026-09-14 08:08:54 - 暂停product成功：amazon_us_find 469057238354114
2026-09-14 08:08:54 - 暂停product成功：amazon_us_find 436516092648283
2026-09-14 08:08:54 - 暂停product成功：amazon_us_find 553700824720215
2026-09-14 08:08:54 - 暂停product成功：amazon_us_find 307201414298655
2026-09-14 08:08:54 - 暂停product成功：amazon_us_find 372055079231608
2026-09-14 08:08:54 - 暂停product成功：amazon_us_find 307255248707091
2026-09-14 08:08:54 - 暂停product成功：amazon_us_find 514055826479375
2026-09-14 08:08:54 - 暂停product成功：amazon_us_find 394106814591101
2026-09-14 08:08:54 - 暂停product成功：amazon_us_find 473635814011813
2026-09-14 08:08:54 - 暂停product成功：amazon_us_find 463122685664038
2026-09-14 08:08:54 - 暂停product成功：amazon_us_find 333127943249335
2026-09-14 08:08:54 - 暂停product成功：amazon_us_find 458501595558780
2026-09-14 08:08:54 - 暂停product成功：amazon_us_find 328490398052223
2026-09-14 08:08:54 - 暂停product成功：amazon_us_find 410527679411350
2026-09-14 08:08:54 - 暂停product成功：amazon_us_find 288671480798352
2026-09-14 08:08:54 - 暂停product成功：amazon_us_find 479393597309211
2026-09-14 08:08:54 - 暂停product成功：amazon_us_find 450250939200900
2026-09-14 08:08:54 - 暂停product成功：amazon_us_find 339054085824693
2026-09-14 08:08:54 - 暂停product成功：amazon_us_find 491889329441625
2026-09-14 08:08:54 - 暂停product成功：amazon_us_find 318731677027713
2026-09-14 08:08:54 - 暂停product成功：amazon_us_find 511757649014003
2026-09-14 08:08:54 - 暂停product成功：amazon_us_find 520944357349929
2026-09-14 08:08:54 - 暂停product成功：amazon_us_find 363347515914103
2026-09-14 08:08:54 - 暂停product成功：amazon_us_find 402878660673988
2026-09-14 08:08:54 - 暂停product成功：amazon_us_find 384277010647223
2026-09-14 08:08:54 - 暂停product失败：amazon_us_find 408032759302699
2026-09-14 08:08:54 - 暂停product成功：amazon_us_find 432057930418213
2026-09-14 08:08:54 - 暂停product成功：amazon_us_find 462149683950464
2026-09-14 08:08:54 - 暂停product成功：amazon_us_find 342976773759118
2026-09-14 08:08:54 - 暂停product成功：amazon_us_find 394769329648406
2026-09-14 08:08:54 - 暂停product成功：amazon_us_find 299328441574910
2026-09-14 08:08:54 - 暂停product成功：amazon_us_find 309121611744778
2026-09-14 08:08:54 - 暂停product成功：amazon_us_find 509166566090814
2026-09-14 08:08:54 - 暂停product成功：amazon_us_find 440401057127535
2026-09-14 08:08:54 - 暂停product成功：amazon_us_find 347284886007742
2026-09-14 08:08:54 - 暂停product成功：amazon_us_find 515855288536631
2026-09-14 08:08:54 - 暂停product成功：amazon_us_find 454947618661246
2026-09-14 08:08:54 - 暂停product成功：amazon_us_find 297833676812587
2026-09-14 08:08:54 - 暂停product成功：amazon_us_find 392887555688317
2026-09-14 08:08:54 - 暂停product成功：amazon_us_find 413878402546926
2026-09-14 08:08:54 - 暂停product成功：amazon_us_find 555238097130274
2026-09-14 08:08:54 - 暂停product成功：amazon_us_find 536401709559919
2026-09-14 08:08:54 - 暂停product成功：amazon_us_find 342392440772122
2026-09-14 08:08:54 - 暂停product成功：amazon_us_find 332027666754517
2026-09-14 08:08:54 - 暂停product成功：amazon_us_find 416590118659412
2026-09-14 08:08:54 - 暂停product成功：amazon_us_find 395519699050946
2026-09-14 08:08:54 - 暂停product成功：amazon_us_find 360115623820135
2026-09-14 08:08:54 - 暂停product成功：amazon_us_find 329616423956111
2026-09-14 08:08:54 - 暂停product成功：amazon_us_find 298617789325496
2026-09-14 08:08:54 - 暂停product成功：amazon_us_find 458612400625631
2026-09-14 08:08:54 - 暂停product成功：amazon_us_find 317670558540642
2026-09-14 08:08:54 - 暂停product成功：amazon_us_find 413862078035343
2026-09-14 08:08:54 - 暂停product成功：amazon_us_find 515892031489618
2026-09-14 08:08:54 - 暂停product成功：amazon_us_find 295109571791309
2026-09-14 08:08:54 - 暂停product成功：amazon_us_find 435421490494937
2026-09-14 08:08:54 - 暂停product成功：amazon_us_find 365584616607619
2026-09-14 08:08:54 - 暂停product失败：amazon_us_find 352178873962597
2026-09-14 08:08:54 - 暂停product成功：amazon_us_find 283088956949853
2026-09-14 08:08:54 - 暂停product成功：amazon_us_find 506619673128047
2026-09-14 08:08:54 - 暂停product成功：amazon_us_find 438944006175887
2026-09-14 08:08:54 - 暂停product成功：amazon_us_find 307219459389479
2026-09-14 08:08:54 - 暂停product成功：amazon_us_find 475638657400912
2026-09-14 08:08:54 - 暂停product成功：amazon_us_find 465406910638549
2026-09-14 08:08:54 - 暂停product成功：amazon_us_find 536061915305823
2026-09-14 08:08:54 - 暂停product成功：amazon_us_find 556887757582818
2026-09-14 08:08:54 - 暂停product成功：amazon_us_find 368017988604365
2026-09-14 08:08:54 - 暂停product成功：amazon_us_find 544580644702936
2026-09-14 08:08:54 - 暂停product成功：amazon_us_find 547766539252537
2026-09-14 08:08:54 - 暂停product成功：amazon_us_find 557147487898544
2026-09-14 08:08:54 - 暂停product成功：amazon_us_find 557814310524833
2026-09-14 08:08:54 - 暂停product成功：amazon_us_find 320943233731822
2026-09-14 08:08:54 - 暂停product成功：amazon_us_find 351997002767504
2026-09-14 08:08:54 - 暂停product成功：amazon_us_find 326422785629257
2026-09-14 08:08:54 - 暂停product成功：amazon_us_find 493878525910111
2026-09-14 08:08:54 - 暂停product成功：amazon_us_find 329684242614205
2026-09-14 08:08:54 - 暂停product成功：amazon_us_find 352560838890078
2026-09-14 08:08:54 - 暂停product成功：amazon_us_find 344951843989531
2026-09-14 08:08:54 - 暂停product成功：amazon_us_find 343314115204417
2026-09-14 08:08:54 - 暂停product成功：amazon_us_find 427201194880120
2026-09-14 08:08:54 - 暂停product成功：amazon_us_find 336566365372912
2026-09-14 08:08:54 - 暂停product成功：amazon_us_find 383510091383638
2026-09-14 08:08:54 - 暂停product成功：amazon_us_find 360489768445507
2026-09-14 08:08:54 - 暂停product成功：amazon_us_find 440678340648956
2026-09-14 08:08:54 - 暂停product成功：amazon_us_find 427837797005923
2026-09-14 08:08:54 - 暂停product成功：amazon_us_find 412348885359420
2026-09-14 08:08:54 - 暂停product成功：amazon_us_find 468164206245088
2026-09-14 08:08:54 - 暂停product成功：amazon_us_find 397745744128539
2026-09-14 08:08:55 - batchMongoUpdateProduct：共147条，成功147条，失败0条
2026-09-14 08:08:57 - {"status":"success","message":"success","data":[{"adId":355318302377290,"code":"SUCCESS"},{"adId":509699274493804,"code":"SUCCESS"},{"adId":516036364183853,"code":"SUCCESS"},{"adId":447440199484870,"code":"SUCCESS"},{"adId":380797330214566,"code":"SUCCESS"},{"adId":319037110861515,"code":"SUCCESS"},{"adId":300488669377317,"code":"SUCCESS"},{"adId":384670104589875,"code":"SUCCESS"},{"adId":557018848144527,"code":"SUCCESS"},{"adId":534669907217318,"code":"SUCCESS"},{"adId":435353712296644,"code":"SUCCESS"},{"adId":461400953613640,"code":"SUCCESS"},{"adId":539549525593273,"code":"SUCCESS"},{"adId":319176875117843,"code":"SUCCESS"},{"adId":348709110071846,"code":"SUCCESS"},{"adId":520085172993627,"code":"SUCCESS"},{"adId":449902277768615,"code":"SUCCESS"},{"adId":429474992910235,"code":"SUCCESS"},{"adId":389490978587892,"code":"SUCCESS"},{"adId":456071768759291,"code":"SUCCESS"},{"adId":360330364263649,"code":"SUCCESS"},{"adId":483647905612418,"code":"SUCCESS"},{"adId":525929301691029,"code":"SUCCESS"},{"adId":346930189633263,"code":"SUCCESS"},{"adId":547105409326421,"code":"SUCCESS"},{"adId":471020455299846,"code":"SUCCESS"},{"adId":398082542938536,"code":"SUCCESS"},{"adId":523377292010961,"code":"SUCCESS"},{"adId":344314573347868,"code":"SUCCESS"},{"adId":346609246586021,"code":"SUCCESS"},{"adId":425874760601678,"code":"SUCCESS"},{"adId":368294178884539,"code":"SUCCESS"},{"adId":388145623520763,"code":"SUCCESS"},{"adId":480461043798069,"code":"SUCCESS"},{"adId":493929344559306,"code":"SUCCESS"},{"adId":368761018208330,"code":"SUCCESS"},{"adId":369851071629353,"code":"SUCCESS"},{"adId":389036088820034,"code":"SUCCESS"},{"adId":319023123606441,"code":"SUCCESS"},{"adId":490152174289899,"code":"SUCCESS"},{"adId":389322139754797,"code":"SUCCESS"},{"adId":559351976764587,"code":"SUCCESS"},{"adId":356316470025700,"code":"SUCCESS"},{"adId":507807146887157,"code":"SUCCESS"},{"adId":464052126488299,"code":"SUCCESS"},{"adId":509913813275612,"code":"SUCCESS"},{"adId":381695460628187,"code":"SUCCESS"},{"adId":509839909649075,"code":"SUCCESS"},{"adId":361604845359753,"code":"SUCCESS"},{"adId":502515936297144,"code":"SUCCESS"},{"adId":456132384658514,"code":"SUCCESS"},{"adId":552664377279947,"code":"SUCCESS"},{"adId":507401431772021,"code":"SUCCESS"},{"adId":433465709374278,"code":"SUCCESS"},{"adId":400195002472155,"code":"SUCCESS"},{"adId":548524622864754,"code":"SUCCESS"},{"adId":411257956393527,"code":"SUCCESS"},{"adId":343989792618323,"code":"SUCCESS"},{"adId":367465799115470,"code":"SUCCESS"},{"adId":374041137379183,"code":"SUCCESS"},{"adId":462893373628815,"code":"SUCCESS"},{"adId":487549924917958,"code":"SUCCESS"},{"adId":371465970305913,"code":"SUCCESS"},{"adId":300908898420391,"code":"SUCCESS"},{"adId":347958916517582,"code":"SUCCESS"},{"adId":320517614925895,"code":"SUCCESS"},{"adId":562135344835154,"code":"SUCCESS"},{"adId":429635358898358,"code":"SUCCESS"},{"adId":327843741371769,"code":"SUCCESS"},{"adId":369863778946908,"code":"SUCCESS"},{"adId":323751885616023,"code":"SUCCESS"},{"adId":480086190126795,"code":"SUCCESS"},{"adId":431425066385905,"code":"SUCCESS"},{"adId":382284310472174,"code":"SUCCESS"},{"adId":555327106369775,"code":"SUCCESS"},{"adId":377392197201936,"code":"SUCCESS"},{"adId":443251531131599,"code":"SUCCESS"},{"adId":500359148741332,"code":"SUCCESS"},{"adId":291623355667839,"code":"SUCCESS"},{"adId":303015063515974,"code":"SUCCESS"},{"adId":353667529752739,"code":"SUCCESS"},{"adId":513579458193276,"code":"SUCCESS"},{"adId":463167257112191,"code":"SUCCESS"},{"adId":286543613948343,"code":"SUCCESS"},{"adId":400859206893037,"code":"SUCCESS"},{"adId":359857868881299,"code":"SUCCESS"},{"adId":421572588769199,"code":"SUCCESS"},{"adId":420330992364145,"code":"SUCCESS"},{"adId":364267531121417,"code":"SUCCESS"},{"adId":386086779589839,"code":"SUCCESS"},{"adId":325769364892887,"code":"SUCCESS"},{"adId":413692552275461,"code":"SUCCESS"},{"adId":298159491982328,"code":"SUCCESS"},{"adId":531606313269900,"code":"SUCCESS"},{"adId":429721644958993,"code":"SUCCESS"},{"adId":349677364050024,"code":"SUCCESS"},{"adId":353324877548961,"code":"SUCCESS"},{"adId":298118716985966,"code":"SUCCESS"},{"adId":511883848682857,"code":"SUCCESS"},{"adId":446373134503376,"code":"SUCCESS"},{"adId":547023437048850,"code":"SUCCESS"},{"adId":333536607365447,"code":"SUCCESS"},{"adId":362858535613851,"code":"SUCCESS"},{"adId":531737462232368,"code":"SUCCESS"},{"adId":519908268970532,"code":"SUCCESS"},{"adId":472250197998828,"code":"SUCCESS"},{"adId":526055746626657,"code":"SUCCESS"},{"adId":484935516595160,"code":"SUCCESS"},{"adId":536272385955623,"code":"SUCCESS"},{"adId":431367713894160,"code":"SUCCESS"},{"adId":437707893049187,"code":"SUCCESS"},{"adId":514774367508668,"code":"SUCCESS"},{"adId":444083491064338,"code":"SUCCESS"},{"adId":402970031056842,"code":"SUCCESS"},{"adId":536318582758463,"code":"SUCCESS"},{"adId":478018823692170,"code":"SUCCESS"},{"adId":395551923374124,"code":"SUCCESS"},{"adId":507493348310761,"code":"SUCCESS"},{"adId":293635804967743,"code":"SUCCESS"},{"adId":321549527380890,"code":"SUCCESS"},{"adId":548413715580124,"code":"SUCCESS"},[{"description":"Archived entity cannot be modified","code":"ARCHIVED_ENTITY_CANNOT_BE_MODIFIED"},{"description":"Archived entity cannot be modified","code":"ARCHIVED_ENTITY_CANNOT_BE_MODIFIED"}]]}
2026-09-14 08:08:57 - 暂停product成功：amazon_us_find 355318302377290
2026-09-14 08:08:57 - 暂停product成功：amazon_us_find 509699274493804
2026-09-14 08:08:57 - 暂停product成功：amazon_us_find 516036364183853
2026-09-14 08:08:57 - 暂停product成功：amazon_us_find 447440199484870
2026-09-14 08:08:57 - 暂停product成功：amazon_us_find 380797330214566
2026-09-14 08:08:57 - 暂停product成功：amazon_us_find 319037110861515
2026-09-14 08:08:57 - 暂停product成功：amazon_us_find 300488669377317
2026-09-14 08:08:57 - 暂停product成功：amazon_us_find 384670104589875
2026-09-14 08:08:57 - 暂停product成功：amazon_us_find 557018848144527
2026-09-14 08:08:57 - 暂停product成功：amazon_us_find 534669907217318
2026-09-14 08:08:57 - 暂停product成功：amazon_us_find 435353712296644
2026-09-14 08:08:57 - 暂停product成功：amazon_us_find 461400953613640
2026-09-14 08:08:57 - 暂停product成功：amazon_us_find 539549525593273
2026-09-14 08:08:57 - 暂停product成功：amazon_us_find 319176875117843
2026-09-14 08:08:57 - 暂停product成功：amazon_us_find 348709110071846
2026-09-14 08:08:57 - 暂停product成功：amazon_us_find 520085172993627
2026-09-14 08:08:57 - 暂停product成功：amazon_us_find 449902277768615
2026-09-14 08:08:57 - 暂停product失败：amazon_us_find 449817107294949
2026-09-14 08:08:57 - 暂停product成功：amazon_us_find 429474992910235
2026-09-14 08:08:57 - 暂停product成功：amazon_us_find 389490978587892
2026-09-14 08:08:57 - 暂停product成功：amazon_us_find 456071768759291
2026-09-14 08:08:57 - 暂停product成功：amazon_us_find 360330364263649
2026-09-14 08:08:57 - 暂停product成功：amazon_us_find 483647905612418
2026-09-14 08:08:57 - 暂停product成功：amazon_us_find 525929301691029
2026-09-14 08:08:57 - 暂停product成功：amazon_us_find 346930189633263
2026-09-14 08:08:57 - 暂停product成功：amazon_us_find 547105409326421
2026-09-14 08:08:57 - 暂停product成功：amazon_us_find 471020455299846
2026-09-14 08:08:57 - 暂停product成功：amazon_us_find 398082542938536
2026-09-14 08:08:57 - 暂停product成功：amazon_us_find 523377292010961
2026-09-14 08:08:57 - 暂停product成功：amazon_us_find 344314573347868
2026-09-14 08:08:57 - 暂停product成功：amazon_us_find 346609246586021
2026-09-14 08:08:57 - 暂停product成功：amazon_us_find 425874760601678
2026-09-14 08:08:57 - 暂停product成功：amazon_us_find 368294178884539
2026-09-14 08:08:57 - 暂停product成功：amazon_us_find 388145623520763
2026-09-14 08:08:57 - 暂停product成功：amazon_us_find 480461043798069
2026-09-14 08:08:57 - 暂停product成功：amazon_us_find 493929344559306
2026-09-14 08:08:57 - 暂停product成功：amazon_us_find 368761018208330
2026-09-14 08:08:57 - 暂停product成功：amazon_us_find 369851071629353
2026-09-14 08:08:57 - 暂停product成功：amazon_us_find 389036088820034
2026-09-14 08:08:57 - 暂停product成功：amazon_us_find 319023123606441
2026-09-14 08:08:57 - 暂停product成功：amazon_us_find 490152174289899
2026-09-14 08:08:57 - 暂停product成功：amazon_us_find 389322139754797
2026-09-14 08:08:57 - 暂停product成功：amazon_us_find 559351976764587
2026-09-14 08:08:57 - 暂停product成功：amazon_us_find 356316470025700
2026-09-14 08:08:57 - 暂停product成功：amazon_us_find 507807146887157
2026-09-14 08:08:57 - 暂停product成功：amazon_us_find 464052126488299
2026-09-14 08:08:57 - 暂停product成功：amazon_us_find 509913813275612
2026-09-14 08:08:57 - 暂停product成功：amazon_us_find 381695460628187
2026-09-14 08:08:57 - 暂停product成功：amazon_us_find 509839909649075
2026-09-14 08:08:57 - 暂停product成功：amazon_us_find 361604845359753
2026-09-14 08:08:57 - 暂停product成功：amazon_us_find 502515936297144
2026-09-14 08:08:57 - 暂停product成功：amazon_us_find 456132384658514
2026-09-14 08:08:57 - 暂停product成功：amazon_us_find 552664377279947
2026-09-14 08:08:57 - 暂停product成功：amazon_us_find 507401431772021
2026-09-14 08:08:57 - 暂停product成功：amazon_us_find 433465709374278
2026-09-14 08:08:57 - 暂停product成功：amazon_us_find 400195002472155
2026-09-14 08:08:57 - 暂停product成功：amazon_us_find 548524622864754
2026-09-14 08:08:57 - 暂停product成功：amazon_us_find 411257956393527
2026-09-14 08:08:57 - 暂停product成功：amazon_us_find 343989792618323
2026-09-14 08:08:57 - 暂停product成功：amazon_us_find 367465799115470
2026-09-14 08:08:57 - 暂停product成功：amazon_us_find 374041137379183
2026-09-14 08:08:57 - 暂停product成功：amazon_us_find 462893373628815
2026-09-14 08:08:57 - 暂停product成功：amazon_us_find 487549924917958
2026-09-14 08:08:57 - 暂停product成功：amazon_us_find 371465970305913
2026-09-14 08:08:57 - 暂停product失败：amazon_us_find 299728970108957
2026-09-14 08:08:57 - 暂停product成功：amazon_us_find 300908898420391
2026-09-14 08:08:57 - 暂停product成功：amazon_us_find 347958916517582
2026-09-14 08:08:57 - 暂停product成功：amazon_us_find 320517614925895
2026-09-14 08:08:57 - 暂停product成功：amazon_us_find 562135344835154
2026-09-14 08:08:57 - 暂停product成功：amazon_us_find 429635358898358
2026-09-14 08:08:57 - 暂停product成功：amazon_us_find 327843741371769
2026-09-14 08:08:57 - 暂停product成功：amazon_us_find 369863778946908
2026-09-14 08:08:57 - 暂停product成功：amazon_us_find 323751885616023
2026-09-14 08:08:57 - 暂停product成功：amazon_us_find 480086190126795
2026-09-14 08:08:57 - 暂停product成功：amazon_us_find 431425066385905
2026-09-14 08:08:57 - 暂停product成功：amazon_us_find 382284310472174
2026-09-14 08:08:57 - 暂停product成功：amazon_us_find 555327106369775
2026-09-14 08:08:57 - 暂停product成功：amazon_us_find 377392197201936
2026-09-14 08:08:57 - 暂停product成功：amazon_us_find 443251531131599
2026-09-14 08:08:57 - 暂停product成功：amazon_us_find 500359148741332
2026-09-14 08:08:57 - 暂停product成功：amazon_us_find 291623355667839
2026-09-14 08:08:57 - 暂停product成功：amazon_us_find 303015063515974
2026-09-14 08:08:57 - 暂停product成功：amazon_us_find 353667529752739
2026-09-14 08:08:57 - 暂停product成功：amazon_us_find 513579458193276
2026-09-14 08:08:57 - 暂停product成功：amazon_us_find 463167257112191
2026-09-14 08:08:57 - 暂停product成功：amazon_us_find 286543613948343
2026-09-14 08:08:57 - 暂停product成功：amazon_us_find 400859206893037
2026-09-14 08:08:57 - 暂停product成功：amazon_us_find 359857868881299
2026-09-14 08:08:57 - 暂停product成功：amazon_us_find 421572588769199
2026-09-14 08:08:57 - 暂停product成功：amazon_us_find 420330992364145
2026-09-14 08:08:57 - 暂停product成功：amazon_us_find 364267531121417
2026-09-14 08:08:57 - 暂停product成功：amazon_us_find 386086779589839
2026-09-14 08:08:57 - 暂停product成功：amazon_us_find 325769364892887
2026-09-14 08:08:57 - 暂停product成功：amazon_us_find 413692552275461
2026-09-14 08:08:57 - 暂停product成功：amazon_us_find 298159491982328
2026-09-14 08:08:57 - 暂停product成功：amazon_us_find 531606313269900
2026-09-14 08:08:57 - 暂停product成功：amazon_us_find 429721644958993
2026-09-14 08:08:57 - 暂停product成功：amazon_us_find 349677364050024
2026-09-14 08:08:57 - 暂停product成功：amazon_us_find 353324877548961
2026-09-14 08:08:57 - 暂停product成功：amazon_us_find 298118716985966
2026-09-14 08:08:57 - 暂停product成功：amazon_us_find 511883848682857
2026-09-14 08:08:57 - 暂停product成功：amazon_us_find 446373134503376
2026-09-14 08:08:57 - 暂停product成功：amazon_us_find 547023437048850
2026-09-14 08:08:57 - 暂停product成功：amazon_us_find 333536607365447
2026-09-14 08:08:57 - 暂停product成功：amazon_us_find 362858535613851
2026-09-14 08:08:57 - 暂停product成功：amazon_us_find 531737462232368
2026-09-14 08:08:57 - 暂停product成功：amazon_us_find 519908268970532
2026-09-14 08:08:57 - 暂停product成功：amazon_us_find 472250197998828
2026-09-14 08:08:57 - 暂停product成功：amazon_us_find 526055746626657
2026-09-14 08:08:57 - 暂停product成功：amazon_us_find 484935516595160
2026-09-14 08:08:57 - 暂停product成功：amazon_us_find 536272385955623
2026-09-14 08:08:57 - 暂停product成功：amazon_us_find 431367713894160
2026-09-14 08:08:57 - 暂停product成功：amazon_us_find 437707893049187
2026-09-14 08:08:57 - 暂停product成功：amazon_us_find 514774367508668
2026-09-14 08:08:57 - 暂停product成功：amazon_us_find 444083491064338
2026-09-14 08:08:57 - 暂停product成功：amazon_us_find 402970031056842
2026-09-14 08:08:57 - 暂停product成功：amazon_us_find 536318582758463
2026-09-14 08:08:57 - 暂停product成功：amazon_us_find 478018823692170
2026-09-14 08:08:57 - 暂停product成功：amazon_us_find 395551923374124
2026-09-14 08:08:57 - 暂停product成功：amazon_us_find 507493348310761
2026-09-14 08:08:57 - 暂停product成功：amazon_us_find 293635804967743
2026-09-14 08:08:57 - 暂停product成功：amazon_us_find 321549527380890
2026-09-14 08:08:57 - 暂停product成功：amazon_us_find 548413715580124
2026-09-14 08:08:58 - batchMongoUpdateProduct：共97条，成功97条，失败0条
2026-09-14 08:09:00 - {"status":"success","message":"success","data":[{"adId":316186133191782,"code":"SUCCESS"},{"adId":432817535235269,"code":"SUCCESS"},{"adId":333678210898984,"code":"SUCCESS"},{"adId":348679634217868,"code":"SUCCESS"},{"adId":403655148223448,"code":"SUCCESS"},{"adId":534650138557646,"code":"SUCCESS"},{"adId":480499033046827,"code":"SUCCESS"},{"adId":546847258609618,"code":"SUCCESS"},{"adId":369129030957935,"code":"SUCCESS"},{"adId":450406846673754,"code":"SUCCESS"},{"adId":353428557447168,"code":"SUCCESS"},{"adId":399058221360411,"code":"SUCCESS"},{"adId":548050030635517,"code":"SUCCESS"},{"adId":318189992901210,"code":"SUCCESS"},{"adId":523065873453246,"code":"SUCCESS"},{"adId":321227180565158,"code":"SUCCESS"},{"adId":409940727670749,"code":"SUCCESS"},{"adId":345605439327985,"code":"SUCCESS"},{"adId":370983998709018,"code":"SUCCESS"},{"adId":457305997227790,"code":"SUCCESS"},{"adId":391578347915317,"code":"SUCCESS"},{"adId":360332824666516,"code":"SUCCESS"},{"adId":415873045508985,"code":"SUCCESS"},{"adId":320020812746347,"code":"SUCCESS"},{"adId":341042257101805,"code":"SUCCESS"},{"adId":337043000286490,"code":"SUCCESS"},{"adId":351919273646889,"code":"SUCCESS"},{"adId":376140522169372,"code":"SUCCESS"},{"adId":448983985361518,"code":"SUCCESS"},{"adId":303419451545373,"code":"SUCCESS"},{"adId":462538024118282,"code":"SUCCESS"},{"adId":452688902583447,"code":"SUCCESS"},{"adId":499032468478506,"code":"SUCCESS"},{"adId":388594563571140,"code":"SUCCESS"},{"adId":375338280029692,"code":"SUCCESS"},{"adId":357027398718651,"code":"SUCCESS"},{"adId":283049245591594,"code":"SUCCESS"}]}
2026-09-14 08:09:00 - 暂停product成功：amazon_ca_swi 316186133191782
2026-09-14 08:09:00 - 暂停product成功：amazon_ca_swi 432817535235269
2026-09-14 08:09:00 - 暂停product成功：amazon_ca_swi 333678210898984
2026-09-14 08:09:00 - 暂停product成功：amazon_ca_swi 348679634217868
2026-09-14 08:09:00 - 暂停product成功：amazon_ca_swi 403655148223448
2026-09-14 08:09:00 - 暂停product成功：amazon_ca_swi 534650138557646
2026-09-14 08:09:00 - 暂停product成功：amazon_ca_swi 480499033046827
2026-09-14 08:09:00 - 暂停product成功：amazon_ca_swi 546847258609618
2026-09-14 08:09:00 - 暂停product成功：amazon_ca_swi 369129030957935
2026-09-14 08:09:00 - 暂停product成功：amazon_ca_swi 450406846673754
2026-09-14 08:09:00 - 暂停product成功：amazon_ca_swi 353428557447168
2026-09-14 08:09:00 - 暂停product成功：amazon_ca_swi 399058221360411
2026-09-14 08:09:00 - 暂停product成功：amazon_ca_swi 548050030635517
2026-09-14 08:09:00 - 暂停product成功：amazon_ca_swi 318189992901210
2026-09-14 08:09:00 - 暂停product成功：amazon_ca_swi 523065873453246
2026-09-14 08:09:00 - 暂停product成功：amazon_ca_swi 321227180565158
2026-09-14 08:09:00 - 暂停product成功：amazon_ca_swi 409940727670749
2026-09-14 08:09:00 - 暂停product成功：amazon_ca_swi 345605439327985
2026-09-14 08:09:00 - 暂停product成功：amazon_ca_swi 370983998709018
2026-09-14 08:09:00 - 暂停product成功：amazon_ca_swi 457305997227790
2026-09-14 08:09:00 - 暂停product成功：amazon_ca_swi 391578347915317
2026-09-14 08:09:00 - 暂停product成功：amazon_ca_swi 360332824666516
2026-09-14 08:09:00 - 暂停product成功：amazon_ca_swi 415873045508985
2026-09-14 08:09:00 - 暂停product成功：amazon_ca_swi 320020812746347
2026-09-14 08:09:00 - 暂停product成功：amazon_ca_swi 341042257101805
2026-09-14 08:09:00 - 暂停product成功：amazon_ca_swi 337043000286490
2026-09-14 08:09:00 - 暂停product成功：amazon_ca_swi 351919273646889
2026-09-14 08:09:00 - 暂停product成功：amazon_ca_swi 376140522169372
2026-09-14 08:09:00 - 暂停product成功：amazon_ca_swi 448983985361518
2026-09-14 08:09:00 - 暂停product成功：amazon_ca_swi 303419451545373
2026-09-14 08:09:00 - 暂停product成功：amazon_ca_swi 462538024118282
2026-09-14 08:09:00 - 暂停product成功：amazon_ca_swi 452688902583447
2026-09-14 08:09:00 - 暂停product成功：amazon_ca_swi 499032468478506
2026-09-14 08:09:00 - 暂停product成功：amazon_ca_swi 388594563571140
2026-09-14 08:09:00 - 暂停product成功：amazon_ca_swi 375338280029692
2026-09-14 08:09:00 - 暂停product成功：amazon_ca_swi 357027398718651
2026-09-14 08:09:00 - 暂停product成功：amazon_ca_swi 283049245591594
2026-09-14 08:09:00 - batchMongoUpdateProduct：共30条，成功30条，失败0条
2026-09-14 08:09:02 - {"status":"success","message":"success","data":[{"adId":462952121844428,"code":"SUCCESS"},{"adId":507925606905447,"code":"SUCCESS"},{"adId":531971336511187,"code":"SUCCESS"},{"adId":381580035191000,"code":"SUCCESS"},{"adId":364349405106320,"code":"SUCCESS"},{"adId":528877759749131,"code":"SUCCESS"},{"adId":497065390440410,"code":"SUCCESS"},{"adId":339543663048276,"code":"SUCCESS"},{"adId":539168933431745,"code":"SUCCESS"},{"adId":321601929169606,"code":"SUCCESS"},{"adId":394270298447421,"code":"SUCCESS"},{"adId":379320479872127,"code":"SUCCESS"},{"adId":363651405964738,"code":"SUCCESS"},{"adId":536999032206411,"code":"SUCCESS"},{"adId":301998325651147,"code":"SUCCESS"},{"adId":456289891757379,"code":"SUCCESS"},{"adId":517105964688952,"code":"SUCCESS"},{"adId":434575784793591,"code":"SUCCESS"},{"adId":508616847000019,"code":"SUCCESS"},{"adId":298012836533703,"code":"SUCCESS"},{"adId":388165306548192,"code":"SUCCESS"},{"adId":313356812653625,"code":"SUCCESS"},{"adId":363553748304415,"code":"SUCCESS"},{"adId":460840872032874,"code":"SUCCESS"},{"adId":416318167268357,"code":"SUCCESS"},{"adId":529418460302540,"code":"SUCCESS"},{"adId":547811024694300,"code":"SUCCESS"},{"adId":373224502247489,"code":"SUCCESS"},{"adId":434975281612631,"code":"SUCCESS"},{"adId":548169936510617,"code":"SUCCESS"},{"adId":485586615892105,"code":"SUCCESS"},{"adId":524069278552356,"code":"SUCCESS"},{"adId":303036855589553,"code":"SUCCESS"},{"adId":471998068583483,"code":"SUCCESS"},{"adId":337095489464040,"code":"SUCCESS"},{"adId":357736555211322,"code":"SUCCESS"},{"adId":368665921285540,"code":"SUCCESS"},{"adId":297395798414802,"code":"SUCCESS"},{"adId":333311689260357,"code":"SUCCESS"},{"adId":444419428284938,"code":"SUCCESS"},{"adId":452086220940685,"code":"SUCCESS"},{"adId":492244360076646,"code":"SUCCESS"},{"adId":297312071434103,"code":"SUCCESS"},{"adId":413737645535527,"code":"SUCCESS"},{"adId":368188179908169,"code":"SUCCESS"},{"adId":499590181984324,"code":"SUCCESS"},{"adId":537554748076105,"code":"SUCCESS"},{"adId":469313718470395,"code":"SUCCESS"},{"adId":468067109266183,"code":"SUCCESS"},{"adId":375056374223595,"code":"SUCCESS"},{"adId":309017713297303,"code":"SUCCESS"},{"adId":546875149134566,"code":"SUCCESS"},{"adId":534892632669592,"code":"SUCCESS"},{"adId":463173308051832,"code":"SUCCESS"},{"adId":305958830572455,"code":"SUCCESS"},{"adId":505148958840912,"code":"SUCCESS"},{"adId":361138403221856,"code":"SUCCESS"},{"adId":508200660074165,"code":"SUCCESS"},{"adId":323077697596713,"code":"SUCCESS"},{"adId":397464892475427,"code":"SUCCESS"},{"adId":525289432530111,"code":"SUCCESS"},{"adId":300950158429145,"code":"SUCCESS"},{"adId":404782794453694,"code":"SUCCESS"},{"adId":406877834280520,"code":"SUCCESS"},{"adId":398557075753733,"code":"SUCCESS"},{"adId":521739301124059,"code":"SUCCESS"},{"adId":424302118470259,"code":"SUCCESS"},{"adId":440836364925758,"code":"SUCCESS"},{"adId":397287250691423,"code":"SUCCESS"},{"adId":486954544305828,"code":"SUCCESS"},{"adId":536428063346180,"code":"SUCCESS"},{"adId":461708446945556,"code":"SUCCESS"},{"adId":408180410102442,"code":"SUCCESS"},{"adId":346228694614834,"code":"SUCCESS"},{"adId":410358505811697,"code":"SUCCESS"},{"adId":540018848153024,"code":"SUCCESS"},{"adId":422149228370905,"code":"SUCCESS"},{"adId":552358669264477,"code":"SUCCESS"},{"adId":531174169908015,"code":"SUCCESS"},{"adId":411506805958914,"code":"SUCCESS"},{"adId":374358819570231,"code":"SUCCESS"},{"adId":333053312388206,"code":"SUCCESS"},{"adId":516830828779363,"code":"SUCCESS"},{"adId":370422426733312,"code":"SUCCESS"},{"adId":441926876479127,"code":"SUCCESS"},{"adId":503431502616531,"code":"SUCCESS"},{"adId":529688785421208,"code":"SUCCESS"},{"adId":328373110752361,"code":"SUCCESS"},{"adId":322135040774107,"code":"SUCCESS"},{"adId":527141977474431,"code":"SUCCESS"},{"adId":347200724507274,"code":"SUCCESS"},{"adId":373685002432901,"code":"SUCCESS"},{"adId":314319999198154,"code":"SUCCESS"},{"adId":549742436278419,"code":"SUCCESS"},{"adId":345535812208602,"code":"SUCCESS"},{"adId":523721141654123,"code":"SUCCESS"},{"adId":423297988856192,"code":"SUCCESS"},{"adId":343260618195051,"code":"SUCCESS"},{"adId":531120314948768,"code":"SUCCESS"},{"adId":351729219656864,"code":"SUCCESS"},{"adId":456617564048506,"code":"SUCCESS"},{"adId":556972581699430,"code":"SUCCESS"},{"adId":405336638383646,"code":"SUCCESS"},{"adId":500800164693646,"code":"SUCCESS"},{"adId":533677423392914,"code":"SUCCESS"},{"adId":343140426809152,"code":"SUCCESS"},{"adId":508593392275771,"code":"SUCCESS"},{"adId":463508603128164,"code":"SUCCESS"},{"adId":494706437657741,"code":"SUCCESS"},{"adId":541786109436292,"code":"SUCCESS"},{"adId":326405136680089,"code":"SUCCESS"},{"adId":499438038256719,"code":"SUCCESS"},{"adId":493729627752382,"code":"SUCCESS"},{"adId":384595128072908,"code":"SUCCESS"},{"adId":328765308203243,"code":"SUCCESS"},{"adId":480548979435653,"code":"SUCCESS"},{"adId":440571318646683,"code":"SUCCESS"},{"adId":438292601477998,"code":"SUCCESS"},{"adId":435642573460698,"code":"SUCCESS"},{"adId":516049002834084,"code":"SUCCESS"},{"adId":444064173960167,"code":"SUCCESS"},{"adId":380625749348120,"code":"SUCCESS"},{"adId":509492931719321,"code":"SUCCESS"},{"adId":372511142148071,"code":"SUCCESS"},{"adId":364174769962601,"code":"SUCCESS"},{"adId":526251033554321,"code":"SUCCESS"},{"adId":467466669566875,"code":"SUCCESS"},{"adId":301740885643038,"code":"SUCCESS"},{"adId":561105481616141,"code":"SUCCESS"},{"adId":473123235268795,"code":"SUCCESS"},{"adId":329436101204450,"code":"SUCCESS"},{"adId":342870972837099,"code":"SUCCESS"},{"adId":486872032097066,"code":"SUCCESS"},{"adId":469316132071950,"code":"SUCCESS"},{"adId":438758280686253,"code":"SUCCESS"},{"adId":504540887152582,"code":"SUCCESS"},{"adId":290962768955966,"code":"SUCCESS"},{"adId":281523422890518,"code":"SUCCESS"},{"adId":519797170643344,"code":"SUCCESS"},{"adId":309262901582041,"code":"SUCCESS"},{"adId":552207699970443,"code":"SUCCESS"},{"adId":302642094510948,"code":"SUCCESS"}]}
2026-09-14 08:09:02 - 暂停product成功：amazon_uk_tuto 462952121844428
2026-09-14 08:09:02 - 暂停product成功：amazon_uk_tuto 507925606905447
2026-09-14 08:09:02 - 暂停product成功：amazon_uk_tuto 531971336511187
2026-09-14 08:09:02 - 暂停product成功：amazon_uk_tuto 381580035191000
2026-09-14 08:09:02 - 暂停product成功：amazon_uk_tuto 364349405106320
2026-09-14 08:09:02 - 暂停product成功：amazon_uk_tuto 528877759749131
2026-09-14 08:09:02 - 暂停product成功：amazon_uk_tuto 497065390440410
2026-09-14 08:09:02 - 暂停product成功：amazon_uk_tuto 339543663048276
2026-09-14 08:09:02 - 暂停product成功：amazon_uk_tuto 539168933431745
2026-09-14 08:09:02 - 暂停product成功：amazon_uk_tuto 321601929169606
2026-09-14 08:09:02 - 暂停product成功：amazon_uk_tuto 394270298447421
2026-09-14 08:09:02 - 暂停product成功：amazon_uk_tuto 379320479872127
2026-09-14 08:09:02 - 暂停product成功：amazon_uk_tuto 363651405964738
2026-09-14 08:09:02 - 暂停product成功：amazon_uk_tuto 536999032206411
2026-09-14 08:09:02 - 暂停product成功：amazon_uk_tuto 301998325651147
2026-09-14 08:09:02 - 暂停product成功：amazon_uk_tuto 456289891757379
2026-09-14 08:09:02 - 暂停product成功：amazon_uk_tuto 517105964688952
2026-09-14 08:09:02 - 暂停product成功：amazon_uk_tuto 434575784793591
2026-09-14 08:09:02 - 暂停product成功：amazon_uk_tuto 508616847000019
2026-09-14 08:09:02 - 暂停product成功：amazon_uk_tuto 298012836533703
2026-09-14 08:09:02 - 暂停product成功：amazon_uk_tuto 388165306548192
2026-09-14 08:09:02 - 暂停product成功：amazon_uk_tuto 313356812653625
2026-09-14 08:09:02 - 暂停product成功：amazon_uk_tuto 363553748304415
2026-09-14 08:09:02 - 暂停product成功：amazon_uk_tuto 460840872032874
2026-09-14 08:09:02 - 暂停product成功：amazon_uk_tuto 416318167268357
2026-09-14 08:09:02 - 暂停product成功：amazon_uk_tuto 529418460302540
2026-09-14 08:09:02 - 暂停product成功：amazon_uk_tuto 547811024694300
2026-09-14 08:09:02 - 暂停product成功：amazon_uk_tuto 373224502247489
2026-09-14 08:09:02 - 暂停product成功：amazon_uk_tuto 434975281612631
2026-09-14 08:09:02 - 暂停product成功：amazon_uk_tuto 548169936510617
2026-09-14 08:09:02 - 暂停product成功：amazon_uk_tuto 485586615892105
2026-09-14 08:09:02 - 暂停product成功：amazon_uk_tuto 524069278552356
2026-09-14 08:09:02 - 暂停product成功：amazon_uk_tuto 303036855589553
2026-09-14 08:09:02 - 暂停product成功：amazon_uk_tuto 471998068583483
2026-09-14 08:09:02 - 暂停product成功：amazon_uk_tuto 337095489464040
2026-09-14 08:09:02 - 暂停product成功：amazon_uk_tuto 357736555211322
2026-09-14 08:09:02 - 暂停product成功：amazon_uk_tuto 368665921285540
2026-09-14 08:09:02 - 暂停product成功：amazon_uk_tuto 297395798414802
2026-09-14 08:09:02 - 暂停product成功：amazon_uk_tuto 333311689260357
2026-09-14 08:09:02 - 暂停product成功：amazon_uk_tuto 444419428284938
2026-09-14 08:09:02 - 暂停product成功：amazon_uk_tuto 452086220940685
2026-09-14 08:09:02 - 暂停product成功：amazon_uk_tuto 492244360076646
2026-09-14 08:09:02 - 暂停product成功：amazon_uk_tuto 297312071434103
2026-09-14 08:09:02 - 暂停product成功：amazon_uk_tuto 413737645535527
2026-09-14 08:09:02 - 暂停product成功：amazon_uk_tuto 368188179908169
2026-09-14 08:09:02 - 暂停product成功：amazon_uk_tuto 499590181984324
2026-09-14 08:09:02 - 暂停product成功：amazon_uk_tuto 537554748076105
2026-09-14 08:09:02 - 暂停product成功：amazon_uk_tuto 469313718470395
2026-09-14 08:09:02 - 暂停product成功：amazon_uk_tuto 468067109266183
2026-09-14 08:09:02 - 暂停product成功：amazon_uk_tuto 375056374223595
2026-09-14 08:09:02 - 暂停product成功：amazon_uk_tuto 309017713297303
2026-09-14 08:09:02 - 暂停product成功：amazon_uk_tuto 546875149134566
2026-09-14 08:09:02 - 暂停product成功：amazon_uk_tuto 534892632669592
2026-09-14 08:09:02 - 暂停product成功：amazon_uk_tuto 463173308051832
2026-09-14 08:09:02 - 暂停product成功：amazon_uk_tuto 305958830572455
2026-09-14 08:09:02 - 暂停product成功：amazon_uk_tuto 505148958840912
2026-09-14 08:09:02 - 暂停product成功：amazon_uk_tuto 361138403221856
2026-09-14 08:09:02 - 暂停product成功：amazon_uk_tuto 508200660074165
2026-09-14 08:09:02 - 暂停product成功：amazon_uk_tuto 323077697596713
2026-09-14 08:09:02 - 暂停product成功：amazon_uk_tuto 397464892475427
2026-09-14 08:09:02 - 暂停product成功：amazon_uk_tuto 525289432530111
2026-09-14 08:09:02 - 暂停product成功：amazon_uk_tuto 300950158429145
2026-09-14 08:09:02 - 暂停product成功：amazon_uk_tuto 404782794453694
2026-09-14 08:09:02 - 暂停product成功：amazon_uk_tuto 406877834280520
2026-09-14 08:09:02 - 暂停product成功：amazon_uk_tuto 398557075753733
2026-09-14 08:09:02 - 暂停product成功：amazon_uk_tuto 521739301124059
2026-09-14 08:09:02 - 暂停product成功：amazon_uk_tuto 424302118470259
2026-09-14 08:09:02 - 暂停product成功：amazon_uk_tuto 440836364925758
2026-09-14 08:09:02 - 暂停product成功：amazon_uk_tuto 397287250691423
2026-09-14 08:09:02 - 暂停product成功：amazon_uk_tuto 486954544305828
2026-09-14 08:09:02 - 暂停product成功：amazon_uk_tuto 536428063346180
2026-09-14 08:09:02 - 暂停product成功：amazon_uk_tuto 461708446945556
2026-09-14 08:09:02 - 暂停product成功：amazon_uk_tuto 408180410102442
2026-09-14 08:09:02 - 暂停product成功：amazon_uk_tuto 346228694614834
2026-09-14 08:09:02 - 暂停product成功：amazon_uk_tuto 410358505811697
2026-09-14 08:09:02 - 暂停product成功：amazon_uk_tuto 540018848153024
2026-09-14 08:09:02 - 暂停product成功：amazon_uk_tuto 422149228370905
2026-09-14 08:09:02 - 暂停product成功：amazon_uk_tuto 552358669264477
2026-09-14 08:09:02 - 暂停product成功：amazon_uk_tuto 531174169908015
2026-09-14 08:09:02 - 暂停product成功：amazon_uk_tuto 411506805958914
2026-09-14 08:09:02 - 暂停product成功：amazon_uk_tuto 374358819570231
2026-09-14 08:09:02 - 暂停product成功：amazon_uk_tuto 333053312388206
2026-09-14 08:09:02 - 暂停product成功：amazon_uk_tuto 516830828779363
2026-09-14 08:09:02 - 暂停product成功：amazon_uk_tuto 370422426733312
2026-09-14 08:09:02 - 暂停product成功：amazon_uk_tuto 441926876479127
2026-09-14 08:09:02 - 暂停product成功：amazon_uk_tuto 503431502616531
2026-09-14 08:09:02 - 暂停product成功：amazon_uk_tuto 529688785421208
2026-09-14 08:09:02 - 暂停product成功：amazon_uk_tuto 328373110752361
2026-09-14 08:09:02 - 暂停product成功：amazon_uk_tuto 322135040774107
2026-09-14 08:09:02 - 暂停product成功：amazon_uk_tuto 527141977474431
2026-09-14 08:09:02 - 暂停product成功：amazon_uk_tuto 347200724507274
2026-09-14 08:09:02 - 暂停product成功：amazon_uk_tuto 373685002432901
2026-09-14 08:09:02 - 暂停product成功：amazon_uk_tuto 314319999198154
2026-09-14 08:09:02 - 暂停product成功：amazon_uk_tuto 549742436278419
2026-09-14 08:09:02 - 暂停product成功：amazon_uk_tuto 345535812208602
2026-09-14 08:09:02 - 暂停product成功：amazon_uk_tuto 523721141654123
2026-09-14 08:09:02 - 暂停product成功：amazon_uk_tuto 423297988856192
2026-09-14 08:09:02 - 暂停product成功：amazon_uk_tuto 343260618195051
2026-09-14 08:09:02 - 暂停product成功：amazon_uk_tuto 531120314948768
2026-09-14 08:09:02 - 暂停product成功：amazon_uk_tuto 351729219656864
2026-09-14 08:09:02 - 暂停product成功：amazon_uk_tuto 456617564048506
2026-09-14 08:09:02 - 暂停product成功：amazon_uk_tuto 556972581699430
2026-09-14 08:09:02 - 暂停product成功：amazon_uk_tuto 405336638383646
2026-09-14 08:09:02 - 暂停product成功：amazon_uk_tuto 500800164693646
2026-09-14 08:09:02 - 暂停product成功：amazon_uk_tuto 533677423392914
2026-09-14 08:09:02 - 暂停product成功：amazon_uk_tuto 343140426809152
2026-09-14 08:09:02 - 暂停product成功：amazon_uk_tuto 508593392275771
2026-09-14 08:09:02 - 暂停product成功：amazon_uk_tuto 463508603128164
2026-09-14 08:09:02 - 暂停product成功：amazon_uk_tuto 494706437657741
2026-09-14 08:09:02 - 暂停product成功：amazon_uk_tuto 541786109436292
2026-09-14 08:09:02 - 暂停product成功：amazon_uk_tuto 326405136680089
2026-09-14 08:09:02 - 暂停product成功：amazon_uk_tuto 499438038256719
2026-09-14 08:09:02 - 暂停product成功：amazon_uk_tuto 493729627752382
2026-09-14 08:09:02 - 暂停product成功：amazon_uk_tuto 384595128072908
2026-09-14 08:09:02 - 暂停product成功：amazon_uk_tuto 328765308203243
2026-09-14 08:09:02 - 暂停product成功：amazon_uk_tuto 480548979435653
2026-09-14 08:09:02 - 暂停product成功：amazon_uk_tuto 440571318646683
2026-09-14 08:09:02 - 暂停product成功：amazon_uk_tuto 438292601477998
2026-09-14 08:09:02 - 暂停product成功：amazon_uk_tuto 435642573460698
2026-09-14 08:09:02 - 暂停product成功：amazon_uk_tuto 516049002834084
2026-09-14 08:09:02 - 暂停product成功：amazon_uk_tuto 444064173960167
2026-09-14 08:09:02 - 暂停product成功：amazon_uk_tuto 380625749348120
2026-09-14 08:09:02 - 暂停product成功：amazon_uk_tuto 509492931719321
2026-09-14 08:09:02 - 暂停product成功：amazon_uk_tuto 372511142148071
2026-09-14 08:09:02 - 暂停product成功：amazon_uk_tuto 364174769962601
2026-09-14 08:09:02 - 暂停product成功：amazon_uk_tuto 526251033554321
2026-09-14 08:09:02 - 暂停product成功：amazon_uk_tuto 467466669566875
2026-09-14 08:09:02 - 暂停product成功：amazon_uk_tuto 301740885643038
2026-09-14 08:09:02 - 暂停product成功：amazon_uk_tuto 561105481616141
2026-09-14 08:09:02 - 暂停product成功：amazon_uk_tuto 473123235268795
2026-09-14 08:09:02 - 暂停product成功：amazon_uk_tuto 329436101204450
2026-09-14 08:09:02 - 暂停product成功：amazon_uk_tuto 342870972837099
2026-09-14 08:09:02 - 暂停product成功：amazon_uk_tuto 486872032097066
2026-09-14 08:09:02 - 暂停product成功：amazon_uk_tuto 469316132071950
2026-09-14 08:09:02 - 暂停product成功：amazon_uk_tuto 438758280686253
2026-09-14 08:09:02 - 暂停product成功：amazon_uk_tuto 504540887152582
2026-09-14 08:09:02 - 暂停product成功：amazon_uk_tuto 290962768955966
2026-09-14 08:09:02 - 暂停product成功：amazon_uk_tuto 281523422890518
2026-09-14 08:09:02 - 暂停product成功：amazon_uk_tuto 519797170643344
2026-09-14 08:09:02 - 暂停product成功：amazon_uk_tuto 309262901582041
2026-09-14 08:09:02 - 暂停product成功：amazon_uk_tuto 552207699970443
2026-09-14 08:09:02 - 暂停product成功：amazon_uk_tuto 302642094510948
2026-09-14 08:09:03 - batchMongoUpdateProduct：共85条，成功85条，失败0条
2026-09-14 08:09:05 - {"status":"success","message":"success","data":[{"adId":532447679353453,"code":"SUCCESS"},{"adId":508769988390098,"code":"SUCCESS"},{"adId":353947191280712,"code":"SUCCESS"},{"adId":319693938442441,"code":"SUCCESS"},{"adId":288163146611744,"code":"SUCCESS"},{"adId":562145050575852,"code":"SUCCESS"},{"adId":305323672675312,"code":"SUCCESS"},{"adId":429591279761551,"code":"SUCCESS"},{"adId":302905614290062,"code":"SUCCESS"},{"adId":480222189343378,"code":"SUCCESS"},{"adId":283293242895262,"code":"SUCCESS"},{"adId":301278086479320,"code":"SUCCESS"},{"adId":504582742928129,"code":"SUCCESS"},{"adId":505789356977778,"code":"SUCCESS"},{"adId":553105849350279,"code":"SUCCESS"},{"adId":425207042576289,"code":"SUCCESS"},{"adId":457505122527174,"code":"SUCCESS"},{"adId":434168743449273,"code":"SUCCESS"},{"adId":498657070701259,"code":"SUCCESS"},{"adId":384858870705988,"code":"SUCCESS"},{"adId":318668835537186,"code":"SUCCESS"},{"adId":498892139616655,"code":"SUCCESS"},{"adId":287144662191273,"code":"SUCCESS"},{"adId":524781766836780,"code":"SUCCESS"},{"adId":425929341475480,"code":"SUCCESS"},{"adId":541897955575312,"code":"SUCCESS"},{"adId":525306085690597,"code":"SUCCESS"},{"adId":478609969498686,"code":"SUCCESS"},{"adId":309296427247916,"code":"SUCCESS"},{"adId":525461005420965,"code":"SUCCESS"},{"adId":306276522186474,"code":"SUCCESS"},{"adId":421620259973099,"code":"SUCCESS"},{"adId":356595512945555,"code":"SUCCESS"},{"adId":437422610636132,"code":"SUCCESS"},{"adId":455259351962591,"code":"SUCCESS"},{"adId":518211094852534,"code":"SUCCESS"},{"adId":470444772489801,"code":"SUCCESS"},{"adId":365178341407678,"code":"SUCCESS"},{"adId":479689374185724,"code":"SUCCESS"},{"adId":396545487385079,"code":"SUCCESS"},{"adId":336570585111218,"code":"SUCCESS"},{"adId":412005023058834,"code":"SUCCESS"},{"adId":547458874291281,"code":"SUCCESS"},{"adId":291529761329054,"code":"SUCCESS"},{"adId":486796916034022,"code":"SUCCESS"},{"adId":477480547371249,"code":"SUCCESS"},{"adId":396629155287506,"code":"SUCCESS"},{"adId":285839137276734,"code":"SUCCESS"},{"adId":329538672265502,"code":"SUCCESS"},{"adId":556442307657086,"code":"SUCCESS"},{"adId":449148768457810,"code":"SUCCESS"},{"adId":522936791583571,"code":"SUCCESS"}]}
2026-09-14 08:09:05 - 暂停product成功：amazon_ca_tuc 532447679353453
2026-09-14 08:09:05 - 暂停product成功：amazon_ca_tuc 508769988390098
2026-09-14 08:09:05 - 暂停product成功：amazon_ca_tuc 353947191280712
2026-09-14 08:09:05 - 暂停product成功：amazon_ca_tuc 319693938442441
2026-09-14 08:09:05 - 暂停product成功：amazon_ca_tuc 288163146611744
2026-09-14 08:09:05 - 暂停product成功：amazon_ca_tuc 562145050575852
2026-09-14 08:09:05 - 暂停product成功：amazon_ca_tuc 305323672675312
2026-09-14 08:09:05 - 暂停product成功：amazon_ca_tuc 429591279761551
2026-09-14 08:09:05 - 暂停product成功：amazon_ca_tuc 302905614290062
2026-09-14 08:09:05 - 暂停product成功：amazon_ca_tuc 480222189343378
2026-09-14 08:09:05 - 暂停product成功：amazon_ca_tuc 283293242895262
2026-09-14 08:09:05 - 暂停product成功：amazon_ca_tuc 301278086479320
2026-09-14 08:09:05 - 暂停product成功：amazon_ca_tuc 504582742928129
2026-09-14 08:09:05 - 暂停product成功：amazon_ca_tuc 505789356977778
2026-09-14 08:09:05 - 暂停product成功：amazon_ca_tuc 553105849350279
2026-09-14 08:09:05 - 暂停product成功：amazon_ca_tuc 425207042576289
2026-09-14 08:09:05 - 暂停product成功：amazon_ca_tuc 457505122527174
2026-09-14 08:09:05 - 暂停product成功：amazon_ca_tuc 434168743449273
2026-09-14 08:09:05 - 暂停product成功：amazon_ca_tuc 498657070701259
2026-09-14 08:09:05 - 暂停product成功：amazon_ca_tuc 384858870705988
2026-09-14 08:09:05 - 暂停product成功：amazon_ca_tuc 318668835537186
2026-09-14 08:09:05 - 暂停product成功：amazon_ca_tuc 498892139616655
2026-09-14 08:09:05 - 暂停product成功：amazon_ca_tuc 287144662191273
2026-09-14 08:09:05 - 暂停product成功：amazon_ca_tuc 524781766836780
2026-09-14 08:09:05 - 暂停product成功：amazon_ca_tuc 425929341475480
2026-09-14 08:09:05 - 暂停product成功：amazon_ca_tuc 541897955575312
2026-09-14 08:09:05 - 暂停product成功：amazon_ca_tuc 525306085690597
2026-09-14 08:09:05 - 暂停product成功：amazon_ca_tuc 478609969498686
2026-09-14 08:09:05 - 暂停product成功：amazon_ca_tuc 309296427247916
2026-09-14 08:09:05 - 暂停product成功：amazon_ca_tuc 525461005420965
2026-09-14 08:09:05 - 暂停product成功：amazon_ca_tuc 306276522186474
2026-09-14 08:09:05 - 暂停product成功：amazon_ca_tuc 421620259973099
2026-09-14 08:09:05 - 暂停product成功：amazon_ca_tuc 356595512945555
2026-09-14 08:09:05 - 暂停product成功：amazon_ca_tuc 437422610636132
2026-09-14 08:09:05 - 暂停product成功：amazon_ca_tuc 455259351962591
2026-09-14 08:09:05 - 暂停product成功：amazon_ca_tuc 518211094852534
2026-09-14 08:09:05 - 暂停product成功：amazon_ca_tuc 470444772489801
2026-09-14 08:09:05 - 暂停product成功：amazon_ca_tuc 365178341407678
2026-09-14 08:09:05 - 暂停product成功：amazon_ca_tuc 479689374185724
2026-09-14 08:09:05 - 暂停product成功：amazon_ca_tuc 396545487385079
2026-09-14 08:09:05 - 暂停product成功：amazon_ca_tuc 336570585111218
2026-09-14 08:09:05 - 暂停product成功：amazon_ca_tuc 412005023058834
2026-09-14 08:09:05 - 暂停product成功：amazon_ca_tuc 547458874291281
2026-09-14 08:09:05 - 暂停product成功：amazon_ca_tuc 291529761329054
2026-09-14 08:09:05 - 暂停product成功：amazon_ca_tuc 486796916034022
2026-09-14 08:09:05 - 暂停product成功：amazon_ca_tuc 477480547371249
2026-09-14 08:09:05 - 暂停product成功：amazon_ca_tuc 396629155287506
2026-09-14 08:09:05 - 暂停product成功：amazon_ca_tuc 285839137276734
2026-09-14 08:09:05 - 暂停product成功：amazon_ca_tuc 329538672265502
2026-09-14 08:09:05 - 暂停product成功：amazon_ca_tuc 556442307657086
2026-09-14 08:09:05 - 暂停product成功：amazon_ca_tuc 449148768457810
2026-09-14 08:09:05 - 暂停product成功：amazon_ca_tuc 522936791583571
2026-09-14 08:09:06 - batchMongoUpdateProduct：共46条，成功46条，失败0条
2026-09-14 08:09:07 - {"status":"success","message":"success","data":[{"adId":506759998575912,"code":"SUCCESS"},{"adId":297171333782012,"code":"SUCCESS"},{"adId":334859741053532,"code":"SUCCESS"},{"adId":382516293461223,"code":"SUCCESS"},{"adId":493880990290055,"code":"SUCCESS"},{"adId":532796317395617,"code":"SUCCESS"},{"adId":324292467237994,"code":"SUCCESS"},{"adId":287761640339575,"code":"SUCCESS"},{"adId":420895584250734,"code":"SUCCESS"},{"adId":344559417992384,"code":"SUCCESS"},{"adId":436634616411951,"code":"SUCCESS"},{"adId":317888467599085,"code":"SUCCESS"},{"adId":377284819338665,"code":"SUCCESS"},{"adId":533514651716580,"code":"SUCCESS"},{"adId":346445564142264,"code":"SUCCESS"},{"adId":410069348550746,"code":"SUCCESS"},{"adId":295511602973825,"code":"SUCCESS"},{"adId":405669296194243,"code":"SUCCESS"},{"adId":497981668982378,"code":"SUCCESS"},{"adId":484223208418638,"code":"SUCCESS"},{"adId":447653654483087,"code":"SUCCESS"},{"adId":334418855173594,"code":"SUCCESS"},{"adId":557574900140966,"code":"SUCCESS"},{"adId":536687384284841,"code":"SUCCESS"},{"adId":411779704643071,"code":"SUCCESS"},{"adId":397936758740008,"code":"SUCCESS"},{"adId":449354129882120,"code":"SUCCESS"},{"adId":519214958236799,"code":"SUCCESS"},{"adId":449392259667071,"code":"SUCCESS"},{"adId":416952938567350,"code":"SUCCESS"},{"adId":477364361767239,"code":"SUCCESS"},{"adId":322483657085661,"code":"SUCCESS"},{"adId":533311282638819,"code":"SUCCESS"},{"adId":550866902306923,"code":"SUCCESS"},{"adId":418223208215493,"code":"SUCCESS"},{"adId":378745388565965,"code":"SUCCESS"}]}
2026-09-14 08:09:07 - 暂停product成功：amazon_uk_bull 506759998575912
2026-09-14 08:09:07 - 暂停product成功：amazon_uk_bull 297171333782012
2026-09-14 08:09:07 - 暂停product成功：amazon_uk_bull 334859741053532
2026-09-14 08:09:07 - 暂停product成功：amazon_uk_bull 382516293461223
2026-09-14 08:09:07 - 暂停product成功：amazon_uk_bull 493880990290055
2026-09-14 08:09:07 - 暂停product成功：amazon_uk_bull 532796317395617
2026-09-14 08:09:07 - 暂停product成功：amazon_uk_bull 324292467237994
2026-09-14 08:09:07 - 暂停product成功：amazon_uk_bull 287761640339575
2026-09-14 08:09:07 - 暂停product成功：amazon_uk_bull 420895584250734
2026-09-14 08:09:07 - 暂停product成功：amazon_uk_bull 344559417992384
2026-09-14 08:09:07 - 暂停product成功：amazon_uk_bull 436634616411951
2026-09-14 08:09:07 - 暂停product成功：amazon_uk_bull 317888467599085
2026-09-14 08:09:07 - 暂停product成功：amazon_uk_bull 377284819338665
2026-09-14 08:09:07 - 暂停product成功：amazon_uk_bull 533514651716580
2026-09-14 08:09:07 - 暂停product成功：amazon_uk_bull 346445564142264
2026-09-14 08:09:07 - 暂停product成功：amazon_uk_bull 410069348550746
2026-09-14 08:09:07 - 暂停product成功：amazon_uk_bull 295511602973825
2026-09-14 08:09:07 - 暂停product成功：amazon_uk_bull 405669296194243
2026-09-14 08:09:07 - 暂停product成功：amazon_uk_bull 497981668982378
2026-09-14 08:09:07 - 暂停product成功：amazon_uk_bull 484223208418638
2026-09-14 08:09:07 - 暂停product成功：amazon_uk_bull 447653654483087
2026-09-14 08:09:07 - 暂停product成功：amazon_uk_bull 334418855173594
2026-09-14 08:09:07 - 暂停product成功：amazon_uk_bull 557574900140966
2026-09-14 08:09:07 - 暂停product成功：amazon_uk_bull 536687384284841
2026-09-14 08:09:07 - 暂停product成功：amazon_uk_bull 411779704643071
2026-09-14 08:09:07 - 暂停product成功：amazon_uk_bull 397936758740008
2026-09-14 08:09:07 - 暂停product成功：amazon_uk_bull 449354129882120
2026-09-14 08:09:07 - 暂停product成功：amazon_uk_bull 519214958236799
2026-09-14 08:09:07 - 暂停product成功：amazon_uk_bull 449392259667071
2026-09-14 08:09:07 - 暂停product成功：amazon_uk_bull 416952938567350
2026-09-14 08:09:07 - 暂停product成功：amazon_uk_bull 477364361767239
2026-09-14 08:09:07 - 暂停product成功：amazon_uk_bull 322483657085661
2026-09-14 08:09:07 - 暂停product成功：amazon_uk_bull 533311282638819
2026-09-14 08:09:07 - 暂停product成功：amazon_uk_bull 550866902306923
2026-09-14 08:09:07 - 暂停product成功：amazon_uk_bull 418223208215493
2026-09-14 08:09:07 - 暂停product成功：amazon_uk_bull 378745388565965
2026-09-14 08:09:08 - batchMongoUpdateProduct：共36条，成功36条，失败0条
2026-09-14 08:09:10 - {"status":"success","message":"success","data":[{"adId":373130213122978,"code":"SUCCESS"},{"adId":517467137109554,"code":"SUCCESS"},{"adId":282786048667860,"code":"SUCCESS"},{"adId":299603227439263,"code":"SUCCESS"},{"adId":357883594235418,"code":"SUCCESS"},{"adId":495856326167723,"code":"SUCCESS"},{"adId":336925756682947,"code":"SUCCESS"},{"adId":502769147925904,"code":"SUCCESS"},{"adId":410226943896614,"code":"SUCCESS"},{"adId":474752484054014,"code":"SUCCESS"},{"adId":496052720444527,"code":"SUCCESS"},{"adId":555535065019120,"code":"SUCCESS"},{"adId":352923945627418,"code":"SUCCESS"},{"adId":305709459335415,"code":"SUCCESS"},{"adId":500850404070873,"code":"SUCCESS"},{"adId":504728598954028,"code":"SUCCESS"},{"adId":407955980528058,"code":"SUCCESS"},{"adId":497474629608250,"code":"SUCCESS"},{"adId":460591881519878,"code":"SUCCESS"},{"adId":517803137267813,"code":"SUCCESS"},{"adId":495646326933012,"code":"SUCCESS"},{"adId":446174574787577,"code":"SUCCESS"},{"adId":529010648584546,"code":"SUCCESS"},{"adId":362709133850945,"code":"SUCCESS"},{"adId":507600033866282,"code":"SUCCESS"},{"adId":291168152504442,"code":"SUCCESS"},{"adId":560844736391659,"code":"SUCCESS"},{"adId":305274514137131,"code":"SUCCESS"},{"adId":308987320011361,"code":"SUCCESS"},{"adId":545800569287945,"code":"SUCCESS"},{"adId":406406999876863,"code":"SUCCESS"},{"adId":504138733656272,"code":"SUCCESS"},{"adId":416732734094517,"code":"SUCCESS"},{"adId":383008757367107,"code":"SUCCESS"},{"adId":457222294415010,"code":"SUCCESS"},{"adId":480967847159311,"code":"SUCCESS"},{"adId":299460126843753,"code":"SUCCESS"},{"adId":311306424260244,"code":"SUCCESS"},{"adId":366616808733004,"code":"SUCCESS"},{"adId":436605943844122,"code":"SUCCESS"},{"adId":363384749833599,"code":"SUCCESS"},{"adId":317281476265571,"code":"SUCCESS"},{"adId":307914803558830,"code":"SUCCESS"},{"adId":504740263839688,"code":"SUCCESS"},{"adId":376287912541070,"code":"SUCCESS"},{"adId":307140725217493,"code":"SUCCESS"},{"adId":350612332040729,"code":"SUCCESS"},{"adId":516287230648882,"code":"SUCCESS"},{"adId":477300300564071,"code":"SUCCESS"},{"adId":466993058916089,"code":"SUCCESS"},{"adId":374077704891361,"code":"SUCCESS"},{"adId":322467218209771,"code":"SUCCESS"},{"adId":558579347228705,"code":"SUCCESS"},{"adId":530956746912788,"code":"SUCCESS"},{"adId":387958395042459,"code":"SUCCESS"},{"adId":294487636955336,"code":"SUCCESS"},{"adId":505284302614841,"code":"SUCCESS"},{"adId":313077138402562,"code":"SUCCESS"},{"adId":512856467573026,"code":"SUCCESS"},{"adId":446747579277491,"code":"SUCCESS"},{"adId":351083937049185,"code":"SUCCESS"},{"adId":478160681895844,"code":"SUCCESS"},{"adId":514805926679551,"code":"SUCCESS"},{"adId":385035299442785,"code":"SUCCESS"},{"adId":516444606561224,"code":"SUCCESS"},{"adId":388665846207299,"code":"SUCCESS"},{"adId":386799448867745,"code":"SUCCESS"},{"adId":562219589979726,"code":"SUCCESS"},{"adId":436057389658973,"code":"SUCCESS"},{"adId":467541164051864,"code":"SUCCESS"},{"adId":550909082525578,"code":"SUCCESS"},{"adId":473871109147959,"code":"SUCCESS"},{"adId":525959077327394,"code":"SUCCESS"},{"adId":520018407139010,"code":"SUCCESS"},{"adId":331919518073427,"code":"SUCCESS"},{"adId":488956523454372,"code":"SUCCESS"},{"adId":505099780632111,"code":"SUCCESS"},{"adId":349940471834696,"code":"SUCCESS"},{"adId":316951054154949,"code":"SUCCESS"},{"adId":326956847776807,"code":"SUCCESS"},{"adId":479096836131143,"code":"SUCCESS"},{"adId":294047739218904,"code":"SUCCESS"},{"adId":401099651184344,"code":"SUCCESS"},{"adId":488899163907404,"code":"SUCCESS"},{"adId":411681064497277,"code":"SUCCESS"},{"adId":428663345420986,"code":"SUCCESS"},{"adId":394792093703984,"code":"SUCCESS"},{"adId":533187740368903,"code":"SUCCESS"},{"adId":449817826722753,"code":"SUCCESS"},{"adId":457856216067037,"code":"SUCCESS"},{"adId":555770415758496,"code":"SUCCESS"},{"adId":509328660336555,"code":"SUCCESS"},{"adId":559243829575683,"code":"SUCCESS"},{"adId":359412323450292,"code":"SUCCESS"},{"adId":371038635590769,"code":"SUCCESS"},{"adId":338317655487117,"code":"SUCCESS"},{"adId":318388016683265,"code":"SUCCESS"},{"adId":474987022652328,"code":"SUCCESS"},{"adId":298093320268975,"code":"SUCCESS"},{"adId":417725039796209,"code":"SUCCESS"},{"adId":354007200179767,"code":"SUCCESS"},{"adId":338290612716076,"code":"SUCCESS"},{"adId":519112263455912,"code":"SUCCESS"},{"adId":418998384557271,"code":"SUCCESS"},{"adId":418476518523593,"code":"SUCCESS"},{"adId":553694088923341,"code":"SUCCESS"},{"adId":393518548445414,"code":"SUCCESS"},{"adId":470874173358353,"code":"SUCCESS"},{"adId":384242756051778,"code":"SUCCESS"},{"adId":327415749438079,"code":"SUCCESS"},{"adId":434283331494605,"code":"SUCCESS"},{"adId":390731949873946,"code":"SUCCESS"},{"adId":301416383568029,"code":"SUCCESS"},{"adId":415957854992136,"code":"SUCCESS"},{"adId":475938865658911,"code":"SUCCESS"},{"adId":495672003444960,"code":"SUCCESS"},{"adId":449481458526248,"code":"SUCCESS"},{"adId":420606984420138,"code":"SUCCESS"},{"adId":287633334207092,"code":"SUCCESS"},{"adId":379117119998185,"code":"SUCCESS"},{"adId":519993660751167,"code":"SUCCESS"},{"adId":512408859874217,"code":"SUCCESS"},{"adId":445803558219443,"code":"SUCCESS"},{"adId":361857291671122,"code":"SUCCESS"},{"adId":514342310856645,"code":"SUCCESS"},{"adId":403646210964045,"code":"SUCCESS"},{"adId":334960195743673,"code":"SUCCESS"},{"adId":407270522589842,"code":"SUCCESS"},{"adId":476385610310739,"code":"SUCCESS"},{"adId":498661866356164,"code":"SUCCESS"},{"adId":415204676556827,"code":"SUCCESS"},{"adId":340067099046401,"code":"SUCCESS"},{"adId":326780113492597,"code":"SUCCESS"},{"adId":385373639325076,"code":"SUCCESS"},{"adId":375951915315175,"code":"SUCCESS"},{"adId":287647292847915,"code":"SUCCESS"},{"adId":525622292851254,"code":"SUCCESS"},{"adId":290104836784779,"code":"SUCCESS"},{"adId":411896383196464,"code":"SUCCESS"},{"adId":456616069980109,"code":"SUCCESS"},{"adId":316093551448383,"code":"SUCCESS"},{"adId":511296464119612,"code":"SUCCESS"},{"adId":365042114894593,"code":"SUCCESS"},{"adId":484572330885372,"code":"SUCCESS"},{"adId":492212765464182,"code":"SUCCESS"},{"adId":502702952015625,"code":"SUCCESS"},{"adId":513938767292312,"code":"SUCCESS"},{"adId":487579632597931,"code":"SUCCESS"},{"adId":356520311760979,"code":"SUCCESS"},{"adId":482641962985585,"code":"SUCCESS"},{"adId":541943928473499,"code":"SUCCESS"},{"adId":423437693071180,"code":"SUCCESS"},{"adId":546390622736270,"code":"SUCCESS"},{"adId":312142868184358,"code":"SUCCESS"},{"adId":543372476681824,"code":"SUCCESS"},{"adId":368699695383165,"code":"SUCCESS"},{"adId":298892803832427,"code":"SUCCESS"},{"adId":374211017505184,"code":"SUCCESS"},{"adId":401718415222011,"code":"SUCCESS"},{"adId":512519441112839,"code":"SUCCESS"},{"adId":548908806729361,"code":"SUCCESS"},{"adId":369148071089759,"code":"SUCCESS"},{"adId":350112318478990,"code":"SUCCESS"},{"adId":282629271111601,"code":"SUCCESS"},{"adId":553656061772834,"code":"SUCCESS"},{"adId":539578691712086,"code":"SUCCESS"},{"adId":411770793937414,"code":"SUCCESS"},{"adId":422283613693712,"code":"SUCCESS"},{"adId":439833665097570,"code":"SUCCESS"},{"adId":381286058157926,"code":"SUCCESS"},{"adId":537484819249553,"code":"SUCCESS"},{"adId":430489498948642,"code":"SUCCESS"},{"adId":304605425697657,"code":"SUCCESS"},{"adId":371259559853844,"code":"SUCCESS"},{"adId":550071773571642,"code":"SUCCESS"},{"adId":451159963548618,"code":"SUCCESS"},{"adId":352795583854966,"code":"SUCCESS"}]}
2026-09-14 08:09:10 - 暂停product成功：amazon_us_kilo 373130213122978
2026-09-14 08:09:10 - 暂停product成功：amazon_us_kilo 517467137109554
2026-09-14 08:09:10 - 暂停product成功：amazon_us_kilo 282786048667860
2026-09-14 08:09:10 - 暂停product成功：amazon_us_kilo 299603227439263
2026-09-14 08:09:10 - 暂停product成功：amazon_us_kilo 357883594235418
2026-09-14 08:09:10 - 暂停product成功：amazon_us_kilo 495856326167723
2026-09-14 08:09:10 - 暂停product成功：amazon_us_kilo 336925756682947
2026-09-14 08:09:10 - 暂停product成功：amazon_us_kilo 502769147925904
2026-09-14 08:09:10 - 暂停product成功：amazon_us_kilo 410226943896614
2026-09-14 08:09:10 - 暂停product成功：amazon_us_kilo 474752484054014
2026-09-14 08:09:10 - 暂停product成功：amazon_us_kilo 496052720444527
2026-09-14 08:09:10 - 暂停product成功：amazon_us_kilo 555535065019120
2026-09-14 08:09:10 - 暂停product成功：amazon_us_kilo 352923945627418
2026-09-14 08:09:10 - 暂停product成功：amazon_us_kilo 305709459335415
2026-09-14 08:09:10 - 暂停product成功：amazon_us_kilo 500850404070873
2026-09-14 08:09:10 - 暂停product成功：amazon_us_kilo 504728598954028
2026-09-14 08:09:10 - 暂停product成功：amazon_us_kilo 407955980528058
2026-09-14 08:09:10 - 暂停product成功：amazon_us_kilo 497474629608250
2026-09-14 08:09:10 - 暂停product成功：amazon_us_kilo 460591881519878
2026-09-14 08:09:10 - 暂停product成功：amazon_us_kilo 517803137267813
2026-09-14 08:09:10 - 暂停product成功：amazon_us_kilo 495646326933012
2026-09-14 08:09:10 - 暂停product成功：amazon_us_kilo 446174574787577
2026-09-14 08:09:10 - 暂停product成功：amazon_us_kilo 529010648584546
2026-09-14 08:09:10 - 暂停product成功：amazon_us_kilo 362709133850945
2026-09-14 08:09:10 - 暂停product成功：amazon_us_kilo 507600033866282
2026-09-14 08:09:10 - 暂停product成功：amazon_us_kilo 291168152504442
2026-09-14 08:09:10 - 暂停product成功：amazon_us_kilo 560844736391659
2026-09-14 08:09:10 - 暂停product成功：amazon_us_kilo 305274514137131
2026-09-14 08:09:10 - 暂停product成功：amazon_us_kilo 308987320011361
2026-09-14 08:09:10 - 暂停product成功：amazon_us_kilo 545800569287945
2026-09-14 08:09:10 - 暂停product成功：amazon_us_kilo 406406999876863
2026-09-14 08:09:10 - 暂停product成功：amazon_us_kilo 504138733656272
2026-09-14 08:09:10 - 暂停product成功：amazon_us_kilo 416732734094517
2026-09-14 08:09:10 - 暂停product成功：amazon_us_kilo 383008757367107
2026-09-14 08:09:10 - 暂停product成功：amazon_us_kilo 457222294415010
2026-09-14 08:09:10 - 暂停product成功：amazon_us_kilo 480967847159311
2026-09-14 08:09:10 - 暂停product成功：amazon_us_kilo 299460126843753
2026-09-14 08:09:10 - 暂停product成功：amazon_us_kilo 311306424260244
2026-09-14 08:09:10 - 暂停product成功：amazon_us_kilo 366616808733004
2026-09-14 08:09:10 - 暂停product成功：amazon_us_kilo 436605943844122
2026-09-14 08:09:10 - 暂停product成功：amazon_us_kilo 363384749833599
2026-09-14 08:09:10 - 暂停product成功：amazon_us_kilo 317281476265571
2026-09-14 08:09:10 - 暂停product成功：amazon_us_kilo 307914803558830
2026-09-14 08:09:10 - 暂停product成功：amazon_us_kilo 504740263839688
2026-09-14 08:09:10 - 暂停product成功：amazon_us_kilo 376287912541070
2026-09-14 08:09:10 - 暂停product成功：amazon_us_kilo 307140725217493
2026-09-14 08:09:10 - 暂停product成功：amazon_us_kilo 350612332040729
2026-09-14 08:09:10 - 暂停product成功：amazon_us_kilo 516287230648882
2026-09-14 08:09:10 - 暂停product成功：amazon_us_kilo 477300300564071
2026-09-14 08:09:10 - 暂停product成功：amazon_us_kilo 466993058916089
2026-09-14 08:09:10 - 暂停product成功：amazon_us_kilo 374077704891361
2026-09-14 08:09:10 - 暂停product成功：amazon_us_kilo 322467218209771
2026-09-14 08:09:10 - 暂停product成功：amazon_us_kilo 558579347228705
2026-09-14 08:09:10 - 暂停product成功：amazon_us_kilo 530956746912788
2026-09-14 08:09:10 - 暂停product成功：amazon_us_kilo 387958395042459
2026-09-14 08:09:10 - 暂停product成功：amazon_us_kilo 294487636955336
2026-09-14 08:09:10 - 暂停product成功：amazon_us_kilo 505284302614841
2026-09-14 08:09:10 - 暂停product成功：amazon_us_kilo 313077138402562
2026-09-14 08:09:10 - 暂停product成功：amazon_us_kilo 512856467573026
2026-09-14 08:09:10 - 暂停product成功：amazon_us_kilo 446747579277491
2026-09-14 08:09:10 - 暂停product成功：amazon_us_kilo 351083937049185
2026-09-14 08:09:10 - 暂停product成功：amazon_us_kilo 478160681895844
2026-09-14 08:09:10 - 暂停product成功：amazon_us_kilo 514805926679551
2026-09-14 08:09:10 - 暂停product成功：amazon_us_kilo 385035299442785
2026-09-14 08:09:10 - 暂停product成功：amazon_us_kilo 516444606561224
2026-09-14 08:09:10 - 暂停product成功：amazon_us_kilo 388665846207299
2026-09-14 08:09:10 - 暂停product成功：amazon_us_kilo 386799448867745
2026-09-14 08:09:10 - 暂停product成功：amazon_us_kilo 562219589979726
2026-09-14 08:09:10 - 暂停product成功：amazon_us_kilo 436057389658973
2026-09-14 08:09:10 - 暂停product成功：amazon_us_kilo 467541164051864
2026-09-14 08:09:10 - 暂停product成功：amazon_us_kilo 550909082525578
2026-09-14 08:09:10 - 暂停product成功：amazon_us_kilo 473871109147959
2026-09-14 08:09:10 - 暂停product成功：amazon_us_kilo 525959077327394
2026-09-14 08:09:10 - 暂停product成功：amazon_us_kilo 520018407139010
2026-09-14 08:09:10 - 暂停product成功：amazon_us_kilo 331919518073427
2026-09-14 08:09:10 - 暂停product成功：amazon_us_kilo 488956523454372
2026-09-14 08:09:10 - 暂停product成功：amazon_us_kilo 505099780632111
2026-09-14 08:09:10 - 暂停product成功：amazon_us_kilo 349940471834696
2026-09-14 08:09:10 - 暂停product成功：amazon_us_kilo 316951054154949
2026-09-14 08:09:10 - 暂停product成功：amazon_us_kilo 326956847776807
2026-09-14 08:09:10 - 暂停product成功：amazon_us_kilo 479096836131143
2026-09-14 08:09:10 - 暂停product成功：amazon_us_kilo 294047739218904
2026-09-14 08:09:10 - 暂停product成功：amazon_us_kilo 401099651184344
2026-09-14 08:09:10 - 暂停product成功：amazon_us_kilo 488899163907404
2026-09-14 08:09:10 - 暂停product成功：amazon_us_kilo 411681064497277
2026-09-14 08:09:10 - 暂停product成功：amazon_us_kilo 428663345420986
2026-09-14 08:09:10 - 暂停product成功：amazon_us_kilo 394792093703984
2026-09-14 08:09:10 - 暂停product成功：amazon_us_kilo 533187740368903
2026-09-14 08:09:10 - 暂停product成功：amazon_us_kilo 449817826722753
2026-09-14 08:09:10 - 暂停product成功：amazon_us_kilo 457856216067037
2026-09-14 08:09:10 - 暂停product成功：amazon_us_kilo 555770415758496
2026-09-14 08:09:10 - 暂停product成功：amazon_us_kilo 509328660336555
2026-09-14 08:09:10 - 暂停product成功：amazon_us_kilo 559243829575683
2026-09-14 08:09:10 - 暂停product成功：amazon_us_kilo 359412323450292
2026-09-14 08:09:10 - 暂停product成功：amazon_us_kilo 371038635590769
2026-09-14 08:09:10 - 暂停product成功：amazon_us_kilo 338317655487117
2026-09-14 08:09:10 - 暂停product成功：amazon_us_kilo 318388016683265
2026-09-14 08:09:10 - 暂停product成功：amazon_us_kilo 474987022652328
2026-09-14 08:09:10 - 暂停product成功：amazon_us_kilo 298093320268975
2026-09-14 08:09:10 - 暂停product成功：amazon_us_kilo 417725039796209
2026-09-14 08:09:10 - 暂停product成功：amazon_us_kilo 354007200179767
2026-09-14 08:09:10 - 暂停product成功：amazon_us_kilo 338290612716076
2026-09-14 08:09:10 - 暂停product成功：amazon_us_kilo 519112263455912
2026-09-14 08:09:10 - 暂停product成功：amazon_us_kilo 418998384557271
2026-09-14 08:09:10 - 暂停product成功：amazon_us_kilo 418476518523593
2026-09-14 08:09:10 - 暂停product成功：amazon_us_kilo 553694088923341
2026-09-14 08:09:10 - 暂停product成功：amazon_us_kilo 393518548445414
2026-09-14 08:09:10 - 暂停product成功：amazon_us_kilo 470874173358353
2026-09-14 08:09:10 - 暂停product成功：amazon_us_kilo 384242756051778
2026-09-14 08:09:10 - 暂停product成功：amazon_us_kilo 327415749438079
2026-09-14 08:09:10 - 暂停product成功：amazon_us_kilo 434283331494605
2026-09-14 08:09:10 - 暂停product成功：amazon_us_kilo 390731949873946
2026-09-14 08:09:10 - 暂停product成功：amazon_us_kilo 301416383568029
2026-09-14 08:09:10 - 暂停product成功：amazon_us_kilo 415957854992136
2026-09-14 08:09:10 - 暂停product成功：amazon_us_kilo 475938865658911
2026-09-14 08:09:10 - 暂停product成功：amazon_us_kilo 495672003444960
2026-09-14 08:09:10 - 暂停product成功：amazon_us_kilo 449481458526248
2026-09-14 08:09:10 - 暂停product成功：amazon_us_kilo 420606984420138
2026-09-14 08:09:10 - 暂停product成功：amazon_us_kilo 287633334207092
2026-09-14 08:09:10 - 暂停product成功：amazon_us_kilo 379117119998185
2026-09-14 08:09:10 - 暂停product成功：amazon_us_kilo 519993660751167
2026-09-14 08:09:10 - 暂停product成功：amazon_us_kilo 512408859874217
2026-09-14 08:09:10 - 暂停product成功：amazon_us_kilo 445803558219443
2026-09-14 08:09:10 - 暂停product成功：amazon_us_kilo 361857291671122
2026-09-14 08:09:10 - 暂停product成功：amazon_us_kilo 514342310856645
2026-09-14 08:09:10 - 暂停product成功：amazon_us_kilo 403646210964045
2026-09-14 08:09:10 - 暂停product成功：amazon_us_kilo 334960195743673
2026-09-14 08:09:10 - 暂停product成功：amazon_us_kilo 407270522589842
2026-09-14 08:09:10 - 暂停product成功：amazon_us_kilo 476385610310739
2026-09-14 08:09:10 - 暂停product成功：amazon_us_kilo 498661866356164
2026-09-14 08:09:10 - 暂停product成功：amazon_us_kilo 415204676556827
2026-09-14 08:09:10 - 暂停product成功：amazon_us_kilo 340067099046401
2026-09-14 08:09:10 - 暂停product成功：amazon_us_kilo 326780113492597
2026-09-14 08:09:10 - 暂停product成功：amazon_us_kilo 385373639325076
2026-09-14 08:09:10 - 暂停product成功：amazon_us_kilo 375951915315175
2026-09-14 08:09:10 - 暂停product成功：amazon_us_kilo 287647292847915
2026-09-14 08:09:10 - 暂停product成功：amazon_us_kilo 525622292851254
2026-09-14 08:09:10 - 暂停product成功：amazon_us_kilo 290104836784779
2026-09-14 08:09:10 - 暂停product成功：amazon_us_kilo 411896383196464
2026-09-14 08:09:10 - 暂停product成功：amazon_us_kilo 456616069980109
2026-09-14 08:09:10 - 暂停product成功：amazon_us_kilo 316093551448383
2026-09-14 08:09:10 - 暂停product成功：amazon_us_kilo 511296464119612
2026-09-14 08:09:10 - 暂停product成功：amazon_us_kilo 365042114894593
2026-09-14 08:09:10 - 暂停product成功：amazon_us_kilo 484572330885372
2026-09-14 08:09:10 - 暂停product成功：amazon_us_kilo 492212765464182
2026-09-14 08:09:10 - 暂停product成功：amazon_us_kilo 502702952015625
2026-09-14 08:09:10 - 暂停product成功：amazon_us_kilo 513938767292312
2026-09-14 08:09:10 - 暂停product成功：amazon_us_kilo 487579632597931
2026-09-14 08:09:10 - 暂停product成功：amazon_us_kilo 356520311760979
2026-09-14 08:09:10 - 暂停product成功：amazon_us_kilo 482641962985585
2026-09-14 08:09:10 - 暂停product成功：amazon_us_kilo 541943928473499
2026-09-14 08:09:10 - 暂停product成功：amazon_us_kilo 423437693071180
2026-09-14 08:09:10 - 暂停product成功：amazon_us_kilo 546390622736270
2026-09-14 08:09:10 - 暂停product成功：amazon_us_kilo 312142868184358
2026-09-14 08:09:10 - 暂停product成功：amazon_us_kilo 543372476681824
2026-09-14 08:09:10 - 暂停product成功：amazon_us_kilo 368699695383165
2026-09-14 08:09:10 - 暂停product成功：amazon_us_kilo 298892803832427
2026-09-14 08:09:10 - 暂停product成功：amazon_us_kilo 374211017505184
2026-09-14 08:09:10 - 暂停product成功：amazon_us_kilo 401718415222011
2026-09-14 08:09:10 - 暂停product成功：amazon_us_kilo 512519441112839
2026-09-14 08:09:10 - 暂停product成功：amazon_us_kilo 548908806729361
2026-09-14 08:09:10 - 暂停product成功：amazon_us_kilo 369148071089759
2026-09-14 08:09:10 - 暂停product成功：amazon_us_kilo 350112318478990
2026-09-14 08:09:10 - 暂停product成功：amazon_us_kilo 282629271111601
2026-09-14 08:09:10 - 暂停product成功：amazon_us_kilo 553656061772834
2026-09-14 08:09:10 - 暂停product成功：amazon_us_kilo 539578691712086
2026-09-14 08:09:10 - 暂停product成功：amazon_us_kilo 411770793937414
2026-09-14 08:09:10 - 暂停product成功：amazon_us_kilo 422283613693712
2026-09-14 08:09:10 - 暂停product成功：amazon_us_kilo 439833665097570
2026-09-14 08:09:10 - 暂停product成功：amazon_us_kilo 381286058157926
2026-09-14 08:09:10 - 暂停product成功：amazon_us_kilo 537484819249553
2026-09-14 08:09:10 - 暂停product成功：amazon_us_kilo 430489498948642
2026-09-14 08:09:10 - 暂停product成功：amazon_us_kilo 304605425697657
2026-09-14 08:09:10 - 暂停product成功：amazon_us_kilo 371259559853844
2026-09-14 08:09:10 - 暂停product成功：amazon_us_kilo 550071773571642
2026-09-14 08:09:10 - 暂停product成功：amazon_us_kilo 451159963548618
2026-09-14 08:09:10 - 暂停product成功：amazon_us_kilo 352795583854966
2026-09-14 08:09:11 - batchMongoUpdateProduct：共174条，成功174条，失败0条
2026-09-14 08:09:13 - {"status":"success","message":"success","data":[{"adId":329241266232750,"code":"SUCCESS"},{"adId":473097263835988,"code":"SUCCESS"},{"adId":320744706425293,"code":"SUCCESS"},{"adId":420516290170640,"code":"SUCCESS"},{"adId":445403707133790,"code":"SUCCESS"},{"adId":553987755018045,"code":"SUCCESS"},{"adId":397766125444053,"code":"SUCCESS"},{"adId":380185407377691,"code":"SUCCESS"},{"adId":370379333122331,"code":"SUCCESS"},{"adId":344563003127215,"code":"SUCCESS"},{"adId":383817587874645,"code":"SUCCESS"},{"adId":449116723921124,"code":"SUCCESS"},{"adId":538845994361192,"code":"SUCCESS"},{"adId":296864541273036,"code":"SUCCESS"},{"adId":541123688185734,"code":"SUCCESS"},{"adId":399611852232169,"code":"SUCCESS"},{"adId":362043163986025,"code":"SUCCESS"},{"adId":353807940497995,"code":"SUCCESS"},{"adId":323955075357903,"code":"SUCCESS"},{"adId":430616236337756,"code":"SUCCESS"},{"adId":468849155871290,"code":"SUCCESS"},{"adId":368292685483536,"code":"SUCCESS"},{"adId":515046219147655,"code":"SUCCESS"},{"adId":548395285618833,"code":"SUCCESS"},{"adId":302963702751043,"code":"SUCCESS"},{"adId":505329358582432,"code":"SUCCESS"},{"adId":338864358509471,"code":"SUCCESS"},{"adId":560977842614493,"code":"SUCCESS"},{"adId":445946531227356,"code":"SUCCESS"},{"adId":400176089990617,"code":"SUCCESS"},{"adId":378615587871893,"code":"SUCCESS"},{"adId":417782149794652,"code":"SUCCESS"},{"adId":520925882399387,"code":"SUCCESS"},{"adId":396737958129313,"code":"SUCCESS"},{"adId":282580870031251,"code":"SUCCESS"},{"adId":380487809917692,"code":"SUCCESS"},{"adId":328922939246216,"code":"SUCCESS"},{"adId":285847049633237,"code":"SUCCESS"},{"adId":329370918110219,"code":"SUCCESS"},{"adId":366677271351245,"code":"SUCCESS"},{"adId":472099706497872,"code":"SUCCESS"},{"adId":347808724097436,"code":"SUCCESS"},{"adId":518390596110710,"code":"SUCCESS"},{"adId":409601220299548,"code":"SUCCESS"},{"adId":284854802327624,"code":"SUCCESS"},{"adId":547302936648968,"code":"SUCCESS"},{"adId":326300060345788,"code":"SUCCESS"},{"adId":414385310471435,"code":"SUCCESS"},{"adId":524130547600960,"code":"SUCCESS"},{"adId":501497692228270,"code":"SUCCESS"},{"adId":459013232095838,"code":"SUCCESS"},{"adId":496847492470281,"code":"SUCCESS"},{"adId":382339092165180,"code":"SUCCESS"},{"adId":335242834501541,"code":"SUCCESS"},{"adId":305983539042129,"code":"SUCCESS"},{"adId":321919384062590,"code":"SUCCESS"},{"adId":322895536329754,"code":"SUCCESS"},{"adId":469123538244672,"code":"SUCCESS"},{"adId":387417018295247,"code":"SUCCESS"},{"adId":302528752609360,"code":"SUCCESS"},{"adId":532258613311777,"code":"SUCCESS"},{"adId":562385853717470,"code":"SUCCESS"},{"adId":335445774725809,"code":"SUCCESS"},{"adId":515616846785567,"code":"SUCCESS"},{"adId":333952232050732,"code":"SUCCESS"},{"adId":362177838711140,"code":"SUCCESS"},{"adId":281565962081281,"code":"SUCCESS"},{"adId":342284219528229,"code":"SUCCESS"},{"adId":477012161334107,"code":"SUCCESS"},{"adId":409985113205278,"code":"SUCCESS"},{"adId":559272609491912,"code":"SUCCESS"},{"adId":479593521111581,"code":"SUCCESS"},{"adId":554815042670334,"code":"SUCCESS"},{"adId":401234583083365,"code":"SUCCESS"},{"adId":476633022520495,"code":"SUCCESS"},{"adId":541943568215773,"code":"SUCCESS"}]}
2026-09-14 08:09:13 - 暂停product成功：amazon_ca_find 329241266232750
2026-09-14 08:09:13 - 暂停product成功：amazon_ca_find 473097263835988
2026-09-14 08:09:13 - 暂停product成功：amazon_ca_find 320744706425293
2026-09-14 08:09:13 - 暂停product成功：amazon_ca_find 420516290170640
2026-09-14 08:09:13 - 暂停product成功：amazon_ca_find 445403707133790
2026-09-14 08:09:13 - 暂停product成功：amazon_ca_find 553987755018045
2026-09-14 08:09:13 - 暂停product成功：amazon_ca_find 397766125444053
2026-09-14 08:09:13 - 暂停product成功：amazon_ca_find 380185407377691
2026-09-14 08:09:13 - 暂停product成功：amazon_ca_find 370379333122331
2026-09-14 08:09:13 - 暂停product成功：amazon_ca_find 344563003127215
2026-09-14 08:09:13 - 暂停product成功：amazon_ca_find 383817587874645
2026-09-14 08:09:13 - 暂停product成功：amazon_ca_find 449116723921124
2026-09-14 08:09:13 - 暂停product成功：amazon_ca_find 538845994361192
2026-09-14 08:09:13 - 暂停product成功：amazon_ca_find 296864541273036
2026-09-14 08:09:13 - 暂停product成功：amazon_ca_find 541123688185734
2026-09-14 08:09:13 - 暂停product成功：amazon_ca_find 399611852232169
2026-09-14 08:09:13 - 暂停product成功：amazon_ca_find 362043163986025
2026-09-14 08:09:13 - 暂停product成功：amazon_ca_find 353807940497995
2026-09-14 08:09:13 - 暂停product成功：amazon_ca_find 323955075357903
2026-09-14 08:09:13 - 暂停product成功：amazon_ca_find 430616236337756
2026-09-14 08:09:13 - 暂停product成功：amazon_ca_find 468849155871290
2026-09-14 08:09:13 - 暂停product成功：amazon_ca_find 368292685483536
2026-09-14 08:09:13 - 暂停product成功：amazon_ca_find 515046219147655
2026-09-14 08:09:13 - 暂停product成功：amazon_ca_find 548395285618833
2026-09-14 08:09:13 - 暂停product成功：amazon_ca_find 302963702751043
2026-09-14 08:09:13 - 暂停product成功：amazon_ca_find 505329358582432
2026-09-14 08:09:13 - 暂停product成功：amazon_ca_find 338864358509471
2026-09-14 08:09:13 - 暂停product成功：amazon_ca_find 560977842614493
2026-09-14 08:09:13 - 暂停product成功：amazon_ca_find 445946531227356
2026-09-14 08:09:13 - 暂停product成功：amazon_ca_find 400176089990617
2026-09-14 08:09:13 - 暂停product成功：amazon_ca_find 378615587871893
2026-09-14 08:09:13 - 暂停product成功：amazon_ca_find 417782149794652
2026-09-14 08:09:13 - 暂停product成功：amazon_ca_find 520925882399387
2026-09-14 08:09:13 - 暂停product成功：amazon_ca_find 396737958129313
2026-09-14 08:09:13 - 暂停product成功：amazon_ca_find 282580870031251
2026-09-14 08:09:13 - 暂停product成功：amazon_ca_find 380487809917692
2026-09-14 08:09:13 - 暂停product成功：amazon_ca_find 328922939246216
2026-09-14 08:09:13 - 暂停product成功：amazon_ca_find 285847049633237
2026-09-14 08:09:13 - 暂停product成功：amazon_ca_find 329370918110219
2026-09-14 08:09:13 - 暂停product成功：amazon_ca_find 366677271351245
2026-09-14 08:09:13 - 暂停product成功：amazon_ca_find 472099706497872
2026-09-14 08:09:13 - 暂停product成功：amazon_ca_find 347808724097436
2026-09-14 08:09:13 - 暂停product成功：amazon_ca_find 518390596110710
2026-09-14 08:09:13 - 暂停product成功：amazon_ca_find 409601220299548
2026-09-14 08:09:13 - 暂停product成功：amazon_ca_find 284854802327624
2026-09-14 08:09:13 - 暂停product成功：amazon_ca_find 547302936648968
2026-09-14 08:09:13 - 暂停product成功：amazon_ca_find 326300060345788
2026-09-14 08:09:13 - 暂停product成功：amazon_ca_find 414385310471435
2026-09-14 08:09:13 - 暂停product成功：amazon_ca_find 524130547600960
2026-09-14 08:09:13 - 暂停product成功：amazon_ca_find 501497692228270
2026-09-14 08:09:13 - 暂停product成功：amazon_ca_find 459013232095838
2026-09-14 08:09:13 - 暂停product成功：amazon_ca_find 496847492470281
2026-09-14 08:09:13 - 暂停product成功：amazon_ca_find 382339092165180
2026-09-14 08:09:13 - 暂停product成功：amazon_ca_find 335242834501541
2026-09-14 08:09:13 - 暂停product成功：amazon_ca_find 305983539042129
2026-09-14 08:09:13 - 暂停product成功：amazon_ca_find 321919384062590
2026-09-14 08:09:13 - 暂停product成功：amazon_ca_find 322895536329754
2026-09-14 08:09:13 - 暂停product成功：amazon_ca_find 469123538244672
2026-09-14 08:09:13 - 暂停product成功：amazon_ca_find 387417018295247
2026-09-14 08:09:13 - 暂停product成功：amazon_ca_find 302528752609360
2026-09-14 08:09:13 - 暂停product成功：amazon_ca_find 532258613311777
2026-09-14 08:09:13 - 暂停product成功：amazon_ca_find 562385853717470
2026-09-14 08:09:13 - 暂停product成功：amazon_ca_find 335445774725809
2026-09-14 08:09:13 - 暂停product成功：amazon_ca_find 515616846785567
2026-09-14 08:09:13 - 暂停product成功：amazon_ca_find 333952232050732
2026-09-14 08:09:13 - 暂停product成功：amazon_ca_find 362177838711140
2026-09-14 08:09:13 - 暂停product成功：amazon_ca_find 281565962081281
2026-09-14 08:09:13 - 暂停product成功：amazon_ca_find 342284219528229
2026-09-14 08:09:13 - 暂停product成功：amazon_ca_find 477012161334107
2026-09-14 08:09:13 - 暂停product成功：amazon_ca_find 409985113205278
2026-09-14 08:09:13 - 暂停product成功：amazon_ca_find 559272609491912
2026-09-14 08:09:13 - 暂停product成功：amazon_ca_find 479593521111581
2026-09-14 08:09:13 - 暂停product成功：amazon_ca_find 554815042670334
2026-09-14 08:09:13 - 暂停product成功：amazon_ca_find 401234583083365
2026-09-14 08:09:13 - 暂停product成功：amazon_ca_find 476633022520495
2026-09-14 08:09:13 - 暂停product成功：amazon_ca_find 541943568215773
2026-09-14 08:09:14 - batchMongoUpdateProduct：共67条，成功67条，失败0条
2026-09-14 08:09:15 - {"status":"success","message":"success","data":[{"adId":365567278113446,"code":"SUCCESS"},{"adId":437576939543161,"code":"SUCCESS"},{"adId":438163436559307,"code":"SUCCESS"},{"adId":438361156178329,"code":"SUCCESS"},{"adId":488463214400614,"code":"SUCCESS"},{"adId":449208740242596,"code":"SUCCESS"},{"adId":456971805872700,"code":"SUCCESS"},{"adId":491831266870120,"code":"SUCCESS"},{"adId":284294508227085,"code":"SUCCESS"},{"adId":377112948676975,"code":"SUCCESS"},{"adId":439242723692738,"code":"SUCCESS"},{"adId":412414990765422,"code":"SUCCESS"},{"adId":496483018127990,"code":"SUCCESS"},{"adId":420471030234165,"code":"SUCCESS"},{"adId":351995661151909,"code":"SUCCESS"},{"adId":547630566340962,"code":"SUCCESS"},{"adId":349316799553073,"code":"SUCCESS"},{"adId":420582831076676,"code":"SUCCESS"},{"adId":294710104429758,"code":"SUCCESS"},{"adId":473796744959067,"code":"SUCCESS"},{"adId":476605594594328,"code":"SUCCESS"},{"adId":561477046392530,"code":"SUCCESS"},{"adId":373366816819949,"code":"SUCCESS"},{"adId":458597281944197,"code":"SUCCESS"},{"adId":507256632224915,"code":"SUCCESS"},{"adId":288689800969275,"code":"SUCCESS"},{"adId":490394005883354,"code":"SUCCESS"},{"adId":376546091618133,"code":"SUCCESS"},{"adId":484736429809495,"code":"SUCCESS"},{"adId":440301424169772,"code":"SUCCESS"},{"adId":481370449947109,"code":"SUCCESS"},{"adId":522597320464188,"code":"SUCCESS"},{"adId":344755558258628,"code":"SUCCESS"},{"adId":295188591151515,"code":"SUCCESS"},{"adId":432562478797043,"code":"SUCCESS"},{"adId":344134052470557,"code":"SUCCESS"},{"adId":362724940836310,"code":"SUCCESS"},{"adId":319797010719042,"code":"SUCCESS"},{"adId":331597409852212,"code":"SUCCESS"},{"adId":451852504514118,"code":"SUCCESS"},{"adId":536256820414903,"code":"SUCCESS"},{"adId":410199428719807,"code":"SUCCESS"},{"adId":282139520238447,"code":"SUCCESS"}]}
2026-09-14 08:09:15 - 暂停product成功：amazon_uk_moto 365567278113446
2026-09-14 08:09:15 - 暂停product成功：amazon_uk_moto 437576939543161
2026-09-14 08:09:15 - 暂停product成功：amazon_uk_moto 438163436559307
2026-09-14 08:09:15 - 暂停product成功：amazon_uk_moto 438361156178329
2026-09-14 08:09:15 - 暂停product成功：amazon_uk_moto 488463214400614
2026-09-14 08:09:15 - 暂停product成功：amazon_uk_moto 449208740242596
2026-09-14 08:09:15 - 暂停product成功：amazon_uk_moto 456971805872700
2026-09-14 08:09:15 - 暂停product成功：amazon_uk_moto 491831266870120
2026-09-14 08:09:15 - 暂停product成功：amazon_uk_moto 284294508227085
2026-09-14 08:09:15 - 暂停product成功：amazon_uk_moto 377112948676975
2026-09-14 08:09:15 - 暂停product成功：amazon_uk_moto 439242723692738
2026-09-14 08:09:15 - 暂停product成功：amazon_uk_moto 412414990765422
2026-09-14 08:09:15 - 暂停product成功：amazon_uk_moto 496483018127990
2026-09-14 08:09:15 - 暂停product成功：amazon_uk_moto 420471030234165
2026-09-14 08:09:15 - 暂停product成功：amazon_uk_moto 351995661151909
2026-09-14 08:09:15 - 暂停product成功：amazon_uk_moto 547630566340962
2026-09-14 08:09:15 - 暂停product成功：amazon_uk_moto 349316799553073
2026-09-14 08:09:15 - 暂停product成功：amazon_uk_moto 420582831076676
2026-09-14 08:09:15 - 暂停product成功：amazon_uk_moto 294710104429758
2026-09-14 08:09:15 - 暂停product成功：amazon_uk_moto 473796744959067
2026-09-14 08:09:15 - 暂停product成功：amazon_uk_moto 476605594594328
2026-09-14 08:09:15 - 暂停product成功：amazon_uk_moto 561477046392530
2026-09-14 08:09:15 - 暂停product成功：amazon_uk_moto 373366816819949
2026-09-14 08:09:15 - 暂停product成功：amazon_uk_moto 458597281944197
2026-09-14 08:09:15 - 暂停product成功：amazon_uk_moto 507256632224915
2026-09-14 08:09:15 - 暂停product成功：amazon_uk_moto 288689800969275
2026-09-14 08:09:15 - 暂停product成功：amazon_uk_moto 490394005883354
2026-09-14 08:09:15 - 暂停product成功：amazon_uk_moto 376546091618133
2026-09-14 08:09:15 - 暂停product成功：amazon_uk_moto 484736429809495
2026-09-14 08:09:15 - 暂停product成功：amazon_uk_moto 440301424169772
2026-09-14 08:09:15 - 暂停product成功：amazon_uk_moto 481370449947109
2026-09-14 08:09:15 - 暂停product成功：amazon_uk_moto 522597320464188
2026-09-14 08:09:15 - 暂停product成功：amazon_uk_moto 344755558258628
2026-09-14 08:09:15 - 暂停product成功：amazon_uk_moto 295188591151515
2026-09-14 08:09:15 - 暂停product成功：amazon_uk_moto 432562478797043
2026-09-14 08:09:15 - 暂停product成功：amazon_uk_moto 344134052470557
2026-09-14 08:09:15 - 暂停product成功：amazon_uk_moto 362724940836310
2026-09-14 08:09:15 - 暂停product成功：amazon_uk_moto 319797010719042
2026-09-14 08:09:15 - 暂停product成功：amazon_uk_moto 331597409852212
2026-09-14 08:09:15 - 暂停product成功：amazon_uk_moto 451852504514118
2026-09-14 08:09:15 - 暂停product成功：amazon_uk_moto 536256820414903
2026-09-14 08:09:15 - 暂停product成功：amazon_uk_moto 410199428719807
2026-09-14 08:09:15 - 暂停product成功：amazon_uk_moto 282139520238447
2026-09-14 08:09:16 - batchMongoUpdateProduct：共37条，成功37条，失败0条
2026-09-14 08:09:18 - {"status":"success","message":"success","data":[{"adId":416217052541717,"code":"SUCCESS"},{"adId":446683248237543,"code":"SUCCESS"},{"adId":512186319928518,"code":"SUCCESS"},{"adId":544424642805519,"code":"SUCCESS"},{"adId":465567638995612,"code":"SUCCESS"},{"adId":366876018407130,"code":"SUCCESS"},{"adId":539763668649678,"code":"SUCCESS"},{"adId":399570703711951,"code":"SUCCESS"},{"adId":406578158007090,"code":"SUCCESS"},{"adId":290814890287781,"code":"SUCCESS"},{"adId":432143521508383,"code":"SUCCESS"},{"adId":407344153121750,"code":"SUCCESS"},{"adId":307350760905937,"code":"SUCCESS"},{"adId":479042758526068,"code":"SUCCESS"},{"adId":441065685154776,"code":"SUCCESS"},{"adId":341726628368759,"code":"SUCCESS"},{"adId":336475426789332,"code":"SUCCESS"},{"adId":496964035177618,"code":"SUCCESS"},{"adId":495987551896183,"code":"SUCCESS"},{"adId":327352405759271,"code":"SUCCESS"},{"adId":522531330428065,"code":"SUCCESS"},{"adId":408751116984622,"code":"SUCCESS"},{"adId":473931271438847,"code":"SUCCESS"},{"adId":310477176046412,"code":"SUCCESS"},{"adId":516819379545000,"code":"SUCCESS"},{"adId":282199075626229,"code":"SUCCESS"},{"adId":292912437553698,"code":"SUCCESS"},{"adId":508919807736000,"code":"SUCCESS"},{"adId":467408007778208,"code":"SUCCESS"},{"adId":556785606141147,"code":"SUCCESS"},{"adId":368832837147859,"code":"SUCCESS"},{"adId":414211606208407,"code":"SUCCESS"},{"adId":512384621768869,"code":"SUCCESS"},{"adId":483204507953364,"code":"SUCCESS"},{"adId":309809511230046,"code":"SUCCESS"},{"adId":380702237909676,"code":"SUCCESS"},{"adId":483131549273798,"code":"SUCCESS"},{"adId":435436956282677,"code":"SUCCESS"},{"adId":393029397642687,"code":"SUCCESS"},{"adId":385216199757146,"code":"SUCCESS"},{"adId":393422376798125,"code":"SUCCESS"},{"adId":474471706177668,"code":"SUCCESS"},{"adId":299555046484067,"code":"SUCCESS"},{"adId":470293690325161,"code":"SUCCESS"},{"adId":286618258434534,"code":"SUCCESS"},{"adId":363316938842135,"code":"SUCCESS"},{"adId":355092799244453,"code":"SUCCESS"},{"adId":482564710515697,"code":"SUCCESS"},{"adId":523987085982721,"code":"SUCCESS"},{"adId":453844744734533,"code":"SUCCESS"},{"adId":561211538319909,"code":"SUCCESS"},{"adId":290760900898145,"code":"SUCCESS"},{"adId":442563475024218,"code":"SUCCESS"},{"adId":338563771386944,"code":"SUCCESS"},{"adId":305058760060810,"code":"SUCCESS"},{"adId":312222701432914,"code":"SUCCESS"},{"adId":329807839000494,"code":"SUCCESS"},{"adId":425207425421667,"code":"SUCCESS"},{"adId":469658111656263,"code":"SUCCESS"},{"adId":338198521974768,"code":"SUCCESS"},{"adId":360558796976206,"code":"SUCCESS"},{"adId":366803614012056,"code":"SUCCESS"},{"adId":526831471843571,"code":"SUCCESS"},{"adId":289548682974631,"code":"SUCCESS"},{"adId":365005993997732,"code":"SUCCESS"},{"adId":526020862459921,"code":"SUCCESS"},{"adId":545928711369123,"code":"SUCCESS"},{"adId":368901458095982,"code":"SUCCESS"},{"adId":378653608855187,"code":"SUCCESS"},{"adId":557795490843289,"code":"SUCCESS"},{"adId":426520202471673,"code":"SUCCESS"},{"adId":287611744693881,"code":"SUCCESS"},{"adId":516471416141633,"code":"SUCCESS"},{"adId":347405210112372,"code":"SUCCESS"},{"adId":341061357390360,"code":"SUCCESS"},{"adId":480130750444231,"code":"SUCCESS"},{"adId":344457773085898,"code":"SUCCESS"},{"adId":303238669129301,"code":"SUCCESS"},{"adId":374652813884448,"code":"SUCCESS"},{"adId":458704922024859,"code":"SUCCESS"},{"adId":311060207071171,"code":"SUCCESS"},{"adId":484245169283844,"code":"SUCCESS"},{"adId":534091403050663,"code":"SUCCESS"},{"adId":485773785966158,"code":"SUCCESS"},{"adId":411320350933266,"code":"SUCCESS"},{"adId":524630201958992,"code":"SUCCESS"},{"adId":406754881193362,"code":"SUCCESS"},{"adId":360463935948384,"code":"SUCCESS"},{"adId":442454116615338,"code":"SUCCESS"},{"adId":393232583161956,"code":"SUCCESS"},{"adId":402875932421496,"code":"SUCCESS"},{"adId":302316920584893,"code":"SUCCESS"},{"adId":444058376071123,"code":"SUCCESS"},{"adId":303244685069032,"code":"SUCCESS"},{"adId":556554366201713,"code":"SUCCESS"},{"adId":522575312316591,"code":"SUCCESS"},{"adId":555055772444899,"code":"SUCCESS"},{"adId":298906317591252,"code":"SUCCESS"},{"adId":375621908904552,"code":"SUCCESS"},{"adId":481177184395938,"code":"SUCCESS"},{"adId":299078779332039,"code":"SUCCESS"},{"adId":447262769610965,"code":"SUCCESS"},{"adId":357421917891060,"code":"SUCCESS"},{"adId":355193097840909,"code":"SUCCESS"},{"adId":505838875059392,"code":"SUCCESS"},{"adId":499988737958246,"code":"SUCCESS"},{"adId":384066750509399,"code":"SUCCESS"},{"adId":539853672851654,"code":"SUCCESS"},{"adId":357938209603400,"code":"SUCCESS"},{"adId":442584389320067,"code":"SUCCESS"},{"adId":509355485217686,"code":"SUCCESS"},{"adId":383129869085648,"code":"SUCCESS"},{"adId":486660112897190,"code":"SUCCESS"},{"adId":524922677523229,"code":"SUCCESS"},{"adId":535386693446066,"code":"SUCCESS"},{"adId":433917039592965,"code":"SUCCESS"},{"adId":458377632004559,"code":"SUCCESS"},{"adId":453875437970507,"code":"SUCCESS"},{"adId":288386016682870,"code":"SUCCESS"},{"adId":460130770270311,"code":"SUCCESS"},{"adId":492326755526620,"code":"SUCCESS"},{"adId":524650138770600,"code":"SUCCESS"},{"adId":423843742277999,"code":"SUCCESS"},{"adId":518497000409712,"code":"SUCCESS"},{"adId":498240513250206,"code":"SUCCESS"},{"adId":501478958089973,"code":"SUCCESS"},{"adId":291025470175448,"code":"SUCCESS"},{"adId":314105849520222,"code":"SUCCESS"},{"adId":282885299302826,"code":"SUCCESS"},{"adId":417752254951048,"code":"SUCCESS"},{"adId":445436594240221,"code":"SUCCESS"},{"adId":292688134857875,"code":"SUCCESS"},{"adId":356554876967852,"code":"SUCCESS"},{"adId":519584952909297,"code":"SUCCESS"},{"adId":387840602948179,"code":"SUCCESS"},{"adId":381066771195697,"code":"SUCCESS"},{"adId":331006150942467,"code":"SUCCESS"},{"adId":543387991795511,"code":"SUCCESS"},{"adId":481239172685195,"code":"SUCCESS"},{"adId":527528127138520,"code":"SUCCESS"},{"adId":374736843656032,"code":"SUCCESS"},{"adId":450428828809035,"code":"SUCCESS"},{"adId":468198502346751,"code":"SUCCESS"},{"adId":550410478385829,"code":"SUCCESS"},{"adId":300644548894947,"code":"SUCCESS"},{"adId":323335728207237,"code":"SUCCESS"},{"adId":388487608280137,"code":"SUCCESS"},{"adId":525074957037610,"code":"SUCCESS"},{"adId":505714845114624,"code":"SUCCESS"},{"adId":325750529299955,"code":"SUCCESS"},{"adId":393591722583786,"code":"SUCCESS"},{"adId":301881116641568,"code":"SUCCESS"},{"adId":409961385672648,"code":"SUCCESS"},{"adId":480551002968236,"code":"SUCCESS"},{"adId":431169682472330,"code":"SUCCESS"},{"adId":508252321238191,"code":"SUCCESS"},{"adId":408777865892146,"code":"SUCCESS"},{"adId":534111220201943,"code":"SUCCESS"},{"adId":286664717184115,"code":"SUCCESS"},{"adId":435799585129845,"code":"SUCCESS"},{"adId":437952120389775,"code":"SUCCESS"},{"adId":415350711104694,"code":"SUCCESS"},{"adId":515138484634512,"code":"SUCCESS"},{"adId":413367402817750,"code":"SUCCESS"},{"adId":502798928762221,"code":"SUCCESS"},{"adId":453898433934660,"code":"SUCCESS"},{"adId":514151192004357,"code":"SUCCESS"},{"adId":294999711118704,"code":"SUCCESS"},{"adId":459516219501164,"code":"SUCCESS"},{"adId":512878971999733,"code":"SUCCESS"},{"adId":443304160782733,"code":"SUCCESS"},{"adId":448420768513631,"code":"SUCCESS"},{"adId":319450136071915,"code":"SUCCESS"},{"adId":425331864452824,"code":"SUCCESS"},{"adId":416070648728020,"code":"SUCCESS"},{"adId":378142027737628,"code":"SUCCESS"},{"adId":450324348104954,"code":"SUCCESS"},{"adId":550660422208705,"code":"SUCCESS"},{"adId":498310241085483,"code":"SUCCESS"},{"adId":421372840784982,"code":"SUCCESS"},{"adId":473261166799766,"code":"SUCCESS"},{"adId":283534784359147,"code":"SUCCESS"},{"adId":404297332055466,"code":"SUCCESS"},{"adId":546582051073171,"code":"SUCCESS"},{"adId":438383351838739,"code":"SUCCESS"},{"adId":486557918789937,"code":"SUCCESS"},{"adId":397489650329279,"code":"SUCCESS"},{"adId":314119639616004,"code":"SUCCESS"},{"adId":359359210422814,"code":"SUCCESS"},{"adId":377282526455950,"code":"SUCCESS"},{"adId":483575847316054,"code":"SUCCESS"},{"adId":445659276856219,"code":"SUCCESS"},{"adId":351583993802754,"code":"SUCCESS"},{"adId":494474888435801,"code":"SUCCESS"},{"adId":386628072138614,"code":"SUCCESS"},{"adId":317842446817982,"code":"SUCCESS"},{"adId":495423445715268,"code":"SUCCESS"},{"adId":450691562364646,"code":"SUCCESS"},{"adId":350533216959044,"code":"SUCCESS"},[{"description":"Archived entity cannot be modified","code":"ARCHIVED_ENTITY_CANNOT_BE_MODIFIED"}]]}
2026-09-14 08:09:18 - 暂停product成功：amazon_us_hope 416217052541717
2026-09-14 08:09:18 - 暂停product成功：amazon_us_hope 446683248237543
2026-09-14 08:09:18 - 暂停product成功：amazon_us_hope 512186319928518
2026-09-14 08:09:18 - 暂停product成功：amazon_us_hope 544424642805519
2026-09-14 08:09:18 - 暂停product成功：amazon_us_hope 465567638995612
2026-09-14 08:09:18 - 暂停product成功：amazon_us_hope 366876018407130
2026-09-14 08:09:18 - 暂停product成功：amazon_us_hope 539763668649678
2026-09-14 08:09:18 - 暂停product成功：amazon_us_hope 399570703711951
2026-09-14 08:09:18 - 暂停product成功：amazon_us_hope 406578158007090
2026-09-14 08:09:18 - 暂停product成功：amazon_us_hope 290814890287781
2026-09-14 08:09:18 - 暂停product成功：amazon_us_hope 432143521508383
2026-09-14 08:09:18 - 暂停product成功：amazon_us_hope 407344153121750
2026-09-14 08:09:18 - 暂停product成功：amazon_us_hope 307350760905937
2026-09-14 08:09:18 - 暂停product成功：amazon_us_hope 479042758526068
2026-09-14 08:09:18 - 暂停product成功：amazon_us_hope 441065685154776
2026-09-14 08:09:18 - 暂停product成功：amazon_us_hope 341726628368759
2026-09-14 08:09:18 - 暂停product成功：amazon_us_hope 336475426789332
2026-09-14 08:09:18 - 暂停product成功：amazon_us_hope 496964035177618
2026-09-14 08:09:18 - 暂停product成功：amazon_us_hope 495987551896183
2026-09-14 08:09:18 - 暂停product成功：amazon_us_hope 327352405759271
2026-09-14 08:09:18 - 暂停product成功：amazon_us_hope 522531330428065
2026-09-14 08:09:18 - 暂停product成功：amazon_us_hope 408751116984622
2026-09-14 08:09:18 - 暂停product成功：amazon_us_hope 473931271438847
2026-09-14 08:09:18 - 暂停product成功：amazon_us_hope 310477176046412
2026-09-14 08:09:18 - 暂停product成功：amazon_us_hope 516819379545000
2026-09-14 08:09:18 - 暂停product成功：amazon_us_hope 282199075626229
2026-09-14 08:09:18 - 暂停product成功：amazon_us_hope 292912437553698
2026-09-14 08:09:18 - 暂停product成功：amazon_us_hope 508919807736000
2026-09-14 08:09:18 - 暂停product成功：amazon_us_hope 467408007778208
2026-09-14 08:09:18 - 暂停product成功：amazon_us_hope 556785606141147
2026-09-14 08:09:18 - 暂停product成功：amazon_us_hope 368832837147859
2026-09-14 08:09:18 - 暂停product成功：amazon_us_hope 414211606208407
2026-09-14 08:09:18 - 暂停product成功：amazon_us_hope 512384621768869
2026-09-14 08:09:18 - 暂停product成功：amazon_us_hope 483204507953364
2026-09-14 08:09:18 - 暂停product成功：amazon_us_hope 309809511230046
2026-09-14 08:09:18 - 暂停product成功：amazon_us_hope 380702237909676
2026-09-14 08:09:18 - 暂停product失败：amazon_us_hope 469653036377241
2026-09-14 08:09:18 - 暂停product成功：amazon_us_hope 483131549273798
2026-09-14 08:09:18 - 暂停product成功：amazon_us_hope 435436956282677
2026-09-14 08:09:18 - 暂停product成功：amazon_us_hope 393029397642687
2026-09-14 08:09:18 - 暂停product成功：amazon_us_hope 385216199757146
2026-09-14 08:09:18 - 暂停product成功：amazon_us_hope 393422376798125
2026-09-14 08:09:18 - 暂停product成功：amazon_us_hope 474471706177668
2026-09-14 08:09:18 - 暂停product成功：amazon_us_hope 299555046484067
2026-09-14 08:09:18 - 暂停product成功：amazon_us_hope 470293690325161
2026-09-14 08:09:18 - 暂停product成功：amazon_us_hope 286618258434534
2026-09-14 08:09:18 - 暂停product成功：amazon_us_hope 363316938842135
2026-09-14 08:09:18 - 暂停product成功：amazon_us_hope 355092799244453
2026-09-14 08:09:18 - 暂停product成功：amazon_us_hope 482564710515697
2026-09-14 08:09:18 - 暂停product成功：amazon_us_hope 523987085982721
2026-09-14 08:09:18 - 暂停product成功：amazon_us_hope 453844744734533
2026-09-14 08:09:18 - 暂停product成功：amazon_us_hope 561211538319909
2026-09-14 08:09:18 - 暂停product成功：amazon_us_hope 290760900898145
2026-09-14 08:09:18 - 暂停product成功：amazon_us_hope 442563475024218
2026-09-14 08:09:18 - 暂停product成功：amazon_us_hope 338563771386944
2026-09-14 08:09:18 - 暂停product成功：amazon_us_hope 305058760060810
2026-09-14 08:09:18 - 暂停product成功：amazon_us_hope 312222701432914
2026-09-14 08:09:18 - 暂停product成功：amazon_us_hope 329807839000494
2026-09-14 08:09:18 - 暂停product成功：amazon_us_hope 425207425421667
2026-09-14 08:09:18 - 暂停product成功：amazon_us_hope 469658111656263
2026-09-14 08:09:18 - 暂停product成功：amazon_us_hope 338198521974768
2026-09-14 08:09:18 - 暂停product成功：amazon_us_hope 360558796976206
2026-09-14 08:09:18 - 暂停product成功：amazon_us_hope 366803614012056
2026-09-14 08:09:18 - 暂停product成功：amazon_us_hope 526831471843571
2026-09-14 08:09:18 - 暂停product成功：amazon_us_hope 289548682974631
2026-09-14 08:09:18 - 暂停product成功：amazon_us_hope 365005993997732
2026-09-14 08:09:18 - 暂停product成功：amazon_us_hope 526020862459921
2026-09-14 08:09:18 - 暂停product成功：amazon_us_hope 545928711369123
2026-09-14 08:09:18 - 暂停product成功：amazon_us_hope 368901458095982
2026-09-14 08:09:18 - 暂停product成功：amazon_us_hope 378653608855187
2026-09-14 08:09:18 - 暂停product成功：amazon_us_hope 557795490843289
2026-09-14 08:09:19 - 暂停product成功：amazon_us_hope 426520202471673
2026-09-14 08:09:19 - 暂停product成功：amazon_us_hope 287611744693881
2026-09-14 08:09:19 - 暂停product成功：amazon_us_hope 516471416141633
2026-09-14 08:09:19 - 暂停product成功：amazon_us_hope 347405210112372
2026-09-14 08:09:19 - 暂停product成功：amazon_us_hope 341061357390360
2026-09-14 08:09:19 - 暂停product成功：amazon_us_hope 480130750444231
2026-09-14 08:09:19 - 暂停product成功：amazon_us_hope 344457773085898
2026-09-14 08:09:19 - 暂停product成功：amazon_us_hope 303238669129301
2026-09-14 08:09:19 - 暂停product成功：amazon_us_hope 374652813884448
2026-09-14 08:09:19 - 暂停product成功：amazon_us_hope 458704922024859
2026-09-14 08:09:19 - 暂停product成功：amazon_us_hope 311060207071171
2026-09-14 08:09:19 - 暂停product成功：amazon_us_hope 484245169283844
2026-09-14 08:09:19 - 暂停product成功：amazon_us_hope 534091403050663
2026-09-14 08:09:19 - 暂停product成功：amazon_us_hope 485773785966158
2026-09-14 08:09:19 - 暂停product成功：amazon_us_hope 411320350933266
2026-09-14 08:09:19 - 暂停product成功：amazon_us_hope 524630201958992
2026-09-14 08:09:19 - 暂停product成功：amazon_us_hope 406754881193362
2026-09-14 08:09:19 - 暂停product成功：amazon_us_hope 360463935948384
2026-09-14 08:09:19 - 暂停product成功：amazon_us_hope 442454116615338
2026-09-14 08:09:19 - 暂停product成功：amazon_us_hope 393232583161956
2026-09-14 08:09:19 - 暂停product成功：amazon_us_hope 402875932421496
2026-09-14 08:09:19 - 暂停product成功：amazon_us_hope 302316920584893
2026-09-14 08:09:19 - 暂停product成功：amazon_us_hope 444058376071123
2026-09-14 08:09:19 - 暂停product成功：amazon_us_hope 303244685069032
2026-09-14 08:09:19 - 暂停product成功：amazon_us_hope 556554366201713
2026-09-14 08:09:19 - 暂停product成功：amazon_us_hope 522575312316591
2026-09-14 08:09:19 - 暂停product成功：amazon_us_hope 555055772444899
2026-09-14 08:09:19 - 暂停product成功：amazon_us_hope 298906317591252
2026-09-14 08:09:19 - 暂停product成功：amazon_us_hope 375621908904552
2026-09-14 08:09:19 - 暂停product成功：amazon_us_hope 481177184395938
2026-09-14 08:09:19 - 暂停product成功：amazon_us_hope 299078779332039
2026-09-14 08:09:19 - 暂停product成功：amazon_us_hope 447262769610965
2026-09-14 08:09:19 - 暂停product成功：amazon_us_hope 357421917891060
2026-09-14 08:09:19 - 暂停product成功：amazon_us_hope 355193097840909
2026-09-14 08:09:19 - 暂停product成功：amazon_us_hope 505838875059392
2026-09-14 08:09:19 - 暂停product成功：amazon_us_hope 499988737958246
2026-09-14 08:09:19 - 暂停product成功：amazon_us_hope 384066750509399
2026-09-14 08:09:19 - 暂停product成功：amazon_us_hope 539853672851654
2026-09-14 08:09:19 - 暂停product成功：amazon_us_hope 357938209603400
2026-09-14 08:09:19 - 暂停product成功：amazon_us_hope 442584389320067
2026-09-14 08:09:19 - 暂停product成功：amazon_us_hope 509355485217686
2026-09-14 08:09:19 - 暂停product成功：amazon_us_hope 383129869085648
2026-09-14 08:09:19 - 暂停product成功：amazon_us_hope 486660112897190
2026-09-14 08:09:19 - 暂停product成功：amazon_us_hope 524922677523229
2026-09-14 08:09:19 - 暂停product成功：amazon_us_hope 535386693446066
2026-09-14 08:09:19 - 暂停product成功：amazon_us_hope 433917039592965
2026-09-14 08:09:19 - 暂停product成功：amazon_us_hope 458377632004559
2026-09-14 08:09:19 - 暂停product成功：amazon_us_hope 453875437970507
2026-09-14 08:09:19 - 暂停product成功：amazon_us_hope 288386016682870
2026-09-14 08:09:19 - 暂停product成功：amazon_us_hope 460130770270311
2026-09-14 08:09:19 - 暂停product成功：amazon_us_hope 492326755526620
2026-09-14 08:09:19 - 暂停product成功：amazon_us_hope 524650138770600
2026-09-14 08:09:19 - 暂停product成功：amazon_us_hope 423843742277999
2026-09-14 08:09:19 - 暂停product成功：amazon_us_hope 518497000409712
2026-09-14 08:09:19 - 暂停product成功：amazon_us_hope 498240513250206
2026-09-14 08:09:19 - 暂停product成功：amazon_us_hope 501478958089973
2026-09-14 08:09:19 - 暂停product成功：amazon_us_hope 291025470175448
2026-09-14 08:09:19 - 暂停product成功：amazon_us_hope 314105849520222
2026-09-14 08:09:19 - 暂停product成功：amazon_us_hope 282885299302826
2026-09-14 08:09:19 - 暂停product成功：amazon_us_hope 417752254951048
2026-09-14 08:09:19 - 暂停product成功：amazon_us_hope 445436594240221
2026-09-14 08:09:19 - 暂停product成功：amazon_us_hope 292688134857875
2026-09-14 08:09:19 - 暂停product成功：amazon_us_hope 356554876967852
2026-09-14 08:09:19 - 暂停product成功：amazon_us_hope 519584952909297
2026-09-14 08:09:19 - 暂停product成功：amazon_us_hope 387840602948179
2026-09-14 08:09:19 - 暂停product成功：amazon_us_hope 381066771195697
2026-09-14 08:09:19 - 暂停product成功：amazon_us_hope 331006150942467
2026-09-14 08:09:19 - 暂停product成功：amazon_us_hope 543387991795511
2026-09-14 08:09:19 - 暂停product成功：amazon_us_hope 481239172685195
2026-09-14 08:09:19 - 暂停product成功：amazon_us_hope 527528127138520
2026-09-14 08:09:19 - 暂停product成功：amazon_us_hope 374736843656032
2026-09-14 08:09:19 - 暂停product成功：amazon_us_hope 450428828809035
2026-09-14 08:09:19 - 暂停product成功：amazon_us_hope 468198502346751
2026-09-14 08:09:19 - 暂停product成功：amazon_us_hope 550410478385829
2026-09-14 08:09:19 - 暂停product成功：amazon_us_hope 300644548894947
2026-09-14 08:09:19 - 暂停product成功：amazon_us_hope 323335728207237
2026-09-14 08:09:19 - 暂停product成功：amazon_us_hope 388487608280137
2026-09-14 08:09:19 - 暂停product成功：amazon_us_hope 525074957037610
2026-09-14 08:09:19 - 暂停product成功：amazon_us_hope 505714845114624
2026-09-14 08:09:19 - 暂停product成功：amazon_us_hope 325750529299955
2026-09-14 08:09:19 - 暂停product成功：amazon_us_hope 393591722583786
2026-09-14 08:09:19 - 暂停product成功：amazon_us_hope 301881116641568
2026-09-14 08:09:19 - 暂停product成功：amazon_us_hope 409961385672648
2026-09-14 08:09:19 - 暂停product成功：amazon_us_hope 480551002968236
2026-09-14 08:09:19 - 暂停product成功：amazon_us_hope 431169682472330
2026-09-14 08:09:19 - 暂停product成功：amazon_us_hope 508252321238191
2026-09-14 08:09:19 - 暂停product成功：amazon_us_hope 408777865892146
2026-09-14 08:09:19 - 暂停product成功：amazon_us_hope 534111220201943
2026-09-14 08:09:19 - 暂停product成功：amazon_us_hope 286664717184115
2026-09-14 08:09:19 - 暂停product成功：amazon_us_hope 435799585129845
2026-09-14 08:09:19 - 暂停product成功：amazon_us_hope 437952120389775
2026-09-14 08:09:19 - 暂停product成功：amazon_us_hope 415350711104694
2026-09-14 08:09:19 - 暂停product成功：amazon_us_hope 515138484634512
2026-09-14 08:09:19 - 暂停product成功：amazon_us_hope 413367402817750
2026-09-14 08:09:19 - 暂停product成功：amazon_us_hope 502798928762221
2026-09-14 08:09:19 - 暂停product成功：amazon_us_hope 453898433934660
2026-09-14 08:09:19 - 暂停product成功：amazon_us_hope 514151192004357
2026-09-14 08:09:19 - 暂停product成功：amazon_us_hope 294999711118704
2026-09-14 08:09:19 - 暂停product成功：amazon_us_hope 459516219501164
2026-09-14 08:09:19 - 暂停product成功：amazon_us_hope 512878971999733
2026-09-14 08:09:19 - 暂停product成功：amazon_us_hope 443304160782733
2026-09-14 08:09:19 - 暂停product成功：amazon_us_hope 448420768513631
2026-09-14 08:09:19 - 暂停product成功：amazon_us_hope 319450136071915
2026-09-14 08:09:19 - 暂停product成功：amazon_us_hope 425331864452824
2026-09-14 08:09:19 - 暂停product成功：amazon_us_hope 416070648728020
2026-09-14 08:09:19 - 暂停product成功：amazon_us_hope 378142027737628
2026-09-14 08:09:19 - 暂停product成功：amazon_us_hope 450324348104954
2026-09-14 08:09:19 - 暂停product成功：amazon_us_hope 550660422208705
2026-09-14 08:09:19 - 暂停product成功：amazon_us_hope 498310241085483
2026-09-14 08:09:19 - 暂停product成功：amazon_us_hope 421372840784982
2026-09-14 08:09:19 - 暂停product成功：amazon_us_hope 473261166799766
2026-09-14 08:09:19 - 暂停product成功：amazon_us_hope 283534784359147
2026-09-14 08:09:19 - 暂停product成功：amazon_us_hope 404297332055466
2026-09-14 08:09:19 - 暂停product成功：amazon_us_hope 546582051073171
2026-09-14 08:09:19 - 暂停product成功：amazon_us_hope 438383351838739
2026-09-14 08:09:19 - 暂停product成功：amazon_us_hope 486557918789937
2026-09-14 08:09:19 - 暂停product成功：amazon_us_hope 397489650329279
2026-09-14 08:09:19 - 暂停product成功：amazon_us_hope 314119639616004
2026-09-14 08:09:19 - 暂停product成功：amazon_us_hope 359359210422814
2026-09-14 08:09:19 - 暂停product成功：amazon_us_hope 377282526455950
2026-09-14 08:09:19 - 暂停product成功：amazon_us_hope 483575847316054
2026-09-14 08:09:19 - 暂停product成功：amazon_us_hope 445659276856219
2026-09-14 08:09:19 - 暂停product成功：amazon_us_hope 351583993802754
2026-09-14 08:09:19 - 暂停product成功：amazon_us_hope 494474888435801
2026-09-14 08:09:19 - 暂停product成功：amazon_us_hope 386628072138614
2026-09-14 08:09:19 - 暂停product成功：amazon_us_hope 317842446817982
2026-09-14 08:09:19 - 暂停product成功：amazon_us_hope 495423445715268
2026-09-14 08:09:19 - 暂停product成功：amazon_us_hope 450691562364646
2026-09-14 08:09:19 - 暂停product成功：amazon_us_hope 350533216959044
2026-09-14 08:09:20 - batchMongoUpdateProduct：共122条，成功122条，失败0条
2026-09-14 08:09:21 - {"status":"success","message":"success","data":[{"adId":301906816863270,"code":"SUCCESS"},{"adId":400640411990201,"code":"SUCCESS"},{"adId":525549638435775,"code":"SUCCESS"},{"adId":373445375629789,"code":"SUCCESS"},{"adId":411640614763254,"code":"SUCCESS"},{"adId":367825905806652,"code":"SUCCESS"},{"adId":557268782374451,"code":"SUCCESS"},{"adId":487654799428540,"code":"SUCCESS"},{"adId":283612926889028,"code":"SUCCESS"},{"adId":389649224244758,"code":"SUCCESS"},{"adId":416247989654428,"code":"SUCCESS"},{"adId":348862983265760,"code":"SUCCESS"},{"adId":351475182804212,"code":"SUCCESS"},{"adId":287095070581307,"code":"SUCCESS"},{"adId":536446242594306,"code":"SUCCESS"},{"adId":478757707240451,"code":"SUCCESS"},{"adId":524410694465486,"code":"SUCCESS"}]}
2026-09-14 08:09:21 - 暂停product成功：amazon_us_hope 301906816863270
2026-09-14 08:09:21 - 暂停product成功：amazon_us_hope 400640411990201
2026-09-14 08:09:21 - 暂停product成功：amazon_us_hope 525549638435775
2026-09-14 08:09:21 - 暂停product成功：amazon_us_hope 373445375629789
2026-09-14 08:09:21 - 暂停product成功：amazon_us_hope 411640614763254
2026-09-14 08:09:21 - 暂停product成功：amazon_us_hope 367825905806652
2026-09-14 08:09:21 - 暂停product成功：amazon_us_hope 557268782374451
2026-09-14 08:09:21 - 暂停product成功：amazon_us_hope 487654799428540
2026-09-14 08:09:21 - 暂停product成功：amazon_us_hope 283612926889028
2026-09-14 08:09:21 - 暂停product成功：amazon_us_hope 389649224244758
2026-09-14 08:09:21 - 暂停product成功：amazon_us_hope 416247989654428
2026-09-14 08:09:21 - 暂停product成功：amazon_us_hope 348862983265760
2026-09-14 08:09:21 - 暂停product成功：amazon_us_hope 351475182804212
2026-09-14 08:09:21 - 暂停product成功：amazon_us_hope 287095070581307
2026-09-14 08:09:21 - 暂停product成功：amazon_us_hope 536446242594306
2026-09-14 08:09:21 - 暂停product成功：amazon_us_hope 478757707240451
2026-09-14 08:09:21 - 暂停product成功：amazon_us_hope 524410694465486
2026-09-14 08:09:21 - batchMongoUpdateProduct：共6条，成功6条，失败0条
2026-09-14 08:09:24 - {"status":"success","message":"success","data":[{"adId":502595026695388,"code":"SUCCESS"},{"adId":384574075393408,"code":"SUCCESS"},{"adId":414545990712669,"code":"SUCCESS"},{"adId":410794339453609,"code":"SUCCESS"},{"adId":412151833289866,"code":"SUCCESS"},{"adId":304717959323029,"code":"SUCCESS"},{"adId":456806930309959,"code":"SUCCESS"},{"adId":365611185050428,"code":"SUCCESS"},{"adId":355872238502870,"code":"SUCCESS"},{"adId":379919435332608,"code":"SUCCESS"},{"adId":433263965905863,"code":"SUCCESS"},{"adId":505016978092581,"code":"SUCCESS"},{"adId":294511027876205,"code":"SUCCESS"},{"adId":443576702510505,"code":"SUCCESS"},{"adId":543853342932804,"code":"SUCCESS"},{"adId":493597993437994,"code":"SUCCESS"},{"adId":356573549167414,"code":"SUCCESS"},{"adId":441473826816662,"code":"SUCCESS"},{"adId":364814419528689,"code":"SUCCESS"},{"adId":300976056415700,"code":"SUCCESS"},{"adId":308667322626394,"code":"SUCCESS"},{"adId":342627539674505,"code":"SUCCESS"},{"adId":358214935609652,"code":"SUCCESS"},{"adId":346429872071597,"code":"SUCCESS"},{"adId":455682662305684,"code":"SUCCESS"},{"adId":352266723618942,"code":"SUCCESS"},{"adId":557213980632561,"code":"SUCCESS"},{"adId":530817699933939,"code":"SUCCESS"},{"adId":426855014885393,"code":"SUCCESS"},{"adId":401112470246952,"code":"SUCCESS"},{"adId":378850473468535,"code":"SUCCESS"},{"adId":388133910288352,"code":"SUCCESS"},{"adId":418288541136616,"code":"SUCCESS"},{"adId":546740390557179,"code":"SUCCESS"},{"adId":358482690471607,"code":"SUCCESS"},{"adId":499686754119731,"code":"SUCCESS"},{"adId":422721589467186,"code":"SUCCESS"},{"adId":476419506758895,"code":"SUCCESS"},{"adId":406690178965963,"code":"SUCCESS"},{"adId":444823337265293,"code":"SUCCESS"},{"adId":562034146343113,"code":"SUCCESS"},{"adId":313977425985461,"code":"SUCCESS"},{"adId":376984173466602,"code":"SUCCESS"},{"adId":383286836886695,"code":"SUCCESS"},{"adId":440273368383035,"code":"SUCCESS"},{"adId":420676775571880,"code":"SUCCESS"},{"adId":561035688521294,"code":"SUCCESS"},{"adId":440794818149602,"code":"SUCCESS"},{"adId":360268345581031,"code":"SUCCESS"},{"adId":334124017700957,"code":"SUCCESS"},{"adId":434667940787345,"code":"SUCCESS"},{"adId":431592007103322,"code":"SUCCESS"},{"adId":391087294903719,"code":"SUCCESS"},{"adId":402505648603207,"code":"SUCCESS"},{"adId":281827591954319,"code":"SUCCESS"},{"adId":486811492962613,"code":"SUCCESS"},{"adId":405644431907617,"code":"SUCCESS"},{"adId":310881834201630,"code":"SUCCESS"},{"adId":518498601226802,"code":"SUCCESS"},{"adId":461133324886983,"code":"SUCCESS"},{"adId":387798037947277,"code":"SUCCESS"},{"adId":356850632566204,"code":"SUCCESS"},{"adId":497942579208535,"code":"SUCCESS"},{"adId":454652451097696,"code":"SUCCESS"},{"adId":507900593270445,"code":"SUCCESS"},{"adId":300830612428277,"code":"SUCCESS"},{"adId":407294814032854,"code":"SUCCESS"},{"adId":490376368735632,"code":"SUCCESS"},{"adId":491196902940946,"code":"SUCCESS"},{"adId":486151842822136,"code":"SUCCESS"},{"adId":340779932022604,"code":"SUCCESS"},{"adId":543987360912138,"code":"SUCCESS"},{"adId":537489377632752,"code":"SUCCESS"},{"adId":371253017975191,"code":"SUCCESS"},{"adId":412397452615286,"code":"SUCCESS"},{"adId":502127436697035,"code":"SUCCESS"},{"adId":283369706622806,"code":"SUCCESS"},{"adId":333799023580972,"code":"SUCCESS"},{"adId":396287092066185,"code":"SUCCESS"},{"adId":387801266883950,"code":"SUCCESS"},{"adId":541154398734789,"code":"SUCCESS"},{"adId":318144423739518,"code":"SUCCESS"},{"adId":487487551211542,"code":"SUCCESS"},{"adId":402177201340314,"code":"SUCCESS"},{"adId":381533409302463,"code":"SUCCESS"},{"adId":412386095901135,"code":"SUCCESS"},{"adId":481275807913640,"code":"SUCCESS"},{"adId":283377081978763,"code":"SUCCESS"},{"adId":383517550739306,"code":"SUCCESS"},{"adId":311298035345492,"code":"SUCCESS"},{"adId":514729782900245,"code":"SUCCESS"},{"adId":475147204125245,"code":"SUCCESS"},{"adId":535719487804734,"code":"SUCCESS"},{"adId":494676373368221,"code":"SUCCESS"},{"adId":460177915043898,"code":"SUCCESS"},{"adId":460910967372382,"code":"SUCCESS"},{"adId":537017959504953,"code":"SUCCESS"},{"adId":427348471797558,"code":"SUCCESS"},{"adId":321539132766499,"code":"SUCCESS"},{"adId":326926716492682,"code":"SUCCESS"},{"adId":504380358893731,"code":"SUCCESS"},{"adId":332181013375253,"code":"SUCCESS"},{"adId":410440313461578,"code":"SUCCESS"},{"adId":408159183346179,"code":"SUCCESS"},{"adId":500835146338893,"code":"SUCCESS"},{"adId":381043310667121,"code":"SUCCESS"},{"adId":411053968695483,"code":"SUCCESS"},{"adId":527751049053541,"code":"SUCCESS"},{"adId":398318045778323,"code":"SUCCESS"},{"adId":542472744652547,"code":"SUCCESS"},{"adId":452070258614293,"code":"SUCCESS"},{"adId":522539198105222,"code":"SUCCESS"},{"adId":329100360878004,"code":"SUCCESS"},{"adId":319667622052831,"code":"SUCCESS"},{"adId":300445443187649,"code":"SUCCESS"},{"adId":281569417522270,"code":"SUCCESS"},{"adId":303862692200762,"code":"SUCCESS"},{"adId":326599212424118,"code":"SUCCESS"},{"adId":419550367678310,"code":"SUCCESS"},{"adId":402520498705434,"code":"SUCCESS"},{"adId":517261299225709,"code":"SUCCESS"},{"adId":286736482733688,"code":"SUCCESS"},{"adId":358568528924517,"code":"SUCCESS"},{"adId":454439048174420,"code":"SUCCESS"},{"adId":352264206747256,"code":"SUCCESS"},{"adId":379307618066496,"code":"SUCCESS"},{"adId":491202604937267,"code":"SUCCESS"},{"adId":361143119559007,"code":"SUCCESS"},{"adId":407799390232127,"code":"SUCCESS"},{"adId":291850887501628,"code":"SUCCESS"},{"adId":513662821136257,"code":"SUCCESS"},{"adId":305035072818689,"code":"SUCCESS"},{"adId":512545566018163,"code":"SUCCESS"},{"adId":454782397798598,"code":"SUCCESS"},{"adId":351103820532406,"code":"SUCCESS"},{"adId":295584839534912,"code":"SUCCESS"},{"adId":436346461822574,"code":"SUCCESS"},{"adId":366164523233899,"code":"SUCCESS"},{"adId":327832681919507,"code":"SUCCESS"},{"adId":422504775492291,"code":"SUCCESS"},{"adId":489568643368825,"code":"SUCCESS"},{"adId":486054123972760,"code":"SUCCESS"},{"adId":324708200649065,"code":"SUCCESS"},{"adId":463011776406734,"code":"SUCCESS"},{"adId":284553597515032,"code":"SUCCESS"},{"adId":330285398550360,"code":"SUCCESS"},{"adId":353438184694785,"code":"SUCCESS"},{"adId":352288086328131,"code":"SUCCESS"},{"adId":468487746625871,"code":"SUCCESS"},{"adId":304674238075361,"code":"SUCCESS"},{"adId":515883835380675,"code":"SUCCESS"},{"adId":533096790524585,"code":"SUCCESS"},{"adId":424450437520949,"code":"SUCCESS"},{"adId":533790358690702,"code":"SUCCESS"},{"adId":366656399231877,"code":"SUCCESS"},{"adId":305761388698909,"code":"SUCCESS"},{"adId":404599963379491,"code":"SUCCESS"},{"adId":541729057097088,"code":"SUCCESS"},{"adId":519140515215457,"code":"SUCCESS"},{"adId":487216209121084,"code":"SUCCESS"},{"adId":551762203795285,"code":"SUCCESS"},{"adId":493703693857570,"code":"SUCCESS"},{"adId":385219779169681,"code":"SUCCESS"},{"adId":540930815898910,"code":"SUCCESS"},{"adId":375465482631595,"code":"SUCCESS"},{"adId":362543703243389,"code":"SUCCESS"},{"adId":538352870812260,"code":"SUCCESS"},{"adId":478664705719317,"code":"SUCCESS"},{"adId":420978124090874,"code":"SUCCESS"},{"adId":559387241428480,"code":"SUCCESS"},{"adId":319072295205555,"code":"SUCCESS"},{"adId":312355847283939,"code":"SUCCESS"},{"adId":465533406942668,"code":"SUCCESS"},{"adId":492186251573491,"code":"SUCCESS"},{"adId":378912393599988,"code":"SUCCESS"},{"adId":357662802604932,"code":"SUCCESS"},{"adId":327188889208983,"code":"SUCCESS"},{"adId":427593644570126,"code":"SUCCESS"},{"adId":289973815953711,"code":"SUCCESS"},{"adId":464743172735081,"code":"SUCCESS"},{"adId":489400444375766,"code":"SUCCESS"},{"adId":376042667769757,"code":"SUCCESS"},{"adId":381684930543543,"code":"SUCCESS"},{"adId":541986394180755,"code":"SUCCESS"},{"adId":434928834689334,"code":"SUCCESS"},{"adId":526828935092942,"code":"SUCCESS"},{"adId":402988644381829,"code":"SUCCESS"},{"adId":330468656572451,"code":"SUCCESS"},{"adId":477933120243741,"code":"SUCCESS"},{"adId":354469178604782,"code":"SUCCESS"},{"adId":544942386831339,"code":"SUCCESS"},{"adId":348479836268009,"code":"SUCCESS"},{"adId":431104302278131,"code":"SUCCESS"},{"adId":463862951873972,"code":"SUCCESS"},{"adId":503182585567092,"code":"SUCCESS"},{"adId":296505173917189,"code":"SUCCESS"},{"adId":516325277153600,"code":"SUCCESS"},{"adId":508550972742892,"code":"SUCCESS"},{"adId":371978257862380,"code":"SUCCESS"},{"adId":532473950539201,"code":"SUCCESS"}]}
2026-09-14 08:09:24 - 暂停product成功：amazon_us_luck 502595026695388
2026-09-14 08:09:24 - 暂停product成功：amazon_us_luck 384574075393408
2026-09-14 08:09:24 - 暂停product成功：amazon_us_luck 414545990712669
2026-09-14 08:09:24 - 暂停product成功：amazon_us_luck 410794339453609
2026-09-14 08:09:24 - 暂停product成功：amazon_us_luck 412151833289866
2026-09-14 08:09:24 - 暂停product成功：amazon_us_luck 304717959323029
2026-09-14 08:09:24 - 暂停product成功：amazon_us_luck 456806930309959
2026-09-14 08:09:24 - 暂停product成功：amazon_us_luck 365611185050428
2026-09-14 08:09:24 - 暂停product成功：amazon_us_luck 355872238502870
2026-09-14 08:09:24 - 暂停product成功：amazon_us_luck 379919435332608
2026-09-14 08:09:24 - 暂停product成功：amazon_us_luck 433263965905863
2026-09-14 08:09:24 - 暂停product成功：amazon_us_luck 505016978092581
2026-09-14 08:09:24 - 暂停product成功：amazon_us_luck 294511027876205
2026-09-14 08:09:24 - 暂停product成功：amazon_us_luck 443576702510505
2026-09-14 08:09:24 - 暂停product成功：amazon_us_luck 543853342932804
2026-09-14 08:09:24 - 暂停product成功：amazon_us_luck 493597993437994
2026-09-14 08:09:24 - 暂停product成功：amazon_us_luck 356573549167414
2026-09-14 08:09:24 - 暂停product成功：amazon_us_luck 441473826816662
2026-09-14 08:09:24 - 暂停product成功：amazon_us_luck 364814419528689
2026-09-14 08:09:24 - 暂停product成功：amazon_us_luck 300976056415700
2026-09-14 08:09:24 - 暂停product成功：amazon_us_luck 308667322626394
2026-09-14 08:09:24 - 暂停product成功：amazon_us_luck 342627539674505
2026-09-14 08:09:24 - 暂停product成功：amazon_us_luck 358214935609652
2026-09-14 08:09:24 - 暂停product成功：amazon_us_luck 346429872071597
2026-09-14 08:09:24 - 暂停product成功：amazon_us_luck 455682662305684
2026-09-14 08:09:24 - 暂停product成功：amazon_us_luck 352266723618942
2026-09-14 08:09:24 - 暂停product成功：amazon_us_luck 557213980632561
2026-09-14 08:09:24 - 暂停product成功：amazon_us_luck 530817699933939
2026-09-14 08:09:24 - 暂停product成功：amazon_us_luck 426855014885393
2026-09-14 08:09:24 - 暂停product成功：amazon_us_luck 401112470246952
2026-09-14 08:09:24 - 暂停product成功：amazon_us_luck 378850473468535
2026-09-14 08:09:24 - 暂停product成功：amazon_us_luck 388133910288352
2026-09-14 08:09:24 - 暂停product成功：amazon_us_luck 418288541136616
2026-09-14 08:09:24 - 暂停product成功：amazon_us_luck 546740390557179
2026-09-14 08:09:24 - 暂停product成功：amazon_us_luck 358482690471607
2026-09-14 08:09:24 - 暂停product成功：amazon_us_luck 499686754119731
2026-09-14 08:09:24 - 暂停product成功：amazon_us_luck 422721589467186
2026-09-14 08:09:24 - 暂停product成功：amazon_us_luck 476419506758895
2026-09-14 08:09:24 - 暂停product成功：amazon_us_luck 406690178965963
2026-09-14 08:09:24 - 暂停product成功：amazon_us_luck 444823337265293
2026-09-14 08:09:24 - 暂停product成功：amazon_us_luck 562034146343113
2026-09-14 08:09:24 - 暂停product成功：amazon_us_luck 313977425985461
2026-09-14 08:09:24 - 暂停product成功：amazon_us_luck 376984173466602
2026-09-14 08:09:24 - 暂停product成功：amazon_us_luck 383286836886695
2026-09-14 08:09:24 - 暂停product成功：amazon_us_luck 440273368383035
2026-09-14 08:09:24 - 暂停product成功：amazon_us_luck 420676775571880
2026-09-14 08:09:24 - 暂停product成功：amazon_us_luck 561035688521294
2026-09-14 08:09:24 - 暂停product成功：amazon_us_luck 440794818149602
2026-09-14 08:09:24 - 暂停product成功：amazon_us_luck 360268345581031
2026-09-14 08:09:24 - 暂停product成功：amazon_us_luck 334124017700957
2026-09-14 08:09:24 - 暂停product成功：amazon_us_luck 434667940787345
2026-09-14 08:09:24 - 暂停product成功：amazon_us_luck 431592007103322
2026-09-14 08:09:24 - 暂停product成功：amazon_us_luck 391087294903719
2026-09-14 08:09:24 - 暂停product成功：amazon_us_luck 402505648603207
2026-09-14 08:09:24 - 暂停product成功：amazon_us_luck 281827591954319
2026-09-14 08:09:24 - 暂停product成功：amazon_us_luck 486811492962613
2026-09-14 08:09:24 - 暂停product成功：amazon_us_luck 405644431907617
2026-09-14 08:09:24 - 暂停product成功：amazon_us_luck 310881834201630
2026-09-14 08:09:24 - 暂停product成功：amazon_us_luck 518498601226802
2026-09-14 08:09:24 - 暂停product成功：amazon_us_luck 461133324886983
2026-09-14 08:09:24 - 暂停product成功：amazon_us_luck 387798037947277
2026-09-14 08:09:24 - 暂停product成功：amazon_us_luck 356850632566204
2026-09-14 08:09:24 - 暂停product成功：amazon_us_luck 497942579208535
2026-09-14 08:09:24 - 暂停product成功：amazon_us_luck 454652451097696
2026-09-14 08:09:24 - 暂停product成功：amazon_us_luck 507900593270445
2026-09-14 08:09:24 - 暂停product成功：amazon_us_luck 300830612428277
2026-09-14 08:09:24 - 暂停product成功：amazon_us_luck 407294814032854
2026-09-14 08:09:24 - 暂停product成功：amazon_us_luck 490376368735632
2026-09-14 08:09:24 - 暂停product成功：amazon_us_luck 491196902940946
2026-09-14 08:09:24 - 暂停product成功：amazon_us_luck 486151842822136
2026-09-14 08:09:24 - 暂停product成功：amazon_us_luck 340779932022604
2026-09-14 08:09:24 - 暂停product成功：amazon_us_luck 543987360912138
2026-09-14 08:09:24 - 暂停product成功：amazon_us_luck 537489377632752
2026-09-14 08:09:24 - 暂停product成功：amazon_us_luck 371253017975191
2026-09-14 08:09:24 - 暂停product成功：amazon_us_luck 412397452615286
2026-09-14 08:09:24 - 暂停product成功：amazon_us_luck 502127436697035
2026-09-14 08:09:24 - 暂停product成功：amazon_us_luck 283369706622806
2026-09-14 08:09:24 - 暂停product成功：amazon_us_luck 333799023580972
2026-09-14 08:09:24 - 暂停product成功：amazon_us_luck 396287092066185
2026-09-14 08:09:24 - 暂停product成功：amazon_us_luck 387801266883950
2026-09-14 08:09:24 - 暂停product成功：amazon_us_luck 541154398734789
2026-09-14 08:09:24 - 暂停product成功：amazon_us_luck 318144423739518
2026-09-14 08:09:24 - 暂停product成功：amazon_us_luck 487487551211542
2026-09-14 08:09:24 - 暂停product成功：amazon_us_luck 402177201340314
2026-09-14 08:09:24 - 暂停product成功：amazon_us_luck 381533409302463
2026-09-14 08:09:24 - 暂停product成功：amazon_us_luck 412386095901135
2026-09-14 08:09:24 - 暂停product成功：amazon_us_luck 481275807913640
2026-09-14 08:09:24 - 暂停product成功：amazon_us_luck 283377081978763
2026-09-14 08:09:24 - 暂停product成功：amazon_us_luck 383517550739306
2026-09-14 08:09:24 - 暂停product成功：amazon_us_luck 311298035345492
2026-09-14 08:09:24 - 暂停product成功：amazon_us_luck 514729782900245
2026-09-14 08:09:24 - 暂停product成功：amazon_us_luck 475147204125245
2026-09-14 08:09:24 - 暂停product成功：amazon_us_luck 535719487804734
2026-09-14 08:09:24 - 暂停product成功：amazon_us_luck 494676373368221
2026-09-14 08:09:24 - 暂停product成功：amazon_us_luck 460177915043898
2026-09-14 08:09:24 - 暂停product成功：amazon_us_luck 460910967372382
2026-09-14 08:09:24 - 暂停product成功：amazon_us_luck 537017959504953
2026-09-14 08:09:24 - 暂停product成功：amazon_us_luck 427348471797558
2026-09-14 08:09:24 - 暂停product成功：amazon_us_luck 321539132766499
2026-09-14 08:09:24 - 暂停product成功：amazon_us_luck 326926716492682
2026-09-14 08:09:24 - 暂停product成功：amazon_us_luck 504380358893731
2026-09-14 08:09:24 - 暂停product成功：amazon_us_luck 332181013375253
2026-09-14 08:09:24 - 暂停product成功：amazon_us_luck 410440313461578
2026-09-14 08:09:24 - 暂停product成功：amazon_us_luck 408159183346179
2026-09-14 08:09:24 - 暂停product成功：amazon_us_luck 500835146338893
2026-09-14 08:09:24 - 暂停product成功：amazon_us_luck 381043310667121
2026-09-14 08:09:24 - 暂停product成功：amazon_us_luck 411053968695483
2026-09-14 08:09:24 - 暂停product成功：amazon_us_luck 527751049053541
2026-09-14 08:09:24 - 暂停product成功：amazon_us_luck 398318045778323
2026-09-14 08:09:24 - 暂停product成功：amazon_us_luck 542472744652547
2026-09-14 08:09:24 - 暂停product成功：amazon_us_luck 452070258614293
2026-09-14 08:09:24 - 暂停product成功：amazon_us_luck 522539198105222
2026-09-14 08:09:24 - 暂停product成功：amazon_us_luck 329100360878004
2026-09-14 08:09:24 - 暂停product成功：amazon_us_luck 319667622052831
2026-09-14 08:09:24 - 暂停product成功：amazon_us_luck 300445443187649
2026-09-14 08:09:24 - 暂停product成功：amazon_us_luck 281569417522270
2026-09-14 08:09:24 - 暂停product成功：amazon_us_luck 303862692200762
2026-09-14 08:09:24 - 暂停product成功：amazon_us_luck 326599212424118
2026-09-14 08:09:24 - 暂停product成功：amazon_us_luck 419550367678310
2026-09-14 08:09:24 - 暂停product成功：amazon_us_luck 402520498705434
2026-09-14 08:09:24 - 暂停product成功：amazon_us_luck 517261299225709
2026-09-14 08:09:24 - 暂停product成功：amazon_us_luck 286736482733688
2026-09-14 08:09:24 - 暂停product成功：amazon_us_luck 358568528924517
2026-09-14 08:09:24 - 暂停product成功：amazon_us_luck 454439048174420
2026-09-14 08:09:24 - 暂停product成功：amazon_us_luck 352264206747256
2026-09-14 08:09:24 - 暂停product成功：amazon_us_luck 379307618066496
2026-09-14 08:09:24 - 暂停product成功：amazon_us_luck 491202604937267
2026-09-14 08:09:24 - 暂停product成功：amazon_us_luck 361143119559007
2026-09-14 08:09:24 - 暂停product成功：amazon_us_luck 407799390232127
2026-09-14 08:09:24 - 暂停product成功：amazon_us_luck 291850887501628
2026-09-14 08:09:24 - 暂停product成功：amazon_us_luck 513662821136257
2026-09-14 08:09:24 - 暂停product成功：amazon_us_luck 305035072818689
2026-09-14 08:09:24 - 暂停product成功：amazon_us_luck 512545566018163
2026-09-14 08:09:24 - 暂停product成功：amazon_us_luck 454782397798598
2026-09-14 08:09:24 - 暂停product成功：amazon_us_luck 351103820532406
2026-09-14 08:09:24 - 暂停product成功：amazon_us_luck 295584839534912
2026-09-14 08:09:24 - 暂停product成功：amazon_us_luck 436346461822574
2026-09-14 08:09:24 - 暂停product成功：amazon_us_luck 366164523233899
2026-09-14 08:09:24 - 暂停product成功：amazon_us_luck 327832681919507
2026-09-14 08:09:24 - 暂停product成功：amazon_us_luck 422504775492291
2026-09-14 08:09:24 - 暂停product成功：amazon_us_luck 489568643368825
2026-09-14 08:09:24 - 暂停product成功：amazon_us_luck 486054123972760
2026-09-14 08:09:24 - 暂停product成功：amazon_us_luck 324708200649065
2026-09-14 08:09:24 - 暂停product成功：amazon_us_luck 463011776406734
2026-09-14 08:09:24 - 暂停product成功：amazon_us_luck 284553597515032
2026-09-14 08:09:24 - 暂停product成功：amazon_us_luck 330285398550360
2026-09-14 08:09:24 - 暂停product成功：amazon_us_luck 353438184694785
2026-09-14 08:09:24 - 暂停product成功：amazon_us_luck 352288086328131
2026-09-14 08:09:24 - 暂停product成功：amazon_us_luck 468487746625871
2026-09-14 08:09:24 - 暂停product成功：amazon_us_luck 304674238075361
2026-09-14 08:09:24 - 暂停product成功：amazon_us_luck 515883835380675
2026-09-14 08:09:24 - 暂停product成功：amazon_us_luck 533096790524585
2026-09-14 08:09:24 - 暂停product成功：amazon_us_luck 424450437520949
2026-09-14 08:09:24 - 暂停product成功：amazon_us_luck 533790358690702
2026-09-14 08:09:24 - 暂停product成功：amazon_us_luck 366656399231877
2026-09-14 08:09:24 - 暂停product成功：amazon_us_luck 305761388698909
2026-09-14 08:09:24 - 暂停product成功：amazon_us_luck 404599963379491
2026-09-14 08:09:24 - 暂停product成功：amazon_us_luck 541729057097088
2026-09-14 08:09:24 - 暂停product成功：amazon_us_luck 519140515215457
2026-09-14 08:09:24 - 暂停product成功：amazon_us_luck 487216209121084
2026-09-14 08:09:24 - 暂停product成功：amazon_us_luck 551762203795285
2026-09-14 08:09:24 - 暂停product成功：amazon_us_luck 493703693857570
2026-09-14 08:09:24 - 暂停product成功：amazon_us_luck 385219779169681
2026-09-14 08:09:24 - 暂停product成功：amazon_us_luck 540930815898910
2026-09-14 08:09:24 - 暂停product成功：amazon_us_luck 375465482631595
2026-09-14 08:09:24 - 暂停product成功：amazon_us_luck 362543703243389
2026-09-14 08:09:24 - 暂停product成功：amazon_us_luck 538352870812260
2026-09-14 08:09:24 - 暂停product成功：amazon_us_luck 478664705719317
2026-09-14 08:09:24 - 暂停product成功：amazon_us_luck 420978124090874
2026-09-14 08:09:24 - 暂停product成功：amazon_us_luck 559387241428480
2026-09-14 08:09:24 - 暂停product成功：amazon_us_luck 319072295205555
2026-09-14 08:09:24 - 暂停product成功：amazon_us_luck 312355847283939
2026-09-14 08:09:24 - 暂停product成功：amazon_us_luck 465533406942668
2026-09-14 08:09:24 - 暂停product成功：amazon_us_luck 492186251573491
2026-09-14 08:09:24 - 暂停product成功：amazon_us_luck 378912393599988
2026-09-14 08:09:24 - 暂停product成功：amazon_us_luck 357662802604932
2026-09-14 08:09:24 - 暂停product成功：amazon_us_luck 327188889208983
2026-09-14 08:09:24 - 暂停product成功：amazon_us_luck 427593644570126
2026-09-14 08:09:24 - 暂停product成功：amazon_us_luck 289973815953711
2026-09-14 08:09:24 - 暂停product成功：amazon_us_luck 464743172735081
2026-09-14 08:09:24 - 暂停product成功：amazon_us_luck 489400444375766
2026-09-14 08:09:24 - 暂停product成功：amazon_us_luck 376042667769757
2026-09-14 08:09:24 - 暂停product成功：amazon_us_luck 381684930543543
2026-09-14 08:09:24 - 暂停product成功：amazon_us_luck 541986394180755
2026-09-14 08:09:24 - 暂停product成功：amazon_us_luck 434928834689334
2026-09-14 08:09:24 - 暂停product成功：amazon_us_luck 526828935092942
2026-09-14 08:09:24 - 暂停product成功：amazon_us_luck 402988644381829
2026-09-14 08:09:24 - 暂停product成功：amazon_us_luck 330468656572451
2026-09-14 08:09:24 - 暂停product成功：amazon_us_luck 477933120243741
2026-09-14 08:09:24 - 暂停product成功：amazon_us_luck 354469178604782
2026-09-14 08:09:24 - 暂停product成功：amazon_us_luck 544942386831339
2026-09-14 08:09:24 - 暂停product成功：amazon_us_luck 348479836268009
2026-09-14 08:09:24 - 暂停product成功：amazon_us_luck 431104302278131
2026-09-14 08:09:24 - 暂停product成功：amazon_us_luck 463862951873972
2026-09-14 08:09:24 - 暂停product成功：amazon_us_luck 503182585567092
2026-09-14 08:09:24 - 暂停product成功：amazon_us_luck 296505173917189
2026-09-14 08:09:24 - 暂停product成功：amazon_us_luck 516325277153600
2026-09-14 08:09:24 - 暂停product成功：amazon_us_luck 508550972742892
2026-09-14 08:09:24 - 暂停product成功：amazon_us_luck 371978257862380
2026-09-14 08:09:24 - 暂停product成功：amazon_us_luck 532473950539201
2026-09-14 08:09:26 - batchMongoUpdateProduct：共185条，成功185条，失败0条
2026-09-14 08:09:28 - {"status":"success","message":"success","data":[{"adId":503237832753407,"code":"SUCCESS"},{"adId":379817178982777,"code":"SUCCESS"},{"adId":353837897386996,"code":"SUCCESS"},{"adId":326582949878437,"code":"SUCCESS"},{"adId":402659667382558,"code":"SUCCESS"},{"adId":318324050236904,"code":"SUCCESS"},{"adId":281591589976016,"code":"SUCCESS"},{"adId":558891518146389,"code":"SUCCESS"},{"adId":380959374607565,"code":"SUCCESS"},{"adId":495127867366176,"code":"SUCCESS"},{"adId":293758737443036,"code":"SUCCESS"},{"adId":520594209550328,"code":"SUCCESS"},{"adId":387842959162986,"code":"SUCCESS"},{"adId":518958074363007,"code":"SUCCESS"},{"adId":364605174192448,"code":"SUCCESS"},{"adId":310727126829483,"code":"SUCCESS"},{"adId":495894907480591,"code":"SUCCESS"},{"adId":434114608752874,"code":"SUCCESS"},{"adId":489105943090232,"code":"SUCCESS"},{"adId":419401288710049,"code":"SUCCESS"},{"adId":527172338013543,"code":"SUCCESS"},{"adId":554241008102157,"code":"SUCCESS"},{"adId":308200769319183,"code":"SUCCESS"},{"adId":477875157805814,"code":"SUCCESS"},{"adId":425091448272059,"code":"SUCCESS"},{"adId":308726034656159,"code":"SUCCESS"},{"adId":458037377769165,"code":"SUCCESS"},{"adId":422391614379732,"code":"SUCCESS"},{"adId":381907120511568,"code":"SUCCESS"},{"adId":464045265300811,"code":"SUCCESS"},{"adId":316328161985634,"code":"SUCCESS"},{"adId":468022054355086,"code":"SUCCESS"},{"adId":463488359974328,"code":"SUCCESS"},{"adId":322560705083553,"code":"SUCCESS"},{"adId":385414666260456,"code":"SUCCESS"},{"adId":374434688399698,"code":"SUCCESS"},{"adId":301774494364989,"code":"SUCCESS"},{"adId":405830250284303,"code":"SUCCESS"},{"adId":463408294472420,"code":"SUCCESS"},{"adId":419332534289369,"code":"SUCCESS"},{"adId":378126427473577,"code":"SUCCESS"},{"adId":497498476992435,"code":"SUCCESS"},{"adId":532606925117974,"code":"SUCCESS"},{"adId":478705642098153,"code":"SUCCESS"},{"adId":444175970155480,"code":"SUCCESS"},{"adId":331134086336815,"code":"SUCCESS"},{"adId":343923406728932,"code":"SUCCESS"},{"adId":376474244790317,"code":"SUCCESS"},{"adId":524138336660861,"code":"SUCCESS"},{"adId":476245822242722,"code":"SUCCESS"},{"adId":504020778462472,"code":"SUCCESS"},{"adId":373504914448596,"code":"SUCCESS"},{"adId":342176803707096,"code":"SUCCESS"},{"adId":311203633429651,"code":"SUCCESS"},{"adId":396788564958767,"code":"SUCCESS"},{"adId":415726964055894,"code":"SUCCESS"},{"adId":301666594263356,"code":"SUCCESS"},{"adId":456932456092286,"code":"SUCCESS"},{"adId":558765555923191,"code":"SUCCESS"},{"adId":441494995498835,"code":"SUCCESS"},{"adId":524528515470031,"code":"SUCCESS"},{"adId":413265552225003,"code":"SUCCESS"},{"adId":466646967205892,"code":"SUCCESS"},{"adId":327708097706789,"code":"SUCCESS"},{"adId":398583825269358,"code":"SUCCESS"},{"adId":541987976928142,"code":"SUCCESS"}]}
2026-09-14 08:09:28 - 暂停product成功：amazon_us_luck 503237832753407
2026-09-14 08:09:28 - 暂停product成功：amazon_us_luck 379817178982777
2026-09-14 08:09:28 - 暂停product成功：amazon_us_luck 353837897386996
2026-09-14 08:09:28 - 暂停product成功：amazon_us_luck 326582949878437
2026-09-14 08:09:28 - 暂停product成功：amazon_us_luck 402659667382558
2026-09-14 08:09:28 - 暂停product成功：amazon_us_luck 318324050236904
2026-09-14 08:09:28 - 暂停product成功：amazon_us_luck 281591589976016
2026-09-14 08:09:28 - 暂停product成功：amazon_us_luck 558891518146389
2026-09-14 08:09:28 - 暂停product成功：amazon_us_luck 380959374607565
2026-09-14 08:09:28 - 暂停product成功：amazon_us_luck 495127867366176
2026-09-14 08:09:28 - 暂停product成功：amazon_us_luck 293758737443036
2026-09-14 08:09:28 - 暂停product成功：amazon_us_luck 520594209550328
2026-09-14 08:09:28 - 暂停product成功：amazon_us_luck 387842959162986
2026-09-14 08:09:28 - 暂停product成功：amazon_us_luck 518958074363007
2026-09-14 08:09:28 - 暂停product成功：amazon_us_luck 364605174192448
2026-09-14 08:09:28 - 暂停product成功：amazon_us_luck 310727126829483
2026-09-14 08:09:28 - 暂停product成功：amazon_us_luck 495894907480591
2026-09-14 08:09:28 - 暂停product成功：amazon_us_luck 434114608752874
2026-09-14 08:09:28 - 暂停product成功：amazon_us_luck 489105943090232
2026-09-14 08:09:28 - 暂停product成功：amazon_us_luck 419401288710049
2026-09-14 08:09:28 - 暂停product成功：amazon_us_luck 527172338013543
2026-09-14 08:09:28 - 暂停product成功：amazon_us_luck 554241008102157
2026-09-14 08:09:28 - 暂停product成功：amazon_us_luck 308200769319183
2026-09-14 08:09:28 - 暂停product成功：amazon_us_luck 477875157805814
2026-09-14 08:09:28 - 暂停product成功：amazon_us_luck 425091448272059
2026-09-14 08:09:28 - 暂停product成功：amazon_us_luck 308726034656159
2026-09-14 08:09:28 - 暂停product成功：amazon_us_luck 458037377769165
2026-09-14 08:09:28 - 暂停product成功：amazon_us_luck 422391614379732
2026-09-14 08:09:28 - 暂停product成功：amazon_us_luck 381907120511568
2026-09-14 08:09:28 - 暂停product成功：amazon_us_luck 464045265300811
2026-09-14 08:09:28 - 暂停product成功：amazon_us_luck 316328161985634
2026-09-14 08:09:28 - 暂停product成功：amazon_us_luck 468022054355086
2026-09-14 08:09:28 - 暂停product成功：amazon_us_luck 463488359974328
2026-09-14 08:09:28 - 暂停product成功：amazon_us_luck 322560705083553
2026-09-14 08:09:28 - 暂停product成功：amazon_us_luck 385414666260456
2026-09-14 08:09:28 - 暂停product成功：amazon_us_luck 374434688399698
2026-09-14 08:09:28 - 暂停product成功：amazon_us_luck 301774494364989
2026-09-14 08:09:28 - 暂停product成功：amazon_us_luck 405830250284303
2026-09-14 08:09:28 - 暂停product成功：amazon_us_luck 463408294472420
2026-09-14 08:09:28 - 暂停product成功：amazon_us_luck 419332534289369
2026-09-14 08:09:28 - 暂停product成功：amazon_us_luck 378126427473577
2026-09-14 08:09:28 - 暂停product成功：amazon_us_luck 497498476992435
2026-09-14 08:09:28 - 暂停product成功：amazon_us_luck 532606925117974
2026-09-14 08:09:28 - 暂停product成功：amazon_us_luck 478705642098153
2026-09-14 08:09:28 - 暂停product成功：amazon_us_luck 444175970155480
2026-09-14 08:09:28 - 暂停product成功：amazon_us_luck 331134086336815
2026-09-14 08:09:28 - 暂停product成功：amazon_us_luck 343923406728932
2026-09-14 08:09:28 - 暂停product成功：amazon_us_luck 376474244790317
2026-09-14 08:09:28 - 暂停product成功：amazon_us_luck 524138336660861
2026-09-14 08:09:28 - 暂停product成功：amazon_us_luck 476245822242722
2026-09-14 08:09:28 - 暂停product成功：amazon_us_luck 504020778462472
2026-09-14 08:09:28 - 暂停product成功：amazon_us_luck 373504914448596
2026-09-14 08:09:28 - 暂停product成功：amazon_us_luck 342176803707096
2026-09-14 08:09:28 - 暂停product成功：amazon_us_luck 311203633429651
2026-09-14 08:09:28 - 暂停product成功：amazon_us_luck 396788564958767
2026-09-14 08:09:28 - 暂停product成功：amazon_us_luck 415726964055894
2026-09-14 08:09:28 - 暂停product成功：amazon_us_luck 301666594263356
2026-09-14 08:09:28 - 暂停product成功：amazon_us_luck 456932456092286
2026-09-14 08:09:28 - 暂停product成功：amazon_us_luck 558765555923191
2026-09-14 08:09:28 - 暂停product成功：amazon_us_luck 441494995498835
2026-09-14 08:09:28 - 暂停product成功：amazon_us_luck 524528515470031
2026-09-14 08:09:28 - 暂停product成功：amazon_us_luck 413265552225003
2026-09-14 08:09:28 - 暂停product成功：amazon_us_luck 466646967205892
2026-09-14 08:09:28 - 暂停product成功：amazon_us_luck 327708097706789
2026-09-14 08:09:28 - 暂停product成功：amazon_us_luck 398583825269358
2026-09-14 08:09:28 - 暂停product成功：amazon_us_luck 541987976928142
2026-09-14 08:09:28 - batchMongoUpdateProduct：共58条，成功58条，失败0条
2026-09-14 08:09:30 - {"status":"success","message":"success","data":[{"adId":474559173456243,"code":"SUCCESS"},{"adId":476951396886424,"code":"SUCCESS"},{"adId":390458067649989,"code":"SUCCESS"},{"adId":495437220152693,"code":"SUCCESS"},{"adId":416297415617077,"code":"SUCCESS"},{"adId":325264759234444,"code":"SUCCESS"},{"adId":311017035413415,"code":"SUCCESS"},{"adId":371974051322498,"code":"SUCCESS"},{"adId":527503597299743,"code":"SUCCESS"},{"adId":494572842632802,"code":"SUCCESS"},{"adId":344357892489231,"code":"SUCCESS"},{"adId":284065898584465,"code":"SUCCESS"},{"adId":479839844311201,"code":"SUCCESS"},{"adId":547074496930070,"code":"SUCCESS"},{"adId":413120216322519,"code":"SUCCESS"},{"adId":468902322970167,"code":"SUCCESS"},{"adId":533271767130398,"code":"SUCCESS"},{"adId":448799348492775,"code":"SUCCESS"},{"adId":338215000414858,"code":"SUCCESS"},{"adId":348124708298989,"code":"SUCCESS"},{"adId":337677945304370,"code":"SUCCESS"},{"adId":509537204457994,"code":"SUCCESS"},{"adId":469570758130265,"code":"SUCCESS"},{"adId":467575905605770,"code":"SUCCESS"},{"adId":379535323762410,"code":"SUCCESS"},{"adId":430350387179048,"code":"SUCCESS"},{"adId":543469806820710,"code":"SUCCESS"},{"adId":376146102758885,"code":"SUCCESS"},{"adId":464282805814998,"code":"SUCCESS"},{"adId":518182316068619,"code":"SUCCESS"},{"adId":443284421737338,"code":"SUCCESS"},{"adId":389328108190440,"code":"SUCCESS"},{"adId":538813482351133,"code":"SUCCESS"},{"adId":506001687371521,"code":"SUCCESS"},{"adId":538054613440314,"code":"SUCCESS"},{"adId":343737258674929,"code":"SUCCESS"},{"adId":375632190156098,"code":"SUCCESS"},{"adId":526156703640186,"code":"SUCCESS"},{"adId":541776608153673,"code":"SUCCESS"},{"adId":541512672812962,"code":"SUCCESS"},{"adId":535559945939494,"code":"SUCCESS"},{"adId":297048803592245,"code":"SUCCESS"},{"adId":551061525478843,"code":"SUCCESS"},{"adId":438745213697541,"code":"SUCCESS"},{"adId":425652522405364,"code":"SUCCESS"},{"adId":541721743330488,"code":"SUCCESS"},{"adId":435528173373928,"code":"SUCCESS"},{"adId":463325711793344,"code":"SUCCESS"},{"adId":417925955361301,"code":"SUCCESS"},{"adId":455475363090233,"code":"SUCCESS"},{"adId":420744195052001,"code":"SUCCESS"},{"adId":313155670308519,"code":"SUCCESS"},{"adId":391619545474788,"code":"SUCCESS"},{"adId":368213064041433,"code":"SUCCESS"},{"adId":390692670994131,"code":"SUCCESS"},{"adId":331565100834616,"code":"SUCCESS"},{"adId":316011303377138,"code":"SUCCESS"},{"adId":445725760674805,"code":"SUCCESS"},{"adId":454973551771746,"code":"SUCCESS"},{"adId":297459575557093,"code":"SUCCESS"},{"adId":535844813266139,"code":"SUCCESS"},{"adId":282344948825293,"code":"SUCCESS"},{"adId":406986106192004,"code":"SUCCESS"},{"adId":469474082768126,"code":"SUCCESS"},{"adId":477942803058902,"code":"SUCCESS"},{"adId":495017915464508,"code":"SUCCESS"},{"adId":322200488205442,"code":"SUCCESS"},{"adId":534005068375762,"code":"SUCCESS"},{"adId":487508679727281,"code":"SUCCESS"},{"adId":315390320353599,"code":"SUCCESS"},{"adId":503910630708829,"code":"SUCCESS"},{"adId":344940839695068,"code":"SUCCESS"},{"adId":354959762206167,"code":"SUCCESS"},{"adId":545387997648991,"code":"SUCCESS"},{"adId":312186698876230,"code":"SUCCESS"},{"adId":310892414122653,"code":"SUCCESS"},{"adId":370916450199028,"code":"SUCCESS"},{"adId":456843261769581,"code":"SUCCESS"},{"adId":490785946194193,"code":"SUCCESS"},{"adId":288355861941692,"code":"SUCCESS"},{"adId":458938834743324,"code":"SUCCESS"},{"adId":349516481812498,"code":"SUCCESS"},{"adId":343280190138259,"code":"SUCCESS"},{"adId":351205794811934,"code":"SUCCESS"},{"adId":426995339199626,"code":"SUCCESS"},{"adId":551591138954185,"code":"SUCCESS"},{"adId":400498075116956,"code":"SUCCESS"}]}
2026-09-14 08:09:30 - 暂停product成功：amazon_ca_luux 474559173456243
2026-09-14 08:09:30 - 暂停product成功：amazon_ca_luux 476951396886424
2026-09-14 08:09:30 - 暂停product成功：amazon_ca_luux 390458067649989
2026-09-14 08:09:30 - 暂停product成功：amazon_ca_luux 495437220152693
2026-09-14 08:09:30 - 暂停product成功：amazon_ca_luux 416297415617077
2026-09-14 08:09:30 - 暂停product成功：amazon_ca_luux 325264759234444
2026-09-14 08:09:30 - 暂停product成功：amazon_ca_luux 311017035413415
2026-09-14 08:09:30 - 暂停product成功：amazon_ca_luux 371974051322498
2026-09-14 08:09:30 - 暂停product成功：amazon_ca_luux 527503597299743
2026-09-14 08:09:30 - 暂停product成功：amazon_ca_luux 494572842632802
2026-09-14 08:09:30 - 暂停product成功：amazon_ca_luux 344357892489231
2026-09-14 08:09:30 - 暂停product成功：amazon_ca_luux 284065898584465
2026-09-14 08:09:30 - 暂停product成功：amazon_ca_luux 479839844311201
2026-09-14 08:09:30 - 暂停product成功：amazon_ca_luux 547074496930070
2026-09-14 08:09:30 - 暂停product成功：amazon_ca_luux 413120216322519
2026-09-14 08:09:30 - 暂停product成功：amazon_ca_luux 468902322970167
2026-09-14 08:09:30 - 暂停product成功：amazon_ca_luux 533271767130398
2026-09-14 08:09:30 - 暂停product成功：amazon_ca_luux 448799348492775
2026-09-14 08:09:30 - 暂停product成功：amazon_ca_luux 338215000414858
2026-09-14 08:09:30 - 暂停product成功：amazon_ca_luux 348124708298989
2026-09-14 08:09:30 - 暂停product成功：amazon_ca_luux 337677945304370
2026-09-14 08:09:30 - 暂停product成功：amazon_ca_luux 509537204457994
2026-09-14 08:09:30 - 暂停product成功：amazon_ca_luux 469570758130265
2026-09-14 08:09:30 - 暂停product成功：amazon_ca_luux 467575905605770
2026-09-14 08:09:30 - 暂停product成功：amazon_ca_luux 379535323762410
2026-09-14 08:09:30 - 暂停product成功：amazon_ca_luux 430350387179048
2026-09-14 08:09:30 - 暂停product成功：amazon_ca_luux 543469806820710
2026-09-14 08:09:30 - 暂停product成功：amazon_ca_luux 376146102758885
2026-09-14 08:09:30 - 暂停product成功：amazon_ca_luux 464282805814998
2026-09-14 08:09:30 - 暂停product成功：amazon_ca_luux 518182316068619
2026-09-14 08:09:30 - 暂停product成功：amazon_ca_luux 443284421737338
2026-09-14 08:09:30 - 暂停product成功：amazon_ca_luux 389328108190440
2026-09-14 08:09:30 - 暂停product成功：amazon_ca_luux 538813482351133
2026-09-14 08:09:30 - 暂停product成功：amazon_ca_luux 506001687371521
2026-09-14 08:09:30 - 暂停product成功：amazon_ca_luux 538054613440314
2026-09-14 08:09:30 - 暂停product成功：amazon_ca_luux 343737258674929
2026-09-14 08:09:30 - 暂停product成功：amazon_ca_luux 375632190156098
2026-09-14 08:09:30 - 暂停product成功：amazon_ca_luux 526156703640186
2026-09-14 08:09:30 - 暂停product成功：amazon_ca_luux 541776608153673
2026-09-14 08:09:30 - 暂停product成功：amazon_ca_luux 541512672812962
2026-09-14 08:09:30 - 暂停product成功：amazon_ca_luux 535559945939494
2026-09-14 08:09:30 - 暂停product成功：amazon_ca_luux 297048803592245
2026-09-14 08:09:30 - 暂停product成功：amazon_ca_luux 551061525478843
2026-09-14 08:09:30 - 暂停product成功：amazon_ca_luux 438745213697541
2026-09-14 08:09:30 - 暂停product成功：amazon_ca_luux 425652522405364
2026-09-14 08:09:30 - 暂停product成功：amazon_ca_luux 541721743330488
2026-09-14 08:09:30 - 暂停product成功：amazon_ca_luux 435528173373928
2026-09-14 08:09:30 - 暂停product成功：amazon_ca_luux 463325711793344
2026-09-14 08:09:30 - 暂停product成功：amazon_ca_luux 417925955361301
2026-09-14 08:09:30 - 暂停product成功：amazon_ca_luux 455475363090233
2026-09-14 08:09:30 - 暂停product成功：amazon_ca_luux 420744195052001
2026-09-14 08:09:30 - 暂停product成功：amazon_ca_luux 313155670308519
2026-09-14 08:09:30 - 暂停product成功：amazon_ca_luux 391619545474788
2026-09-14 08:09:30 - 暂停product成功：amazon_ca_luux 368213064041433
2026-09-14 08:09:30 - 暂停product成功：amazon_ca_luux 390692670994131
2026-09-14 08:09:30 - 暂停product成功：amazon_ca_luux 331565100834616
2026-09-14 08:09:30 - 暂停product成功：amazon_ca_luux 316011303377138
2026-09-14 08:09:30 - 暂停product成功：amazon_ca_luux 445725760674805
2026-09-14 08:09:30 - 暂停product成功：amazon_ca_luux 454973551771746
2026-09-14 08:09:30 - 暂停product成功：amazon_ca_luux 297459575557093
2026-09-14 08:09:30 - 暂停product成功：amazon_ca_luux 535844813266139
2026-09-14 08:09:30 - 暂停product成功：amazon_ca_luux 282344948825293
2026-09-14 08:09:30 - 暂停product成功：amazon_ca_luux 406986106192004
2026-09-14 08:09:30 - 暂停product成功：amazon_ca_luux 469474082768126
2026-09-14 08:09:30 - 暂停product成功：amazon_ca_luux 477942803058902
2026-09-14 08:09:30 - 暂停product成功：amazon_ca_luux 495017915464508
2026-09-14 08:09:30 - 暂停product成功：amazon_ca_luux 322200488205442
2026-09-14 08:09:30 - 暂停product成功：amazon_ca_luux 534005068375762
2026-09-14 08:09:30 - 暂停product成功：amazon_ca_luux 487508679727281
2026-09-14 08:09:30 - 暂停product成功：amazon_ca_luux 315390320353599
2026-09-14 08:09:30 - 暂停product成功：amazon_ca_luux 503910630708829
2026-09-14 08:09:30 - 暂停product成功：amazon_ca_luux 344940839695068
2026-09-14 08:09:30 - 暂停product成功：amazon_ca_luux 354959762206167
2026-09-14 08:09:30 - 暂停product成功：amazon_ca_luux 545387997648991
2026-09-14 08:09:30 - 暂停product成功：amazon_ca_luux 312186698876230
2026-09-14 08:09:30 - 暂停product成功：amazon_ca_luux 310892414122653
2026-09-14 08:09:30 - 暂停product成功：amazon_ca_luux 370916450199028
2026-09-14 08:09:30 - 暂停product成功：amazon_ca_luux 456843261769581
2026-09-14 08:09:30 - 暂停product成功：amazon_ca_luux 490785946194193
2026-09-14 08:09:30 - 暂停product成功：amazon_ca_luux 288355861941692
2026-09-14 08:09:30 - 暂停product成功：amazon_ca_luux 458938834743324
2026-09-14 08:09:30 - 暂停product成功：amazon_ca_luux 349516481812498
2026-09-14 08:09:30 - 暂停product成功：amazon_ca_luux 343280190138259
2026-09-14 08:09:30 - 暂停product成功：amazon_ca_luux 351205794811934
2026-09-14 08:09:30 - 暂停product成功：amazon_ca_luux 426995339199626
2026-09-14 08:09:30 - 暂停product成功：amazon_ca_luux 551591138954185
2026-09-14 08:09:30 - 暂停product成功：amazon_ca_luux 400498075116956
2026-09-14 08:09:31 - batchMongoUpdateProduct：共77条，成功77条，失败0条
2026-09-14 08:09:33 - {"status":"success","message":"success","data":[{"adId":286479163844880,"code":"SUCCESS"},{"adId":309518396493817,"code":"SUCCESS"},{"adId":451732369388054,"code":"SUCCESS"},{"adId":498964090341000,"code":"SUCCESS"},{"adId":540495816272310,"code":"SUCCESS"},{"adId":378031314034540,"code":"SUCCESS"},{"adId":357978791346555,"code":"SUCCESS"},{"adId":436351463773540,"code":"SUCCESS"},{"adId":383860701836539,"code":"SUCCESS"},{"adId":463266911938719,"code":"SUCCESS"},{"adId":342247792097552,"code":"SUCCESS"},{"adId":345704019474693,"code":"SUCCESS"},{"adId":411449258718976,"code":"SUCCESS"},{"adId":463007323232259,"code":"SUCCESS"},{"adId":459942180853851,"code":"SUCCESS"},{"adId":544097457136163,"code":"SUCCESS"},{"adId":461723372190345,"code":"SUCCESS"},{"adId":467495799936953,"code":"SUCCESS"},{"adId":468816913615989,"code":"SUCCESS"},{"adId":520676479537111,"code":"SUCCESS"},{"adId":482417395686580,"code":"SUCCESS"},{"adId":455447904098600,"code":"SUCCESS"},{"adId":553705401211663,"code":"SUCCESS"},{"adId":364489748000179,"code":"SUCCESS"},{"adId":492206138674237,"code":"SUCCESS"},{"adId":308581558587155,"code":"SUCCESS"},{"adId":304881376271756,"code":"SUCCESS"},{"adId":382319579616824,"code":"SUCCESS"},{"adId":353140202564492,"code":"SUCCESS"},{"adId":345656463298065,"code":"SUCCESS"},{"adId":532604364565037,"code":"SUCCESS"},{"adId":317322797855610,"code":"SUCCESS"},{"adId":464477483489953,"code":"SUCCESS"},{"adId":476492061846936,"code":"SUCCESS"},{"adId":443190776587459,"code":"SUCCESS"},{"adId":290808700292240,"code":"SUCCESS"},{"adId":458766553622394,"code":"SUCCESS"},{"adId":358130428434250,"code":"SUCCESS"},{"adId":340546056163156,"code":"SUCCESS"},{"adId":526222584412659,"code":"SUCCESS"},{"adId":528852549679311,"code":"SUCCESS"},{"adId":356327750693193,"code":"SUCCESS"},{"adId":397429086659541,"code":"SUCCESS"},{"adId":370159714839465,"code":"SUCCESS"},{"adId":475759544655793,"code":"SUCCESS"},{"adId":376100597008094,"code":"SUCCESS"},{"adId":463329174423306,"code":"SUCCESS"},{"adId":342000087784816,"code":"SUCCESS"},{"adId":324704387426458,"code":"SUCCESS"},{"adId":319240430412576,"code":"SUCCESS"},{"adId":290385035747978,"code":"SUCCESS"},{"adId":382465869608170,"code":"SUCCESS"},{"adId":477469821605850,"code":"SUCCESS"},{"adId":471745019167077,"code":"SUCCESS"},{"adId":498369328438992,"code":"SUCCESS"},{"adId":532201375883453,"code":"SUCCESS"},{"adId":414555914815806,"code":"SUCCESS"},{"adId":531343968155608,"code":"SUCCESS"},{"adId":383154735869236,"code":"SUCCESS"},{"adId":289034336596825,"code":"SUCCESS"},{"adId":401341096866381,"code":"SUCCESS"},{"adId":410094463851928,"code":"SUCCESS"},{"adId":393314795775926,"code":"SUCCESS"},{"adId":496116519712632,"code":"SUCCESS"},{"adId":477419250776258,"code":"SUCCESS"},{"adId":450017110896209,"code":"SUCCESS"},{"adId":304621896845042,"code":"SUCCESS"},{"adId":503882096131194,"code":"SUCCESS"},{"adId":380382490445745,"code":"SUCCESS"},{"adId":526585784519576,"code":"SUCCESS"},{"adId":489846985229057,"code":"SUCCESS"},{"adId":476163083584606,"code":"SUCCESS"},{"adId":427463261865221,"code":"SUCCESS"},{"adId":347641715432937,"code":"SUCCESS"},{"adId":357251591346808,"code":"SUCCESS"},{"adId":416730587913281,"code":"SUCCESS"},{"adId":303914961771922,"code":"SUCCESS"},{"adId":302517141049273,"code":"SUCCESS"},{"adId":490000236614278,"code":"SUCCESS"},{"adId":406683097629034,"code":"SUCCESS"},{"adId":298487251505173,"code":"SUCCESS"},{"adId":520700043482898,"code":"SUCCESS"},{"adId":478992328323443,"code":"SUCCESS"},{"adId":401530128533782,"code":"SUCCESS"},{"adId":456533791025245,"code":"SUCCESS"},{"adId":432561911226897,"code":"SUCCESS"},{"adId":473715339339125,"code":"SUCCESS"},{"adId":478212755950427,"code":"SUCCESS"},{"adId":554945373536077,"code":"SUCCESS"},{"adId":410761251572587,"code":"SUCCESS"},{"adId":383254567791807,"code":"SUCCESS"},{"adId":394796002976553,"code":"SUCCESS"},{"adId":513304948174860,"code":"SUCCESS"},{"adId":431227421318882,"code":"SUCCESS"},{"adId":344676735316620,"code":"SUCCESS"},{"adId":397132098893586,"code":"SUCCESS"},{"adId":526779301833515,"code":"SUCCESS"},{"adId":330935706544233,"code":"SUCCESS"},{"adId":540899479064682,"code":"SUCCESS"},{"adId":320673194739692,"code":"SUCCESS"},{"adId":399700198983141,"code":"SUCCESS"}]}
2026-09-14 08:09:33 - 暂停product成功：amazon_ca_piccocasa 286479163844880
2026-09-14 08:09:33 - 暂停product成功：amazon_ca_piccocasa 309518396493817
2026-09-14 08:09:33 - 暂停product成功：amazon_ca_piccocasa 451732369388054
2026-09-14 08:09:33 - 暂停product成功：amazon_ca_piccocasa 498964090341000
2026-09-14 08:09:33 - 暂停product成功：amazon_ca_piccocasa 540495816272310
2026-09-14 08:09:33 - 暂停product成功：amazon_ca_piccocasa 378031314034540
2026-09-14 08:09:33 - 暂停product成功：amazon_ca_piccocasa 357978791346555
2026-09-14 08:09:33 - 暂停product成功：amazon_ca_piccocasa 436351463773540
2026-09-14 08:09:33 - 暂停product成功：amazon_ca_piccocasa 383860701836539
2026-09-14 08:09:33 - 暂停product成功：amazon_ca_piccocasa 463266911938719
2026-09-14 08:09:33 - 暂停product成功：amazon_ca_piccocasa 342247792097552
2026-09-14 08:09:33 - 暂停product成功：amazon_ca_piccocasa 345704019474693
2026-09-14 08:09:33 - 暂停product成功：amazon_ca_piccocasa 411449258718976
2026-09-14 08:09:33 - 暂停product成功：amazon_ca_piccocasa 463007323232259
2026-09-14 08:09:33 - 暂停product成功：amazon_ca_piccocasa 459942180853851
2026-09-14 08:09:33 - 暂停product成功：amazon_ca_piccocasa 544097457136163
2026-09-14 08:09:33 - 暂停product成功：amazon_ca_piccocasa 461723372190345
2026-09-14 08:09:33 - 暂停product成功：amazon_ca_piccocasa 467495799936953
2026-09-14 08:09:33 - 暂停product成功：amazon_ca_piccocasa 468816913615989
2026-09-14 08:09:33 - 暂停product成功：amazon_ca_piccocasa 520676479537111
2026-09-14 08:09:33 - 暂停product成功：amazon_ca_piccocasa 482417395686580
2026-09-14 08:09:33 - 暂停product成功：amazon_ca_piccocasa 455447904098600
2026-09-14 08:09:33 - 暂停product成功：amazon_ca_piccocasa 553705401211663
2026-09-14 08:09:33 - 暂停product成功：amazon_ca_piccocasa 364489748000179
2026-09-14 08:09:33 - 暂停product成功：amazon_ca_piccocasa 492206138674237
2026-09-14 08:09:33 - 暂停product成功：amazon_ca_piccocasa 308581558587155
2026-09-14 08:09:33 - 暂停product成功：amazon_ca_piccocasa 304881376271756
2026-09-14 08:09:33 - 暂停product成功：amazon_ca_piccocasa 382319579616824
2026-09-14 08:09:33 - 暂停product成功：amazon_ca_piccocasa 353140202564492
2026-09-14 08:09:33 - 暂停product成功：amazon_ca_piccocasa 345656463298065
2026-09-14 08:09:33 - 暂停product成功：amazon_ca_piccocasa 532604364565037
2026-09-14 08:09:33 - 暂停product成功：amazon_ca_piccocasa 317322797855610
2026-09-14 08:09:33 - 暂停product成功：amazon_ca_piccocasa 464477483489953
2026-09-14 08:09:33 - 暂停product成功：amazon_ca_piccocasa 476492061846936
2026-09-14 08:09:33 - 暂停product成功：amazon_ca_piccocasa 443190776587459
2026-09-14 08:09:33 - 暂停product成功：amazon_ca_piccocasa 290808700292240
2026-09-14 08:09:33 - 暂停product成功：amazon_ca_piccocasa 458766553622394
2026-09-14 08:09:33 - 暂停product成功：amazon_ca_piccocasa 358130428434250
2026-09-14 08:09:33 - 暂停product成功：amazon_ca_piccocasa 340546056163156
2026-09-14 08:09:33 - 暂停product成功：amazon_ca_piccocasa 526222584412659
2026-09-14 08:09:33 - 暂停product成功：amazon_ca_piccocasa 528852549679311
2026-09-14 08:09:33 - 暂停product成功：amazon_ca_piccocasa 356327750693193
2026-09-14 08:09:33 - 暂停product成功：amazon_ca_piccocasa 397429086659541
2026-09-14 08:09:33 - 暂停product成功：amazon_ca_piccocasa 370159714839465
2026-09-14 08:09:33 - 暂停product成功：amazon_ca_piccocasa 475759544655793
2026-09-14 08:09:33 - 暂停product成功：amazon_ca_piccocasa 376100597008094
2026-09-14 08:09:33 - 暂停product成功：amazon_ca_piccocasa 463329174423306
2026-09-14 08:09:33 - 暂停product成功：amazon_ca_piccocasa 342000087784816
2026-09-14 08:09:33 - 暂停product成功：amazon_ca_piccocasa 324704387426458
2026-09-14 08:09:33 - 暂停product成功：amazon_ca_piccocasa 319240430412576
2026-09-14 08:09:33 - 暂停product成功：amazon_ca_piccocasa 290385035747978
2026-09-14 08:09:33 - 暂停product成功：amazon_ca_piccocasa 382465869608170
2026-09-14 08:09:33 - 暂停product成功：amazon_ca_piccocasa 477469821605850
2026-09-14 08:09:33 - 暂停product成功：amazon_ca_piccocasa 471745019167077
2026-09-14 08:09:33 - 暂停product成功：amazon_ca_piccocasa 498369328438992
2026-09-14 08:09:33 - 暂停product成功：amazon_ca_piccocasa 532201375883453
2026-09-14 08:09:33 - 暂停product成功：amazon_ca_piccocasa 414555914815806
2026-09-14 08:09:33 - 暂停product成功：amazon_ca_piccocasa 531343968155608
2026-09-14 08:09:33 - 暂停product成功：amazon_ca_piccocasa 383154735869236
2026-09-14 08:09:33 - 暂停product成功：amazon_ca_piccocasa 289034336596825
2026-09-14 08:09:33 - 暂停product成功：amazon_ca_piccocasa 401341096866381
2026-09-14 08:09:33 - 暂停product成功：amazon_ca_piccocasa 410094463851928
2026-09-14 08:09:33 - 暂停product成功：amazon_ca_piccocasa 393314795775926
2026-09-14 08:09:33 - 暂停product成功：amazon_ca_piccocasa 496116519712632
2026-09-14 08:09:33 - 暂停product成功：amazon_ca_piccocasa 477419250776258
2026-09-14 08:09:33 - 暂停product成功：amazon_ca_piccocasa 450017110896209
2026-09-14 08:09:33 - 暂停product成功：amazon_ca_piccocasa 304621896845042
2026-09-14 08:09:33 - 暂停product成功：amazon_ca_piccocasa 503882096131194
2026-09-14 08:09:33 - 暂停product成功：amazon_ca_piccocasa 380382490445745
2026-09-14 08:09:33 - 暂停product成功：amazon_ca_piccocasa 526585784519576
2026-09-14 08:09:33 - 暂停product成功：amazon_ca_piccocasa 489846985229057
2026-09-14 08:09:33 - 暂停product成功：amazon_ca_piccocasa 476163083584606
2026-09-14 08:09:33 - 暂停product成功：amazon_ca_piccocasa 427463261865221
2026-09-14 08:09:33 - 暂停product成功：amazon_ca_piccocasa 347641715432937
2026-09-14 08:09:33 - 暂停product成功：amazon_ca_piccocasa 357251591346808
2026-09-14 08:09:33 - 暂停product成功：amazon_ca_piccocasa 416730587913281
2026-09-14 08:09:33 - 暂停product成功：amazon_ca_piccocasa 303914961771922
2026-09-14 08:09:33 - 暂停product成功：amazon_ca_piccocasa 302517141049273
2026-09-14 08:09:33 - 暂停product成功：amazon_ca_piccocasa 490000236614278
2026-09-14 08:09:33 - 暂停product成功：amazon_ca_piccocasa 406683097629034
2026-09-14 08:09:33 - 暂停product成功：amazon_ca_piccocasa 298487251505173
2026-09-14 08:09:33 - 暂停product成功：amazon_ca_piccocasa 520700043482898
2026-09-14 08:09:33 - 暂停product成功：amazon_ca_piccocasa 478992328323443
2026-09-14 08:09:33 - 暂停product成功：amazon_ca_piccocasa 401530128533782
2026-09-14 08:09:33 - 暂停product成功：amazon_ca_piccocasa 456533791025245
2026-09-14 08:09:33 - 暂停product成功：amazon_ca_piccocasa 432561911226897
2026-09-14 08:09:33 - 暂停product成功：amazon_ca_piccocasa 473715339339125
2026-09-14 08:09:33 - 暂停product成功：amazon_ca_piccocasa 478212755950427
2026-09-14 08:09:33 - 暂停product成功：amazon_ca_piccocasa 554945373536077
2026-09-14 08:09:33 - 暂停product成功：amazon_ca_piccocasa 410761251572587
2026-09-14 08:09:33 - 暂停product成功：amazon_ca_piccocasa 383254567791807
2026-09-14 08:09:33 - 暂停product成功：amazon_ca_piccocasa 394796002976553
2026-09-14 08:09:33 - 暂停product成功：amazon_ca_piccocasa 513304948174860
2026-09-14 08:09:33 - 暂停product成功：amazon_ca_piccocasa 431227421318882
2026-09-14 08:09:33 - 暂停product成功：amazon_ca_piccocasa 344676735316620
2026-09-14 08:09:33 - 暂停product成功：amazon_ca_piccocasa 397132098893586
2026-09-14 08:09:33 - 暂停product成功：amazon_ca_piccocasa 526779301833515
2026-09-14 08:09:33 - 暂停product成功：amazon_ca_piccocasa 330935706544233
2026-09-14 08:09:33 - 暂停product成功：amazon_ca_piccocasa 540899479064682
2026-09-14 08:09:33 - 暂停product成功：amazon_ca_piccocasa 320673194739692
2026-09-14 08:09:33 - 暂停product成功：amazon_ca_piccocasa 399700198983141
2026-09-14 08:09:34 - batchMongoUpdateProduct：共44条，成功44条，失败0条
2026-09-14 08:09:36 - {"status":"success","message":"success","data":[{"adId":543403057760494,"code":"SUCCESS"},{"adId":504261249064242,"code":"SUCCESS"},{"adId":425724994760544,"code":"SUCCESS"},{"adId":467699621351901,"code":"SUCCESS"},{"adId":482279264677442,"code":"SUCCESS"},{"adId":339384990227223,"code":"SUCCESS"},{"adId":355006768349523,"code":"SUCCESS"},{"adId":556445790291983,"code":"SUCCESS"},{"adId":477475153281071,"code":"SUCCESS"},{"adId":384091883916266,"code":"SUCCESS"},{"adId":409710644468628,"code":"SUCCESS"},{"adId":337520016265096,"code":"SUCCESS"},{"adId":359631174634239,"code":"SUCCESS"},{"adId":470450491425628,"code":"SUCCESS"},{"adId":487476286648592,"code":"SUCCESS"},{"adId":343028314714059,"code":"SUCCESS"},{"adId":415647925380382,"code":"SUCCESS"},{"adId":421523530011649,"code":"SUCCESS"},{"adId":400027686669715,"code":"SUCCESS"},{"adId":422535458283552,"code":"SUCCESS"},{"adId":379565861032205,"code":"SUCCESS"},{"adId":468651297046087,"code":"SUCCESS"},{"adId":385201040874975,"code":"SUCCESS"},{"adId":437315901993189,"code":"SUCCESS"},{"adId":343947117024195,"code":"SUCCESS"},{"adId":328896308931612,"code":"SUCCESS"},{"adId":362749597679556,"code":"SUCCESS"},{"adId":433804019337967,"code":"SUCCESS"},{"adId":486115658057027,"code":"SUCCESS"},{"adId":477047256101920,"code":"SUCCESS"},{"adId":494541416846234,"code":"SUCCESS"},{"adId":281659786481555,"code":"SUCCESS"},{"adId":519990156710580,"code":"SUCCESS"},{"adId":504701450555534,"code":"SUCCESS"},{"adId":459888194357206,"code":"SUCCESS"},{"adId":524877197101879,"code":"SUCCESS"},{"adId":477374490527338,"code":"SUCCESS"},{"adId":310364442266925,"code":"SUCCESS"},{"adId":368195954386398,"code":"SUCCESS"},{"adId":394546415967619,"code":"SUCCESS"},{"adId":285042971732750,"code":"SUCCESS"},{"adId":491103000617856,"code":"SUCCESS"},{"adId":311110480000615,"code":"SUCCESS"},{"adId":542194010241315,"code":"SUCCESS"},{"adId":358676274183873,"code":"SUCCESS"},{"adId":546299423199995,"code":"SUCCESS"},{"adId":464457005193544,"code":"SUCCESS"},{"adId":297694931082431,"code":"SUCCESS"},{"adId":432539553708453,"code":"SUCCESS"},{"adId":505676406443294,"code":"SUCCESS"},{"adId":419114740095047,"code":"SUCCESS"},{"adId":410188215874445,"code":"SUCCESS"},{"adId":537233427736017,"code":"SUCCESS"},{"adId":437746858869800,"code":"SUCCESS"},{"adId":394725118772527,"code":"SUCCESS"},{"adId":526570267835336,"code":"SUCCESS"},{"adId":491888231136960,"code":"SUCCESS"},{"adId":406371244469079,"code":"SUCCESS"},{"adId":537875135816215,"code":"SUCCESS"},{"adId":379853415850926,"code":"SUCCESS"},{"adId":562472351990328,"code":"SUCCESS"},{"adId":553489289576143,"code":"SUCCESS"},{"adId":543202717462984,"code":"SUCCESS"},{"adId":360893564488133,"code":"SUCCESS"},{"adId":399276428678735,"code":"SUCCESS"},{"adId":343781145817500,"code":"SUCCESS"},{"adId":302774671498769,"code":"SUCCESS"},{"adId":385864783526687,"code":"SUCCESS"},{"adId":322104438756303,"code":"SUCCESS"},{"adId":312817288380302,"code":"SUCCESS"},{"adId":394829458537045,"code":"SUCCESS"},{"adId":364353725070896,"code":"SUCCESS"},{"adId":497168942642506,"code":"SUCCESS"},{"adId":487924119573514,"code":"SUCCESS"},{"adId":290490457424970,"code":"SUCCESS"},{"adId":542386402795991,"code":"SUCCESS"},{"adId":399766324657484,"code":"SUCCESS"},{"adId":450652604516818,"code":"SUCCESS"},{"adId":294732920070918,"code":"SUCCESS"},{"adId":339747920804401,"code":"SUCCESS"},{"adId":447628269499272,"code":"SUCCESS"},{"adId":543907339691177,"code":"SUCCESS"},{"adId":450766209636356,"code":"SUCCESS"},{"adId":545054886296983,"code":"SUCCESS"},{"adId":319707839854780,"code":"SUCCESS"},{"adId":471801975192031,"code":"SUCCESS"},{"adId":561481106219530,"code":"SUCCESS"},{"adId":496263269279849,"code":"SUCCESS"},{"adId":296843143617021,"code":"SUCCESS"},{"adId":482495885609521,"code":"SUCCESS"},{"adId":561121928868702,"code":"SUCCESS"},{"adId":537777783351744,"code":"SUCCESS"},{"adId":316169169089491,"code":"SUCCESS"},{"adId":432960169326185,"code":"SUCCESS"},{"adId":408082842675976,"code":"SUCCESS"},{"adId":374594963940920,"code":"SUCCESS"},{"adId":420136133238667,"code":"SUCCESS"},{"adId":351301740052720,"code":"SUCCESS"},{"adId":495567598147393,"code":"SUCCESS"},{"adId":556621974288167,"code":"SUCCESS"},{"adId":510907285371553,"code":"SUCCESS"},{"adId":286949904145161,"code":"SUCCESS"},{"adId":488843269445501,"code":"SUCCESS"},{"adId":511559666570747,"code":"SUCCESS"},{"adId":477887625232298,"code":"SUCCESS"},{"adId":456883956999926,"code":"SUCCESS"},{"adId":385863124029069,"code":"SUCCESS"},{"adId":396303584332212,"code":"SUCCESS"},{"adId":484166515416887,"code":"SUCCESS"},{"adId":360750055995685,"code":"SUCCESS"},{"adId":467589994515432,"code":"SUCCESS"},{"adId":465143203157119,"code":"SUCCESS"},{"adId":333230461971419,"code":"SUCCESS"},{"adId":498557090073804,"code":"SUCCESS"},{"adId":379790980077972,"code":"SUCCESS"},{"adId":333828282568361,"code":"SUCCESS"},{"adId":455443436263524,"code":"SUCCESS"},{"adId":436333699906143,"code":"SUCCESS"},{"adId":315899081474456,"code":"SUCCESS"},{"adId":389796324217144,"code":"SUCCESS"},{"adId":489938772902079,"code":"SUCCESS"},{"adId":559176862653355,"code":"SUCCESS"},{"adId":433803127092800,"code":"SUCCESS"},{"adId":388781868183361,"code":"SUCCESS"},{"adId":297007966274300,"code":"SUCCESS"},{"adId":449648501391313,"code":"SUCCESS"},{"adId":335479897241316,"code":"SUCCESS"},{"adId":516539795560222,"code":"SUCCESS"},{"adId":289712808897069,"code":"SUCCESS"},{"adId":479827051968523,"code":"SUCCESS"},{"adId":481712510778585,"code":"SUCCESS"},{"adId":318701337625261,"code":"SUCCESS"},{"adId":485531761237004,"code":"SUCCESS"},{"adId":480858267286318,"code":"SUCCESS"},{"adId":361057681574556,"code":"SUCCESS"},{"adId":318487391318654,"code":"SUCCESS"},{"adId":552309766343862,"code":"SUCCESS"},{"adId":354510306219323,"code":"SUCCESS"},{"adId":478803995770237,"code":"SUCCESS"},{"adId":495935744926652,"code":"SUCCESS"},{"adId":393363606153393,"code":"SUCCESS"},{"adId":384932416799073,"code":"SUCCESS"},{"adId":455370132394843,"code":"SUCCESS"},{"adId":516308038302489,"code":"SUCCESS"},{"adId":358033638992374,"code":"SUCCESS"},{"adId":395122384351336,"code":"SUCCESS"},{"adId":303341927493758,"code":"SUCCESS"},{"adId":418847448682820,"code":"SUCCESS"},{"adId":459587402446918,"code":"SUCCESS"},{"adId":508620617835372,"code":"SUCCESS"},{"adId":288408435053182,"code":"SUCCESS"},{"adId":521281257105189,"code":"SUCCESS"},{"adId":543863421810363,"code":"SUCCESS"},{"adId":310114500441699,"code":"SUCCESS"},{"adId":459215372219271,"code":"SUCCESS"},{"adId":429273300747740,"code":"SUCCESS"},{"adId":302159782152060,"code":"SUCCESS"},{"adId":285477245012243,"code":"SUCCESS"},{"adId":441362490739439,"code":"SUCCESS"},{"adId":360691974493804,"code":"SUCCESS"},{"adId":368999166797676,"code":"SUCCESS"},{"adId":333903808152503,"code":"SUCCESS"},{"adId":509208258438139,"code":"SUCCESS"},{"adId":502386028398832,"code":"SUCCESS"},{"adId":441427114007040,"code":"SUCCESS"},{"adId":526230520768421,"code":"SUCCESS"},{"adId":509257852231265,"code":"SUCCESS"},{"adId":489232412977790,"code":"SUCCESS"},{"adId":423505110842460,"code":"SUCCESS"},{"adId":526221048295203,"code":"SUCCESS"},{"adId":362882317157212,"code":"SUCCESS"},{"adId":544592886457382,"code":"SUCCESS"},{"adId":446107880143355,"code":"SUCCESS"},{"adId":452451788962475,"code":"SUCCESS"},{"adId":516396535095276,"code":"SUCCESS"},{"adId":521879436703735,"code":"SUCCESS"},{"adId":489856700454488,"code":"SUCCESS"},{"adId":394882689704930,"code":"SUCCESS"},{"adId":331500695749653,"code":"SUCCESS"},{"adId":331452280004623,"code":"SUCCESS"},{"adId":542158849260071,"code":"SUCCESS"},{"adId":302002574230311,"code":"SUCCESS"},{"adId":427048439759389,"code":"SUCCESS"},{"adId":401171304148770,"code":"SUCCESS"},{"adId":433760873296892,"code":"SUCCESS"},{"adId":467202433502877,"code":"SUCCESS"},{"adId":355063188814077,"code":"SUCCESS"},{"adId":332621056008604,"code":"SUCCESS"},{"adId":526810619339762,"code":"SUCCESS"},{"adId":537485215788383,"code":"SUCCESS"},{"adId":342542475951970,"code":"SUCCESS"},[{"description":"Archived entity cannot be modified","code":"ARCHIVED_ENTITY_CANNOT_BE_MODIFIED"},{"description":"Archived entity cannot be modified","code":"ARCHIVED_ENTITY_CANNOT_BE_MODIFIED"}]]}
2026-09-14 08:09:36 - 暂停product成功：amazon_us_rrc 543403057760494
2026-09-14 08:09:36 - 暂停product成功：amazon_us_rrc 504261249064242
2026-09-14 08:09:36 - 暂停product成功：amazon_us_rrc 425724994760544
2026-09-14 08:09:36 - 暂停product成功：amazon_us_rrc 467699621351901
2026-09-14 08:09:36 - 暂停product成功：amazon_us_rrc 482279264677442
2026-09-14 08:09:36 - 暂停product成功：amazon_us_rrc 339384990227223
2026-09-14 08:09:36 - 暂停product成功：amazon_us_rrc 355006768349523
2026-09-14 08:09:36 - 暂停product成功：amazon_us_rrc 556445790291983
2026-09-14 08:09:36 - 暂停product成功：amazon_us_rrc 477475153281071
2026-09-14 08:09:36 - 暂停product成功：amazon_us_rrc 384091883916266
2026-09-14 08:09:36 - 暂停product成功：amazon_us_rrc 409710644468628
2026-09-14 08:09:36 - 暂停product成功：amazon_us_rrc 337520016265096
2026-09-14 08:09:36 - 暂停product成功：amazon_us_rrc 359631174634239
2026-09-14 08:09:36 - 暂停product成功：amazon_us_rrc 470450491425628
2026-09-14 08:09:36 - 暂停product成功：amazon_us_rrc 487476286648592
2026-09-14 08:09:36 - 暂停product成功：amazon_us_rrc 343028314714059
2026-09-14 08:09:36 - 暂停product成功：amazon_us_rrc 415647925380382
2026-09-14 08:09:36 - 暂停product成功：amazon_us_rrc 421523530011649
2026-09-14 08:09:36 - 暂停product成功：amazon_us_rrc 400027686669715
2026-09-14 08:09:36 - 暂停product成功：amazon_us_rrc 422535458283552
2026-09-14 08:09:36 - 暂停product成功：amazon_us_rrc 379565861032205
2026-09-14 08:09:36 - 暂停product成功：amazon_us_rrc 468651297046087
2026-09-14 08:09:36 - 暂停product成功：amazon_us_rrc 385201040874975
2026-09-14 08:09:36 - 暂停product成功：amazon_us_rrc 437315901993189
2026-09-14 08:09:36 - 暂停product成功：amazon_us_rrc 343947117024195
2026-09-14 08:09:36 - 暂停product成功：amazon_us_rrc 328896308931612
2026-09-14 08:09:36 - 暂停product成功：amazon_us_rrc 362749597679556
2026-09-14 08:09:36 - 暂停product成功：amazon_us_rrc 433804019337967
2026-09-14 08:09:36 - 暂停product成功：amazon_us_rrc 486115658057027
2026-09-14 08:09:36 - 暂停product成功：amazon_us_rrc 477047256101920
2026-09-14 08:09:36 - 暂停product成功：amazon_us_rrc 494541416846234
2026-09-14 08:09:36 - 暂停product成功：amazon_us_rrc 281659786481555
2026-09-14 08:09:36 - 暂停product成功：amazon_us_rrc 519990156710580
2026-09-14 08:09:36 - 暂停product成功：amazon_us_rrc 504701450555534
2026-09-14 08:09:36 - 暂停product成功：amazon_us_rrc 459888194357206
2026-09-14 08:09:36 - 暂停product成功：amazon_us_rrc 524877197101879
2026-09-14 08:09:36 - 暂停product成功：amazon_us_rrc 477374490527338
2026-09-14 08:09:36 - 暂停product成功：amazon_us_rrc 310364442266925
2026-09-14 08:09:36 - 暂停product成功：amazon_us_rrc 368195954386398
2026-09-14 08:09:36 - 暂停product成功：amazon_us_rrc 394546415967619
2026-09-14 08:09:36 - 暂停product成功：amazon_us_rrc 285042971732750
2026-09-14 08:09:36 - 暂停product成功：amazon_us_rrc 491103000617856
2026-09-14 08:09:36 - 暂停product成功：amazon_us_rrc 311110480000615
2026-09-14 08:09:36 - 暂停product成功：amazon_us_rrc 542194010241315
2026-09-14 08:09:36 - 暂停product成功：amazon_us_rrc 358676274183873
2026-09-14 08:09:36 - 暂停product成功：amazon_us_rrc 546299423199995
2026-09-14 08:09:36 - 暂停product成功：amazon_us_rrc 464457005193544
2026-09-14 08:09:36 - 暂停product成功：amazon_us_rrc 297694931082431
2026-09-14 08:09:36 - 暂停product成功：amazon_us_rrc 432539553708453
2026-09-14 08:09:36 - 暂停product成功：amazon_us_rrc 505676406443294
2026-09-14 08:09:36 - 暂停product成功：amazon_us_rrc 419114740095047
2026-09-14 08:09:36 - 暂停product成功：amazon_us_rrc 410188215874445
2026-09-14 08:09:36 - 暂停product成功：amazon_us_rrc 537233427736017
2026-09-14 08:09:36 - 暂停product成功：amazon_us_rrc 437746858869800
2026-09-14 08:09:36 - 暂停product成功：amazon_us_rrc 394725118772527
2026-09-14 08:09:36 - 暂停product成功：amazon_us_rrc 526570267835336
2026-09-14 08:09:36 - 暂停product成功：amazon_us_rrc 491888231136960
2026-09-14 08:09:36 - 暂停product成功：amazon_us_rrc 406371244469079
2026-09-14 08:09:36 - 暂停product成功：amazon_us_rrc 537875135816215
2026-09-14 08:09:36 - 暂停product成功：amazon_us_rrc 379853415850926
2026-09-14 08:09:36 - 暂停product成功：amazon_us_rrc 562472351990328
2026-09-14 08:09:36 - 暂停product成功：amazon_us_rrc 553489289576143
2026-09-14 08:09:36 - 暂停product成功：amazon_us_rrc 543202717462984
2026-09-14 08:09:36 - 暂停product成功：amazon_us_rrc 360893564488133
2026-09-14 08:09:36 - 暂停product成功：amazon_us_rrc 399276428678735
2026-09-14 08:09:36 - 暂停product成功：amazon_us_rrc 343781145817500
2026-09-14 08:09:36 - 暂停product成功：amazon_us_rrc 302774671498769
2026-09-14 08:09:36 - 暂停product成功：amazon_us_rrc 385864783526687
2026-09-14 08:09:36 - 暂停product成功：amazon_us_rrc 322104438756303
2026-09-14 08:09:36 - 暂停product成功：amazon_us_rrc 312817288380302
2026-09-14 08:09:36 - 暂停product成功：amazon_us_rrc 394829458537045
2026-09-14 08:09:36 - 暂停product成功：amazon_us_rrc 364353725070896
2026-09-14 08:09:36 - 暂停product成功：amazon_us_rrc 497168942642506
2026-09-14 08:09:36 - 暂停product成功：amazon_us_rrc 487924119573514
2026-09-14 08:09:36 - 暂停product成功：amazon_us_rrc 290490457424970
2026-09-14 08:09:36 - 暂停product成功：amazon_us_rrc 542386402795991
2026-09-14 08:09:36 - 暂停product成功：amazon_us_rrc 399766324657484
2026-09-14 08:09:36 - 暂停product成功：amazon_us_rrc 450652604516818
2026-09-14 08:09:36 - 暂停product成功：amazon_us_rrc 294732920070918
2026-09-14 08:09:36 - 暂停product成功：amazon_us_rrc 339747920804401
2026-09-14 08:09:36 - 暂停product成功：amazon_us_rrc 447628269499272
2026-09-14 08:09:36 - 暂停product成功：amazon_us_rrc 543907339691177
2026-09-14 08:09:36 - 暂停product成功：amazon_us_rrc 450766209636356
2026-09-14 08:09:36 - 暂停product成功：amazon_us_rrc 545054886296983
2026-09-14 08:09:36 - 暂停product成功：amazon_us_rrc 319707839854780
2026-09-14 08:09:36 - 暂停product成功：amazon_us_rrc 471801975192031
2026-09-14 08:09:36 - 暂停product成功：amazon_us_rrc 561481106219530
2026-09-14 08:09:36 - 暂停product成功：amazon_us_rrc 496263269279849
2026-09-14 08:09:36 - 暂停product成功：amazon_us_rrc 296843143617021
2026-09-14 08:09:36 - 暂停product成功：amazon_us_rrc 482495885609521
2026-09-14 08:09:36 - 暂停product成功：amazon_us_rrc 561121928868702
2026-09-14 08:09:36 - 暂停product成功：amazon_us_rrc 537777783351744
2026-09-14 08:09:36 - 暂停product成功：amazon_us_rrc 316169169089491
2026-09-14 08:09:36 - 暂停product成功：amazon_us_rrc 432960169326185
2026-09-14 08:09:36 - 暂停product成功：amazon_us_rrc 408082842675976
2026-09-14 08:09:36 - 暂停product成功：amazon_us_rrc 374594963940920
2026-09-14 08:09:36 - 暂停product成功：amazon_us_rrc 420136133238667
2026-09-14 08:09:36 - 暂停product成功：amazon_us_rrc 351301740052720
2026-09-14 08:09:36 - 暂停product成功：amazon_us_rrc 495567598147393
2026-09-14 08:09:36 - 暂停product成功：amazon_us_rrc 556621974288167
2026-09-14 08:09:36 - 暂停product成功：amazon_us_rrc 510907285371553
2026-09-14 08:09:36 - 暂停product成功：amazon_us_rrc 286949904145161
2026-09-14 08:09:36 - 暂停product成功：amazon_us_rrc 488843269445501
2026-09-14 08:09:36 - 暂停product成功：amazon_us_rrc 511559666570747
2026-09-14 08:09:36 - 暂停product失败：amazon_us_rrc 291612831407357
2026-09-14 08:09:36 - 暂停product成功：amazon_us_rrc 477887625232298
2026-09-14 08:09:36 - 暂停product成功：amazon_us_rrc 456883956999926
2026-09-14 08:09:36 - 暂停product成功：amazon_us_rrc 385863124029069
2026-09-14 08:09:36 - 暂停product成功：amazon_us_rrc 396303584332212
2026-09-14 08:09:36 - 暂停product成功：amazon_us_rrc 484166515416887
2026-09-14 08:09:36 - 暂停product成功：amazon_us_rrc 360750055995685
2026-09-14 08:09:36 - 暂停product成功：amazon_us_rrc 467589994515432
2026-09-14 08:09:36 - 暂停product成功：amazon_us_rrc 465143203157119
2026-09-14 08:09:36 - 暂停product成功：amazon_us_rrc 333230461971419
2026-09-14 08:09:36 - 暂停product成功：amazon_us_rrc 498557090073804
2026-09-14 08:09:36 - 暂停product成功：amazon_us_rrc 379790980077972
2026-09-14 08:09:36 - 暂停product成功：amazon_us_rrc 333828282568361
2026-09-14 08:09:36 - 暂停product成功：amazon_us_rrc 455443436263524
2026-09-14 08:09:36 - 暂停product成功：amazon_us_rrc 436333699906143
2026-09-14 08:09:36 - 暂停product成功：amazon_us_rrc 315899081474456
2026-09-14 08:09:36 - 暂停product成功：amazon_us_rrc 389796324217144
2026-09-14 08:09:36 - 暂停product成功：amazon_us_rrc 489938772902079
2026-09-14 08:09:36 - 暂停product成功：amazon_us_rrc 559176862653355
2026-09-14 08:09:36 - 暂停product成功：amazon_us_rrc 433803127092800
2026-09-14 08:09:36 - 暂停product成功：amazon_us_rrc 388781868183361
2026-09-14 08:09:36 - 暂停product成功：amazon_us_rrc 297007966274300
2026-09-14 08:09:36 - 暂停product成功：amazon_us_rrc 449648501391313
2026-09-14 08:09:36 - 暂停product成功：amazon_us_rrc 335479897241316
2026-09-14 08:09:36 - 暂停product成功：amazon_us_rrc 516539795560222
2026-09-14 08:09:36 - 暂停product失败：amazon_us_rrc 457471246691224
2026-09-14 08:09:36 - 暂停product成功：amazon_us_rrc 289712808897069
2026-09-14 08:09:36 - 暂停product成功：amazon_us_rrc 479827051968523
2026-09-14 08:09:36 - 暂停product成功：amazon_us_rrc 481712510778585
2026-09-14 08:09:36 - 暂停product成功：amazon_us_rrc 318701337625261
2026-09-14 08:09:36 - 暂停product成功：amazon_us_rrc 485531761237004
2026-09-14 08:09:36 - 暂停product成功：amazon_us_rrc 480858267286318
2026-09-14 08:09:36 - 暂停product成功：amazon_us_rrc 361057681574556
2026-09-14 08:09:36 - 暂停product成功：amazon_us_rrc 318487391318654
2026-09-14 08:09:36 - 暂停product成功：amazon_us_rrc 552309766343862
2026-09-14 08:09:36 - 暂停product成功：amazon_us_rrc 354510306219323
2026-09-14 08:09:36 - 暂停product成功：amazon_us_rrc 478803995770237
2026-09-14 08:09:36 - 暂停product成功：amazon_us_rrc 495935744926652
2026-09-14 08:09:36 - 暂停product成功：amazon_us_rrc 393363606153393
2026-09-14 08:09:36 - 暂停product成功：amazon_us_rrc 384932416799073
2026-09-14 08:09:36 - 暂停product成功：amazon_us_rrc 455370132394843
2026-09-14 08:09:36 - 暂停product成功：amazon_us_rrc 516308038302489
2026-09-14 08:09:36 - 暂停product成功：amazon_us_rrc 358033638992374
2026-09-14 08:09:36 - 暂停product成功：amazon_us_rrc 395122384351336
2026-09-14 08:09:36 - 暂停product成功：amazon_us_rrc 303341927493758
2026-09-14 08:09:36 - 暂停product成功：amazon_us_rrc 418847448682820
2026-09-14 08:09:36 - 暂停product成功：amazon_us_rrc 459587402446918
2026-09-14 08:09:36 - 暂停product成功：amazon_us_rrc 508620617835372
2026-09-14 08:09:36 - 暂停product成功：amazon_us_rrc 288408435053182
2026-09-14 08:09:36 - 暂停product成功：amazon_us_rrc 521281257105189
2026-09-14 08:09:36 - 暂停product成功：amazon_us_rrc 543863421810363
2026-09-14 08:09:36 - 暂停product成功：amazon_us_rrc 310114500441699
2026-09-14 08:09:36 - 暂停product成功：amazon_us_rrc 459215372219271
2026-09-14 08:09:36 - 暂停product成功：amazon_us_rrc 429273300747740
2026-09-14 08:09:36 - 暂停product成功：amazon_us_rrc 302159782152060
2026-09-14 08:09:36 - 暂停product成功：amazon_us_rrc 285477245012243
2026-09-14 08:09:36 - 暂停product成功：amazon_us_rrc 441362490739439
2026-09-14 08:09:36 - 暂停product成功：amazon_us_rrc 360691974493804
2026-09-14 08:09:36 - 暂停product成功：amazon_us_rrc 368999166797676
2026-09-14 08:09:36 - 暂停product成功：amazon_us_rrc 333903808152503
2026-09-14 08:09:36 - 暂停product成功：amazon_us_rrc 509208258438139
2026-09-14 08:09:36 - 暂停product成功：amazon_us_rrc 502386028398832
2026-09-14 08:09:36 - 暂停product成功：amazon_us_rrc 441427114007040
2026-09-14 08:09:36 - 暂停product成功：amazon_us_rrc 526230520768421
2026-09-14 08:09:36 - 暂停product成功：amazon_us_rrc 509257852231265
2026-09-14 08:09:36 - 暂停product成功：amazon_us_rrc 489232412977790
2026-09-14 08:09:36 - 暂停product成功：amazon_us_rrc 423505110842460
2026-09-14 08:09:36 - 暂停product成功：amazon_us_rrc 526221048295203
2026-09-14 08:09:36 - 暂停product成功：amazon_us_rrc 362882317157212
2026-09-14 08:09:36 - 暂停product成功：amazon_us_rrc 544592886457382
2026-09-14 08:09:36 - 暂停product成功：amazon_us_rrc 446107880143355
2026-09-14 08:09:36 - 暂停product成功：amazon_us_rrc 452451788962475
2026-09-14 08:09:36 - 暂停product成功：amazon_us_rrc 516396535095276
2026-09-14 08:09:36 - 暂停product成功：amazon_us_rrc 521879436703735
2026-09-14 08:09:36 - 暂停product成功：amazon_us_rrc 489856700454488
2026-09-14 08:09:36 - 暂停product成功：amazon_us_rrc 394882689704930
2026-09-14 08:09:36 - 暂停product成功：amazon_us_rrc 331500695749653
2026-09-14 08:09:36 - 暂停product成功：amazon_us_rrc 331452280004623
2026-09-14 08:09:36 - 暂停product成功：amazon_us_rrc 542158849260071
2026-09-14 08:09:36 - 暂停product成功：amazon_us_rrc 302002574230311
2026-09-14 08:09:36 - 暂停product成功：amazon_us_rrc 427048439759389
2026-09-14 08:09:36 - 暂停product成功：amazon_us_rrc 401171304148770
2026-09-14 08:09:36 - 暂停product成功：amazon_us_rrc 433760873296892
2026-09-14 08:09:36 - 暂停product成功：amazon_us_rrc 467202433502877
2026-09-14 08:09:36 - 暂停product成功：amazon_us_rrc 355063188814077
2026-09-14 08:09:36 - 暂停product成功：amazon_us_rrc 332621056008604
2026-09-14 08:09:36 - 暂停product成功：amazon_us_rrc 526810619339762
2026-09-14 08:09:36 - 暂停product成功：amazon_us_rrc 537485215788383
2026-09-14 08:09:36 - 暂停product成功：amazon_us_rrc 342542475951970
2026-09-14 08:09:37 - batchMongoUpdateProduct：共107条，成功107条，失败0条
2026-09-14 08:09:39 - {"status":"success","message":"success","data":[{"adId":301818394827580,"code":"SUCCESS"},{"adId":376073214964990,"code":"SUCCESS"},{"adId":549419820486982,"code":"SUCCESS"},{"adId":392710316868985,"code":"SUCCESS"},{"adId":311776893722181,"code":"SUCCESS"},{"adId":484907661458917,"code":"SUCCESS"},{"adId":426956866190588,"code":"SUCCESS"},{"adId":366941531854170,"code":"SUCCESS"},{"adId":350863730698725,"code":"SUCCESS"},{"adId":525169044247682,"code":"SUCCESS"},{"adId":325965481753376,"code":"SUCCESS"},{"adId":444820958592033,"code":"SUCCESS"},{"adId":379833081578998,"code":"SUCCESS"},{"adId":430181390336114,"code":"SUCCESS"},{"adId":282632711945402,"code":"SUCCESS"},{"adId":514500721588554,"code":"SUCCESS"},{"adId":500101107729193,"code":"SUCCESS"},{"adId":541568465842312,"code":"SUCCESS"},{"adId":394542537505493,"code":"SUCCESS"},{"adId":452225012375204,"code":"SUCCESS"},{"adId":340234381257458,"code":"SUCCESS"},{"adId":433675072828501,"code":"SUCCESS"},{"adId":308569226921233,"code":"SUCCESS"},{"adId":552307325849420,"code":"SUCCESS"},{"adId":507826436719791,"code":"SUCCESS"},{"adId":524069183228424,"code":"SUCCESS"},{"adId":363799553723754,"code":"SUCCESS"},{"adId":463126487126336,"code":"SUCCESS"},{"adId":508044319506966,"code":"SUCCESS"},{"adId":557818973218817,"code":"SUCCESS"},{"adId":333912797838949,"code":"SUCCESS"},{"adId":405250683869359,"code":"SUCCESS"},{"adId":541545853011528,"code":"SUCCESS"},{"adId":477234609566787,"code":"SUCCESS"},{"adId":447410181695738,"code":"SUCCESS"},{"adId":339813486755074,"code":"SUCCESS"},{"adId":364032138331652,"code":"SUCCESS"},{"adId":336010509522389,"code":"SUCCESS"},{"adId":459574143153223,"code":"SUCCESS"},{"adId":358377157080147,"code":"SUCCESS"},{"adId":419237407485229,"code":"SUCCESS"},{"adId":478001208498330,"code":"SUCCESS"},{"adId":397943791095496,"code":"SUCCESS"},{"adId":493157563209606,"code":"SUCCESS"},{"adId":411277509295245,"code":"SUCCESS"},{"adId":407861068825368,"code":"SUCCESS"},{"adId":495164650230936,"code":"SUCCESS"},{"adId":390129092630040,"code":"SUCCESS"},{"adId":486720694828502,"code":"SUCCESS"}]}
2026-09-14 08:09:39 - 暂停product成功：amazon_us_bull 301818394827580
2026-09-14 08:09:39 - 暂停product成功：amazon_us_bull 376073214964990
2026-09-14 08:09:39 - 暂停product成功：amazon_us_bull 549419820486982
2026-09-14 08:09:39 - 暂停product成功：amazon_us_bull 392710316868985
2026-09-14 08:09:39 - 暂停product成功：amazon_us_bull 311776893722181
2026-09-14 08:09:39 - 暂停product成功：amazon_us_bull 484907661458917
2026-09-14 08:09:39 - 暂停product成功：amazon_us_bull 426956866190588
2026-09-14 08:09:39 - 暂停product成功：amazon_us_bull 366941531854170
2026-09-14 08:09:39 - 暂停product成功：amazon_us_bull 350863730698725
2026-09-14 08:09:39 - 暂停product成功：amazon_us_bull 525169044247682
2026-09-14 08:09:39 - 暂停product成功：amazon_us_bull 325965481753376
2026-09-14 08:09:39 - 暂停product成功：amazon_us_bull 444820958592033
2026-09-14 08:09:39 - 暂停product成功：amazon_us_bull 379833081578998
2026-09-14 08:09:39 - 暂停product成功：amazon_us_bull 430181390336114
2026-09-14 08:09:39 - 暂停product成功：amazon_us_bull 282632711945402
2026-09-14 08:09:39 - 暂停product成功：amazon_us_bull 514500721588554
2026-09-14 08:09:39 - 暂停product成功：amazon_us_bull 500101107729193
2026-09-14 08:09:39 - 暂停product成功：amazon_us_bull 541568465842312
2026-09-14 08:09:39 - 暂停product成功：amazon_us_bull 394542537505493
2026-09-14 08:09:39 - 暂停product成功：amazon_us_bull 452225012375204
2026-09-14 08:09:39 - 暂停product成功：amazon_us_bull 340234381257458
2026-09-14 08:09:39 - 暂停product成功：amazon_us_bull 433675072828501
2026-09-14 08:09:39 - 暂停product成功：amazon_us_bull 308569226921233
2026-09-14 08:09:39 - 暂停product成功：amazon_us_bull 552307325849420
2026-09-14 08:09:39 - 暂停product成功：amazon_us_bull 507826436719791
2026-09-14 08:09:39 - 暂停product成功：amazon_us_bull 524069183228424
2026-09-14 08:09:39 - 暂停product成功：amazon_us_bull 363799553723754
2026-09-14 08:09:39 - 暂停product成功：amazon_us_bull 463126487126336
2026-09-14 08:09:39 - 暂停product成功：amazon_us_bull 508044319506966
2026-09-14 08:09:39 - 暂停product成功：amazon_us_bull 557818973218817
2026-09-14 08:09:39 - 暂停product成功：amazon_us_bull 333912797838949
2026-09-14 08:09:39 - 暂停product成功：amazon_us_bull 405250683869359
2026-09-14 08:09:39 - 暂停product成功：amazon_us_bull 541545853011528
2026-09-14 08:09:39 - 暂停product成功：amazon_us_bull 477234609566787
2026-09-14 08:09:39 - 暂停product成功：amazon_us_bull 447410181695738
2026-09-14 08:09:39 - 暂停product成功：amazon_us_bull 339813486755074
2026-09-14 08:09:39 - 暂停product成功：amazon_us_bull 364032138331652
2026-09-14 08:09:39 - 暂停product成功：amazon_us_bull 336010509522389
2026-09-14 08:09:39 - 暂停product成功：amazon_us_bull 459574143153223
2026-09-14 08:09:39 - 暂停product成功：amazon_us_bull 358377157080147
2026-09-14 08:09:39 - 暂停product成功：amazon_us_bull 419237407485229
2026-09-14 08:09:39 - 暂停product成功：amazon_us_bull 478001208498330
2026-09-14 08:09:39 - 暂停product成功：amazon_us_bull 397943791095496
2026-09-14 08:09:39 - 暂停product成功：amazon_us_bull 493157563209606
2026-09-14 08:09:39 - 暂停product成功：amazon_us_bull 411277509295245
2026-09-14 08:09:39 - 暂停product成功：amazon_us_bull 407861068825368
2026-09-14 08:09:39 - 暂停product成功：amazon_us_bull 495164650230936
2026-09-14 08:09:39 - 暂停product成功：amazon_us_bull 390129092630040
2026-09-14 08:09:39 - 暂停product成功：amazon_us_bull 486720694828502
2026-09-14 08:09:39 - batchMongoUpdateProduct：共49条，成功49条，失败0条
2026-09-14 08:09:41 - {"status":"success","message":"success","data":[{"adId":410089640807422,"code":"SUCCESS"},{"adId":447585787831963,"code":"SUCCESS"},{"adId":405014144034840,"code":"SUCCESS"},{"adId":389898345507475,"code":"SUCCESS"},{"adId":530254637145224,"code":"SUCCESS"},{"adId":343251568865580,"code":"SUCCESS"},{"adId":424326872535575,"code":"SUCCESS"},{"adId":372170312191646,"code":"SUCCESS"},{"adId":438332864946655,"code":"SUCCESS"},{"adId":316459369987974,"code":"SUCCESS"},{"adId":531875823201563,"code":"SUCCESS"},{"adId":353354315561486,"code":"SUCCESS"},{"adId":286970600575955,"code":"SUCCESS"},{"adId":321604221093890,"code":"SUCCESS"},{"adId":467063659727378,"code":"SUCCESS"},{"adId":378073690966481,"code":"SUCCESS"},{"adId":316926180169773,"code":"SUCCESS"},{"adId":555233940800855,"code":"SUCCESS"},{"adId":288465075914850,"code":"SUCCESS"},{"adId":390383229597424,"code":"SUCCESS"},{"adId":311563949114431,"code":"SUCCESS"},{"adId":330212471390467,"code":"SUCCESS"},{"adId":532211862764370,"code":"SUCCESS"},{"adId":491801797911630,"code":"SUCCESS"},{"adId":424951898051641,"code":"SUCCESS"},{"adId":354800063507864,"code":"SUCCESS"},{"adId":394066775961729,"code":"SUCCESS"},{"adId":357034789642422,"code":"SUCCESS"},{"adId":511412225886244,"code":"SUCCESS"},{"adId":560180044528930,"code":"SUCCESS"},{"adId":551195233888830,"code":"SUCCESS"},{"adId":329686778024785,"code":"SUCCESS"},{"adId":455429403171869,"code":"SUCCESS"},{"adId":433104082791630,"code":"SUCCESS"},{"adId":292019209167788,"code":"SUCCESS"},{"adId":378607904651137,"code":"SUCCESS"},{"adId":414704419178390,"code":"SUCCESS"},{"adId":407254514957476,"code":"SUCCESS"},{"adId":528317476874665,"code":"SUCCESS"},{"adId":437666672589155,"code":"SUCCESS"},{"adId":426847415020297,"code":"SUCCESS"},{"adId":303951025230731,"code":"SUCCESS"},{"adId":505530533352427,"code":"SUCCESS"},{"adId":294083242367176,"code":"SUCCESS"},{"adId":513585383767671,"code":"SUCCESS"},{"adId":333827040100096,"code":"SUCCESS"},{"adId":449708561567273,"code":"SUCCESS"},{"adId":405650712622194,"code":"SUCCESS"},{"adId":517365318361148,"code":"SUCCESS"},{"adId":330525277407369,"code":"SUCCESS"},{"adId":348402682253782,"code":"SUCCESS"},{"adId":319210571242701,"code":"SUCCESS"},{"adId":404966272289281,"code":"SUCCESS"},{"adId":386573686712066,"code":"SUCCESS"},{"adId":416395678279937,"code":"SUCCESS"},{"adId":482417697202413,"code":"SUCCESS"},{"adId":544777429135016,"code":"SUCCESS"},{"adId":426760956729904,"code":"SUCCESS"},{"adId":560391411716945,"code":"SUCCESS"},{"adId":298127761663420,"code":"SUCCESS"},{"adId":422109631240315,"code":"SUCCESS"},{"adId":295948270986007,"code":"SUCCESS"},{"adId":425158273518748,"code":"SUCCESS"},{"adId":531276722578971,"code":"SUCCESS"},{"adId":401704043967734,"code":"SUCCESS"},{"adId":523432133822899,"code":"SUCCESS"},{"adId":383268375102120,"code":"SUCCESS"},{"adId":305092566820046,"code":"SUCCESS"},{"adId":403417556639693,"code":"SUCCESS"},{"adId":465300144010172,"code":"SUCCESS"},{"adId":493221326188560,"code":"SUCCESS"},{"adId":407549007078329,"code":"SUCCESS"},{"adId":380652250435867,"code":"SUCCESS"},{"adId":332643200896947,"code":"SUCCESS"},{"adId":390333322651672,"code":"SUCCESS"},{"adId":314062016050373,"code":"SUCCESS"},{"adId":408407535085739,"code":"SUCCESS"},{"adId":298140404400408,"code":"SUCCESS"},{"adId":547821305199934,"code":"SUCCESS"},{"adId":554566150010213,"code":"SUCCESS"},{"adId":305403261772487,"code":"SUCCESS"},{"adId":375905296407588,"code":"SUCCESS"},{"adId":295364852044688,"code":"SUCCESS"},{"adId":554215096213105,"code":"SUCCESS"},{"adId":319483422466764,"code":"SUCCESS"},{"adId":475632826174388,"code":"SUCCESS"},{"adId":324475739650309,"code":"SUCCESS"},{"adId":340983118356708,"code":"SUCCESS"},{"adId":415340602738099,"code":"SUCCESS"},{"adId":494311557369603,"code":"SUCCESS"},{"adId":374223675018831,"code":"SUCCESS"},{"adId":337510517933477,"code":"SUCCESS"},{"adId":314491754302466,"code":"SUCCESS"},{"adId":299120301675124,"code":"SUCCESS"},{"adId":383736701367014,"code":"SUCCESS"},{"adId":371927324878440,"code":"SUCCESS"},{"adId":528874591629686,"code":"SUCCESS"},{"adId":339479130367342,"code":"SUCCESS"},{"adId":290208154566407,"code":"SUCCESS"},{"adId":473627102972125,"code":"SUCCESS"},{"adId":324695621885120,"code":"SUCCESS"},{"adId":305452047987328,"code":"SUCCESS"},{"adId":389887244311633,"code":"SUCCESS"},{"adId":478276466606684,"code":"SUCCESS"},{"adId":492659122146896,"code":"SUCCESS"},{"adId":294468544550746,"code":"SUCCESS"},{"adId":503309264970376,"code":"SUCCESS"},{"adId":561358512570205,"code":"SUCCESS"},{"adId":393473237345135,"code":"SUCCESS"},{"adId":525584164219226,"code":"SUCCESS"}]}
2026-09-14 08:09:41 - 暂停product成功：amazon_ca_hero 410089640807422
2026-09-14 08:09:41 - 暂停product成功：amazon_ca_hero 447585787831963
2026-09-14 08:09:41 - 暂停product成功：amazon_ca_hero 405014144034840
2026-09-14 08:09:41 - 暂停product成功：amazon_ca_hero 389898345507475
2026-09-14 08:09:41 - 暂停product成功：amazon_ca_hero 530254637145224
2026-09-14 08:09:41 - 暂停product成功：amazon_ca_hero 343251568865580
2026-09-14 08:09:41 - 暂停product成功：amazon_ca_hero 424326872535575
2026-09-14 08:09:41 - 暂停product成功：amazon_ca_hero 372170312191646
2026-09-14 08:09:41 - 暂停product成功：amazon_ca_hero 438332864946655
2026-09-14 08:09:41 - 暂停product成功：amazon_ca_hero 316459369987974
2026-09-14 08:09:41 - 暂停product成功：amazon_ca_hero 531875823201563
2026-09-14 08:09:41 - 暂停product成功：amazon_ca_hero 353354315561486
2026-09-14 08:09:41 - 暂停product成功：amazon_ca_hero 286970600575955
2026-09-14 08:09:41 - 暂停product成功：amazon_ca_hero 321604221093890
2026-09-14 08:09:41 - 暂停product成功：amazon_ca_hero 467063659727378
2026-09-14 08:09:41 - 暂停product成功：amazon_ca_hero 378073690966481
2026-09-14 08:09:41 - 暂停product成功：amazon_ca_hero 316926180169773
2026-09-14 08:09:41 - 暂停product成功：amazon_ca_hero 555233940800855
2026-09-14 08:09:41 - 暂停product成功：amazon_ca_hero 288465075914850
2026-09-14 08:09:41 - 暂停product成功：amazon_ca_hero 390383229597424
2026-09-14 08:09:41 - 暂停product成功：amazon_ca_hero 311563949114431
2026-09-14 08:09:41 - 暂停product成功：amazon_ca_hero 330212471390467
2026-09-14 08:09:41 - 暂停product成功：amazon_ca_hero 532211862764370
2026-09-14 08:09:41 - 暂停product成功：amazon_ca_hero 491801797911630
2026-09-14 08:09:41 - 暂停product成功：amazon_ca_hero 424951898051641
2026-09-14 08:09:41 - 暂停product成功：amazon_ca_hero 354800063507864
2026-09-14 08:09:41 - 暂停product成功：amazon_ca_hero 394066775961729
2026-09-14 08:09:41 - 暂停product成功：amazon_ca_hero 357034789642422
2026-09-14 08:09:41 - 暂停product成功：amazon_ca_hero 511412225886244
2026-09-14 08:09:41 - 暂停product成功：amazon_ca_hero 560180044528930
2026-09-14 08:09:41 - 暂停product成功：amazon_ca_hero 551195233888830
2026-09-14 08:09:41 - 暂停product成功：amazon_ca_hero 329686778024785
2026-09-14 08:09:41 - 暂停product成功：amazon_ca_hero 455429403171869
2026-09-14 08:09:41 - 暂停product成功：amazon_ca_hero 433104082791630
2026-09-14 08:09:41 - 暂停product成功：amazon_ca_hero 292019209167788
2026-09-14 08:09:41 - 暂停product成功：amazon_ca_hero 378607904651137
2026-09-14 08:09:41 - 暂停product成功：amazon_ca_hero 414704419178390
2026-09-14 08:09:41 - 暂停product成功：amazon_ca_hero 407254514957476
2026-09-14 08:09:41 - 暂停product成功：amazon_ca_hero 528317476874665
2026-09-14 08:09:41 - 暂停product成功：amazon_ca_hero 437666672589155
2026-09-14 08:09:41 - 暂停product成功：amazon_ca_hero 426847415020297
2026-09-14 08:09:41 - 暂停product成功：amazon_ca_hero 303951025230731
2026-09-14 08:09:41 - 暂停product成功：amazon_ca_hero 505530533352427
2026-09-14 08:09:41 - 暂停product成功：amazon_ca_hero 294083242367176
2026-09-14 08:09:41 - 暂停product成功：amazon_ca_hero 513585383767671
2026-09-14 08:09:41 - 暂停product成功：amazon_ca_hero 333827040100096
2026-09-14 08:09:41 - 暂停product成功：amazon_ca_hero 449708561567273
2026-09-14 08:09:41 - 暂停product成功：amazon_ca_hero 405650712622194
2026-09-14 08:09:41 - 暂停product成功：amazon_ca_hero 517365318361148
2026-09-14 08:09:41 - 暂停product成功：amazon_ca_hero 330525277407369
2026-09-14 08:09:41 - 暂停product成功：amazon_ca_hero 348402682253782
2026-09-14 08:09:41 - 暂停product成功：amazon_ca_hero 319210571242701
2026-09-14 08:09:41 - 暂停product成功：amazon_ca_hero 404966272289281
2026-09-14 08:09:41 - 暂停product成功：amazon_ca_hero 386573686712066
2026-09-14 08:09:41 - 暂停product成功：amazon_ca_hero 416395678279937
2026-09-14 08:09:41 - 暂停product成功：amazon_ca_hero 482417697202413
2026-09-14 08:09:41 - 暂停product成功：amazon_ca_hero 544777429135016
2026-09-14 08:09:41 - 暂停product成功：amazon_ca_hero 426760956729904
2026-09-14 08:09:41 - 暂停product成功：amazon_ca_hero 560391411716945
2026-09-14 08:09:41 - 暂停product成功：amazon_ca_hero 298127761663420
2026-09-14 08:09:41 - 暂停product成功：amazon_ca_hero 422109631240315
2026-09-14 08:09:41 - 暂停product成功：amazon_ca_hero 295948270986007
2026-09-14 08:09:41 - 暂停product成功：amazon_ca_hero 425158273518748
2026-09-14 08:09:41 - 暂停product成功：amazon_ca_hero 531276722578971
2026-09-14 08:09:41 - 暂停product成功：amazon_ca_hero 401704043967734
2026-09-14 08:09:41 - 暂停product成功：amazon_ca_hero 523432133822899
2026-09-14 08:09:41 - 暂停product成功：amazon_ca_hero 383268375102120
2026-09-14 08:09:41 - 暂停product成功：amazon_ca_hero 305092566820046
2026-09-14 08:09:41 - 暂停product成功：amazon_ca_hero 403417556639693
2026-09-14 08:09:41 - 暂停product成功：amazon_ca_hero 465300144010172
2026-09-14 08:09:41 - 暂停product成功：amazon_ca_hero 493221326188560
2026-09-14 08:09:41 - 暂停product成功：amazon_ca_hero 407549007078329
2026-09-14 08:09:41 - 暂停product成功：amazon_ca_hero 380652250435867
2026-09-14 08:09:41 - 暂停product成功：amazon_ca_hero 332643200896947
2026-09-14 08:09:41 - 暂停product成功：amazon_ca_hero 390333322651672
2026-09-14 08:09:41 - 暂停product成功：amazon_ca_hero 314062016050373
2026-09-14 08:09:41 - 暂停product成功：amazon_ca_hero 408407535085739
2026-09-14 08:09:41 - 暂停product成功：amazon_ca_hero 298140404400408
2026-09-14 08:09:41 - 暂停product成功：amazon_ca_hero 547821305199934
2026-09-14 08:09:41 - 暂停product成功：amazon_ca_hero 554566150010213
2026-09-14 08:09:41 - 暂停product成功：amazon_ca_hero 305403261772487
2026-09-14 08:09:41 - 暂停product成功：amazon_ca_hero 375905296407588
2026-09-14 08:09:41 - 暂停product成功：amazon_ca_hero 295364852044688
2026-09-14 08:09:41 - 暂停product成功：amazon_ca_hero 554215096213105
2026-09-14 08:09:41 - 暂停product成功：amazon_ca_hero 319483422466764
2026-09-14 08:09:41 - 暂停product成功：amazon_ca_hero 475632826174388
2026-09-14 08:09:41 - 暂停product成功：amazon_ca_hero 324475739650309
2026-09-14 08:09:41 - 暂停product成功：amazon_ca_hero 340983118356708
2026-09-14 08:09:41 - 暂停product成功：amazon_ca_hero 415340602738099
2026-09-14 08:09:41 - 暂停product成功：amazon_ca_hero 494311557369603
2026-09-14 08:09:41 - 暂停product成功：amazon_ca_hero 374223675018831
2026-09-14 08:09:41 - 暂停product成功：amazon_ca_hero 337510517933477
2026-09-14 08:09:41 - 暂停product成功：amazon_ca_hero 314491754302466
2026-09-14 08:09:41 - 暂停product成功：amazon_ca_hero 299120301675124
2026-09-14 08:09:41 - 暂停product成功：amazon_ca_hero 383736701367014
2026-09-14 08:09:41 - 暂停product成功：amazon_ca_hero 371927324878440
2026-09-14 08:09:41 - 暂停product成功：amazon_ca_hero 528874591629686
2026-09-14 08:09:41 - 暂停product成功：amazon_ca_hero 339479130367342
2026-09-14 08:09:41 - 暂停product成功：amazon_ca_hero 290208154566407
2026-09-14 08:09:41 - 暂停product成功：amazon_ca_hero 473627102972125
2026-09-14 08:09:41 - 暂停product成功：amazon_ca_hero 324695621885120
2026-09-14 08:09:41 - 暂停product成功：amazon_ca_hero 305452047987328
2026-09-14 08:09:41 - 暂停product成功：amazon_ca_hero 389887244311633
2026-09-14 08:09:41 - 暂停product成功：amazon_ca_hero 478276466606684
2026-09-14 08:09:41 - 暂停product成功：amazon_ca_hero 492659122146896
2026-09-14 08:09:41 - 暂停product成功：amazon_ca_hero 294468544550746
2026-09-14 08:09:41 - 暂停product成功：amazon_ca_hero 503309264970376
2026-09-14 08:09:41 - 暂停product成功：amazon_ca_hero 561358512570205
2026-09-14 08:09:41 - 暂停product成功：amazon_ca_hero 393473237345135
2026-09-14 08:09:41 - 暂停product成功：amazon_ca_hero 525584164219226
2026-09-14 08:09:42 - batchMongoUpdateProduct：共94条，成功94条，失败0条
2026-09-14 08:09:45 - {"status":"success","message":"success","data":[{"adId":362810898850107,"code":"SUCCESS"},{"adId":512707449112462,"code":"SUCCESS"},{"adId":400666284977761,"code":"SUCCESS"},{"adId":512440054273363,"code":"SUCCESS"},{"adId":386874695300676,"code":"SUCCESS"},{"adId":501308838442860,"code":"SUCCESS"},{"adId":517722611449168,"code":"SUCCESS"},{"adId":505081491128011,"code":"SUCCESS"},{"adId":449664793361444,"code":"SUCCESS"},{"adId":542683620506684,"code":"SUCCESS"},{"adId":342161530534884,"code":"SUCCESS"},{"adId":519946500486510,"code":"SUCCESS"},{"adId":507411148296030,"code":"SUCCESS"},{"adId":446621550253081,"code":"SUCCESS"},{"adId":373519961331614,"code":"SUCCESS"},{"adId":546441865719422,"code":"SUCCESS"},{"adId":355996380523640,"code":"SUCCESS"},{"adId":365007066172822,"code":"SUCCESS"},{"adId":508206646609228,"code":"SUCCESS"},{"adId":403526173557616,"code":"SUCCESS"},{"adId":469675869916741,"code":"SUCCESS"},{"adId":316735604918496,"code":"SUCCESS"},{"adId":513776470226127,"code":"SUCCESS"},{"adId":529435818901864,"code":"SUCCESS"},{"adId":491815483338159,"code":"SUCCESS"},{"adId":498567922589186,"code":"SUCCESS"},{"adId":396300520016102,"code":"SUCCESS"},{"adId":371576716143037,"code":"SUCCESS"},{"adId":418738213688147,"code":"SUCCESS"},{"adId":310244808295268,"code":"SUCCESS"},{"adId":468495918557389,"code":"SUCCESS"},{"adId":350550029475075,"code":"SUCCESS"},{"adId":475251392882815,"code":"SUCCESS"},{"adId":453811813636862,"code":"SUCCESS"},{"adId":465197726825924,"code":"SUCCESS"},{"adId":527612884870474,"code":"SUCCESS"},{"adId":343086017488232,"code":"SUCCESS"},{"adId":484641297309029,"code":"SUCCESS"},{"adId":528581856563163,"code":"SUCCESS"},{"adId":306683484654669,"code":"SUCCESS"},{"adId":513758386948733,"code":"SUCCESS"},{"adId":342760761054773,"code":"SUCCESS"},{"adId":559590665718871,"code":"SUCCESS"},{"adId":300369771967444,"code":"SUCCESS"},{"adId":322830905041092,"code":"SUCCESS"},{"adId":484952100044182,"code":"SUCCESS"},{"adId":355877061781416,"code":"SUCCESS"},{"adId":517937505137198,"code":"SUCCESS"},{"adId":458952275664750,"code":"SUCCESS"},{"adId":312323505054359,"code":"SUCCESS"},{"adId":476530791547783,"code":"SUCCESS"},{"adId":446656531578821,"code":"SUCCESS"},{"adId":341885221639730,"code":"SUCCESS"},{"adId":390137350717478,"code":"SUCCESS"},{"adId":469783148416203,"code":"SUCCESS"},{"adId":281478516158876,"code":"SUCCESS"},{"adId":383713634336469,"code":"SUCCESS"},{"adId":458104498797435,"code":"SUCCESS"},{"adId":306140424375297,"code":"SUCCESS"},{"adId":390304845381669,"code":"SUCCESS"},{"adId":291287724124167,"code":"SUCCESS"},{"adId":503066630634674,"code":"SUCCESS"},{"adId":290149384960782,"code":"SUCCESS"},{"adId":303239804295447,"code":"SUCCESS"},{"adId":522826310754766,"code":"SUCCESS"},{"adId":321875908404500,"code":"SUCCESS"},{"adId":345068652883103,"code":"SUCCESS"},{"adId":363441333383169,"code":"SUCCESS"},{"adId":447973863325966,"code":"SUCCESS"},{"adId":492207996575775,"code":"SUCCESS"},{"adId":443154000254628,"code":"SUCCESS"},{"adId":429240443332874,"code":"SUCCESS"},{"adId":450928730629489,"code":"SUCCESS"},{"adId":344593908530680,"code":"SUCCESS"},{"adId":434900768868702,"code":"SUCCESS"},{"adId":515770478192052,"code":"SUCCESS"},{"adId":386064389242198,"code":"SUCCESS"},{"adId":471935836375669,"code":"SUCCESS"},{"adId":537350168481843,"code":"SUCCESS"},{"adId":518305450381757,"code":"SUCCESS"},{"adId":378961873850679,"code":"SUCCESS"},{"adId":400870643636352,"code":"SUCCESS"},{"adId":335474835863194,"code":"SUCCESS"},{"adId":520789354561029,"code":"SUCCESS"},{"adId":540648386625194,"code":"SUCCESS"},{"adId":476590577002979,"code":"SUCCESS"},{"adId":409751849151028,"code":"SUCCESS"},{"adId":484238954914569,"code":"SUCCESS"},{"adId":362507746015908,"code":"SUCCESS"},{"adId":437731042170856,"code":"SUCCESS"},{"adId":380503480794503,"code":"SUCCESS"},{"adId":501904993295837,"code":"SUCCESS"},{"adId":540056096115352,"code":"SUCCESS"},{"adId":441324808688051,"code":"SUCCESS"},{"adId":531810063846289,"code":"SUCCESS"},{"adId":403812829815640,"code":"SUCCESS"},{"adId":430066861585666,"code":"SUCCESS"},{"adId":448202787654652,"code":"SUCCESS"},{"adId":477511337070457,"code":"SUCCESS"},{"adId":429226738706370,"code":"SUCCESS"},{"adId":307697033259952,"code":"SUCCESS"},{"adId":388705685819418,"code":"SUCCESS"},{"adId":329227911679166,"code":"SUCCESS"},{"adId":477297306787741,"code":"SUCCESS"},{"adId":397408342331619,"code":"SUCCESS"},{"adId":447206895580282,"code":"SUCCESS"},{"adId":312675984260025,"code":"SUCCESS"},{"adId":388182335723112,"code":"SUCCESS"},{"adId":384586247516187,"code":"SUCCESS"},{"adId":320066344709163,"code":"SUCCESS"},{"adId":359867510724193,"code":"SUCCESS"},{"adId":297929847586757,"code":"SUCCESS"},{"adId":484540364235295,"code":"SUCCESS"},{"adId":435050811313389,"code":"SUCCESS"},{"adId":380587856027592,"code":"SUCCESS"},{"adId":308620217251774,"code":"SUCCESS"},{"adId":557496572059451,"code":"SUCCESS"},{"adId":504834914228129,"code":"SUCCESS"},{"adId":450016941066848,"code":"SUCCESS"},{"adId":467026502669610,"code":"SUCCESS"},{"adId":368510065048945,"code":"SUCCESS"},{"adId":301124425355270,"code":"SUCCESS"},{"adId":472227723252778,"code":"SUCCESS"},{"adId":441169795264259,"code":"SUCCESS"},{"adId":332661545663958,"code":"SUCCESS"},{"adId":301550272381997,"code":"SUCCESS"},{"adId":365135759417754,"code":"SUCCESS"},{"adId":302848490535650,"code":"SUCCESS"},{"adId":521454789937556,"code":"SUCCESS"},{"adId":400481023819443,"code":"SUCCESS"},{"adId":484476298078411,"code":"SUCCESS"},{"adId":560077487132737,"code":"SUCCESS"},{"adId":489334468606541,"code":"SUCCESS"},{"adId":488734038780100,"code":"SUCCESS"},{"adId":366389527092579,"code":"SUCCESS"},{"adId":425753477260214,"code":"SUCCESS"},{"adId":366653246694296,"code":"SUCCESS"},{"adId":500172770705247,"code":"SUCCESS"},{"adId":310084337778685,"code":"SUCCESS"},{"adId":426815920627556,"code":"SUCCESS"},{"adId":479506948919222,"code":"SUCCESS"},{"adId":486356714688101,"code":"SUCCESS"},{"adId":477531742924829,"code":"SUCCESS"},{"adId":421732705276720,"code":"SUCCESS"},{"adId":443040442189127,"code":"SUCCESS"},{"adId":413647965991742,"code":"SUCCESS"},{"adId":430854584765863,"code":"SUCCESS"},{"adId":555661308570092,"code":"SUCCESS"},{"adId":484342686596053,"code":"SUCCESS"},{"adId":341000740711527,"code":"SUCCESS"},{"adId":332641136651295,"code":"SUCCESS"},{"adId":434423685667622,"code":"SUCCESS"},{"adId":502841151242156,"code":"SUCCESS"},{"adId":368575127294439,"code":"SUCCESS"},{"adId":338151865225037,"code":"SUCCESS"},{"adId":473853922743499,"code":"SUCCESS"},{"adId":328688802955220,"code":"SUCCESS"},{"adId":496825509760730,"code":"SUCCESS"},{"adId":289571899374347,"code":"SUCCESS"},{"adId":293802923891905,"code":"SUCCESS"},{"adId":471243498717005,"code":"SUCCESS"},{"adId":516734388879325,"code":"SUCCESS"},{"adId":416646536343135,"code":"SUCCESS"},{"adId":559217901303652,"code":"SUCCESS"},{"adId":494582159590272,"code":"SUCCESS"},{"adId":382006304124870,"code":"SUCCESS"},{"adId":550048657772502,"code":"SUCCESS"},{"adId":462240910206114,"code":"SUCCESS"},{"adId":292314169487060,"code":"SUCCESS"},{"adId":309390702596727,"code":"SUCCESS"},{"adId":466083656353028,"code":"SUCCESS"},{"adId":533195837007114,"code":"SUCCESS"},{"adId":393768786749618,"code":"SUCCESS"},{"adId":461103728754548,"code":"SUCCESS"},{"adId":559010519814844,"code":"SUCCESS"},{"adId":473254595038216,"code":"SUCCESS"},{"adId":285616510412210,"code":"SUCCESS"},{"adId":446317073788946,"code":"SUCCESS"},{"adId":304909799051221,"code":"SUCCESS"},{"adId":326056778591139,"code":"SUCCESS"},{"adId":401397772782071,"code":"SUCCESS"},{"adId":495433982159152,"code":"SUCCESS"},{"adId":476839513284555,"code":"SUCCESS"},{"adId":498918469683239,"code":"SUCCESS"},{"adId":407987695390166,"code":"SUCCESS"},{"adId":398726868155790,"code":"SUCCESS"},{"adId":372565193558568,"code":"SUCCESS"},{"adId":562708221695887,"code":"SUCCESS"},{"adId":331872059100207,"code":"SUCCESS"},{"adId":488603932325996,"code":"SUCCESS"},{"adId":302207242226181,"code":"SUCCESS"},{"adId":466760463662267,"code":"SUCCESS"},{"adId":532337467005735,"code":"SUCCESS"},{"adId":512891231959525,"code":"SUCCESS"},{"adId":479645682453732,"code":"SUCCESS"},{"adId":555808138304529,"code":"SUCCESS"},{"adId":290976488994677,"code":"SUCCESS"},{"adId":503208171015167,"code":"SUCCESS"},{"adId":441739860281694,"code":"SUCCESS"},{"adId":493603180629137,"code":"SUCCESS"}]}
2026-09-14 08:09:45 - 暂停product成功：amazon_us_tuto 362810898850107
2026-09-14 08:09:45 - 暂停product成功：amazon_us_tuto 512707449112462
2026-09-14 08:09:45 - 暂停product成功：amazon_us_tuto 400666284977761
2026-09-14 08:09:45 - 暂停product成功：amazon_us_tuto 512440054273363
2026-09-14 08:09:45 - 暂停product成功：amazon_us_tuto 386874695300676
2026-09-14 08:09:45 - 暂停product成功：amazon_us_tuto 501308838442860
2026-09-14 08:09:45 - 暂停product成功：amazon_us_tuto 517722611449168
2026-09-14 08:09:45 - 暂停product成功：amazon_us_tuto 505081491128011
2026-09-14 08:09:45 - 暂停product成功：amazon_us_tuto 449664793361444
2026-09-14 08:09:45 - 暂停product成功：amazon_us_tuto 542683620506684
2026-09-14 08:09:45 - 暂停product成功：amazon_us_tuto 342161530534884
2026-09-14 08:09:45 - 暂停product成功：amazon_us_tuto 519946500486510
2026-09-14 08:09:45 - 暂停product成功：amazon_us_tuto 507411148296030
2026-09-14 08:09:45 - 暂停product成功：amazon_us_tuto 446621550253081
2026-09-14 08:09:45 - 暂停product成功：amazon_us_tuto 373519961331614
2026-09-14 08:09:45 - 暂停product成功：amazon_us_tuto 546441865719422
2026-09-14 08:09:45 - 暂停product成功：amazon_us_tuto 355996380523640
2026-09-14 08:09:45 - 暂停product成功：amazon_us_tuto 365007066172822
2026-09-14 08:09:45 - 暂停product成功：amazon_us_tuto 508206646609228
2026-09-14 08:09:45 - 暂停product成功：amazon_us_tuto 403526173557616
2026-09-14 08:09:45 - 暂停product成功：amazon_us_tuto 469675869916741
2026-09-14 08:09:45 - 暂停product成功：amazon_us_tuto 316735604918496
2026-09-14 08:09:45 - 暂停product成功：amazon_us_tuto 513776470226127
2026-09-14 08:09:45 - 暂停product成功：amazon_us_tuto 529435818901864
2026-09-14 08:09:45 - 暂停product成功：amazon_us_tuto 491815483338159
2026-09-14 08:09:45 - 暂停product成功：amazon_us_tuto 498567922589186
2026-09-14 08:09:45 - 暂停product成功：amazon_us_tuto 396300520016102
2026-09-14 08:09:45 - 暂停product成功：amazon_us_tuto 371576716143037
2026-09-14 08:09:45 - 暂停product成功：amazon_us_tuto 418738213688147
2026-09-14 08:09:45 - 暂停product成功：amazon_us_tuto 310244808295268
2026-09-14 08:09:45 - 暂停product成功：amazon_us_tuto 468495918557389
2026-09-14 08:09:45 - 暂停product成功：amazon_us_tuto 350550029475075
2026-09-14 08:09:45 - 暂停product成功：amazon_us_tuto 475251392882815
2026-09-14 08:09:45 - 暂停product成功：amazon_us_tuto 453811813636862
2026-09-14 08:09:45 - 暂停product成功：amazon_us_tuto 465197726825924
2026-09-14 08:09:45 - 暂停product成功：amazon_us_tuto 527612884870474
2026-09-14 08:09:45 - 暂停product成功：amazon_us_tuto 343086017488232
2026-09-14 08:09:45 - 暂停product成功：amazon_us_tuto 484641297309029
2026-09-14 08:09:45 - 暂停product成功：amazon_us_tuto 528581856563163
2026-09-14 08:09:45 - 暂停product成功：amazon_us_tuto 306683484654669
2026-09-14 08:09:45 - 暂停product成功：amazon_us_tuto 513758386948733
2026-09-14 08:09:45 - 暂停product成功：amazon_us_tuto 342760761054773
2026-09-14 08:09:45 - 暂停product成功：amazon_us_tuto 559590665718871
2026-09-14 08:09:45 - 暂停product成功：amazon_us_tuto 300369771967444
2026-09-14 08:09:45 - 暂停product成功：amazon_us_tuto 322830905041092
2026-09-14 08:09:45 - 暂停product成功：amazon_us_tuto 484952100044182
2026-09-14 08:09:45 - 暂停product成功：amazon_us_tuto 355877061781416
2026-09-14 08:09:45 - 暂停product成功：amazon_us_tuto 517937505137198
2026-09-14 08:09:45 - 暂停product成功：amazon_us_tuto 458952275664750
2026-09-14 08:09:45 - 暂停product成功：amazon_us_tuto 312323505054359
2026-09-14 08:09:45 - 暂停product成功：amazon_us_tuto 476530791547783
2026-09-14 08:09:45 - 暂停product成功：amazon_us_tuto 446656531578821
2026-09-14 08:09:45 - 暂停product成功：amazon_us_tuto 341885221639730
2026-09-14 08:09:45 - 暂停product成功：amazon_us_tuto 390137350717478
2026-09-14 08:09:45 - 暂停product成功：amazon_us_tuto 469783148416203
2026-09-14 08:09:45 - 暂停product成功：amazon_us_tuto 281478516158876
2026-09-14 08:09:45 - 暂停product成功：amazon_us_tuto 383713634336469
2026-09-14 08:09:45 - 暂停product成功：amazon_us_tuto 458104498797435
2026-09-14 08:09:45 - 暂停product成功：amazon_us_tuto 306140424375297
2026-09-14 08:09:45 - 暂停product成功：amazon_us_tuto 390304845381669
2026-09-14 08:09:45 - 暂停product成功：amazon_us_tuto 291287724124167
2026-09-14 08:09:45 - 暂停product成功：amazon_us_tuto 503066630634674
2026-09-14 08:09:45 - 暂停product成功：amazon_us_tuto 290149384960782
2026-09-14 08:09:45 - 暂停product成功：amazon_us_tuto 303239804295447
2026-09-14 08:09:45 - 暂停product成功：amazon_us_tuto 522826310754766
2026-09-14 08:09:45 - 暂停product成功：amazon_us_tuto 321875908404500
2026-09-14 08:09:45 - 暂停product成功：amazon_us_tuto 345068652883103
2026-09-14 08:09:45 - 暂停product成功：amazon_us_tuto 363441333383169
2026-09-14 08:09:45 - 暂停product成功：amazon_us_tuto 447973863325966
2026-09-14 08:09:45 - 暂停product成功：amazon_us_tuto 492207996575775
2026-09-14 08:09:45 - 暂停product成功：amazon_us_tuto 443154000254628
2026-09-14 08:09:45 - 暂停product成功：amazon_us_tuto 429240443332874
2026-09-14 08:09:45 - 暂停product成功：amazon_us_tuto 450928730629489
2026-09-14 08:09:45 - 暂停product成功：amazon_us_tuto 344593908530680
2026-09-14 08:09:45 - 暂停product成功：amazon_us_tuto 434900768868702
2026-09-14 08:09:45 - 暂停product成功：amazon_us_tuto 515770478192052
2026-09-14 08:09:45 - 暂停product成功：amazon_us_tuto 386064389242198
2026-09-14 08:09:45 - 暂停product成功：amazon_us_tuto 471935836375669
2026-09-14 08:09:45 - 暂停product成功：amazon_us_tuto 537350168481843
2026-09-14 08:09:45 - 暂停product成功：amazon_us_tuto 518305450381757
2026-09-14 08:09:45 - 暂停product成功：amazon_us_tuto 378961873850679
2026-09-14 08:09:45 - 暂停product成功：amazon_us_tuto 400870643636352
2026-09-14 08:09:45 - 暂停product成功：amazon_us_tuto 335474835863194
2026-09-14 08:09:45 - 暂停product成功：amazon_us_tuto 520789354561029
2026-09-14 08:09:45 - 暂停product成功：amazon_us_tuto 540648386625194
2026-09-14 08:09:45 - 暂停product成功：amazon_us_tuto 476590577002979
2026-09-14 08:09:45 - 暂停product成功：amazon_us_tuto 409751849151028
2026-09-14 08:09:45 - 暂停product成功：amazon_us_tuto 484238954914569
2026-09-14 08:09:45 - 暂停product成功：amazon_us_tuto 362507746015908
2026-09-14 08:09:45 - 暂停product成功：amazon_us_tuto 437731042170856
2026-09-14 08:09:45 - 暂停product成功：amazon_us_tuto 380503480794503
2026-09-14 08:09:45 - 暂停product成功：amazon_us_tuto 501904993295837
2026-09-14 08:09:45 - 暂停product成功：amazon_us_tuto 540056096115352
2026-09-14 08:09:45 - 暂停product成功：amazon_us_tuto 441324808688051
2026-09-14 08:09:45 - 暂停product成功：amazon_us_tuto 531810063846289
2026-09-14 08:09:45 - 暂停product成功：amazon_us_tuto 403812829815640
2026-09-14 08:09:45 - 暂停product成功：amazon_us_tuto 430066861585666
2026-09-14 08:09:45 - 暂停product成功：amazon_us_tuto 448202787654652
2026-09-14 08:09:45 - 暂停product成功：amazon_us_tuto 477511337070457
2026-09-14 08:09:45 - 暂停product成功：amazon_us_tuto 429226738706370
2026-09-14 08:09:45 - 暂停product成功：amazon_us_tuto 307697033259952
2026-09-14 08:09:45 - 暂停product成功：amazon_us_tuto 388705685819418
2026-09-14 08:09:45 - 暂停product成功：amazon_us_tuto 329227911679166
2026-09-14 08:09:45 - 暂停product成功：amazon_us_tuto 477297306787741
2026-09-14 08:09:45 - 暂停product成功：amazon_us_tuto 397408342331619
2026-09-14 08:09:45 - 暂停product成功：amazon_us_tuto 447206895580282
2026-09-14 08:09:45 - 暂停product成功：amazon_us_tuto 312675984260025
2026-09-14 08:09:45 - 暂停product成功：amazon_us_tuto 388182335723112
2026-09-14 08:09:45 - 暂停product成功：amazon_us_tuto 384586247516187
2026-09-14 08:09:45 - 暂停product成功：amazon_us_tuto 320066344709163
2026-09-14 08:09:45 - 暂停product成功：amazon_us_tuto 359867510724193
2026-09-14 08:09:45 - 暂停product成功：amazon_us_tuto 297929847586757
2026-09-14 08:09:45 - 暂停product成功：amazon_us_tuto 484540364235295
2026-09-14 08:09:45 - 暂停product成功：amazon_us_tuto 435050811313389
2026-09-14 08:09:45 - 暂停product成功：amazon_us_tuto 380587856027592
2026-09-14 08:09:45 - 暂停product成功：amazon_us_tuto 308620217251774
2026-09-14 08:09:45 - 暂停product成功：amazon_us_tuto 557496572059451
2026-09-14 08:09:45 - 暂停product成功：amazon_us_tuto 504834914228129
2026-09-14 08:09:45 - 暂停product成功：amazon_us_tuto 450016941066848
2026-09-14 08:09:45 - 暂停product成功：amazon_us_tuto 467026502669610
2026-09-14 08:09:45 - 暂停product成功：amazon_us_tuto 368510065048945
2026-09-14 08:09:45 - 暂停product成功：amazon_us_tuto 301124425355270
2026-09-14 08:09:45 - 暂停product成功：amazon_us_tuto 472227723252778
2026-09-14 08:09:45 - 暂停product成功：amazon_us_tuto 441169795264259
2026-09-14 08:09:45 - 暂停product成功：amazon_us_tuto 332661545663958
2026-09-14 08:09:45 - 暂停product成功：amazon_us_tuto 301550272381997
2026-09-14 08:09:45 - 暂停product成功：amazon_us_tuto 365135759417754
2026-09-14 08:09:45 - 暂停product成功：amazon_us_tuto 302848490535650
2026-09-14 08:09:45 - 暂停product成功：amazon_us_tuto 521454789937556
2026-09-14 08:09:45 - 暂停product成功：amazon_us_tuto 400481023819443
2026-09-14 08:09:45 - 暂停product成功：amazon_us_tuto 484476298078411
2026-09-14 08:09:45 - 暂停product成功：amazon_us_tuto 560077487132737
2026-09-14 08:09:45 - 暂停product成功：amazon_us_tuto 489334468606541
2026-09-14 08:09:45 - 暂停product成功：amazon_us_tuto 488734038780100
2026-09-14 08:09:45 - 暂停product成功：amazon_us_tuto 366389527092579
2026-09-14 08:09:45 - 暂停product成功：amazon_us_tuto 425753477260214
2026-09-14 08:09:45 - 暂停product成功：amazon_us_tuto 366653246694296
2026-09-14 08:09:45 - 暂停product成功：amazon_us_tuto 500172770705247
2026-09-14 08:09:45 - 暂停product成功：amazon_us_tuto 310084337778685
2026-09-14 08:09:45 - 暂停product成功：amazon_us_tuto 426815920627556
2026-09-14 08:09:45 - 暂停product成功：amazon_us_tuto 479506948919222
2026-09-14 08:09:45 - 暂停product成功：amazon_us_tuto 486356714688101
2026-09-14 08:09:45 - 暂停product成功：amazon_us_tuto 477531742924829
2026-09-14 08:09:45 - 暂停product成功：amazon_us_tuto 421732705276720
2026-09-14 08:09:45 - 暂停product成功：amazon_us_tuto 443040442189127
2026-09-14 08:09:45 - 暂停product成功：amazon_us_tuto 413647965991742
2026-09-14 08:09:45 - 暂停product成功：amazon_us_tuto 430854584765863
2026-09-14 08:09:45 - 暂停product成功：amazon_us_tuto 555661308570092
2026-09-14 08:09:45 - 暂停product成功：amazon_us_tuto 484342686596053
2026-09-14 08:09:45 - 暂停product成功：amazon_us_tuto 341000740711527
2026-09-14 08:09:45 - 暂停product成功：amazon_us_tuto 332641136651295
2026-09-14 08:09:45 - 暂停product成功：amazon_us_tuto 434423685667622
2026-09-14 08:09:45 - 暂停product成功：amazon_us_tuto 502841151242156
2026-09-14 08:09:45 - 暂停product成功：amazon_us_tuto 368575127294439
2026-09-14 08:09:45 - 暂停product成功：amazon_us_tuto 338151865225037
2026-09-14 08:09:45 - 暂停product成功：amazon_us_tuto 473853922743499
2026-09-14 08:09:45 - 暂停product成功：amazon_us_tuto 328688802955220
2026-09-14 08:09:45 - 暂停product成功：amazon_us_tuto 496825509760730
2026-09-14 08:09:45 - 暂停product成功：amazon_us_tuto 289571899374347
2026-09-14 08:09:45 - 暂停product成功：amazon_us_tuto 293802923891905
2026-09-14 08:09:45 - 暂停product成功：amazon_us_tuto 471243498717005
2026-09-14 08:09:45 - 暂停product成功：amazon_us_tuto 516734388879325
2026-09-14 08:09:45 - 暂停product成功：amazon_us_tuto 416646536343135
2026-09-14 08:09:45 - 暂停product成功：amazon_us_tuto 559217901303652
2026-09-14 08:09:45 - 暂停product成功：amazon_us_tuto 494582159590272
2026-09-14 08:09:45 - 暂停product成功：amazon_us_tuto 382006304124870
2026-09-14 08:09:45 - 暂停product成功：amazon_us_tuto 550048657772502
2026-09-14 08:09:45 - 暂停product成功：amazon_us_tuto 462240910206114
2026-09-14 08:09:45 - 暂停product成功：amazon_us_tuto 292314169487060
2026-09-14 08:09:45 - 暂停product成功：amazon_us_tuto 309390702596727
2026-09-14 08:09:45 - 暂停product成功：amazon_us_tuto 466083656353028
2026-09-14 08:09:45 - 暂停product成功：amazon_us_tuto 533195837007114
2026-09-14 08:09:45 - 暂停product成功：amazon_us_tuto 393768786749618
2026-09-14 08:09:45 - 暂停product成功：amazon_us_tuto 461103728754548
2026-09-14 08:09:45 - 暂停product成功：amazon_us_tuto 559010519814844
2026-09-14 08:09:45 - 暂停product成功：amazon_us_tuto 473254595038216
2026-09-14 08:09:45 - 暂停product成功：amazon_us_tuto 285616510412210
2026-09-14 08:09:45 - 暂停product成功：amazon_us_tuto 446317073788946
2026-09-14 08:09:45 - 暂停product成功：amazon_us_tuto 304909799051221
2026-09-14 08:09:45 - 暂停product成功：amazon_us_tuto 326056778591139
2026-09-14 08:09:45 - 暂停product成功：amazon_us_tuto 401397772782071
2026-09-14 08:09:45 - 暂停product成功：amazon_us_tuto 495433982159152
2026-09-14 08:09:45 - 暂停product成功：amazon_us_tuto 476839513284555
2026-09-14 08:09:45 - 暂停product成功：amazon_us_tuto 498918469683239
2026-09-14 08:09:45 - 暂停product成功：amazon_us_tuto 407987695390166
2026-09-14 08:09:45 - 暂停product成功：amazon_us_tuto 398726868155790
2026-09-14 08:09:45 - 暂停product成功：amazon_us_tuto 372565193558568
2026-09-14 08:09:45 - 暂停product成功：amazon_us_tuto 562708221695887
2026-09-14 08:09:45 - 暂停product成功：amazon_us_tuto 331872059100207
2026-09-14 08:09:45 - 暂停product成功：amazon_us_tuto 488603932325996
2026-09-14 08:09:45 - 暂停product成功：amazon_us_tuto 302207242226181
2026-09-14 08:09:45 - 暂停product成功：amazon_us_tuto 466760463662267
2026-09-14 08:09:45 - 暂停product成功：amazon_us_tuto 532337467005735
2026-09-14 08:09:45 - 暂停product成功：amazon_us_tuto 512891231959525
2026-09-14 08:09:45 - 暂停product成功：amazon_us_tuto 479645682453732
2026-09-14 08:09:45 - 暂停product成功：amazon_us_tuto 555808138304529
2026-09-14 08:09:45 - 暂停product成功：amazon_us_tuto 290976488994677
2026-09-14 08:09:45 - 暂停product成功：amazon_us_tuto 503208171015167
2026-09-14 08:09:45 - 暂停product成功：amazon_us_tuto 441739860281694
2026-09-14 08:09:45 - 暂停product成功：amazon_us_tuto 493603180629137
2026-09-14 08:09:47 - batchMongoUpdateProduct：共170条，成功170条，失败0条
2026-09-14 08:09:48 - {"status":"success","message":"success","data":[{"adId":545647716652990,"code":"SUCCESS"},{"adId":522709927656453,"code":"SUCCESS"},{"adId":416716553674525,"code":"SUCCESS"},{"adId":400560782325757,"code":"SUCCESS"},{"adId":354097848690596,"code":"SUCCESS"},{"adId":383067985395654,"code":"SUCCESS"},{"adId":491469856719893,"code":"SUCCESS"},{"adId":334071059052515,"code":"SUCCESS"},{"adId":515932553165084,"code":"SUCCESS"},{"adId":438730129134503,"code":"SUCCESS"},{"adId":518782067630839,"code":"SUCCESS"},{"adId":300908026803963,"code":"SUCCESS"},{"adId":510772451470769,"code":"SUCCESS"},{"adId":474318015039710,"code":"SUCCESS"},{"adId":510205748453918,"code":"SUCCESS"},{"adId":467077587972284,"code":"SUCCESS"},{"adId":557317229283912,"code":"SUCCESS"},{"adId":537104538756224,"code":"SUCCESS"},{"adId":322426487785071,"code":"SUCCESS"},{"adId":550515445056397,"code":"SUCCESS"},{"adId":336426532170597,"code":"SUCCESS"},{"adId":310343351428557,"code":"SUCCESS"},{"adId":464043075628993,"code":"SUCCESS"},{"adId":287311955058117,"code":"SUCCESS"},{"adId":377229879136958,"code":"SUCCESS"},{"adId":458735479331582,"code":"SUCCESS"},{"adId":416952507977598,"code":"SUCCESS"},{"adId":504933914324394,"code":"SUCCESS"},{"adId":557460295195781,"code":"SUCCESS"}]}
2026-09-14 08:09:48 - 暂停product成功：amazon_us_tuto 545647716652990
2026-09-14 08:09:48 - 暂停product成功：amazon_us_tuto 522709927656453
2026-09-14 08:09:48 - 暂停product成功：amazon_us_tuto 416716553674525
2026-09-14 08:09:48 - 暂停product成功：amazon_us_tuto 400560782325757
2026-09-14 08:09:48 - 暂停product成功：amazon_us_tuto 354097848690596
2026-09-14 08:09:48 - 暂停product成功：amazon_us_tuto 383067985395654
2026-09-14 08:09:48 - 暂停product成功：amazon_us_tuto 491469856719893
2026-09-14 08:09:48 - 暂停product成功：amazon_us_tuto 334071059052515
2026-09-14 08:09:48 - 暂停product成功：amazon_us_tuto 515932553165084
2026-09-14 08:09:48 - 暂停product成功：amazon_us_tuto 438730129134503
2026-09-14 08:09:48 - 暂停product成功：amazon_us_tuto 518782067630839
2026-09-14 08:09:48 - 暂停product成功：amazon_us_tuto 300908026803963
2026-09-14 08:09:48 - 暂停product成功：amazon_us_tuto 510772451470769
2026-09-14 08:09:48 - 暂停product成功：amazon_us_tuto 474318015039710
2026-09-14 08:09:48 - 暂停product成功：amazon_us_tuto 510205748453918
2026-09-14 08:09:48 - 暂停product成功：amazon_us_tuto 467077587972284
2026-09-14 08:09:48 - 暂停product成功：amazon_us_tuto 557317229283912
2026-09-14 08:09:48 - 暂停product成功：amazon_us_tuto 537104538756224
2026-09-14 08:09:48 - 暂停product成功：amazon_us_tuto 322426487785071
2026-09-14 08:09:48 - 暂停product成功：amazon_us_tuto 550515445056397
2026-09-14 08:09:48 - 暂停product成功：amazon_us_tuto 336426532170597
2026-09-14 08:09:48 - 暂停product成功：amazon_us_tuto 310343351428557
2026-09-14 08:09:48 - 暂停product成功：amazon_us_tuto 464043075628993
2026-09-14 08:09:48 - 暂停product成功：amazon_us_tuto 287311955058117
2026-09-14 08:09:48 - 暂停product成功：amazon_us_tuto 377229879136958
2026-09-14 08:09:48 - 暂停product成功：amazon_us_tuto 458735479331582
2026-09-14 08:09:48 - 暂停product成功：amazon_us_tuto 416952507977598
2026-09-14 08:09:48 - 暂停product成功：amazon_us_tuto 504933914324394
2026-09-14 08:09:48 - 暂停product成功：amazon_us_tuto 557460295195781
2026-09-14 08:09:49 - batchMongoUpdateProduct：共25条，成功25条，失败0条
2026-09-14 08:09:50 - {"status":"success","message":"success","data":[{"adId":488023963098748,"code":"SUCCESS"},{"adId":377623072312879,"code":"SUCCESS"},{"adId":460268102150624,"code":"SUCCESS"},{"adId":496777131490116,"code":"SUCCESS"},{"adId":389703272956787,"code":"SUCCESS"},{"adId":539483289076193,"code":"SUCCESS"},{"adId":547007063809812,"code":"SUCCESS"},{"adId":329057331254484,"code":"SUCCESS"},{"adId":298537211675502,"code":"SUCCESS"},{"adId":556664386816910,"code":"SUCCESS"},{"adId":306601168480277,"code":"SUCCESS"},{"adId":282135983558495,"code":"SUCCESS"},{"adId":293846167889840,"code":"SUCCESS"},{"adId":293525120667172,"code":"SUCCESS"},{"adId":530346369616632,"code":"SUCCESS"},{"adId":459791062234658,"code":"SUCCESS"},{"adId":310135994690429,"code":"SUCCESS"},{"adId":555351004492841,"code":"SUCCESS"},{"adId":520952459256280,"code":"SUCCESS"},{"adId":386832187576791,"code":"SUCCESS"},{"adId":459334608118010,"code":"SUCCESS"},{"adId":521621849951425,"code":"SUCCESS"},{"adId":556480665898586,"code":"SUCCESS"},{"adId":550490134746300,"code":"SUCCESS"},{"adId":520815336940089,"code":"SUCCESS"},{"adId":422615310967317,"code":"SUCCESS"},{"adId":318254206439171,"code":"SUCCESS"},{"adId":408448350710967,"code":"SUCCESS"},{"adId":462722935851340,"code":"SUCCESS"},{"adId":546956557804108,"code":"SUCCESS"},{"adId":531538522811365,"code":"SUCCESS"},{"adId":347501056759631,"code":"SUCCESS"},{"adId":321433011439535,"code":"SUCCESS"},{"adId":526872327928970,"code":"SUCCESS"},{"adId":320886692774600,"code":"SUCCESS"},{"adId":309297111914064,"code":"SUCCESS"},{"adId":392335689488682,"code":"SUCCESS"},{"adId":294559265026683,"code":"SUCCESS"},{"adId":375552010753682,"code":"SUCCESS"},{"adId":415656405159806,"code":"SUCCESS"},{"adId":406880310967185,"code":"SUCCESS"}]}
2026-09-14 08:09:50 - 暂停product成功：amazon_us_cover 488023963098748
2026-09-14 08:09:50 - 暂停product成功：amazon_us_cover 377623072312879
2026-09-14 08:09:50 - 暂停product成功：amazon_us_cover 460268102150624
2026-09-14 08:09:50 - 暂停product成功：amazon_us_cover 496777131490116
2026-09-14 08:09:50 - 暂停product成功：amazon_us_cover 389703272956787
2026-09-14 08:09:50 - 暂停product成功：amazon_us_cover 539483289076193
2026-09-14 08:09:50 - 暂停product成功：amazon_us_cover 547007063809812
2026-09-14 08:09:50 - 暂停product成功：amazon_us_cover 329057331254484
2026-09-14 08:09:50 - 暂停product成功：amazon_us_cover 298537211675502
2026-09-14 08:09:50 - 暂停product成功：amazon_us_cover 556664386816910
2026-09-14 08:09:50 - 暂停product成功：amazon_us_cover 306601168480277
2026-09-14 08:09:50 - 暂停product成功：amazon_us_cover 282135983558495
2026-09-14 08:09:50 - 暂停product成功：amazon_us_cover 293846167889840
2026-09-14 08:09:50 - 暂停product成功：amazon_us_cover 293525120667172
2026-09-14 08:09:50 - 暂停product成功：amazon_us_cover 530346369616632
2026-09-14 08:09:50 - 暂停product成功：amazon_us_cover 459791062234658
2026-09-14 08:09:50 - 暂停product成功：amazon_us_cover 310135994690429
2026-09-14 08:09:50 - 暂停product成功：amazon_us_cover 555351004492841
2026-09-14 08:09:50 - 暂停product成功：amazon_us_cover 520952459256280
2026-09-14 08:09:50 - 暂停product成功：amazon_us_cover 386832187576791
2026-09-14 08:09:50 - 暂停product成功：amazon_us_cover 459334608118010
2026-09-14 08:09:50 - 暂停product成功：amazon_us_cover 521621849951425
2026-09-14 08:09:50 - 暂停product成功：amazon_us_cover 556480665898586
2026-09-14 08:09:50 - 暂停product成功：amazon_us_cover 550490134746300
2026-09-14 08:09:50 - 暂停product成功：amazon_us_cover 520815336940089
2026-09-14 08:09:50 - 暂停product成功：amazon_us_cover 422615310967317
2026-09-14 08:09:50 - 暂停product成功：amazon_us_cover 318254206439171
2026-09-14 08:09:50 - 暂停product成功：amazon_us_cover 408448350710967
2026-09-14 08:09:50 - 暂停product成功：amazon_us_cover 462722935851340
2026-09-14 08:09:50 - 暂停product成功：amazon_us_cover 546956557804108
2026-09-14 08:09:50 - 暂停product成功：amazon_us_cover 531538522811365
2026-09-14 08:09:50 - 暂停product成功：amazon_us_cover 347501056759631
2026-09-14 08:09:50 - 暂停product成功：amazon_us_cover 321433011439535
2026-09-14 08:09:50 - 暂停product成功：amazon_us_cover 526872327928970
2026-09-14 08:09:50 - 暂停product成功：amazon_us_cover 320886692774600
2026-09-14 08:09:50 - 暂停product成功：amazon_us_cover 309297111914064
2026-09-14 08:09:50 - 暂停product成功：amazon_us_cover 392335689488682
2026-09-14 08:09:50 - 暂停product成功：amazon_us_cover 294559265026683
2026-09-14 08:09:50 - 暂停product成功：amazon_us_cover 375552010753682
2026-09-14 08:09:50 - 暂停product成功：amazon_us_cover 415656405159806
2026-09-14 08:09:50 - 暂停product成功：amazon_us_cover 406880310967185
2026-09-14 08:09:51 - batchMongoUpdateProduct：共35条，成功35条，失败0条
2026-09-14 08:09:52 - {"status":"success","message":"success","data":[{"adId":374035114362530,"code":"SUCCESS"},{"adId":381986068054652,"code":"SUCCESS"},{"adId":439013640849064,"code":"SUCCESS"},{"adId":557109867061020,"code":"SUCCESS"},{"adId":559134778802730,"code":"SUCCESS"},{"adId":359065855041113,"code":"SUCCESS"},{"adId":307833098481112,"code":"SUCCESS"},{"adId":517916453874651,"code":"SUCCESS"},{"adId":441204542235835,"code":"SUCCESS"},{"adId":351359622056402,"code":"SUCCESS"},{"adId":426823914710025,"code":"SUCCESS"},{"adId":399696700269314,"code":"SUCCESS"},{"adId":409627355358007,"code":"SUCCESS"},{"adId":525899977864803,"code":"SUCCESS"},{"adId":370909892479095,"code":"SUCCESS"},{"adId":390885464969214,"code":"SUCCESS"},{"adId":446987357410339,"code":"SUCCESS"},{"adId":412361732597593,"code":"SUCCESS"}]}
2026-09-14 08:09:52 - 暂停product成功：amazon_uk_rrc 374035114362530
2026-09-14 08:09:52 - 暂停product成功：amazon_uk_rrc 381986068054652
2026-09-14 08:09:52 - 暂停product成功：amazon_uk_rrc 439013640849064
2026-09-14 08:09:52 - 暂停product成功：amazon_uk_rrc 557109867061020
2026-09-14 08:09:52 - 暂停product成功：amazon_uk_rrc 559134778802730
2026-09-14 08:09:52 - 暂停product成功：amazon_uk_rrc 359065855041113
2026-09-14 08:09:52 - 暂停product成功：amazon_uk_rrc 307833098481112
2026-09-14 08:09:52 - 暂停product成功：amazon_uk_rrc 517916453874651
2026-09-14 08:09:52 - 暂停product成功：amazon_uk_rrc 441204542235835
2026-09-14 08:09:52 - 暂停product成功：amazon_uk_rrc 351359622056402
2026-09-14 08:09:52 - 暂停product成功：amazon_uk_rrc 426823914710025
2026-09-14 08:09:52 - 暂停product成功：amazon_uk_rrc 399696700269314
2026-09-14 08:09:52 - 暂停product成功：amazon_uk_rrc 409627355358007
2026-09-14 08:09:52 - 暂停product成功：amazon_uk_rrc 525899977864803
2026-09-14 08:09:52 - 暂停product成功：amazon_uk_rrc 370909892479095
2026-09-14 08:09:52 - 暂停product成功：amazon_uk_rrc 390885464969214
2026-09-14 08:09:52 - 暂停product成功：amazon_uk_rrc 446987357410339
2026-09-14 08:09:52 - 暂停product成功：amazon_uk_rrc 412361732597593
2026-09-14 08:09:55 - {"status":"success","message":"success","data":[{"adId":430703301905078,"code":"SUCCESS"},{"adId":295958819129242,"code":"SUCCESS"},{"adId":347246391915561,"code":"SUCCESS"},{"adId":500779218954449,"code":"SUCCESS"},{"adId":483737121003609,"code":"SUCCESS"},{"adId":538604232176275,"code":"SUCCESS"},{"adId":536960161724630,"code":"SUCCESS"},{"adId":318735517474075,"code":"SUCCESS"},{"adId":291572171430727,"code":"SUCCESS"},{"adId":371177521126177,"code":"SUCCESS"},{"adId":480945024888167,"code":"SUCCESS"},{"adId":425049585744887,"code":"SUCCESS"},{"adId":459410168639111,"code":"SUCCESS"},{"adId":299478244000946,"code":"SUCCESS"},{"adId":331267333257767,"code":"SUCCESS"},{"adId":296693732792485,"code":"SUCCESS"},{"adId":282023380806551,"code":"SUCCESS"},{"adId":340838499982964,"code":"SUCCESS"},{"adId":336773607549079,"code":"SUCCESS"},{"adId":336472680137610,"code":"SUCCESS"},{"adId":541269316607611,"code":"SUCCESS"},{"adId":372926713054732,"code":"SUCCESS"},{"adId":290585271174671,"code":"SUCCESS"},{"adId":283913247128137,"code":"SUCCESS"},{"adId":356785348537171,"code":"SUCCESS"},{"adId":372797916730124,"code":"SUCCESS"},{"adId":322176040532464,"code":"SUCCESS"},{"adId":414129795447540,"code":"SUCCESS"},{"adId":408179685110263,"code":"SUCCESS"},{"adId":368465687061082,"code":"SUCCESS"},{"adId":403324660270799,"code":"SUCCESS"},{"adId":382915593325214,"code":"SUCCESS"},{"adId":473176408385351,"code":"SUCCESS"},{"adId":506341247537016,"code":"SUCCESS"},{"adId":481792695525601,"code":"SUCCESS"},{"adId":538832716405202,"code":"SUCCESS"},{"adId":493650961611999,"code":"SUCCESS"},{"adId":283861487855539,"code":"SUCCESS"},{"adId":368413438438639,"code":"SUCCESS"},{"adId":361472636673960,"code":"SUCCESS"},{"adId":440285994835059,"code":"SUCCESS"},{"adId":301122584925988,"code":"SUCCESS"},{"adId":293356445112351,"code":"SUCCESS"},{"adId":432608510431401,"code":"SUCCESS"},{"adId":282576802129994,"code":"SUCCESS"},{"adId":357273556595821,"code":"SUCCESS"},{"adId":367942012770571,"code":"SUCCESS"},{"adId":443297034381118,"code":"SUCCESS"},{"adId":546567623332484,"code":"SUCCESS"},{"adId":307788287999236,"code":"SUCCESS"},{"adId":400324845575189,"code":"SUCCESS"},{"adId":540924391699667,"code":"SUCCESS"},{"adId":313722553125477,"code":"SUCCESS"},{"adId":390499916103317,"code":"SUCCESS"},{"adId":291017200365727,"code":"SUCCESS"},{"adId":398347484851389,"code":"SUCCESS"},{"adId":389682689012467,"code":"SUCCESS"},{"adId":411617707720296,"code":"SUCCESS"},{"adId":290696222476422,"code":"SUCCESS"},{"adId":441067631326499,"code":"SUCCESS"},{"adId":499621057604776,"code":"SUCCESS"},{"adId":420218538554216,"code":"SUCCESS"},{"adId":405632685708420,"code":"SUCCESS"},{"adId":387172356179576,"code":"SUCCESS"},{"adId":281722797934843,"code":"SUCCESS"},{"adId":285035511504356,"code":"SUCCESS"},{"adId":556174938528555,"code":"SUCCESS"},{"adId":327463029051342,"code":"SUCCESS"},{"adId":485870759198517,"code":"SUCCESS"},{"adId":525112017562377,"code":"SUCCESS"},{"adId":462359270117992,"code":"SUCCESS"},{"adId":412055191482983,"code":"SUCCESS"},{"adId":536209480718246,"code":"SUCCESS"},{"adId":561468045447600,"code":"SUCCESS"},{"adId":363916253267435,"code":"SUCCESS"},{"adId":512491077773914,"code":"SUCCESS"},{"adId":536093484526717,"code":"SUCCESS"},{"adId":522212895730339,"code":"SUCCESS"},{"adId":297102447565146,"code":"SUCCESS"},{"adId":356562210936944,"code":"SUCCESS"},{"adId":303917785046278,"code":"SUCCESS"},{"adId":469652896248116,"code":"SUCCESS"},{"adId":500721270587307,"code":"SUCCESS"},{"adId":413282629990740,"code":"SUCCESS"},{"adId":304921824318161,"code":"SUCCESS"},{"adId":520239628702927,"code":"SUCCESS"},{"adId":317623319384045,"code":"SUCCESS"},{"adId":396263890329838,"code":"SUCCESS"},{"adId":557456997659331,"code":"SUCCESS"},{"adId":372722673762888,"code":"SUCCESS"},{"adId":560584283809877,"code":"SUCCESS"},{"adId":362470720727704,"code":"SUCCESS"},{"adId":349711200826778,"code":"SUCCESS"},{"adId":480901531570472,"code":"SUCCESS"},{"adId":394617679657598,"code":"SUCCESS"},{"adId":353993265742694,"code":"SUCCESS"},{"adId":479842913092425,"code":"SUCCESS"},{"adId":447389371453947,"code":"SUCCESS"},{"adId":553571126801156,"code":"SUCCESS"},{"adId":529281357149387,"code":"SUCCESS"},{"adId":516054208408104,"code":"SUCCESS"},{"adId":374001642828474,"code":"SUCCESS"},{"adId":541133174201419,"code":"SUCCESS"},{"adId":543913304085278,"code":"SUCCESS"},{"adId":410188839580669,"code":"SUCCESS"},{"adId":496454813000328,"code":"SUCCESS"},{"adId":537384070434566,"code":"SUCCESS"},{"adId":557029469116595,"code":"SUCCESS"},{"adId":429050931433152,"code":"SUCCESS"},{"adId":308256912227028,"code":"SUCCESS"},{"adId":402343486744004,"code":"SUCCESS"},{"adId":494487198223472,"code":"SUCCESS"},{"adId":462384373627449,"code":"SUCCESS"},{"adId":543031697455591,"code":"SUCCESS"},{"adId":330922656874489,"code":"SUCCESS"},{"adId":287602487729493,"code":"SUCCESS"},{"adId":496190399851145,"code":"SUCCESS"},{"adId":361998898413837,"code":"SUCCESS"},{"adId":558429873740529,"code":"SUCCESS"},{"adId":375981554575212,"code":"SUCCESS"},{"adId":292432956740345,"code":"SUCCESS"},{"adId":417820972180306,"code":"SUCCESS"},{"adId":349468159309579,"code":"SUCCESS"},{"adId":439636149130451,"code":"SUCCESS"},{"adId":301607677169336,"code":"SUCCESS"},{"adId":362749960336817,"code":"SUCCESS"},{"adId":381310917366137,"code":"SUCCESS"},{"adId":335220950436012,"code":"SUCCESS"},{"adId":456391991130502,"code":"SUCCESS"},{"adId":297420419523630,"code":"SUCCESS"},{"adId":404633977596165,"code":"SUCCESS"},{"adId":414266839070473,"code":"SUCCESS"},{"adId":393772432299466,"code":"SUCCESS"},{"adId":539287549362298,"code":"SUCCESS"},{"adId":451562878807954,"code":"SUCCESS"},{"adId":490308547193281,"code":"SUCCESS"},{"adId":320584771255916,"code":"SUCCESS"},{"adId":429097340810166,"code":"SUCCESS"},{"adId":491590002235320,"code":"SUCCESS"},{"adId":455864683693133,"code":"SUCCESS"},{"adId":389167446898852,"code":"SUCCESS"},{"adId":460305087682374,"code":"SUCCESS"},{"adId":483309180910758,"code":"SUCCESS"},{"adId":307561859855770,"code":"SUCCESS"},{"adId":536145603036854,"code":"SUCCESS"},{"adId":298621126852287,"code":"SUCCESS"},{"adId":293937805220433,"code":"SUCCESS"},{"adId":336013099861154,"code":"SUCCESS"},{"adId":303419885604614,"code":"SUCCESS"},{"adId":360294388977548,"code":"SUCCESS"},{"adId":358931593806896,"code":"SUCCESS"},{"adId":394279639282043,"code":"SUCCESS"},{"adId":371279783925616,"code":"SUCCESS"},{"adId":457293836075475,"code":"SUCCESS"},{"adId":403681684563598,"code":"SUCCESS"},{"adId":561593673678382,"code":"SUCCESS"},{"adId":332109070883856,"code":"SUCCESS"},{"adId":342614991194999,"code":"SUCCESS"},{"adId":555157192505679,"code":"SUCCESS"},{"adId":420975604067358,"code":"SUCCESS"},{"adId":309857372359100,"code":"SUCCESS"},{"adId":533439062688774,"code":"SUCCESS"},{"adId":370236333241262,"code":"SUCCESS"},{"adId":444979109603757,"code":"SUCCESS"},{"adId":402975021792008,"code":"SUCCESS"},{"adId":315537102195734,"code":"SUCCESS"},{"adId":400097316208993,"code":"SUCCESS"},{"adId":523722018252113,"code":"SUCCESS"},{"adId":413439907279308,"code":"SUCCESS"},{"adId":321844339771767,"code":"SUCCESS"},{"adId":320771754419639,"code":"SUCCESS"},{"adId":492689742135573,"code":"SUCCESS"},{"adId":405665872807451,"code":"SUCCESS"},{"adId":385538421206331,"code":"SUCCESS"},{"adId":498899557049155,"code":"SUCCESS"},{"adId":473962501155635,"code":"SUCCESS"},{"adId":380544475299886,"code":"SUCCESS"},{"adId":514168622872406,"code":"SUCCESS"},{"adId":503202823997591,"code":"SUCCESS"}]}
2026-09-14 08:09:55 - 暂停product成功：amazon_ca_sopro 430703301905078
2026-09-14 08:09:55 - 暂停product成功：amazon_ca_sopro 295958819129242
2026-09-14 08:09:55 - 暂停product成功：amazon_ca_sopro 347246391915561
2026-09-14 08:09:55 - 暂停product成功：amazon_ca_sopro 500779218954449
2026-09-14 08:09:55 - 暂停product成功：amazon_ca_sopro 483737121003609
2026-09-14 08:09:55 - 暂停product成功：amazon_ca_sopro 538604232176275
2026-09-14 08:09:55 - 暂停product成功：amazon_ca_sopro 536960161724630
2026-09-14 08:09:55 - 暂停product成功：amazon_ca_sopro 318735517474075
2026-09-14 08:09:55 - 暂停product成功：amazon_ca_sopro 291572171430727
2026-09-14 08:09:55 - 暂停product成功：amazon_ca_sopro 371177521126177
2026-09-14 08:09:55 - 暂停product成功：amazon_ca_sopro 480945024888167
2026-09-14 08:09:55 - 暂停product成功：amazon_ca_sopro 425049585744887
2026-09-14 08:09:55 - 暂停product成功：amazon_ca_sopro 459410168639111
2026-09-14 08:09:55 - 暂停product成功：amazon_ca_sopro 299478244000946
2026-09-14 08:09:55 - 暂停product成功：amazon_ca_sopro 331267333257767
2026-09-14 08:09:55 - 暂停product成功：amazon_ca_sopro 296693732792485
2026-09-14 08:09:55 - 暂停product成功：amazon_ca_sopro 282023380806551
2026-09-14 08:09:55 - 暂停product成功：amazon_ca_sopro 340838499982964
2026-09-14 08:09:55 - 暂停product成功：amazon_ca_sopro 336773607549079
2026-09-14 08:09:55 - 暂停product成功：amazon_ca_sopro 336472680137610
2026-09-14 08:09:55 - 暂停product成功：amazon_ca_sopro 541269316607611
2026-09-14 08:09:55 - 暂停product成功：amazon_ca_sopro 372926713054732
2026-09-14 08:09:55 - 暂停product成功：amazon_ca_sopro 290585271174671
2026-09-14 08:09:55 - 暂停product成功：amazon_ca_sopro 283913247128137
2026-09-14 08:09:55 - 暂停product成功：amazon_ca_sopro 356785348537171
2026-09-14 08:09:55 - 暂停product成功：amazon_ca_sopro 372797916730124
2026-09-14 08:09:55 - 暂停product成功：amazon_ca_sopro 322176040532464
2026-09-14 08:09:55 - 暂停product成功：amazon_ca_sopro 414129795447540
2026-09-14 08:09:55 - 暂停product成功：amazon_ca_sopro 408179685110263
2026-09-14 08:09:55 - 暂停product成功：amazon_ca_sopro 368465687061082
2026-09-14 08:09:55 - 暂停product成功：amazon_ca_sopro 403324660270799
2026-09-14 08:09:55 - 暂停product成功：amazon_ca_sopro 382915593325214
2026-09-14 08:09:55 - 暂停product成功：amazon_ca_sopro 473176408385351
2026-09-14 08:09:55 - 暂停product成功：amazon_ca_sopro 506341247537016
2026-09-14 08:09:55 - 暂停product成功：amazon_ca_sopro 481792695525601
2026-09-14 08:09:55 - 暂停product成功：amazon_ca_sopro 538832716405202
2026-09-14 08:09:55 - 暂停product成功：amazon_ca_sopro 493650961611999
2026-09-14 08:09:55 - 暂停product成功：amazon_ca_sopro 283861487855539
2026-09-14 08:09:55 - 暂停product成功：amazon_ca_sopro 368413438438639
2026-09-14 08:09:55 - 暂停product成功：amazon_ca_sopro 361472636673960
2026-09-14 08:09:55 - 暂停product成功：amazon_ca_sopro 440285994835059
2026-09-14 08:09:55 - 暂停product成功：amazon_ca_sopro 301122584925988
2026-09-14 08:09:55 - 暂停product成功：amazon_ca_sopro 293356445112351
2026-09-14 08:09:55 - 暂停product成功：amazon_ca_sopro 432608510431401
2026-09-14 08:09:55 - 暂停product成功：amazon_ca_sopro 282576802129994
2026-09-14 08:09:55 - 暂停product成功：amazon_ca_sopro 357273556595821
2026-09-14 08:09:55 - 暂停product成功：amazon_ca_sopro 367942012770571
2026-09-14 08:09:55 - 暂停product成功：amazon_ca_sopro 443297034381118
2026-09-14 08:09:55 - 暂停product成功：amazon_ca_sopro 546567623332484
2026-09-14 08:09:55 - 暂停product成功：amazon_ca_sopro 307788287999236
2026-09-14 08:09:55 - 暂停product成功：amazon_ca_sopro 400324845575189
2026-09-14 08:09:55 - 暂停product成功：amazon_ca_sopro 540924391699667
2026-09-14 08:09:55 - 暂停product成功：amazon_ca_sopro 313722553125477
2026-09-14 08:09:55 - 暂停product成功：amazon_ca_sopro 390499916103317
2026-09-14 08:09:55 - 暂停product成功：amazon_ca_sopro 291017200365727
2026-09-14 08:09:55 - 暂停product成功：amazon_ca_sopro 398347484851389
2026-09-14 08:09:55 - 暂停product成功：amazon_ca_sopro 389682689012467
2026-09-14 08:09:55 - 暂停product成功：amazon_ca_sopro 411617707720296
2026-09-14 08:09:55 - 暂停product成功：amazon_ca_sopro 290696222476422
2026-09-14 08:09:55 - 暂停product成功：amazon_ca_sopro 441067631326499
2026-09-14 08:09:55 - 暂停product成功：amazon_ca_sopro 499621057604776
2026-09-14 08:09:55 - 暂停product成功：amazon_ca_sopro 420218538554216
2026-09-14 08:09:55 - 暂停product成功：amazon_ca_sopro 405632685708420
2026-09-14 08:09:55 - 暂停product成功：amazon_ca_sopro 387172356179576
2026-09-14 08:09:55 - 暂停product成功：amazon_ca_sopro 281722797934843
2026-09-14 08:09:55 - 暂停product成功：amazon_ca_sopro 285035511504356
2026-09-14 08:09:55 - 暂停product成功：amazon_ca_sopro 556174938528555
2026-09-14 08:09:55 - 暂停product成功：amazon_ca_sopro 327463029051342
2026-09-14 08:09:55 - 暂停product成功：amazon_ca_sopro 485870759198517
2026-09-14 08:09:55 - 暂停product成功：amazon_ca_sopro 525112017562377
2026-09-14 08:09:55 - 暂停product成功：amazon_ca_sopro 462359270117992
2026-09-14 08:09:55 - 暂停product成功：amazon_ca_sopro 412055191482983
2026-09-14 08:09:55 - 暂停product成功：amazon_ca_sopro 536209480718246
2026-09-14 08:09:55 - 暂停product成功：amazon_ca_sopro 561468045447600
2026-09-14 08:09:55 - 暂停product成功：amazon_ca_sopro 363916253267435
2026-09-14 08:09:55 - 暂停product成功：amazon_ca_sopro 512491077773914
2026-09-14 08:09:55 - 暂停product成功：amazon_ca_sopro 536093484526717
2026-09-14 08:09:55 - 暂停product成功：amazon_ca_sopro 522212895730339
2026-09-14 08:09:55 - 暂停product成功：amazon_ca_sopro 297102447565146
2026-09-14 08:09:55 - 暂停product成功：amazon_ca_sopro 356562210936944
2026-09-14 08:09:55 - 暂停product成功：amazon_ca_sopro 303917785046278
2026-09-14 08:09:55 - 暂停product成功：amazon_ca_sopro 469652896248116
2026-09-14 08:09:55 - 暂停product成功：amazon_ca_sopro 500721270587307
2026-09-14 08:09:55 - 暂停product成功：amazon_ca_sopro 413282629990740
2026-09-14 08:09:55 - 暂停product成功：amazon_ca_sopro 304921824318161
2026-09-14 08:09:55 - 暂停product成功：amazon_ca_sopro 520239628702927
2026-09-14 08:09:55 - 暂停product成功：amazon_ca_sopro 317623319384045
2026-09-14 08:09:55 - 暂停product成功：amazon_ca_sopro 396263890329838
2026-09-14 08:09:55 - 暂停product成功：amazon_ca_sopro 557456997659331
2026-09-14 08:09:55 - 暂停product成功：amazon_ca_sopro 372722673762888
2026-09-14 08:09:55 - 暂停product成功：amazon_ca_sopro 560584283809877
2026-09-14 08:09:55 - 暂停product成功：amazon_ca_sopro 362470720727704
2026-09-14 08:09:55 - 暂停product成功：amazon_ca_sopro 349711200826778
2026-09-14 08:09:55 - 暂停product成功：amazon_ca_sopro 480901531570472
2026-09-14 08:09:55 - 暂停product成功：amazon_ca_sopro 394617679657598
2026-09-14 08:09:55 - 暂停product成功：amazon_ca_sopro 353993265742694
2026-09-14 08:09:55 - 暂停product成功：amazon_ca_sopro 479842913092425
2026-09-14 08:09:55 - 暂停product成功：amazon_ca_sopro 447389371453947
2026-09-14 08:09:55 - 暂停product成功：amazon_ca_sopro 553571126801156
2026-09-14 08:09:55 - 暂停product成功：amazon_ca_sopro 529281357149387
2026-09-14 08:09:55 - 暂停product成功：amazon_ca_sopro 516054208408104
2026-09-14 08:09:55 - 暂停product成功：amazon_ca_sopro 374001642828474
2026-09-14 08:09:55 - 暂停product成功：amazon_ca_sopro 541133174201419
2026-09-14 08:09:55 - 暂停product成功：amazon_ca_sopro 543913304085278
2026-09-14 08:09:55 - 暂停product成功：amazon_ca_sopro 410188839580669
2026-09-14 08:09:55 - 暂停product成功：amazon_ca_sopro 496454813000328
2026-09-14 08:09:55 - 暂停product成功：amazon_ca_sopro 537384070434566
2026-09-14 08:09:55 - 暂停product成功：amazon_ca_sopro 557029469116595
2026-09-14 08:09:55 - 暂停product成功：amazon_ca_sopro 429050931433152
2026-09-14 08:09:55 - 暂停product成功：amazon_ca_sopro 308256912227028
2026-09-14 08:09:55 - 暂停product成功：amazon_ca_sopro 402343486744004
2026-09-14 08:09:55 - 暂停product成功：amazon_ca_sopro 494487198223472
2026-09-14 08:09:55 - 暂停product成功：amazon_ca_sopro 462384373627449
2026-09-14 08:09:55 - 暂停product成功：amazon_ca_sopro 543031697455591
2026-09-14 08:09:55 - 暂停product成功：amazon_ca_sopro 330922656874489
2026-09-14 08:09:55 - 暂停product成功：amazon_ca_sopro 287602487729493
2026-09-14 08:09:55 - 暂停product成功：amazon_ca_sopro 496190399851145
2026-09-14 08:09:55 - 暂停product成功：amazon_ca_sopro 361998898413837
2026-09-14 08:09:55 - 暂停product成功：amazon_ca_sopro 558429873740529
2026-09-14 08:09:55 - 暂停product成功：amazon_ca_sopro 375981554575212
2026-09-14 08:09:55 - 暂停product成功：amazon_ca_sopro 292432956740345
2026-09-14 08:09:55 - 暂停product成功：amazon_ca_sopro 417820972180306
2026-09-14 08:09:55 - 暂停product成功：amazon_ca_sopro 349468159309579
2026-09-14 08:09:55 - 暂停product成功：amazon_ca_sopro 439636149130451
2026-09-14 08:09:55 - 暂停product成功：amazon_ca_sopro 301607677169336
2026-09-14 08:09:55 - 暂停product成功：amazon_ca_sopro 362749960336817
2026-09-14 08:09:55 - 暂停product成功：amazon_ca_sopro 381310917366137
2026-09-14 08:09:55 - 暂停product成功：amazon_ca_sopro 335220950436012
2026-09-14 08:09:55 - 暂停product成功：amazon_ca_sopro 456391991130502
2026-09-14 08:09:55 - 暂停product成功：amazon_ca_sopro 297420419523630
2026-09-14 08:09:55 - 暂停product成功：amazon_ca_sopro 404633977596165
2026-09-14 08:09:55 - 暂停product成功：amazon_ca_sopro 414266839070473
2026-09-14 08:09:55 - 暂停product成功：amazon_ca_sopro 393772432299466
2026-09-14 08:09:55 - 暂停product成功：amazon_ca_sopro 539287549362298
2026-09-14 08:09:55 - 暂停product成功：amazon_ca_sopro 451562878807954
2026-09-14 08:09:55 - 暂停product成功：amazon_ca_sopro 490308547193281
2026-09-14 08:09:55 - 暂停product成功：amazon_ca_sopro 320584771255916
2026-09-14 08:09:55 - 暂停product成功：amazon_ca_sopro 429097340810166
2026-09-14 08:09:55 - 暂停product成功：amazon_ca_sopro 491590002235320
2026-09-14 08:09:55 - 暂停product成功：amazon_ca_sopro 455864683693133
2026-09-14 08:09:55 - 暂停product成功：amazon_ca_sopro 389167446898852
2026-09-14 08:09:55 - 暂停product成功：amazon_ca_sopro 460305087682374
2026-09-14 08:09:55 - 暂停product成功：amazon_ca_sopro 483309180910758
2026-09-14 08:09:55 - 暂停product成功：amazon_ca_sopro 307561859855770
2026-09-14 08:09:55 - 暂停product成功：amazon_ca_sopro 536145603036854
2026-09-14 08:09:55 - 暂停product成功：amazon_ca_sopro 298621126852287
2026-09-14 08:09:55 - 暂停product成功：amazon_ca_sopro 293937805220433
2026-09-14 08:09:55 - 暂停product成功：amazon_ca_sopro 336013099861154
2026-09-14 08:09:55 - 暂停product成功：amazon_ca_sopro 303419885604614
2026-09-14 08:09:55 - 暂停product成功：amazon_ca_sopro 360294388977548
2026-09-14 08:09:55 - 暂停product成功：amazon_ca_sopro 358931593806896
2026-09-14 08:09:55 - 暂停product成功：amazon_ca_sopro 394279639282043
2026-09-14 08:09:55 - 暂停product成功：amazon_ca_sopro 371279783925616
2026-09-14 08:09:55 - 暂停product成功：amazon_ca_sopro 457293836075475
2026-09-14 08:09:55 - 暂停product成功：amazon_ca_sopro 403681684563598
2026-09-14 08:09:55 - 暂停product成功：amazon_ca_sopro 561593673678382
2026-09-14 08:09:55 - 暂停product成功：amazon_ca_sopro 332109070883856
2026-09-14 08:09:55 - 暂停product成功：amazon_ca_sopro 342614991194999
2026-09-14 08:09:55 - 暂停product成功：amazon_ca_sopro 555157192505679
2026-09-14 08:09:55 - 暂停product成功：amazon_ca_sopro 420975604067358
2026-09-14 08:09:55 - 暂停product成功：amazon_ca_sopro 309857372359100
2026-09-14 08:09:55 - 暂停product成功：amazon_ca_sopro 533439062688774
2026-09-14 08:09:55 - 暂停product成功：amazon_ca_sopro 370236333241262
2026-09-14 08:09:55 - 暂停product成功：amazon_ca_sopro 444979109603757
2026-09-14 08:09:55 - 暂停product成功：amazon_ca_sopro 402975021792008
2026-09-14 08:09:55 - 暂停product成功：amazon_ca_sopro 315537102195734
2026-09-14 08:09:55 - 暂停product成功：amazon_ca_sopro 400097316208993
2026-09-14 08:09:55 - 暂停product成功：amazon_ca_sopro 523722018252113
2026-09-14 08:09:55 - 暂停product成功：amazon_ca_sopro 413439907279308
2026-09-14 08:09:55 - 暂停product成功：amazon_ca_sopro 321844339771767
2026-09-14 08:09:55 - 暂停product成功：amazon_ca_sopro 320771754419639
2026-09-14 08:09:55 - 暂停product成功：amazon_ca_sopro 492689742135573
2026-09-14 08:09:55 - 暂停product成功：amazon_ca_sopro 405665872807451
2026-09-14 08:09:55 - 暂停product成功：amazon_ca_sopro 385538421206331
2026-09-14 08:09:55 - 暂停product成功：amazon_ca_sopro 498899557049155
2026-09-14 08:09:55 - 暂停product成功：amazon_ca_sopro 473962501155635
2026-09-14 08:09:55 - 暂停product成功：amazon_ca_sopro 380544475299886
2026-09-14 08:09:55 - 暂停product成功：amazon_ca_sopro 514168622872406
2026-09-14 08:09:55 - 暂停product成功：amazon_ca_sopro 503202823997591
2026-09-14 08:09:57 - batchMongoUpdateProduct：共141条，成功141条，失败0条
2026-09-14 08:09:58 - {"status":"success","message":"success","data":[{"adId":384849893404797,"code":"SUCCESS"},{"adId":318933004292488,"code":"SUCCESS"},{"adId":443818501885209,"code":"SUCCESS"},{"adId":482262154648127,"code":"SUCCESS"},{"adId":533137542137907,"code":"SUCCESS"},{"adId":471200041448752,"code":"SUCCESS"},{"adId":379089865747319,"code":"SUCCESS"},{"adId":493311565761882,"code":"SUCCESS"},{"adId":416309037029321,"code":"SUCCESS"},{"adId":329437036684858,"code":"SUCCESS"},{"adId":467539012637905,"code":"SUCCESS"},{"adId":555126777020131,"code":"SUCCESS"},{"adId":395991075354394,"code":"SUCCESS"},{"adId":320559273884044,"code":"SUCCESS"},{"adId":331648825251943,"code":"SUCCESS"},{"adId":541278396666422,"code":"SUCCESS"},{"adId":388642071399232,"code":"SUCCESS"},{"adId":525513821541068,"code":"SUCCESS"},{"adId":412665418545672,"code":"SUCCESS"},{"adId":282065942247764,"code":"SUCCESS"},{"adId":355661353773715,"code":"SUCCESS"},{"adId":295637069634711,"code":"SUCCESS"},{"adId":403760612317143,"code":"SUCCESS"},{"adId":497289654770758,"code":"SUCCESS"},{"adId":300882526659930,"code":"SUCCESS"},{"adId":381195544035043,"code":"SUCCESS"},{"adId":558200002720923,"code":"SUCCESS"},{"adId":430989478483324,"code":"SUCCESS"},{"adId":327194108874570,"code":"SUCCESS"},{"adId":560107478817715,"code":"SUCCESS"},{"adId":437673351390890,"code":"SUCCESS"},{"adId":389074709786722,"code":"SUCCESS"},{"adId":404321051435120,"code":"SUCCESS"},{"adId":297701089043546,"code":"SUCCESS"},{"adId":418032721486406,"code":"SUCCESS"},{"adId":426039369422687,"code":"SUCCESS"},{"adId":369185240138062,"code":"SUCCESS"},{"adId":452883032629280,"code":"SUCCESS"},{"adId":289172667383397,"code":"SUCCESS"},{"adId":435810623213547,"code":"SUCCESS"},{"adId":509097594842596,"code":"SUCCESS"}]}
2026-09-14 08:09:58 - 暂停product成功：amazon_ca_rock 384849893404797
2026-09-14 08:09:58 - 暂停product成功：amazon_ca_rock 318933004292488
2026-09-14 08:09:58 - 暂停product成功：amazon_ca_rock 443818501885209
2026-09-14 08:09:58 - 暂停product成功：amazon_ca_rock 482262154648127
2026-09-14 08:09:58 - 暂停product成功：amazon_ca_rock 533137542137907
2026-09-14 08:09:58 - 暂停product成功：amazon_ca_rock 471200041448752
2026-09-14 08:09:58 - 暂停product成功：amazon_ca_rock 379089865747319
2026-09-14 08:09:58 - 暂停product成功：amazon_ca_rock 493311565761882
2026-09-14 08:09:58 - 暂停product成功：amazon_ca_rock 416309037029321
2026-09-14 08:09:58 - 暂停product成功：amazon_ca_rock 329437036684858
2026-09-14 08:09:58 - 暂停product成功：amazon_ca_rock 467539012637905
2026-09-14 08:09:58 - 暂停product成功：amazon_ca_rock 555126777020131
2026-09-14 08:09:58 - 暂停product成功：amazon_ca_rock 395991075354394
2026-09-14 08:09:58 - 暂停product成功：amazon_ca_rock 320559273884044
2026-09-14 08:09:58 - 暂停product成功：amazon_ca_rock 331648825251943
2026-09-14 08:09:58 - 暂停product成功：amazon_ca_rock 541278396666422
2026-09-14 08:09:58 - 暂停product成功：amazon_ca_rock 388642071399232
2026-09-14 08:09:58 - 暂停product成功：amazon_ca_rock 525513821541068
2026-09-14 08:09:58 - 暂停product成功：amazon_ca_rock 412665418545672
2026-09-14 08:09:58 - 暂停product成功：amazon_ca_rock 282065942247764
2026-09-14 08:09:58 - 暂停product成功：amazon_ca_rock 355661353773715
2026-09-14 08:09:58 - 暂停product成功：amazon_ca_rock 295637069634711
2026-09-14 08:09:58 - 暂停product成功：amazon_ca_rock 403760612317143
2026-09-14 08:09:58 - 暂停product成功：amazon_ca_rock 497289654770758
2026-09-14 08:09:58 - 暂停product成功：amazon_ca_rock 300882526659930
2026-09-14 08:09:58 - 暂停product成功：amazon_ca_rock 381195544035043
2026-09-14 08:09:58 - 暂停product成功：amazon_ca_rock 558200002720923
2026-09-14 08:09:58 - 暂停product成功：amazon_ca_rock 430989478483324
2026-09-14 08:09:58 - 暂停product成功：amazon_ca_rock 327194108874570
2026-09-14 08:09:58 - 暂停product成功：amazon_ca_rock 560107478817715
2026-09-14 08:09:58 - 暂停product成功：amazon_ca_rock 437673351390890
2026-09-14 08:09:58 - 暂停product成功：amazon_ca_rock 389074709786722
2026-09-14 08:09:58 - 暂停product成功：amazon_ca_rock 404321051435120
2026-09-14 08:09:58 - 暂停product成功：amazon_ca_rock 297701089043546
2026-09-14 08:09:58 - 暂停product成功：amazon_ca_rock 418032721486406
2026-09-14 08:09:58 - 暂停product成功：amazon_ca_rock 426039369422687
2026-09-14 08:09:58 - 暂停product成功：amazon_ca_rock 369185240138062
2026-09-14 08:09:58 - 暂停product成功：amazon_ca_rock 452883032629280
2026-09-14 08:09:58 - 暂停product成功：amazon_ca_rock 289172667383397
2026-09-14 08:09:58 - 暂停product成功：amazon_ca_rock 435810623213547
2026-09-14 08:09:58 - 暂停product成功：amazon_ca_rock 509097594842596
2026-09-14 08:09:59 - batchMongoUpdateProduct：共36条，成功36条，失败0条
2026-09-14 08:10:00 - {"status":"success","message":"success","data":[{"adId":464040682402593,"code":"SUCCESS"},{"adId":365561639215562,"code":"SUCCESS"},{"adId":481865670845792,"code":"SUCCESS"},{"adId":477276490469832,"code":"SUCCESS"},{"adId":495655004863455,"code":"SUCCESS"},{"adId":368383384131043,"code":"SUCCESS"},{"adId":500491465377377,"code":"SUCCESS"},{"adId":133343601928097,"code":"SUCCESS"},{"adId":441051725771978,"code":"SUCCESS"},{"adId":430246863445719,"code":"SUCCESS"},{"adId":91609112122294,"code":"SUCCESS"},{"adId":346385427831364,"code":"SUCCESS"},{"adId":477708909861555,"code":"SUCCESS"}]}
2026-09-14 08:10:00 - 暂停product成功：amazon_ca2 464040682402593
2026-09-14 08:10:00 - 暂停product成功：amazon_ca2 365561639215562
2026-09-14 08:10:00 - 暂停product成功：amazon_ca2 481865670845792
2026-09-14 08:10:00 - 暂停product成功：amazon_ca2 477276490469832
2026-09-14 08:10:00 - 暂停product成功：amazon_ca2 495655004863455
2026-09-14 08:10:00 - 暂停product成功：amazon_ca2 368383384131043
2026-09-14 08:10:00 - 暂停product成功：amazon_ca2 500491465377377
2026-09-14 08:10:00 - 暂停product成功：amazon_ca2 133343601928097
2026-09-14 08:10:00 - 暂停product成功：amazon_ca2 441051725771978
2026-09-14 08:10:00 - 暂停product成功：amazon_ca2 430246863445719
2026-09-14 08:10:00 - 暂停product成功：amazon_ca2 91609112122294
2026-09-14 08:10:00 - 暂停product成功：amazon_ca2 346385427831364
2026-09-14 08:10:00 - 暂停product成功：amazon_ca2 477708909861555
2026-09-14 08:10:03 - {"status":"success","message":"success","data":[{"adId":317370466150754,"code":"SUCCESS"},{"adId":323466919490079,"code":"SUCCESS"},{"adId":519738188628712,"code":"SUCCESS"},{"adId":507044868770579,"code":"SUCCESS"},{"adId":350917061883331,"code":"SUCCESS"},{"adId":397599450784911,"code":"SUCCESS"},{"adId":286684216412659,"code":"SUCCESS"},{"adId":475050659634311,"code":"SUCCESS"},{"adId":339325307965948,"code":"SUCCESS"},{"adId":356349132393002,"code":"SUCCESS"},{"adId":470693305422867,"code":"SUCCESS"},{"adId":459750590573341,"code":"SUCCESS"},{"adId":357471721242003,"code":"SUCCESS"},{"adId":421568605167733,"code":"SUCCESS"},{"adId":510534840979916,"code":"SUCCESS"},{"adId":397398317425134,"code":"SUCCESS"},{"adId":438265042419830,"code":"SUCCESS"},{"adId":328867664994070,"code":"SUCCESS"},{"adId":460788150510621,"code":"SUCCESS"},{"adId":346410182836987,"code":"SUCCESS"},{"adId":491831749343897,"code":"SUCCESS"},{"adId":457429637898875,"code":"SUCCESS"},{"adId":373156504187275,"code":"SUCCESS"},{"adId":355697285860988,"code":"SUCCESS"},{"adId":361689710786320,"code":"SUCCESS"},{"adId":335851732627043,"code":"SUCCESS"},{"adId":441269180985228,"code":"SUCCESS"},{"adId":496813834007143,"code":"SUCCESS"},{"adId":417517402906769,"code":"SUCCESS"},{"adId":549180149682885,"code":"SUCCESS"},{"adId":326252434517570,"code":"SUCCESS"},{"adId":317052722212440,"code":"SUCCESS"},{"adId":546470756290030,"code":"SUCCESS"},{"adId":303068731626521,"code":"SUCCESS"},{"adId":469103268761211,"code":"SUCCESS"},{"adId":512891792683120,"code":"SUCCESS"},{"adId":387390279827751,"code":"SUCCESS"},{"adId":295198270638273,"code":"SUCCESS"},{"adId":349325437657480,"code":"SUCCESS"},{"adId":357711776835160,"code":"SUCCESS"},{"adId":530321688594394,"code":"SUCCESS"},{"adId":525158256947863,"code":"SUCCESS"},{"adId":341991184890959,"code":"SUCCESS"},{"adId":351114545826686,"code":"SUCCESS"},{"adId":351567849412485,"code":"SUCCESS"},{"adId":490844943914487,"code":"SUCCESS"},{"adId":502997263339779,"code":"SUCCESS"},{"adId":463902557789248,"code":"SUCCESS"},{"adId":303885669468127,"code":"SUCCESS"},{"adId":332504358609124,"code":"SUCCESS"},{"adId":323637095265677,"code":"SUCCESS"},{"adId":452867176669450,"code":"SUCCESS"},{"adId":323651132761647,"code":"SUCCESS"},{"adId":445676367024968,"code":"SUCCESS"},{"adId":477978905928681,"code":"SUCCESS"},{"adId":405127048917546,"code":"SUCCESS"},{"adId":476303187378632,"code":"SUCCESS"},{"adId":493788717422851,"code":"SUCCESS"},{"adId":424545523608691,"code":"SUCCESS"},{"adId":506718034531528,"code":"SUCCESS"},{"adId":524898756473877,"code":"SUCCESS"},{"adId":374913225768406,"code":"SUCCESS"},{"adId":284261000853389,"code":"SUCCESS"},{"adId":534693940971030,"code":"SUCCESS"},{"adId":357237398169207,"code":"SUCCESS"},{"adId":554672026106490,"code":"SUCCESS"},{"adId":558262809323861,"code":"SUCCESS"},{"adId":358883072520565,"code":"SUCCESS"},{"adId":309688286503778,"code":"SUCCESS"},{"adId":547051864707966,"code":"SUCCESS"},{"adId":416715693402730,"code":"SUCCESS"},{"adId":414501796530626,"code":"SUCCESS"},{"adId":442333447586348,"code":"SUCCESS"},{"adId":489261720759171,"code":"SUCCESS"},{"adId":538617666270807,"code":"SUCCESS"},{"adId":550187343322220,"code":"SUCCESS"},{"adId":407535713906008,"code":"SUCCESS"},{"adId":561788284170337,"code":"SUCCESS"},{"adId":510148441306950,"code":"SUCCESS"},{"adId":352085104082284,"code":"SUCCESS"},{"adId":491696818421123,"code":"SUCCESS"},{"adId":561059751818010,"code":"SUCCESS"},{"adId":283201888408109,"code":"SUCCESS"},{"adId":421910745258662,"code":"SUCCESS"},{"adId":326185805543030,"code":"SUCCESS"},{"adId":422189848903715,"code":"SUCCESS"},{"adId":338823043396954,"code":"SUCCESS"},{"adId":546197934073210,"code":"SUCCESS"},{"adId":428281390535858,"code":"SUCCESS"},{"adId":305230058011155,"code":"SUCCESS"},{"adId":425055105189959,"code":"SUCCESS"},{"adId":520660725824901,"code":"SUCCESS"},{"adId":294448947271543,"code":"SUCCESS"},{"adId":490211341051497,"code":"SUCCESS"},{"adId":374391647327961,"code":"SUCCESS"},{"adId":428484425963355,"code":"SUCCESS"},{"adId":425528312719613,"code":"SUCCESS"},{"adId":335981773406691,"code":"SUCCESS"},{"adId":458783785221401,"code":"SUCCESS"},{"adId":422611716615314,"code":"SUCCESS"},{"adId":511895453154800,"code":"SUCCESS"},{"adId":450879305637951,"code":"SUCCESS"},{"adId":468282675457610,"code":"SUCCESS"},{"adId":303491310342090,"code":"SUCCESS"},{"adId":463770825779866,"code":"SUCCESS"},{"adId":451464323276137,"code":"SUCCESS"},{"adId":499859145222321,"code":"SUCCESS"},{"adId":336309970758923,"code":"SUCCESS"},{"adId":461241257699291,"code":"SUCCESS"},{"adId":398134073585667,"code":"SUCCESS"},{"adId":430531400829559,"code":"SUCCESS"},{"adId":553397919324575,"code":"SUCCESS"},{"adId":296451574687661,"code":"SUCCESS"},{"adId":485132339262997,"code":"SUCCESS"},{"adId":322188921263106,"code":"SUCCESS"},{"adId":316917662918017,"code":"SUCCESS"},{"adId":402816538092080,"code":"SUCCESS"},{"adId":299985602004079,"code":"SUCCESS"},{"adId":372123639711575,"code":"SUCCESS"},{"adId":322952247973772,"code":"SUCCESS"},{"adId":531949234576933,"code":"SUCCESS"},{"adId":380335062442005,"code":"SUCCESS"},{"adId":323145495259516,"code":"SUCCESS"},{"adId":309886140300875,"code":"SUCCESS"},{"adId":334481692435772,"code":"SUCCESS"},{"adId":508624398519393,"code":"SUCCESS"},{"adId":534193453533822,"code":"SUCCESS"},{"adId":555830575299232,"code":"SUCCESS"},{"adId":412140202772975,"code":"SUCCESS"},{"adId":337939384889522,"code":"SUCCESS"},{"adId":391794172535901,"code":"SUCCESS"},{"adId":374864243356110,"code":"SUCCESS"},{"adId":431108323354768,"code":"SUCCESS"},{"adId":390318321462859,"code":"SUCCESS"},{"adId":525251567687549,"code":"SUCCESS"},{"adId":368899865248341,"code":"SUCCESS"},{"adId":349243762030321,"code":"SUCCESS"},{"adId":303424489557531,"code":"SUCCESS"},{"adId":293565352545626,"code":"SUCCESS"},{"adId":405247287522140,"code":"SUCCESS"},{"adId":408361115911490,"code":"SUCCESS"},{"adId":497268761253893,"code":"SUCCESS"},{"adId":285603303107470,"code":"SUCCESS"},{"adId":309756373632007,"code":"SUCCESS"},{"adId":296711903627223,"code":"SUCCESS"},{"adId":545710160588370,"code":"SUCCESS"},{"adId":350353611519082,"code":"SUCCESS"},{"adId":477666882850485,"code":"SUCCESS"},{"adId":478390500464196,"code":"SUCCESS"},{"adId":405950195154398,"code":"SUCCESS"},{"adId":394476405374138,"code":"SUCCESS"},{"adId":400589388819742,"code":"SUCCESS"},{"adId":402187318610739,"code":"SUCCESS"},{"adId":540115796663014,"code":"SUCCESS"},{"adId":391805537638690,"code":"SUCCESS"},{"adId":396675750074734,"code":"SUCCESS"},{"adId":470244261081596,"code":"SUCCESS"},{"adId":300585525406267,"code":"SUCCESS"},{"adId":496287245001512,"code":"SUCCESS"},{"adId":397588525470052,"code":"SUCCESS"},{"adId":524990714850020,"code":"SUCCESS"},{"adId":319748467631539,"code":"SUCCESS"},{"adId":543609976526790,"code":"SUCCESS"},{"adId":506006498070130,"code":"SUCCESS"},{"adId":431460603711316,"code":"SUCCESS"},{"adId":289788907316150,"code":"SUCCESS"},{"adId":349870774231759,"code":"SUCCESS"},{"adId":530324285617744,"code":"SUCCESS"},{"adId":367946395574624,"code":"SUCCESS"},{"adId":503085811261855,"code":"SUCCESS"},{"adId":374106244529113,"code":"SUCCESS"},{"adId":371774145427149,"code":"SUCCESS"},{"adId":381512773329587,"code":"SUCCESS"},{"adId":471990216587776,"code":"SUCCESS"},{"adId":430153357511816,"code":"SUCCESS"},{"adId":561496017581387,"code":"SUCCESS"}]}
2026-09-14 08:10:03 - 暂停product成功：amazon_us_ifn 317370466150754
2026-09-14 08:10:03 - 暂停product成功：amazon_us_ifn 323466919490079
2026-09-14 08:10:03 - 暂停product成功：amazon_us_ifn 519738188628712
2026-09-14 08:10:03 - 暂停product成功：amazon_us_ifn 507044868770579
2026-09-14 08:10:03 - 暂停product成功：amazon_us_ifn 350917061883331
2026-09-14 08:10:03 - 暂停product成功：amazon_us_ifn 397599450784911
2026-09-14 08:10:03 - 暂停product成功：amazon_us_ifn 286684216412659
2026-09-14 08:10:03 - 暂停product成功：amazon_us_ifn 475050659634311
2026-09-14 08:10:03 - 暂停product成功：amazon_us_ifn 339325307965948
2026-09-14 08:10:03 - 暂停product成功：amazon_us_ifn 356349132393002
2026-09-14 08:10:03 - 暂停product成功：amazon_us_ifn 470693305422867
2026-09-14 08:10:03 - 暂停product成功：amazon_us_ifn 459750590573341
2026-09-14 08:10:03 - 暂停product成功：amazon_us_ifn 357471721242003
2026-09-14 08:10:03 - 暂停product成功：amazon_us_ifn 421568605167733
2026-09-14 08:10:03 - 暂停product成功：amazon_us_ifn 510534840979916
2026-09-14 08:10:03 - 暂停product成功：amazon_us_ifn 397398317425134
2026-09-14 08:10:03 - 暂停product成功：amazon_us_ifn 438265042419830
2026-09-14 08:10:03 - 暂停product成功：amazon_us_ifn 328867664994070
2026-09-14 08:10:03 - 暂停product成功：amazon_us_ifn 460788150510621
2026-09-14 08:10:03 - 暂停product成功：amazon_us_ifn 346410182836987
2026-09-14 08:10:03 - 暂停product成功：amazon_us_ifn 491831749343897
2026-09-14 08:10:03 - 暂停product成功：amazon_us_ifn 457429637898875
2026-09-14 08:10:03 - 暂停product成功：amazon_us_ifn 373156504187275
2026-09-14 08:10:03 - 暂停product成功：amazon_us_ifn 355697285860988
2026-09-14 08:10:03 - 暂停product成功：amazon_us_ifn 361689710786320
2026-09-14 08:10:03 - 暂停product成功：amazon_us_ifn 335851732627043
2026-09-14 08:10:03 - 暂停product成功：amazon_us_ifn 441269180985228
2026-09-14 08:10:03 - 暂停product成功：amazon_us_ifn 496813834007143
2026-09-14 08:10:03 - 暂停product成功：amazon_us_ifn 417517402906769
2026-09-14 08:10:03 - 暂停product成功：amazon_us_ifn 549180149682885
2026-09-14 08:10:03 - 暂停product成功：amazon_us_ifn 326252434517570
2026-09-14 08:10:03 - 暂停product成功：amazon_us_ifn 317052722212440
2026-09-14 08:10:03 - 暂停product成功：amazon_us_ifn 546470756290030
2026-09-14 08:10:03 - 暂停product成功：amazon_us_ifn 303068731626521
2026-09-14 08:10:03 - 暂停product成功：amazon_us_ifn 469103268761211
2026-09-14 08:10:03 - 暂停product成功：amazon_us_ifn 512891792683120
2026-09-14 08:10:03 - 暂停product成功：amazon_us_ifn 387390279827751
2026-09-14 08:10:03 - 暂停product成功：amazon_us_ifn 295198270638273
2026-09-14 08:10:03 - 暂停product成功：amazon_us_ifn 349325437657480
2026-09-14 08:10:03 - 暂停product成功：amazon_us_ifn 357711776835160
2026-09-14 08:10:03 - 暂停product成功：amazon_us_ifn 530321688594394
2026-09-14 08:10:03 - 暂停product成功：amazon_us_ifn 525158256947863
2026-09-14 08:10:03 - 暂停product成功：amazon_us_ifn 341991184890959
2026-09-14 08:10:03 - 暂停product成功：amazon_us_ifn 351114545826686
2026-09-14 08:10:03 - 暂停product成功：amazon_us_ifn 351567849412485
2026-09-14 08:10:03 - 暂停product成功：amazon_us_ifn 490844943914487
2026-09-14 08:10:03 - 暂停product成功：amazon_us_ifn 502997263339779
2026-09-14 08:10:03 - 暂停product成功：amazon_us_ifn 463902557789248
2026-09-14 08:10:03 - 暂停product成功：amazon_us_ifn 303885669468127
2026-09-14 08:10:03 - 暂停product成功：amazon_us_ifn 332504358609124
2026-09-14 08:10:03 - 暂停product成功：amazon_us_ifn 323637095265677
2026-09-14 08:10:03 - 暂停product成功：amazon_us_ifn 452867176669450
2026-09-14 08:10:03 - 暂停product成功：amazon_us_ifn 323651132761647
2026-09-14 08:10:03 - 暂停product成功：amazon_us_ifn 445676367024968
2026-09-14 08:10:03 - 暂停product成功：amazon_us_ifn 477978905928681
2026-09-14 08:10:03 - 暂停product成功：amazon_us_ifn 405127048917546
2026-09-14 08:10:03 - 暂停product成功：amazon_us_ifn 476303187378632
2026-09-14 08:10:03 - 暂停product成功：amazon_us_ifn 493788717422851
2026-09-14 08:10:03 - 暂停product成功：amazon_us_ifn 424545523608691
2026-09-14 08:10:03 - 暂停product成功：amazon_us_ifn 506718034531528
2026-09-14 08:10:03 - 暂停product成功：amazon_us_ifn 524898756473877
2026-09-14 08:10:03 - 暂停product成功：amazon_us_ifn 374913225768406
2026-09-14 08:10:03 - 暂停product成功：amazon_us_ifn 284261000853389
2026-09-14 08:10:03 - 暂停product成功：amazon_us_ifn 534693940971030
2026-09-14 08:10:03 - 暂停product成功：amazon_us_ifn 357237398169207
2026-09-14 08:10:03 - 暂停product成功：amazon_us_ifn 554672026106490
2026-09-14 08:10:03 - 暂停product成功：amazon_us_ifn 558262809323861
2026-09-14 08:10:03 - 暂停product成功：amazon_us_ifn 358883072520565
2026-09-14 08:10:03 - 暂停product成功：amazon_us_ifn 309688286503778
2026-09-14 08:10:03 - 暂停product成功：amazon_us_ifn 547051864707966
2026-09-14 08:10:03 - 暂停product成功：amazon_us_ifn 416715693402730
2026-09-14 08:10:03 - 暂停product成功：amazon_us_ifn 414501796530626
2026-09-14 08:10:03 - 暂停product成功：amazon_us_ifn 442333447586348
2026-09-14 08:10:03 - 暂停product成功：amazon_us_ifn 489261720759171
2026-09-14 08:10:03 - 暂停product成功：amazon_us_ifn 538617666270807
2026-09-14 08:10:03 - 暂停product成功：amazon_us_ifn 550187343322220
2026-09-14 08:10:03 - 暂停product成功：amazon_us_ifn 407535713906008
2026-09-14 08:10:03 - 暂停product成功：amazon_us_ifn 561788284170337
2026-09-14 08:10:03 - 暂停product成功：amazon_us_ifn 510148441306950
2026-09-14 08:10:03 - 暂停product成功：amazon_us_ifn 352085104082284
2026-09-14 08:10:03 - 暂停product成功：amazon_us_ifn 491696818421123
2026-09-14 08:10:03 - 暂停product成功：amazon_us_ifn 561059751818010
2026-09-14 08:10:03 - 暂停product成功：amazon_us_ifn 283201888408109
2026-09-14 08:10:03 - 暂停product成功：amazon_us_ifn 421910745258662
2026-09-14 08:10:03 - 暂停product成功：amazon_us_ifn 326185805543030
2026-09-14 08:10:03 - 暂停product成功：amazon_us_ifn 422189848903715
2026-09-14 08:10:03 - 暂停product成功：amazon_us_ifn 338823043396954
2026-09-14 08:10:03 - 暂停product成功：amazon_us_ifn 546197934073210
2026-09-14 08:10:03 - 暂停product成功：amazon_us_ifn 428281390535858
2026-09-14 08:10:03 - 暂停product成功：amazon_us_ifn 305230058011155
2026-09-14 08:10:03 - 暂停product成功：amazon_us_ifn 425055105189959
2026-09-14 08:10:03 - 暂停product成功：amazon_us_ifn 520660725824901
2026-09-14 08:10:03 - 暂停product成功：amazon_us_ifn 294448947271543
2026-09-14 08:10:03 - 暂停product成功：amazon_us_ifn 490211341051497
2026-09-14 08:10:03 - 暂停product成功：amazon_us_ifn 374391647327961
2026-09-14 08:10:03 - 暂停product成功：amazon_us_ifn 428484425963355
2026-09-14 08:10:03 - 暂停product成功：amazon_us_ifn 425528312719613
2026-09-14 08:10:03 - 暂停product成功：amazon_us_ifn 335981773406691
2026-09-14 08:10:03 - 暂停product成功：amazon_us_ifn 458783785221401
2026-09-14 08:10:03 - 暂停product成功：amazon_us_ifn 422611716615314
2026-09-14 08:10:03 - 暂停product成功：amazon_us_ifn 511895453154800
2026-09-14 08:10:03 - 暂停product成功：amazon_us_ifn 450879305637951
2026-09-14 08:10:03 - 暂停product成功：amazon_us_ifn 468282675457610
2026-09-14 08:10:03 - 暂停product成功：amazon_us_ifn 303491310342090
2026-09-14 08:10:03 - 暂停product成功：amazon_us_ifn 463770825779866
2026-09-14 08:10:03 - 暂停product成功：amazon_us_ifn 451464323276137
2026-09-14 08:10:03 - 暂停product成功：amazon_us_ifn 499859145222321
2026-09-14 08:10:03 - 暂停product成功：amazon_us_ifn 336309970758923
2026-09-14 08:10:03 - 暂停product成功：amazon_us_ifn 461241257699291
2026-09-14 08:10:03 - 暂停product成功：amazon_us_ifn 398134073585667
2026-09-14 08:10:03 - 暂停product成功：amazon_us_ifn 430531400829559
2026-09-14 08:10:03 - 暂停product成功：amazon_us_ifn 553397919324575
2026-09-14 08:10:03 - 暂停product成功：amazon_us_ifn 296451574687661
2026-09-14 08:10:03 - 暂停product成功：amazon_us_ifn 485132339262997
2026-09-14 08:10:03 - 暂停product成功：amazon_us_ifn 322188921263106
2026-09-14 08:10:03 - 暂停product成功：amazon_us_ifn 316917662918017
2026-09-14 08:10:03 - 暂停product成功：amazon_us_ifn 402816538092080
2026-09-14 08:10:03 - 暂停product成功：amazon_us_ifn 299985602004079
2026-09-14 08:10:03 - 暂停product成功：amazon_us_ifn 372123639711575
2026-09-14 08:10:03 - 暂停product成功：amazon_us_ifn 322952247973772
2026-09-14 08:10:03 - 暂停product成功：amazon_us_ifn 531949234576933
2026-09-14 08:10:03 - 暂停product成功：amazon_us_ifn 380335062442005
2026-09-14 08:10:03 - 暂停product成功：amazon_us_ifn 323145495259516
2026-09-14 08:10:03 - 暂停product成功：amazon_us_ifn 309886140300875
2026-09-14 08:10:03 - 暂停product成功：amazon_us_ifn 334481692435772
2026-09-14 08:10:03 - 暂停product成功：amazon_us_ifn 508624398519393
2026-09-14 08:10:03 - 暂停product成功：amazon_us_ifn 534193453533822
2026-09-14 08:10:03 - 暂停product成功：amazon_us_ifn 555830575299232
2026-09-14 08:10:03 - 暂停product成功：amazon_us_ifn 412140202772975
2026-09-14 08:10:03 - 暂停product成功：amazon_us_ifn 337939384889522
2026-09-14 08:10:03 - 暂停product成功：amazon_us_ifn 391794172535901
2026-09-14 08:10:03 - 暂停product成功：amazon_us_ifn 374864243356110
2026-09-14 08:10:03 - 暂停product成功：amazon_us_ifn 431108323354768
2026-09-14 08:10:03 - 暂停product成功：amazon_us_ifn 390318321462859
2026-09-14 08:10:03 - 暂停product成功：amazon_us_ifn 525251567687549
2026-09-14 08:10:03 - 暂停product成功：amazon_us_ifn 368899865248341
2026-09-14 08:10:03 - 暂停product成功：amazon_us_ifn 349243762030321
2026-09-14 08:10:03 - 暂停product成功：amazon_us_ifn 303424489557531
2026-09-14 08:10:03 - 暂停product成功：amazon_us_ifn 293565352545626
2026-09-14 08:10:03 - 暂停product成功：amazon_us_ifn 405247287522140
2026-09-14 08:10:03 - 暂停product成功：amazon_us_ifn 408361115911490
2026-09-14 08:10:03 - 暂停product成功：amazon_us_ifn 497268761253893
2026-09-14 08:10:03 - 暂停product成功：amazon_us_ifn 285603303107470
2026-09-14 08:10:03 - 暂停product成功：amazon_us_ifn 309756373632007
2026-09-14 08:10:03 - 暂停product成功：amazon_us_ifn 296711903627223
2026-09-14 08:10:03 - 暂停product成功：amazon_us_ifn 545710160588370
2026-09-14 08:10:03 - 暂停product成功：amazon_us_ifn 350353611519082
2026-09-14 08:10:03 - 暂停product成功：amazon_us_ifn 477666882850485
2026-09-14 08:10:03 - 暂停product成功：amazon_us_ifn 478390500464196
2026-09-14 08:10:03 - 暂停product成功：amazon_us_ifn 405950195154398
2026-09-14 08:10:03 - 暂停product成功：amazon_us_ifn 394476405374138
2026-09-14 08:10:03 - 暂停product成功：amazon_us_ifn 400589388819742
2026-09-14 08:10:03 - 暂停product成功：amazon_us_ifn 402187318610739
2026-09-14 08:10:03 - 暂停product成功：amazon_us_ifn 540115796663014
2026-09-14 08:10:03 - 暂停product成功：amazon_us_ifn 391805537638690
2026-09-14 08:10:03 - 暂停product成功：amazon_us_ifn 396675750074734
2026-09-14 08:10:03 - 暂停product成功：amazon_us_ifn 470244261081596
2026-09-14 08:10:03 - 暂停product成功：amazon_us_ifn 300585525406267
2026-09-14 08:10:03 - 暂停product成功：amazon_us_ifn 496287245001512
2026-09-14 08:10:03 - 暂停product成功：amazon_us_ifn 397588525470052
2026-09-14 08:10:03 - 暂停product成功：amazon_us_ifn 524990714850020
2026-09-14 08:10:03 - 暂停product成功：amazon_us_ifn 319748467631539
2026-09-14 08:10:03 - 暂停product成功：amazon_us_ifn 543609976526790
2026-09-14 08:10:03 - 暂停product成功：amazon_us_ifn 506006498070130
2026-09-14 08:10:03 - 暂停product成功：amazon_us_ifn 431460603711316
2026-09-14 08:10:03 - 暂停product成功：amazon_us_ifn 289788907316150
2026-09-14 08:10:03 - 暂停product成功：amazon_us_ifn 349870774231759
2026-09-14 08:10:03 - 暂停product成功：amazon_us_ifn 530324285617744
2026-09-14 08:10:03 - 暂停product成功：amazon_us_ifn 367946395574624
2026-09-14 08:10:03 - 暂停product成功：amazon_us_ifn 503085811261855
2026-09-14 08:10:03 - 暂停product成功：amazon_us_ifn 374106244529113
2026-09-14 08:10:03 - 暂停product成功：amazon_us_ifn 371774145427149
2026-09-14 08:10:03 - 暂停product成功：amazon_us_ifn 381512773329587
2026-09-14 08:10:03 - 暂停product成功：amazon_us_ifn 471990216587776
2026-09-14 08:10:03 - 暂停product成功：amazon_us_ifn 430153357511816
2026-09-14 08:10:03 - 暂停product成功：amazon_us_ifn 561496017581387
2026-09-14 08:10:05 - batchMongoUpdateProduct：共154条，成功154条，失败0条
2026-09-14 08:10:07 - {"status":"success","message":"success","data":[{"adId":427129916246700,"code":"SUCCESS"},{"adId":455602567611827,"code":"SUCCESS"},{"adId":364109271554077,"code":"SUCCESS"},{"adId":342037537913527,"code":"SUCCESS"},{"adId":471333308418147,"code":"SUCCESS"},{"adId":483513264205045,"code":"SUCCESS"},{"adId":417126562732502,"code":"SUCCESS"},{"adId":351769636145906,"code":"SUCCESS"},{"adId":327637291577604,"code":"SUCCESS"},{"adId":454713882397849,"code":"SUCCESS"},{"adId":538687915758604,"code":"SUCCESS"},{"adId":355966799786525,"code":"SUCCESS"},{"adId":363537545923437,"code":"SUCCESS"},{"adId":318296965676000,"code":"SUCCESS"},{"adId":384689715806155,"code":"SUCCESS"},{"adId":561038652360937,"code":"SUCCESS"},{"adId":531799263075862,"code":"SUCCESS"},{"adId":395217103170442,"code":"SUCCESS"},{"adId":365729610766709,"code":"SUCCESS"},{"adId":544219847767273,"code":"SUCCESS"},{"adId":336705943804300,"code":"SUCCESS"},{"adId":337185070782298,"code":"SUCCESS"},{"adId":542585633908587,"code":"SUCCESS"},{"adId":388447068913618,"code":"SUCCESS"},{"adId":292788530928982,"code":"SUCCESS"},{"adId":369394198073714,"code":"SUCCESS"},{"adId":535297619768658,"code":"SUCCESS"},{"adId":324369891762788,"code":"SUCCESS"},{"adId":389196585559303,"code":"SUCCESS"},{"adId":495916084002821,"code":"SUCCESS"},{"adId":320780399343429,"code":"SUCCESS"},{"adId":558662625150460,"code":"SUCCESS"},{"adId":501447805849625,"code":"SUCCESS"},{"adId":397670338874226,"code":"SUCCESS"},{"adId":295958441797438,"code":"SUCCESS"},{"adId":453424008354305,"code":"SUCCESS"},{"adId":491484902364278,"code":"SUCCESS"},{"adId":527612973982574,"code":"SUCCESS"},{"adId":471513119704169,"code":"SUCCESS"},{"adId":297214046803992,"code":"SUCCESS"},{"adId":393134135995078,"code":"SUCCESS"},{"adId":415427424263987,"code":"SUCCESS"},{"adId":394760923369511,"code":"SUCCESS"},{"adId":521210971342824,"code":"SUCCESS"},{"adId":545396749257381,"code":"SUCCESS"},{"adId":536618014770196,"code":"SUCCESS"},{"adId":314910633385915,"code":"SUCCESS"},{"adId":502213622766416,"code":"SUCCESS"},{"adId":513302707209303,"code":"SUCCESS"},{"adId":478907928746392,"code":"SUCCESS"},{"adId":481899462729879,"code":"SUCCESS"},{"adId":344234293413067,"code":"SUCCESS"},{"adId":315465245959083,"code":"SUCCESS"},{"adId":441615808170580,"code":"SUCCESS"},{"adId":460147954592373,"code":"SUCCESS"},{"adId":405165644328391,"code":"SUCCESS"},{"adId":333694486346587,"code":"SUCCESS"},{"adId":429913414741631,"code":"SUCCESS"},{"adId":453413811033257,"code":"SUCCESS"},{"adId":482867566736165,"code":"SUCCESS"},{"adId":336427260163528,"code":"SUCCESS"},{"adId":470601372270822,"code":"SUCCESS"},{"adId":421557357898959,"code":"SUCCESS"},{"adId":290348472653836,"code":"SUCCESS"},{"adId":419320980910524,"code":"SUCCESS"},{"adId":500935356512361,"code":"SUCCESS"},{"adId":490242714661117,"code":"SUCCESS"},{"adId":287762753426609,"code":"SUCCESS"},{"adId":454247218512990,"code":"SUCCESS"},{"adId":410637515456775,"code":"SUCCESS"},{"adId":555575414118592,"code":"SUCCESS"},{"adId":485526941324152,"code":"SUCCESS"},{"adId":455590265989016,"code":"SUCCESS"},{"adId":465765491412473,"code":"SUCCESS"},{"adId":430510024733238,"code":"SUCCESS"},{"adId":490054390410306,"code":"SUCCESS"},{"adId":355242750529085,"code":"SUCCESS"},{"adId":402645628283937,"code":"SUCCESS"},{"adId":282623025239666,"code":"SUCCESS"},{"adId":496777396864804,"code":"SUCCESS"},{"adId":304654762145730,"code":"SUCCESS"},{"adId":506677509806189,"code":"SUCCESS"},{"adId":285577856332710,"code":"SUCCESS"},{"adId":363741718675590,"code":"SUCCESS"},{"adId":360553274320468,"code":"SUCCESS"},{"adId":370775738652466,"code":"SUCCESS"},{"adId":451511695972990,"code":"SUCCESS"},{"adId":428897868350222,"code":"SUCCESS"},{"adId":295307585456176,"code":"SUCCESS"},{"adId":318435174467138,"code":"SUCCESS"},{"adId":356663831754052,"code":"SUCCESS"},{"adId":492242007746211,"code":"SUCCESS"},{"adId":549225164450489,"code":"SUCCESS"},{"adId":282319157836818,"code":"SUCCESS"},{"adId":283932837249084,"code":"SUCCESS"},{"adId":470091348190148,"code":"SUCCESS"},{"adId":526752844195781,"code":"SUCCESS"},{"adId":536106114666756,"code":"SUCCESS"},{"adId":411274022916190,"code":"SUCCESS"},{"adId":392907908148423,"code":"SUCCESS"},{"adId":476652275572892,"code":"SUCCESS"},{"adId":485329325802979,"code":"SUCCESS"},{"adId":441286650101932,"code":"SUCCESS"},{"adId":382572341817198,"code":"SUCCESS"},{"adId":461442888959849,"code":"SUCCESS"},{"adId":340999495766838,"code":"SUCCESS"},{"adId":531369434515918,"code":"SUCCESS"},{"adId":286830019676976,"code":"SUCCESS"},{"adId":407726547945875,"code":"SUCCESS"},{"adId":443769287946832,"code":"SUCCESS"},{"adId":528973794819576,"code":"SUCCESS"},{"adId":398205353518301,"code":"SUCCESS"},{"adId":560233465194769,"code":"SUCCESS"},{"adId":442686415382907,"code":"SUCCESS"},{"adId":459410469719846,"code":"SUCCESS"},{"adId":371097710731183,"code":"SUCCESS"},{"adId":445289210027261,"code":"SUCCESS"},{"adId":332433013685072,"code":"SUCCESS"},{"adId":401064260333161,"code":"SUCCESS"},{"adId":383350393591804,"code":"SUCCESS"},{"adId":293897790113108,"code":"SUCCESS"},{"adId":320501561797612,"code":"SUCCESS"},{"adId":403741435963634,"code":"SUCCESS"}]}
2026-09-14 08:10:07 - 暂停product成功：amazon_uk2 427129916246700
2026-09-14 08:10:07 - 暂停product成功：amazon_uk2 455602567611827
2026-09-14 08:10:07 - 暂停product成功：amazon_uk2 364109271554077
2026-09-14 08:10:07 - 暂停product成功：amazon_uk2 342037537913527
2026-09-14 08:10:07 - 暂停product成功：amazon_uk2 471333308418147
2026-09-14 08:10:07 - 暂停product成功：amazon_uk2 483513264205045
2026-09-14 08:10:07 - 暂停product成功：amazon_uk2 417126562732502
2026-09-14 08:10:07 - 暂停product成功：amazon_uk2 351769636145906
2026-09-14 08:10:07 - 暂停product成功：amazon_uk2 327637291577604
2026-09-14 08:10:07 - 暂停product成功：amazon_uk2 454713882397849
2026-09-14 08:10:07 - 暂停product成功：amazon_uk2 538687915758604
2026-09-14 08:10:07 - 暂停product成功：amazon_uk2 355966799786525
2026-09-14 08:10:07 - 暂停product成功：amazon_uk2 363537545923437
2026-09-14 08:10:07 - 暂停product成功：amazon_uk2 318296965676000
2026-09-14 08:10:07 - 暂停product成功：amazon_uk2 384689715806155
2026-09-14 08:10:07 - 暂停product成功：amazon_uk2 561038652360937
2026-09-14 08:10:07 - 暂停product成功：amazon_uk2 531799263075862
2026-09-14 08:10:07 - 暂停product成功：amazon_uk2 395217103170442
2026-09-14 08:10:07 - 暂停product成功：amazon_uk2 365729610766709
2026-09-14 08:10:07 - 暂停product成功：amazon_uk2 544219847767273
2026-09-14 08:10:07 - 暂停product成功：amazon_uk2 336705943804300
2026-09-14 08:10:07 - 暂停product成功：amazon_uk2 337185070782298
2026-09-14 08:10:07 - 暂停product成功：amazon_uk2 542585633908587
2026-09-14 08:10:07 - 暂停product成功：amazon_uk2 388447068913618
2026-09-14 08:10:07 - 暂停product成功：amazon_uk2 292788530928982
2026-09-14 08:10:07 - 暂停product成功：amazon_uk2 369394198073714
2026-09-14 08:10:07 - 暂停product成功：amazon_uk2 535297619768658
2026-09-14 08:10:07 - 暂停product成功：amazon_uk2 324369891762788
2026-09-14 08:10:07 - 暂停product成功：amazon_uk2 389196585559303
2026-09-14 08:10:07 - 暂停product成功：amazon_uk2 495916084002821
2026-09-14 08:10:07 - 暂停product成功：amazon_uk2 320780399343429
2026-09-14 08:10:07 - 暂停product成功：amazon_uk2 558662625150460
2026-09-14 08:10:07 - 暂停product成功：amazon_uk2 501447805849625
2026-09-14 08:10:07 - 暂停product成功：amazon_uk2 397670338874226
2026-09-14 08:10:07 - 暂停product成功：amazon_uk2 295958441797438
2026-09-14 08:10:07 - 暂停product成功：amazon_uk2 453424008354305
2026-09-14 08:10:07 - 暂停product成功：amazon_uk2 491484902364278
2026-09-14 08:10:07 - 暂停product成功：amazon_uk2 527612973982574
2026-09-14 08:10:07 - 暂停product成功：amazon_uk2 471513119704169
2026-09-14 08:10:07 - 暂停product成功：amazon_uk2 297214046803992
2026-09-14 08:10:07 - 暂停product成功：amazon_uk2 393134135995078
2026-09-14 08:10:07 - 暂停product成功：amazon_uk2 415427424263987
2026-09-14 08:10:07 - 暂停product成功：amazon_uk2 394760923369511
2026-09-14 08:10:07 - 暂停product成功：amazon_uk2 521210971342824
2026-09-14 08:10:07 - 暂停product成功：amazon_uk2 545396749257381
2026-09-14 08:10:07 - 暂停product成功：amazon_uk2 536618014770196
2026-09-14 08:10:07 - 暂停product成功：amazon_uk2 314910633385915
2026-09-14 08:10:07 - 暂停product成功：amazon_uk2 502213622766416
2026-09-14 08:10:07 - 暂停product成功：amazon_uk2 513302707209303
2026-09-14 08:10:07 - 暂停product成功：amazon_uk2 478907928746392
2026-09-14 08:10:07 - 暂停product成功：amazon_uk2 481899462729879
2026-09-14 08:10:07 - 暂停product成功：amazon_uk2 344234293413067
2026-09-14 08:10:07 - 暂停product成功：amazon_uk2 315465245959083
2026-09-14 08:10:07 - 暂停product成功：amazon_uk2 441615808170580
2026-09-14 08:10:07 - 暂停product成功：amazon_uk2 460147954592373
2026-09-14 08:10:07 - 暂停product成功：amazon_uk2 405165644328391
2026-09-14 08:10:07 - 暂停product成功：amazon_uk2 333694486346587
2026-09-14 08:10:07 - 暂停product成功：amazon_uk2 429913414741631
2026-09-14 08:10:07 - 暂停product成功：amazon_uk2 453413811033257
2026-09-14 08:10:07 - 暂停product成功：amazon_uk2 482867566736165
2026-09-14 08:10:07 - 暂停product成功：amazon_uk2 336427260163528
2026-09-14 08:10:07 - 暂停product成功：amazon_uk2 470601372270822
2026-09-14 08:10:07 - 暂停product成功：amazon_uk2 421557357898959
2026-09-14 08:10:07 - 暂停product成功：amazon_uk2 290348472653836
2026-09-14 08:10:07 - 暂停product成功：amazon_uk2 419320980910524
2026-09-14 08:10:07 - 暂停product成功：amazon_uk2 500935356512361
2026-09-14 08:10:07 - 暂停product成功：amazon_uk2 490242714661117
2026-09-14 08:10:07 - 暂停product成功：amazon_uk2 287762753426609
2026-09-14 08:10:07 - 暂停product成功：amazon_uk2 454247218512990
2026-09-14 08:10:07 - 暂停product成功：amazon_uk2 410637515456775
2026-09-14 08:10:07 - 暂停product成功：amazon_uk2 555575414118592
2026-09-14 08:10:07 - 暂停product成功：amazon_uk2 485526941324152
2026-09-14 08:10:07 - 暂停product成功：amazon_uk2 455590265989016
2026-09-14 08:10:07 - 暂停product成功：amazon_uk2 465765491412473
2026-09-14 08:10:07 - 暂停product成功：amazon_uk2 430510024733238
2026-09-14 08:10:07 - 暂停product成功：amazon_uk2 490054390410306
2026-09-14 08:10:07 - 暂停product成功：amazon_uk2 355242750529085
2026-09-14 08:10:07 - 暂停product成功：amazon_uk2 402645628283937
2026-09-14 08:10:07 - 暂停product成功：amazon_uk2 282623025239666
2026-09-14 08:10:07 - 暂停product成功：amazon_uk2 496777396864804
2026-09-14 08:10:07 - 暂停product成功：amazon_uk2 304654762145730
2026-09-14 08:10:07 - 暂停product成功：amazon_uk2 506677509806189
2026-09-14 08:10:07 - 暂停product成功：amazon_uk2 285577856332710
2026-09-14 08:10:07 - 暂停product成功：amazon_uk2 363741718675590
2026-09-14 08:10:07 - 暂停product成功：amazon_uk2 360553274320468
2026-09-14 08:10:07 - 暂停product成功：amazon_uk2 370775738652466
2026-09-14 08:10:07 - 暂停product成功：amazon_uk2 451511695972990
2026-09-14 08:10:07 - 暂停product成功：amazon_uk2 428897868350222
2026-09-14 08:10:07 - 暂停product成功：amazon_uk2 295307585456176
2026-09-14 08:10:07 - 暂停product成功：amazon_uk2 318435174467138
2026-09-14 08:10:07 - 暂停product成功：amazon_uk2 356663831754052
2026-09-14 08:10:07 - 暂停product成功：amazon_uk2 492242007746211
2026-09-14 08:10:07 - 暂停product成功：amazon_uk2 549225164450489
2026-09-14 08:10:07 - 暂停product成功：amazon_uk2 282319157836818
2026-09-14 08:10:07 - 暂停product成功：amazon_uk2 283932837249084
2026-09-14 08:10:07 - 暂停product成功：amazon_uk2 470091348190148
2026-09-14 08:10:07 - 暂停product成功：amazon_uk2 526752844195781
2026-09-14 08:10:07 - 暂停product成功：amazon_uk2 536106114666756
2026-09-14 08:10:07 - 暂停product成功：amazon_uk2 411274022916190
2026-09-14 08:10:07 - 暂停product成功：amazon_uk2 392907908148423
2026-09-14 08:10:07 - 暂停product成功：amazon_uk2 476652275572892
2026-09-14 08:10:07 - 暂停product成功：amazon_uk2 485329325802979
2026-09-14 08:10:07 - 暂停product成功：amazon_uk2 441286650101932
2026-09-14 08:10:07 - 暂停product成功：amazon_uk2 382572341817198
2026-09-14 08:10:07 - 暂停product成功：amazon_uk2 461442888959849
2026-09-14 08:10:07 - 暂停product成功：amazon_uk2 340999495766838
2026-09-14 08:10:07 - 暂停product成功：amazon_uk2 531369434515918
2026-09-14 08:10:07 - 暂停product成功：amazon_uk2 286830019676976
2026-09-14 08:10:07 - 暂停product成功：amazon_uk2 407726547945875
2026-09-14 08:10:07 - 暂停product成功：amazon_uk2 443769287946832
2026-09-14 08:10:07 - 暂停product成功：amazon_uk2 528973794819576
2026-09-14 08:10:07 - 暂停product成功：amazon_uk2 398205353518301
2026-09-14 08:10:07 - 暂停product成功：amazon_uk2 560233465194769
2026-09-14 08:10:07 - 暂停product成功：amazon_uk2 442686415382907
2026-09-14 08:10:07 - 暂停product成功：amazon_uk2 459410469719846
2026-09-14 08:10:07 - 暂停product成功：amazon_uk2 371097710731183
2026-09-14 08:10:07 - 暂停product成功：amazon_uk2 445289210027261
2026-09-14 08:10:07 - 暂停product成功：amazon_uk2 332433013685072
2026-09-14 08:10:07 - 暂停product成功：amazon_uk2 401064260333161
2026-09-14 08:10:07 - 暂停product成功：amazon_uk2 383350393591804
2026-09-14 08:10:07 - 暂停product成功：amazon_uk2 293897790113108
2026-09-14 08:10:07 - 暂停product成功：amazon_uk2 320501561797612
2026-09-14 08:10:07 - 暂停product成功：amazon_uk2 403741435963634
2026-09-14 08:10:08 - batchMongoUpdateProduct：共75条，成功75条，失败0条
2026-09-14 08:10:10 - {"status":"success","message":"success","data":[{"adId":293014730314386,"code":"SUCCESS"},{"adId":532770968439339,"code":"SUCCESS"},{"adId":286207037075810,"code":"SUCCESS"},{"adId":415750767580425,"code":"SUCCESS"},{"adId":378983860888083,"code":"SUCCESS"},{"adId":516433643980304,"code":"SUCCESS"},{"adId":282010273732830,"code":"SUCCESS"},{"adId":394823138676556,"code":"SUCCESS"},{"adId":498192613923549,"code":"SUCCESS"},{"adId":363426233992901,"code":"SUCCESS"},{"adId":339722052070908,"code":"SUCCESS"},{"adId":449093801200547,"code":"SUCCESS"},{"adId":342766846982585,"code":"SUCCESS"},{"adId":316373507137196,"code":"SUCCESS"},{"adId":326789246943752,"code":"SUCCESS"},{"adId":546695486131796,"code":"SUCCESS"},{"adId":372602028935359,"code":"SUCCESS"},{"adId":349688488614829,"code":"SUCCESS"},{"adId":458277452135931,"code":"SUCCESS"},{"adId":554866295953508,"code":"SUCCESS"},{"adId":456528920783699,"code":"SUCCESS"},{"adId":292777356603324,"code":"SUCCESS"},{"adId":384789589208038,"code":"SUCCESS"},{"adId":529781694964283,"code":"SUCCESS"},{"adId":299002636569481,"code":"SUCCESS"},{"adId":312189037844141,"code":"SUCCESS"},{"adId":318352887442771,"code":"SUCCESS"}]}
2026-09-14 08:10:10 - 暂停product成功：amazon_us_lift 293014730314386
2026-09-14 08:10:10 - 暂停product成功：amazon_us_lift 532770968439339
2026-09-14 08:10:10 - 暂停product成功：amazon_us_lift 286207037075810
2026-09-14 08:10:10 - 暂停product成功：amazon_us_lift 415750767580425
2026-09-14 08:10:10 - 暂停product成功：amazon_us_lift 378983860888083
2026-09-14 08:10:10 - 暂停product成功：amazon_us_lift 516433643980304
2026-09-14 08:10:10 - 暂停product成功：amazon_us_lift 282010273732830
2026-09-14 08:10:10 - 暂停product成功：amazon_us_lift 394823138676556
2026-09-14 08:10:10 - 暂停product成功：amazon_us_lift 498192613923549
2026-09-14 08:10:10 - 暂停product成功：amazon_us_lift 363426233992901
2026-09-14 08:10:10 - 暂停product成功：amazon_us_lift 339722052070908
2026-09-14 08:10:10 - 暂停product成功：amazon_us_lift 449093801200547
2026-09-14 08:10:10 - 暂停product成功：amazon_us_lift 342766846982585
2026-09-14 08:10:10 - 暂停product成功：amazon_us_lift 316373507137196
2026-09-14 08:10:10 - 暂停product成功：amazon_us_lift 326789246943752
2026-09-14 08:10:10 - 暂停product成功：amazon_us_lift 546695486131796
2026-09-14 08:10:10 - 暂停product成功：amazon_us_lift 372602028935359
2026-09-14 08:10:10 - 暂停product成功：amazon_us_lift 349688488614829
2026-09-14 08:10:10 - 暂停product成功：amazon_us_lift 458277452135931
2026-09-14 08:10:10 - 暂停product成功：amazon_us_lift 554866295953508
2026-09-14 08:10:10 - 暂停product成功：amazon_us_lift 456528920783699
2026-09-14 08:10:10 - 暂停product成功：amazon_us_lift 292777356603324
2026-09-14 08:10:10 - 暂停product成功：amazon_us_lift 384789589208038
2026-09-14 08:10:10 - 暂停product成功：amazon_us_lift 529781694964283
2026-09-14 08:10:10 - 暂停product成功：amazon_us_lift 299002636569481
2026-09-14 08:10:10 - 暂停product成功：amazon_us_lift 312189037844141
2026-09-14 08:10:10 - 暂停product成功：amazon_us_lift 318352887442771
2026-09-14 08:10:10 - batchMongoUpdateProduct：共22条，成功22条，失败0条
2026-09-14 08:10:12 - {"status":"success","message":"success","data":[{"adId":481391622587015,"code":"SUCCESS"},{"adId":426556077283500,"code":"SUCCESS"},{"adId":425794735065372,"code":"SUCCESS"},{"adId":403296903767605,"code":"SUCCESS"},{"adId":423640501370983,"code":"SUCCESS"},{"adId":402362929329306,"code":"SUCCESS"},{"adId":306617262105618,"code":"SUCCESS"},{"adId":355791711844727,"code":"SUCCESS"},{"adId":545888421853065,"code":"SUCCESS"},{"adId":507402021672306,"code":"SUCCESS"},{"adId":413560688838968,"code":"SUCCESS"},{"adId":417753059432783,"code":"SUCCESS"},{"adId":439335067862376,"code":"SUCCESS"},{"adId":465367833978270,"code":"SUCCESS"},{"adId":497369832651270,"code":"SUCCESS"},{"adId":545843598420622,"code":"SUCCESS"},{"adId":487683370805841,"code":"SUCCESS"},{"adId":443556940206901,"code":"SUCCESS"},{"adId":309199456255876,"code":"SUCCESS"},{"adId":432253664955602,"code":"SUCCESS"},{"adId":423739986238196,"code":"SUCCESS"},{"adId":502580991005389,"code":"SUCCESS"},{"adId":406131930837032,"code":"SUCCESS"},{"adId":319802054582508,"code":"SUCCESS"},{"adId":447821086031494,"code":"SUCCESS"},{"adId":499082000673559,"code":"SUCCESS"},{"adId":517144042920155,"code":"SUCCESS"},{"adId":292328386603377,"code":"SUCCESS"},{"adId":328229238653248,"code":"SUCCESS"},{"adId":435362907056969,"code":"SUCCESS"},{"adId":346797580972038,"code":"SUCCESS"},{"adId":378915396917871,"code":"SUCCESS"},{"adId":286942261832836,"code":"SUCCESS"},{"adId":364399529655829,"code":"SUCCESS"},{"adId":286383647224929,"code":"SUCCESS"},{"adId":400933403112599,"code":"SUCCESS"},{"adId":515546758243056,"code":"SUCCESS"},{"adId":300412085882770,"code":"SUCCESS"},{"adId":506484044434545,"code":"SUCCESS"},{"adId":341078207518406,"code":"SUCCESS"}]}
2026-09-14 08:10:12 - 暂停product成功：amazon_us_swi 481391622587015
2026-09-14 08:10:12 - 暂停product成功：amazon_us_swi 426556077283500
2026-09-14 08:10:12 - 暂停product成功：amazon_us_swi 425794735065372
2026-09-14 08:10:12 - 暂停product成功：amazon_us_swi 403296903767605
2026-09-14 08:10:12 - 暂停product成功：amazon_us_swi 423640501370983
2026-09-14 08:10:12 - 暂停product成功：amazon_us_swi 402362929329306
2026-09-14 08:10:12 - 暂停product成功：amazon_us_swi 306617262105618
2026-09-14 08:10:12 - 暂停product成功：amazon_us_swi 355791711844727
2026-09-14 08:10:12 - 暂停product成功：amazon_us_swi 545888421853065
2026-09-14 08:10:12 - 暂停product成功：amazon_us_swi 507402021672306
2026-09-14 08:10:12 - 暂停product成功：amazon_us_swi 413560688838968
2026-09-14 08:10:12 - 暂停product成功：amazon_us_swi 417753059432783
2026-09-14 08:10:12 - 暂停product成功：amazon_us_swi 439335067862376
2026-09-14 08:10:12 - 暂停product成功：amazon_us_swi 465367833978270
2026-09-14 08:10:12 - 暂停product成功：amazon_us_swi 497369832651270
2026-09-14 08:10:12 - 暂停product成功：amazon_us_swi 545843598420622
2026-09-14 08:10:12 - 暂停product成功：amazon_us_swi 487683370805841
2026-09-14 08:10:12 - 暂停product成功：amazon_us_swi 443556940206901
2026-09-14 08:10:12 - 暂停product成功：amazon_us_swi 309199456255876
2026-09-14 08:10:12 - 暂停product成功：amazon_us_swi 432253664955602
2026-09-14 08:10:12 - 暂停product成功：amazon_us_swi 423739986238196
2026-09-14 08:10:12 - 暂停product成功：amazon_us_swi 502580991005389
2026-09-14 08:10:12 - 暂停product成功：amazon_us_swi 406131930837032
2026-09-14 08:10:12 - 暂停product成功：amazon_us_swi 319802054582508
2026-09-14 08:10:12 - 暂停product成功：amazon_us_swi 447821086031494
2026-09-14 08:10:12 - 暂停product成功：amazon_us_swi 499082000673559
2026-09-14 08:10:12 - 暂停product成功：amazon_us_swi 517144042920155
2026-09-14 08:10:12 - 暂停product成功：amazon_us_swi 292328386603377
2026-09-14 08:10:12 - 暂停product成功：amazon_us_swi 328229238653248
2026-09-14 08:10:12 - 暂停product成功：amazon_us_swi 435362907056969
2026-09-14 08:10:12 - 暂停product成功：amazon_us_swi 346797580972038
2026-09-14 08:10:12 - 暂停product成功：amazon_us_swi 378915396917871
2026-09-14 08:10:12 - 暂停product成功：amazon_us_swi 286942261832836
2026-09-14 08:10:12 - 暂停product成功：amazon_us_swi 364399529655829
2026-09-14 08:10:12 - 暂停product成功：amazon_us_swi 286383647224929
2026-09-14 08:10:12 - 暂停product成功：amazon_us_swi 400933403112599
2026-09-14 08:10:12 - 暂停product成功：amazon_us_swi 515546758243056
2026-09-14 08:10:12 - 暂停product成功：amazon_us_swi 300412085882770
2026-09-14 08:10:12 - 暂停product成功：amazon_us_swi 506484044434545
2026-09-14 08:10:12 - 暂停product成功：amazon_us_swi 341078207518406
2026-09-14 08:10:13 - batchMongoUpdateProduct：共35条，成功35条，失败0条
2026-09-14 08:10:14 - {"status":"success","message":"success","data":[{"adId":438588261434539,"code":"SUCCESS"},{"adId":536993333635674,"code":"SUCCESS"},{"adId":523509465570666,"code":"SUCCESS"},{"adId":529773289609585,"code":"SUCCESS"},{"adId":455837815005822,"code":"SUCCESS"},{"adId":417579311679330,"code":"SUCCESS"},{"adId":550859644718302,"code":"SUCCESS"},{"adId":472542890307067,"code":"SUCCESS"},{"adId":495019176989531,"code":"SUCCESS"},{"adId":552978081503607,"code":"SUCCESS"},{"adId":394803927702464,"code":"SUCCESS"},{"adId":334672263038701,"code":"SUCCESS"},{"adId":508629091030662,"code":"SUCCESS"}]}
2026-09-14 08:10:14 - 暂停product成功：amazon_ca_lift 438588261434539
2026-09-14 08:10:14 - 暂停product成功：amazon_ca_lift 536993333635674
2026-09-14 08:10:14 - 暂停product成功：amazon_ca_lift 523509465570666
2026-09-14 08:10:14 - 暂停product成功：amazon_ca_lift 529773289609585
2026-09-14 08:10:14 - 暂停product成功：amazon_ca_lift 455837815005822
2026-09-14 08:10:14 - 暂停product成功：amazon_ca_lift 417579311679330
2026-09-14 08:10:14 - 暂停product成功：amazon_ca_lift 550859644718302
2026-09-14 08:10:14 - 暂停product成功：amazon_ca_lift 472542890307067
2026-09-14 08:10:14 - 暂停product成功：amazon_ca_lift 495019176989531
2026-09-14 08:10:14 - 暂停product成功：amazon_ca_lift 552978081503607
2026-09-14 08:10:14 - 暂停product成功：amazon_ca_lift 394803927702464
2026-09-14 08:10:14 - 暂停product成功：amazon_ca_lift 334672263038701
2026-09-14 08:10:14 - 暂停product成功：amazon_ca_lift 508629091030662
2026-09-14 08:10:15 - batchMongoUpdateProduct：共11条，成功11条，失败0条
2026-09-14 08:10:16 - {"status":"success","message":"success","data":[{"adId":488459005646929,"code":"SUCCESS"},{"adId":377161870867565,"code":"SUCCESS"},{"adId":408785785213536,"code":"SUCCESS"},{"adId":556826862855924,"code":"SUCCESS"},{"adId":516439275132760,"code":"SUCCESS"},{"adId":528374985881398,"code":"SUCCESS"},{"adId":375733308364947,"code":"SUCCESS"},{"adId":300109495326606,"code":"SUCCESS"},{"adId":427086817732372,"code":"SUCCESS"},{"adId":335228653658291,"code":"SUCCESS"},{"adId":480861480812060,"code":"SUCCESS"},{"adId":482925149981485,"code":"SUCCESS"},{"adId":346149190107392,"code":"SUCCESS"},{"adId":418682768815941,"code":"SUCCESS"}]}
2026-09-14 08:10:16 - 暂停product成功：amazon_ca_mir 488459005646929
2026-09-14 08:10:16 - 暂停product成功：amazon_ca_mir 377161870867565
2026-09-14 08:10:16 - 暂停product成功：amazon_ca_mir 408785785213536
2026-09-14 08:10:16 - 暂停product成功：amazon_ca_mir 556826862855924
2026-09-14 08:10:16 - 暂停product成功：amazon_ca_mir 516439275132760
2026-09-14 08:10:16 - 暂停product成功：amazon_ca_mir 528374985881398
2026-09-14 08:10:16 - 暂停product成功：amazon_ca_mir 375733308364947
2026-09-14 08:10:16 - 暂停product成功：amazon_ca_mir 300109495326606
2026-09-14 08:10:16 - 暂停product成功：amazon_ca_mir 427086817732372
2026-09-14 08:10:16 - 暂停product成功：amazon_ca_mir 335228653658291
2026-09-14 08:10:16 - 暂停product成功：amazon_ca_mir 480861480812060
2026-09-14 08:10:16 - 暂停product成功：amazon_ca_mir 482925149981485
2026-09-14 08:10:16 - 暂停product成功：amazon_ca_mir 346149190107392
2026-09-14 08:10:16 - 暂停product成功：amazon_ca_mir 418682768815941
2026-09-14 08:10:16 - batchMongoUpdateProduct：共14条，成功14条，失败0条
2026-09-14 08:10:18 - {"status":"success","message":"success","data":[{"adId":444747661241157,"code":"SUCCESS"},{"adId":332889256229021,"code":"SUCCESS"},{"adId":305574993608175,"code":"SUCCESS"},{"adId":364442905872669,"code":"SUCCESS"},{"adId":433525851756229,"code":"SUCCESS"},{"adId":517730167377634,"code":"SUCCESS"},{"adId":560608944739890,"code":"SUCCESS"},{"adId":378508865446566,"code":"SUCCESS"},{"adId":338256249319008,"code":"SUCCESS"},{"adId":332310775838993,"code":"SUCCESS"},{"adId":478565010170030,"code":"SUCCESS"},{"adId":526915554515698,"code":"SUCCESS"},{"adId":424409541234292,"code":"SUCCESS"},{"adId":449706987114760,"code":"SUCCESS"},{"adId":476285502167489,"code":"SUCCESS"},{"adId":338601705127926,"code":"SUCCESS"},{"adId":428471762005330,"code":"SUCCESS"},{"adId":556913672232675,"code":"SUCCESS"},{"adId":514035922307919,"code":"SUCCESS"},{"adId":459351535195697,"code":"SUCCESS"},{"adId":403943407912422,"code":"SUCCESS"},{"adId":343483598209666,"code":"SUCCESS"},{"adId":543276735027947,"code":"SUCCESS"},{"adId":442713733744403,"code":"SUCCESS"},{"adId":371730594296215,"code":"SUCCESS"},{"adId":414678027153107,"code":"SUCCESS"},{"adId":501703187885043,"code":"SUCCESS"},{"adId":331796569314547,"code":"SUCCESS"},{"adId":465684459998208,"code":"SUCCESS"},{"adId":551410836962068,"code":"SUCCESS"},{"adId":388202114536525,"code":"SUCCESS"},{"adId":400369236147901,"code":"SUCCESS"},{"adId":347219027859521,"code":"SUCCESS"},{"adId":457866370800834,"code":"SUCCESS"},{"adId":312154308145065,"code":"SUCCESS"},{"adId":432771559747435,"code":"SUCCESS"},{"adId":528155800925016,"code":"SUCCESS"},{"adId":447756126716790,"code":"SUCCESS"},{"adId":379751332006511,"code":"SUCCESS"},{"adId":314953964045574,"code":"SUCCESS"},{"adId":343877539245710,"code":"SUCCESS"},{"adId":414352756386256,"code":"SUCCESS"},{"adId":441237796865547,"code":"SUCCESS"},{"adId":332441230373511,"code":"SUCCESS"},{"adId":492001416276918,"code":"SUCCESS"},{"adId":520351993037611,"code":"SUCCESS"},{"adId":413425189567809,"code":"SUCCESS"},{"adId":344505984273801,"code":"SUCCESS"},{"adId":488219197784078,"code":"SUCCESS"},{"adId":373242251388831,"code":"SUCCESS"},{"adId":406629959742065,"code":"SUCCESS"},{"adId":430764243725218,"code":"SUCCESS"},{"adId":416647335060503,"code":"SUCCESS"},{"adId":516748453098630,"code":"SUCCESS"},{"adId":370371893419294,"code":"SUCCESS"},{"adId":320870662074778,"code":"SUCCESS"},{"adId":451810857585828,"code":"SUCCESS"},{"adId":298729520472555,"code":"SUCCESS"},{"adId":385994595651660,"code":"SUCCESS"},{"adId":383691328882353,"code":"SUCCESS"},{"adId":346076250711911,"code":"SUCCESS"},{"adId":483432336184540,"code":"SUCCESS"},{"adId":315717517512478,"code":"SUCCESS"},{"adId":387995846741420,"code":"SUCCESS"},{"adId":535780078398227,"code":"SUCCESS"},{"adId":495193846030789,"code":"SUCCESS"},{"adId":376225309862770,"code":"SUCCESS"},{"adId":527270642329171,"code":"SUCCESS"},{"adId":363162021290500,"code":"SUCCESS"},{"adId":441517089132332,"code":"SUCCESS"},{"adId":397196754105617,"code":"SUCCESS"},{"adId":323140590877947,"code":"SUCCESS"},{"adId":560513855755305,"code":"SUCCESS"},{"adId":319766017237584,"code":"SUCCESS"},{"adId":340377668323472,"code":"SUCCESS"},{"adId":525055159815774,"code":"SUCCESS"},{"adId":342551284742728,"code":"SUCCESS"},{"adId":537937310146645,"code":"SUCCESS"}]}
2026-09-14 08:10:18 - 暂停product成功：amazon_us_yuru 444747661241157
2026-09-14 08:10:18 - 暂停product成功：amazon_us_yuru 332889256229021
2026-09-14 08:10:18 - 暂停product成功：amazon_us_yuru 305574993608175
2026-09-14 08:10:18 - 暂停product成功：amazon_us_yuru 364442905872669
2026-09-14 08:10:18 - 暂停product成功：amazon_us_yuru 433525851756229
2026-09-14 08:10:18 - 暂停product成功：amazon_us_yuru 517730167377634
2026-09-14 08:10:18 - 暂停product成功：amazon_us_yuru 560608944739890
2026-09-14 08:10:18 - 暂停product成功：amazon_us_yuru 378508865446566
2026-09-14 08:10:18 - 暂停product成功：amazon_us_yuru 338256249319008
2026-09-14 08:10:18 - 暂停product成功：amazon_us_yuru 332310775838993
2026-09-14 08:10:18 - 暂停product成功：amazon_us_yuru 478565010170030
2026-09-14 08:10:18 - 暂停product成功：amazon_us_yuru 526915554515698
2026-09-14 08:10:18 - 暂停product成功：amazon_us_yuru 424409541234292
2026-09-14 08:10:18 - 暂停product成功：amazon_us_yuru 449706987114760
2026-09-14 08:10:18 - 暂停product成功：amazon_us_yuru 476285502167489
2026-09-14 08:10:18 - 暂停product成功：amazon_us_yuru 338601705127926
2026-09-14 08:10:18 - 暂停product成功：amazon_us_yuru 428471762005330
2026-09-14 08:10:18 - 暂停product成功：amazon_us_yuru 556913672232675
2026-09-14 08:10:18 - 暂停product成功：amazon_us_yuru 514035922307919
2026-09-14 08:10:18 - 暂停product成功：amazon_us_yuru 459351535195697
2026-09-14 08:10:18 - 暂停product成功：amazon_us_yuru 403943407912422
2026-09-14 08:10:18 - 暂停product成功：amazon_us_yuru 343483598209666
2026-09-14 08:10:18 - 暂停product成功：amazon_us_yuru 543276735027947
2026-09-14 08:10:18 - 暂停product成功：amazon_us_yuru 442713733744403
2026-09-14 08:10:18 - 暂停product成功：amazon_us_yuru 371730594296215
2026-09-14 08:10:18 - 暂停product成功：amazon_us_yuru 414678027153107
2026-09-14 08:10:18 - 暂停product成功：amazon_us_yuru 501703187885043
2026-09-14 08:10:18 - 暂停product成功：amazon_us_yuru 331796569314547
2026-09-14 08:10:18 - 暂停product成功：amazon_us_yuru 465684459998208
2026-09-14 08:10:18 - 暂停product成功：amazon_us_yuru 551410836962068
2026-09-14 08:10:18 - 暂停product成功：amazon_us_yuru 388202114536525
2026-09-14 08:10:18 - 暂停product成功：amazon_us_yuru 400369236147901
2026-09-14 08:10:18 - 暂停product成功：amazon_us_yuru 347219027859521
2026-09-14 08:10:18 - 暂停product成功：amazon_us_yuru 457866370800834
2026-09-14 08:10:18 - 暂停product成功：amazon_us_yuru 312154308145065
2026-09-14 08:10:18 - 暂停product成功：amazon_us_yuru 432771559747435
2026-09-14 08:10:18 - 暂停product成功：amazon_us_yuru 528155800925016
2026-09-14 08:10:18 - 暂停product成功：amazon_us_yuru 447756126716790
2026-09-14 08:10:18 - 暂停product成功：amazon_us_yuru 379751332006511
2026-09-14 08:10:18 - 暂停product成功：amazon_us_yuru 314953964045574
2026-09-14 08:10:18 - 暂停product成功：amazon_us_yuru 343877539245710
2026-09-14 08:10:18 - 暂停product成功：amazon_us_yuru 414352756386256
2026-09-14 08:10:18 - 暂停product成功：amazon_us_yuru 441237796865547
2026-09-14 08:10:18 - 暂停product成功：amazon_us_yuru 332441230373511
2026-09-14 08:10:18 - 暂停product成功：amazon_us_yuru 492001416276918
2026-09-14 08:10:18 - 暂停product成功：amazon_us_yuru 520351993037611
2026-09-14 08:10:18 - 暂停product成功：amazon_us_yuru 413425189567809
2026-09-14 08:10:18 - 暂停product成功：amazon_us_yuru 344505984273801
2026-09-14 08:10:18 - 暂停product成功：amazon_us_yuru 488219197784078
2026-09-14 08:10:18 - 暂停product成功：amazon_us_yuru 373242251388831
2026-09-14 08:10:18 - 暂停product成功：amazon_us_yuru 406629959742065
2026-09-14 08:10:18 - 暂停product成功：amazon_us_yuru 430764243725218
2026-09-14 08:10:18 - 暂停product成功：amazon_us_yuru 416647335060503
2026-09-14 08:10:18 - 暂停product成功：amazon_us_yuru 516748453098630
2026-09-14 08:10:18 - 暂停product成功：amazon_us_yuru 370371893419294
2026-09-14 08:10:18 - 暂停product成功：amazon_us_yuru 320870662074778
2026-09-14 08:10:18 - 暂停product成功：amazon_us_yuru 451810857585828
2026-09-14 08:10:18 - 暂停product成功：amazon_us_yuru 298729520472555
2026-09-14 08:10:18 - 暂停product成功：amazon_us_yuru 385994595651660
2026-09-14 08:10:18 - 暂停product成功：amazon_us_yuru 383691328882353
2026-09-14 08:10:18 - 暂停product成功：amazon_us_yuru 346076250711911
2026-09-14 08:10:18 - 暂停product成功：amazon_us_yuru 483432336184540
2026-09-14 08:10:18 - 暂停product成功：amazon_us_yuru 315717517512478
2026-09-14 08:10:18 - 暂停product成功：amazon_us_yuru 387995846741420
2026-09-14 08:10:18 - 暂停product成功：amazon_us_yuru 535780078398227
2026-09-14 08:10:18 - 暂停product成功：amazon_us_yuru 495193846030789
2026-09-14 08:10:18 - 暂停product成功：amazon_us_yuru 376225309862770
2026-09-14 08:10:18 - 暂停product成功：amazon_us_yuru 527270642329171
2026-09-14 08:10:18 - 暂停product成功：amazon_us_yuru 363162021290500
2026-09-14 08:10:18 - 暂停product成功：amazon_us_yuru 441517089132332
2026-09-14 08:10:18 - 暂停product成功：amazon_us_yuru 397196754105617
2026-09-14 08:10:18 - 暂停product成功：amazon_us_yuru 323140590877947
2026-09-14 08:10:18 - 暂停product成功：amazon_us_yuru 560513855755305
2026-09-14 08:10:18 - 暂停product成功：amazon_us_yuru 319766017237584
2026-09-14 08:10:18 - 暂停product成功：amazon_us_yuru 340377668323472
2026-09-14 08:10:18 - 暂停product成功：amazon_us_yuru 525055159815774
2026-09-14 08:10:18 - 暂停product成功：amazon_us_yuru 342551284742728
2026-09-14 08:10:18 - 暂停product成功：amazon_us_yuru 537937310146645
2026-09-14 08:10:19 - batchMongoUpdateProduct：共78条，成功78条，失败0条
2026-09-14 08:10:22 - {"status":"success","message":"success","data":[{"adId":438746853085403,"code":"SUCCESS"},{"adId":511290787399463,"code":"SUCCESS"},{"adId":342840665953269,"code":"SUCCESS"},{"adId":504471377890455,"code":"SUCCESS"},{"adId":395289433061054,"code":"SUCCESS"},{"adId":452971997896897,"code":"SUCCESS"},{"adId":490595515885470,"code":"SUCCESS"},{"adId":401717824422686,"code":"SUCCESS"},{"adId":471207112475526,"code":"SUCCESS"},{"adId":398622411206977,"code":"SUCCESS"},{"adId":462513920612976,"code":"SUCCESS"},{"adId":308184311917583,"code":"SUCCESS"},{"adId":412396613476060,"code":"SUCCESS"},{"adId":424167004612965,"code":"SUCCESS"},{"adId":329129986615056,"code":"SUCCESS"},{"adId":318730306357256,"code":"SUCCESS"},{"adId":561461035592781,"code":"SUCCESS"},{"adId":285242936655407,"code":"SUCCESS"},{"adId":349054966697954,"code":"SUCCESS"},{"adId":546223452167517,"code":"SUCCESS"},{"adId":367516942413296,"code":"SUCCESS"},{"adId":499739353200280,"code":"SUCCESS"},{"adId":543672851131213,"code":"SUCCESS"},{"adId":501317142035091,"code":"SUCCESS"},{"adId":540624924638138,"code":"SUCCESS"},{"adId":526459341951336,"code":"SUCCESS"},{"adId":413629880411972,"code":"SUCCESS"},{"adId":544011999721834,"code":"SUCCESS"},{"adId":382129259758944,"code":"SUCCESS"},{"adId":562721635000629,"code":"SUCCESS"},{"adId":446727275809032,"code":"SUCCESS"},{"adId":309034587650605,"code":"SUCCESS"},{"adId":476220995872783,"code":"SUCCESS"},{"adId":486969855901969,"code":"SUCCESS"},{"adId":447866793456469,"code":"SUCCESS"},{"adId":487269660885653,"code":"SUCCESS"},{"adId":463374108860587,"code":"SUCCESS"},{"adId":505835072434885,"code":"SUCCESS"},{"adId":551251215640044,"code":"SUCCESS"},{"adId":537693848984266,"code":"SUCCESS"},{"adId":306846392148838,"code":"SUCCESS"},{"adId":465381529407066,"code":"SUCCESS"},{"adId":525637570008386,"code":"SUCCESS"},{"adId":347731754212708,"code":"SUCCESS"},{"adId":517912322011803,"code":"SUCCESS"},{"adId":435613098126590,"code":"SUCCESS"},{"adId":421638270157335,"code":"SUCCESS"},{"adId":390763417343882,"code":"SUCCESS"},{"adId":397885796909705,"code":"SUCCESS"},{"adId":291164525632680,"code":"SUCCESS"},{"adId":379944609635825,"code":"SUCCESS"},{"adId":291363632098686,"code":"SUCCESS"},{"adId":393195428646348,"code":"SUCCESS"},{"adId":468287586899378,"code":"SUCCESS"},{"adId":540130139622200,"code":"SUCCESS"},{"adId":381041064603174,"code":"SUCCESS"},{"adId":548356175343769,"code":"SUCCESS"},{"adId":515201082098431,"code":"SUCCESS"},{"adId":397970275430546,"code":"SUCCESS"},{"adId":532172895899899,"code":"SUCCESS"},{"adId":541927157554718,"code":"SUCCESS"},{"adId":503630322991638,"code":"SUCCESS"},{"adId":332428088338774,"code":"SUCCESS"},{"adId":361927257852648,"code":"SUCCESS"},{"adId":484332964525127,"code":"SUCCESS"},{"adId":339207641736638,"code":"SUCCESS"},{"adId":337185090076182,"code":"SUCCESS"},{"adId":455087859408697,"code":"SUCCESS"},{"adId":507195605952875,"code":"SUCCESS"},{"adId":363321563692955,"code":"SUCCESS"},{"adId":310367467512104,"code":"SUCCESS"},{"adId":557990204450871,"code":"SUCCESS"},{"adId":393408671307819,"code":"SUCCESS"},{"adId":304249498077945,"code":"SUCCESS"},{"adId":298921923109706,"code":"SUCCESS"},{"adId":464454656141311,"code":"SUCCESS"},{"adId":390081644941877,"code":"SUCCESS"},{"adId":296553292004468,"code":"SUCCESS"},{"adId":361074142553007,"code":"SUCCESS"},{"adId":370255560959073,"code":"SUCCESS"},{"adId":562456617394970,"code":"SUCCESS"},{"adId":303591708859982,"code":"SUCCESS"},{"adId":384475946823288,"code":"SUCCESS"},{"adId":298354812311421,"code":"SUCCESS"},{"adId":311480752392938,"code":"SUCCESS"},{"adId":342252406487459,"code":"SUCCESS"},{"adId":342993002359760,"code":"SUCCESS"},{"adId":314097568818943,"code":"SUCCESS"},{"adId":442224719609174,"code":"SUCCESS"},{"adId":364707932824719,"code":"SUCCESS"},{"adId":424035247347072,"code":"SUCCESS"},{"adId":461501497975554,"code":"SUCCESS"},{"adId":554304567077675,"code":"SUCCESS"},{"adId":537939739015432,"code":"SUCCESS"},{"adId":363734129113473,"code":"SUCCESS"},{"adId":399926455433143,"code":"SUCCESS"},{"adId":312462114721318,"code":"SUCCESS"},{"adId":430786311329432,"code":"SUCCESS"},{"adId":521956194599166,"code":"SUCCESS"},{"adId":424780214744423,"code":"SUCCESS"},{"adId":394400736260378,"code":"SUCCESS"},{"adId":506249518907039,"code":"SUCCESS"},{"adId":450875920539956,"code":"SUCCESS"},{"adId":333547353893793,"code":"SUCCESS"},{"adId":420394953571661,"code":"SUCCESS"},{"adId":368194034897650,"code":"SUCCESS"},{"adId":283718622142563,"code":"SUCCESS"},{"adId":451727348020765,"code":"SUCCESS"},{"adId":496404358073266,"code":"SUCCESS"},{"adId":456006064300748,"code":"SUCCESS"},{"adId":470726013739629,"code":"SUCCESS"},{"adId":521066373045413,"code":"SUCCESS"},{"adId":362098669510871,"code":"SUCCESS"},{"adId":400857571624206,"code":"SUCCESS"},{"adId":554202815510611,"code":"SUCCESS"},{"adId":401013444515459,"code":"SUCCESS"},{"adId":295252556356477,"code":"SUCCESS"},{"adId":302619171299420,"code":"SUCCESS"},{"adId":541743488019926,"code":"SUCCESS"},{"adId":489303820344586,"code":"SUCCESS"},{"adId":489804160524275,"code":"SUCCESS"},{"adId":348362588957448,"code":"SUCCESS"},{"adId":372328712716069,"code":"SUCCESS"},{"adId":476052984969310,"code":"SUCCESS"},{"adId":530474069385056,"code":"SUCCESS"},{"adId":292127728227072,"code":"SUCCESS"},{"adId":505528349213610,"code":"SUCCESS"},{"adId":320117375236224,"code":"SUCCESS"},{"adId":351757407615228,"code":"SUCCESS"},{"adId":374921349054881,"code":"SUCCESS"},{"adId":556428124217444,"code":"SUCCESS"},{"adId":362837565533840,"code":"SUCCESS"},{"adId":479400916267205,"code":"SUCCESS"},{"adId":304596556573156,"code":"SUCCESS"},{"adId":302061650540650,"code":"SUCCESS"},{"adId":473552617213633,"code":"SUCCESS"},{"adId":461195260681329,"code":"SUCCESS"},{"adId":480110366615077,"code":"SUCCESS"},{"adId":435333700407807,"code":"SUCCESS"},{"adId":396147481269877,"code":"SUCCESS"},{"adId":469447753030207,"code":"SUCCESS"},{"adId":539476148175773,"code":"SUCCESS"},{"adId":414080698234420,"code":"SUCCESS"},{"adId":420961725264881,"code":"SUCCESS"},{"adId":359146290821467,"code":"SUCCESS"},{"adId":459397590694827,"code":"SUCCESS"},{"adId":519397875474077,"code":"SUCCESS"},{"adId":465683775425708,"code":"SUCCESS"},{"adId":520959996727529,"code":"SUCCESS"},{"adId":303285567274421,"code":"SUCCESS"},{"adId":90129259966474,"code":"SUCCESS"},{"adId":476668640739386,"code":"SUCCESS"},{"adId":442429674643778,"code":"SUCCESS"},{"adId":411837265797328,"code":"SUCCESS"},{"adId":496884521337615,"code":"SUCCESS"},{"adId":556476632091354,"code":"SUCCESS"},{"adId":465087007808300,"code":"SUCCESS"},{"adId":284709357229374,"code":"SUCCESS"},{"adId":485889211575272,"code":"SUCCESS"},{"adId":414405529103517,"code":"SUCCESS"},{"adId":525580471271537,"code":"SUCCESS"},{"adId":400830431434641,"code":"SUCCESS"},{"adId":324255485135531,"code":"SUCCESS"},{"adId":455926115721793,"code":"SUCCESS"},{"adId":308943792975030,"code":"SUCCESS"},{"adId":350808942083561,"code":"SUCCESS"},{"adId":338391756121156,"code":"SUCCESS"},{"adId":282412443224823,"code":"SUCCESS"},{"adId":506067042248501,"code":"SUCCESS"},{"adId":533015145522268,"code":"SUCCESS"},{"adId":303072041576998,"code":"SUCCESS"},{"adId":416821280610427,"code":"SUCCESS"},{"adId":337672423513771,"code":"SUCCESS"},{"adId":441921281542321,"code":"SUCCESS"},{"adId":505137695479130,"code":"SUCCESS"},{"adId":364112792380660,"code":"SUCCESS"},{"adId":521935001534047,"code":"SUCCESS"},{"adId":403647251624121,"code":"SUCCESS"},{"adId":530572453609645,"code":"SUCCESS"},{"adId":384360501351612,"code":"SUCCESS"},{"adId":527887059799341,"code":"SUCCESS"},{"adId":434422880028537,"code":"SUCCESS"},{"adId":417119484207640,"code":"SUCCESS"},{"adId":385622687097927,"code":"SUCCESS"}]}
2026-09-14 08:10:22 - 暂停product成功：amazon_ca_ac1 438746853085403
2026-09-14 08:10:22 - 暂停product成功：amazon_ca_ac1 511290787399463
2026-09-14 08:10:22 - 暂停product成功：amazon_ca_ac1 342840665953269
2026-09-14 08:10:22 - 暂停product成功：amazon_ca_ac1 504471377890455
2026-09-14 08:10:22 - 暂停product成功：amazon_ca_ac1 395289433061054
2026-09-14 08:10:22 - 暂停product成功：amazon_ca_ac1 452971997896897
2026-09-14 08:10:22 - 暂停product成功：amazon_ca_ac1 490595515885470
2026-09-14 08:10:22 - 暂停product成功：amazon_ca_ac1 401717824422686
2026-09-14 08:10:22 - 暂停product成功：amazon_ca_ac1 471207112475526
2026-09-14 08:10:22 - 暂停product成功：amazon_ca_ac1 398622411206977
2026-09-14 08:10:22 - 暂停product成功：amazon_ca_ac1 462513920612976
2026-09-14 08:10:22 - 暂停product成功：amazon_ca_ac1 308184311917583
2026-09-14 08:10:22 - 暂停product成功：amazon_ca_ac1 412396613476060
2026-09-14 08:10:22 - 暂停product成功：amazon_ca_ac1 424167004612965
2026-09-14 08:10:22 - 暂停product成功：amazon_ca_ac1 329129986615056
2026-09-14 08:10:22 - 暂停product成功：amazon_ca_ac1 318730306357256
2026-09-14 08:10:22 - 暂停product成功：amazon_ca_ac1 561461035592781
2026-09-14 08:10:22 - 暂停product成功：amazon_ca_ac1 285242936655407
2026-09-14 08:10:22 - 暂停product成功：amazon_ca_ac1 349054966697954
2026-09-14 08:10:22 - 暂停product成功：amazon_ca_ac1 546223452167517
2026-09-14 08:10:22 - 暂停product成功：amazon_ca_ac1 367516942413296
2026-09-14 08:10:22 - 暂停product成功：amazon_ca_ac1 499739353200280
2026-09-14 08:10:22 - 暂停product成功：amazon_ca_ac1 543672851131213
2026-09-14 08:10:22 - 暂停product成功：amazon_ca_ac1 501317142035091
2026-09-14 08:10:22 - 暂停product成功：amazon_ca_ac1 540624924638138
2026-09-14 08:10:22 - 暂停product成功：amazon_ca_ac1 526459341951336
2026-09-14 08:10:22 - 暂停product成功：amazon_ca_ac1 413629880411972
2026-09-14 08:10:22 - 暂停product成功：amazon_ca_ac1 544011999721834
2026-09-14 08:10:22 - 暂停product成功：amazon_ca_ac1 382129259758944
2026-09-14 08:10:22 - 暂停product成功：amazon_ca_ac1 562721635000629
2026-09-14 08:10:22 - 暂停product成功：amazon_ca_ac1 446727275809032
2026-09-14 08:10:22 - 暂停product成功：amazon_ca_ac1 309034587650605
2026-09-14 08:10:22 - 暂停product成功：amazon_ca_ac1 476220995872783
2026-09-14 08:10:22 - 暂停product成功：amazon_ca_ac1 486969855901969
2026-09-14 08:10:22 - 暂停product成功：amazon_ca_ac1 447866793456469
2026-09-14 08:10:22 - 暂停product成功：amazon_ca_ac1 487269660885653
2026-09-14 08:10:22 - 暂停product成功：amazon_ca_ac1 463374108860587
2026-09-14 08:10:22 - 暂停product成功：amazon_ca_ac1 505835072434885
2026-09-14 08:10:22 - 暂停product成功：amazon_ca_ac1 551251215640044
2026-09-14 08:10:22 - 暂停product成功：amazon_ca_ac1 537693848984266
2026-09-14 08:10:22 - 暂停product成功：amazon_ca_ac1 306846392148838
2026-09-14 08:10:22 - 暂停product成功：amazon_ca_ac1 465381529407066
2026-09-14 08:10:22 - 暂停product成功：amazon_ca_ac1 525637570008386
2026-09-14 08:10:22 - 暂停product成功：amazon_ca_ac1 347731754212708
2026-09-14 08:10:22 - 暂停product成功：amazon_ca_ac1 517912322011803
2026-09-14 08:10:22 - 暂停product成功：amazon_ca_ac1 435613098126590
2026-09-14 08:10:22 - 暂停product成功：amazon_ca_ac1 421638270157335
2026-09-14 08:10:22 - 暂停product成功：amazon_ca_ac1 390763417343882
2026-09-14 08:10:22 - 暂停product成功：amazon_ca_ac1 397885796909705
2026-09-14 08:10:22 - 暂停product成功：amazon_ca_ac1 291164525632680
2026-09-14 08:10:22 - 暂停product成功：amazon_ca_ac1 379944609635825
2026-09-14 08:10:22 - 暂停product成功：amazon_ca_ac1 291363632098686
2026-09-14 08:10:22 - 暂停product成功：amazon_ca_ac1 393195428646348
2026-09-14 08:10:22 - 暂停product成功：amazon_ca_ac1 468287586899378
2026-09-14 08:10:22 - 暂停product成功：amazon_ca_ac1 540130139622200
2026-09-14 08:10:22 - 暂停product成功：amazon_ca_ac1 381041064603174
2026-09-14 08:10:22 - 暂停product成功：amazon_ca_ac1 548356175343769
2026-09-14 08:10:22 - 暂停product成功：amazon_ca_ac1 515201082098431
2026-09-14 08:10:22 - 暂停product成功：amazon_ca_ac1 397970275430546
2026-09-14 08:10:22 - 暂停product成功：amazon_ca_ac1 532172895899899
2026-09-14 08:10:22 - 暂停product成功：amazon_ca_ac1 541927157554718
2026-09-14 08:10:22 - 暂停product成功：amazon_ca_ac1 503630322991638
2026-09-14 08:10:22 - 暂停product成功：amazon_ca_ac1 332428088338774
2026-09-14 08:10:22 - 暂停product成功：amazon_ca_ac1 361927257852648
2026-09-14 08:10:22 - 暂停product成功：amazon_ca_ac1 484332964525127
2026-09-14 08:10:22 - 暂停product成功：amazon_ca_ac1 339207641736638
2026-09-14 08:10:22 - 暂停product成功：amazon_ca_ac1 337185090076182
2026-09-14 08:10:22 - 暂停product成功：amazon_ca_ac1 455087859408697
2026-09-14 08:10:22 - 暂停product成功：amazon_ca_ac1 507195605952875
2026-09-14 08:10:22 - 暂停product成功：amazon_ca_ac1 363321563692955
2026-09-14 08:10:22 - 暂停product成功：amazon_ca_ac1 310367467512104
2026-09-14 08:10:22 - 暂停product成功：amazon_ca_ac1 557990204450871
2026-09-14 08:10:22 - 暂停product成功：amazon_ca_ac1 393408671307819
2026-09-14 08:10:22 - 暂停product成功：amazon_ca_ac1 304249498077945
2026-09-14 08:10:22 - 暂停product成功：amazon_ca_ac1 298921923109706
2026-09-14 08:10:22 - 暂停product成功：amazon_ca_ac1 464454656141311
2026-09-14 08:10:22 - 暂停product成功：amazon_ca_ac1 390081644941877
2026-09-14 08:10:22 - 暂停product成功：amazon_ca_ac1 296553292004468
2026-09-14 08:10:22 - 暂停product成功：amazon_ca_ac1 361074142553007
2026-09-14 08:10:22 - 暂停product成功：amazon_ca_ac1 370255560959073
2026-09-14 08:10:22 - 暂停product成功：amazon_ca_ac1 562456617394970
2026-09-14 08:10:22 - 暂停product成功：amazon_ca_ac1 303591708859982
2026-09-14 08:10:22 - 暂停product成功：amazon_ca_ac1 384475946823288
2026-09-14 08:10:22 - 暂停product成功：amazon_ca_ac1 298354812311421
2026-09-14 08:10:22 - 暂停product成功：amazon_ca_ac1 311480752392938
2026-09-14 08:10:22 - 暂停product成功：amazon_ca_ac1 342252406487459
2026-09-14 08:10:22 - 暂停product成功：amazon_ca_ac1 342993002359760
2026-09-14 08:10:22 - 暂停product成功：amazon_ca_ac1 314097568818943
2026-09-14 08:10:22 - 暂停product成功：amazon_ca_ac1 442224719609174
2026-09-14 08:10:22 - 暂停product成功：amazon_ca_ac1 364707932824719
2026-09-14 08:10:22 - 暂停product成功：amazon_ca_ac1 424035247347072
2026-09-14 08:10:22 - 暂停product成功：amazon_ca_ac1 461501497975554
2026-09-14 08:10:22 - 暂停product成功：amazon_ca_ac1 554304567077675
2026-09-14 08:10:22 - 暂停product成功：amazon_ca_ac1 537939739015432
2026-09-14 08:10:22 - 暂停product成功：amazon_ca_ac1 363734129113473
2026-09-14 08:10:22 - 暂停product成功：amazon_ca_ac1 399926455433143
2026-09-14 08:10:22 - 暂停product成功：amazon_ca_ac1 312462114721318
2026-09-14 08:10:22 - 暂停product成功：amazon_ca_ac1 430786311329432
2026-09-14 08:10:22 - 暂停product成功：amazon_ca_ac1 521956194599166
2026-09-14 08:10:22 - 暂停product成功：amazon_ca_ac1 424780214744423
2026-09-14 08:10:22 - 暂停product成功：amazon_ca_ac1 394400736260378
2026-09-14 08:10:22 - 暂停product成功：amazon_ca_ac1 506249518907039
2026-09-14 08:10:22 - 暂停product成功：amazon_ca_ac1 450875920539956
2026-09-14 08:10:22 - 暂停product成功：amazon_ca_ac1 333547353893793
2026-09-14 08:10:22 - 暂停product成功：amazon_ca_ac1 420394953571661
2026-09-14 08:10:22 - 暂停product成功：amazon_ca_ac1 368194034897650
2026-09-14 08:10:22 - 暂停product成功：amazon_ca_ac1 283718622142563
2026-09-14 08:10:22 - 暂停product成功：amazon_ca_ac1 451727348020765
2026-09-14 08:10:22 - 暂停product成功：amazon_ca_ac1 496404358073266
2026-09-14 08:10:22 - 暂停product成功：amazon_ca_ac1 456006064300748
2026-09-14 08:10:22 - 暂停product成功：amazon_ca_ac1 470726013739629
2026-09-14 08:10:22 - 暂停product成功：amazon_ca_ac1 521066373045413
2026-09-14 08:10:22 - 暂停product成功：amazon_ca_ac1 362098669510871
2026-09-14 08:10:22 - 暂停product成功：amazon_ca_ac1 400857571624206
2026-09-14 08:10:22 - 暂停product成功：amazon_ca_ac1 554202815510611
2026-09-14 08:10:22 - 暂停product成功：amazon_ca_ac1 401013444515459
2026-09-14 08:10:22 - 暂停product成功：amazon_ca_ac1 295252556356477
2026-09-14 08:10:22 - 暂停product成功：amazon_ca_ac1 302619171299420
2026-09-14 08:10:22 - 暂停product成功：amazon_ca_ac1 541743488019926
2026-09-14 08:10:22 - 暂停product成功：amazon_ca_ac1 489303820344586
2026-09-14 08:10:22 - 暂停product成功：amazon_ca_ac1 489804160524275
2026-09-14 08:10:22 - 暂停product成功：amazon_ca_ac1 348362588957448
2026-09-14 08:10:22 - 暂停product成功：amazon_ca_ac1 372328712716069
2026-09-14 08:10:22 - 暂停product成功：amazon_ca_ac1 476052984969310
2026-09-14 08:10:22 - 暂停product成功：amazon_ca_ac1 530474069385056
2026-09-14 08:10:22 - 暂停product成功：amazon_ca_ac1 292127728227072
2026-09-14 08:10:22 - 暂停product成功：amazon_ca_ac1 505528349213610
2026-09-14 08:10:22 - 暂停product成功：amazon_ca_ac1 320117375236224
2026-09-14 08:10:22 - 暂停product成功：amazon_ca_ac1 351757407615228
2026-09-14 08:10:22 - 暂停product成功：amazon_ca_ac1 374921349054881
2026-09-14 08:10:22 - 暂停product成功：amazon_ca_ac1 556428124217444
2026-09-14 08:10:22 - 暂停product成功：amazon_ca_ac1 362837565533840
2026-09-14 08:10:22 - 暂停product成功：amazon_ca_ac1 479400916267205
2026-09-14 08:10:22 - 暂停product成功：amazon_ca_ac1 304596556573156
2026-09-14 08:10:22 - 暂停product成功：amazon_ca_ac1 302061650540650
2026-09-14 08:10:22 - 暂停product成功：amazon_ca_ac1 473552617213633
2026-09-14 08:10:22 - 暂停product成功：amazon_ca_ac1 461195260681329
2026-09-14 08:10:22 - 暂停product成功：amazon_ca_ac1 480110366615077
2026-09-14 08:10:22 - 暂停product成功：amazon_ca_ac1 435333700407807
2026-09-14 08:10:22 - 暂停product成功：amazon_ca_ac1 396147481269877
2026-09-14 08:10:22 - 暂停product成功：amazon_ca_ac1 469447753030207
2026-09-14 08:10:22 - 暂停product成功：amazon_ca_ac1 539476148175773
2026-09-14 08:10:22 - 暂停product成功：amazon_ca_ac1 414080698234420
2026-09-14 08:10:22 - 暂停product成功：amazon_ca_ac1 420961725264881
2026-09-14 08:10:22 - 暂停product成功：amazon_ca_ac1 359146290821467
2026-09-14 08:10:22 - 暂停product成功：amazon_ca_ac1 459397590694827
2026-09-14 08:10:22 - 暂停product成功：amazon_ca_ac1 519397875474077
2026-09-14 08:10:22 - 暂停product成功：amazon_ca_ac1 465683775425708
2026-09-14 08:10:22 - 暂停product成功：amazon_ca_ac1 520959996727529
2026-09-14 08:10:22 - 暂停product成功：amazon_ca_ac1 303285567274421
2026-09-14 08:10:22 - 暂停product成功：amazon_ca_ac1 90129259966474
2026-09-14 08:10:22 - 暂停product成功：amazon_ca_ac1 476668640739386
2026-09-14 08:10:22 - 暂停product成功：amazon_ca_ac1 442429674643778
2026-09-14 08:10:22 - 暂停product成功：amazon_ca_ac1 411837265797328
2026-09-14 08:10:22 - 暂停product成功：amazon_ca_ac1 496884521337615
2026-09-14 08:10:22 - 暂停product成功：amazon_ca_ac1 556476632091354
2026-09-14 08:10:22 - 暂停product成功：amazon_ca_ac1 465087007808300
2026-09-14 08:10:22 - 暂停product成功：amazon_ca_ac1 284709357229374
2026-09-14 08:10:22 - 暂停product成功：amazon_ca_ac1 485889211575272
2026-09-14 08:10:22 - 暂停product成功：amazon_ca_ac1 414405529103517
2026-09-14 08:10:22 - 暂停product成功：amazon_ca_ac1 525580471271537
2026-09-14 08:10:22 - 暂停product成功：amazon_ca_ac1 400830431434641
2026-09-14 08:10:22 - 暂停product成功：amazon_ca_ac1 324255485135531
2026-09-14 08:10:22 - 暂停product成功：amazon_ca_ac1 455926115721793
2026-09-14 08:10:22 - 暂停product成功：amazon_ca_ac1 308943792975030
2026-09-14 08:10:22 - 暂停product成功：amazon_ca_ac1 350808942083561
2026-09-14 08:10:22 - 暂停product成功：amazon_ca_ac1 338391756121156
2026-09-14 08:10:22 - 暂停product成功：amazon_ca_ac1 282412443224823
2026-09-14 08:10:22 - 暂停product成功：amazon_ca_ac1 506067042248501
2026-09-14 08:10:22 - 暂停product成功：amazon_ca_ac1 533015145522268
2026-09-14 08:10:22 - 暂停product成功：amazon_ca_ac1 303072041576998
2026-09-14 08:10:22 - 暂停product成功：amazon_ca_ac1 416821280610427
2026-09-14 08:10:22 - 暂停product成功：amazon_ca_ac1 337672423513771
2026-09-14 08:10:22 - 暂停product成功：amazon_ca_ac1 441921281542321
2026-09-14 08:10:22 - 暂停product成功：amazon_ca_ac1 505137695479130
2026-09-14 08:10:22 - 暂停product成功：amazon_ca_ac1 364112792380660
2026-09-14 08:10:22 - 暂停product成功：amazon_ca_ac1 521935001534047
2026-09-14 08:10:22 - 暂停product成功：amazon_ca_ac1 403647251624121
2026-09-14 08:10:22 - 暂停product成功：amazon_ca_ac1 530572453609645
2026-09-14 08:10:22 - 暂停product成功：amazon_ca_ac1 384360501351612
2026-09-14 08:10:22 - 暂停product成功：amazon_ca_ac1 527887059799341
2026-09-14 08:10:22 - 暂停product成功：amazon_ca_ac1 434422880028537
2026-09-14 08:10:22 - 暂停product成功：amazon_ca_ac1 417119484207640
2026-09-14 08:10:22 - 暂停product成功：amazon_ca_ac1 385622687097927
2026-09-14 08:10:23 - batchMongoUpdateProduct：共129条，成功129条，失败0条
2026-09-14 08:10:24 - {"status":"success","message":"success","data":[{"adId":296427101759070,"code":"SUCCESS"},{"adId":412306123268771,"code":"SUCCESS"},{"adId":472652783005961,"code":"SUCCESS"},{"adId":289772761341996,"code":"SUCCESS"},{"adId":502081501584069,"code":"SUCCESS"},{"adId":321280538246391,"code":"SUCCESS"},{"adId":381816783784856,"code":"SUCCESS"},{"adId":311670304063671,"code":"SUCCESS"},{"adId":322955464540979,"code":"SUCCESS"},{"adId":298040886806510,"code":"SUCCESS"},{"adId":455893806571542,"code":"SUCCESS"},{"adId":389410871780193,"code":"SUCCESS"},{"adId":526967053528344,"code":"SUCCESS"},{"adId":485303715054146,"code":"SUCCESS"},{"adId":533425551110641,"code":"SUCCESS"},{"adId":289178339255610,"code":"SUCCESS"},{"adId":369286172586337,"code":"SUCCESS"},{"adId":297123738516743,"code":"SUCCESS"},{"adId":474559682564442,"code":"SUCCESS"},{"adId":402305547593683,"code":"SUCCESS"},{"adId":376721432967104,"code":"SUCCESS"},{"adId":309153063472658,"code":"SUCCESS"},{"adId":562581148453576,"code":"SUCCESS"},{"adId":531757805040707,"code":"SUCCESS"},{"adId":287221931927822,"code":"SUCCESS"},{"adId":497276282633832,"code":"SUCCESS"},{"adId":401787147201892,"code":"SUCCESS"},{"adId":439521084562794,"code":"SUCCESS"},{"adId":530361044738892,"code":"SUCCESS"},{"adId":482627913141607,"code":"SUCCESS"},{"adId":505447590145233,"code":"SUCCESS"},{"adId":340459837128522,"code":"SUCCESS"},{"adId":340367317159812,"code":"SUCCESS"},{"adId":523748187626868,"code":"SUCCESS"},{"adId":489048429367987,"code":"SUCCESS"}]}
2026-09-14 08:10:24 - 暂停product成功：amazon_uk_luux 296427101759070
2026-09-14 08:10:24 - 暂停product成功：amazon_uk_luux 412306123268771
2026-09-14 08:10:24 - 暂停product成功：amazon_uk_luux 472652783005961
2026-09-14 08:10:24 - 暂停product成功：amazon_uk_luux 289772761341996
2026-09-14 08:10:24 - 暂停product成功：amazon_uk_luux 502081501584069
2026-09-14 08:10:24 - 暂停product成功：amazon_uk_luux 321280538246391
2026-09-14 08:10:24 - 暂停product成功：amazon_uk_luux 381816783784856
2026-09-14 08:10:24 - 暂停product成功：amazon_uk_luux 311670304063671
2026-09-14 08:10:24 - 暂停product成功：amazon_uk_luux 322955464540979
2026-09-14 08:10:24 - 暂停product成功：amazon_uk_luux 298040886806510
2026-09-14 08:10:24 - 暂停product成功：amazon_uk_luux 455893806571542
2026-09-14 08:10:24 - 暂停product成功：amazon_uk_luux 389410871780193
2026-09-14 08:10:24 - 暂停product成功：amazon_uk_luux 526967053528344
2026-09-14 08:10:24 - 暂停product成功：amazon_uk_luux 485303715054146
2026-09-14 08:10:24 - 暂停product成功：amazon_uk_luux 533425551110641
2026-09-14 08:10:24 - 暂停product成功：amazon_uk_luux 289178339255610
2026-09-14 08:10:24 - 暂停product成功：amazon_uk_luux 369286172586337
2026-09-14 08:10:24 - 暂停product成功：amazon_uk_luux 297123738516743
2026-09-14 08:10:24 - 暂停product成功：amazon_uk_luux 474559682564442
2026-09-14 08:10:24 - 暂停product成功：amazon_uk_luux 402305547593683
2026-09-14 08:10:24 - 暂停product成功：amazon_uk_luux 376721432967104
2026-09-14 08:10:24 - 暂停product成功：amazon_uk_luux 309153063472658
2026-09-14 08:10:24 - 暂停product成功：amazon_uk_luux 562581148453576
2026-09-14 08:10:24 - 暂停product成功：amazon_uk_luux 531757805040707
2026-09-14 08:10:24 - 暂停product成功：amazon_uk_luux 287221931927822
2026-09-14 08:10:24 - 暂停product成功：amazon_uk_luux 497276282633832
2026-09-14 08:10:24 - 暂停product成功：amazon_uk_luux 401787147201892
2026-09-14 08:10:24 - 暂停product成功：amazon_uk_luux 439521084562794
2026-09-14 08:10:24 - 暂停product成功：amazon_uk_luux 530361044738892
2026-09-14 08:10:24 - 暂停product成功：amazon_uk_luux 482627913141607
2026-09-14 08:10:24 - 暂停product成功：amazon_uk_luux 505447590145233
2026-09-14 08:10:24 - 暂停product成功：amazon_uk_luux 340459837128522
2026-09-14 08:10:24 - 暂停product成功：amazon_uk_luux 340367317159812
2026-09-14 08:10:24 - 暂停product成功：amazon_uk_luux 523748187626868
2026-09-14 08:10:24 - 暂停product成功：amazon_uk_luux 489048429367987
2026-09-14 08:10:25 - batchMongoUpdateProduct：共26条，成功26条，失败0条
2026-09-14 08:10:26 - {"status":"success","message":"success","data":[{"adId":281908554280911,"code":"SUCCESS"},{"adId":326474739617550,"code":"SUCCESS"},{"adId":323389335477711,"code":"SUCCESS"},{"adId":392978313013801,"code":"SUCCESS"},{"adId":432223022372514,"code":"SUCCESS"},{"adId":454838421790848,"code":"SUCCESS"},{"adId":510644135279619,"code":"SUCCESS"},{"adId":404094784685612,"code":"SUCCESS"},{"adId":287588009711810,"code":"SUCCESS"},{"adId":417695335114176,"code":"SUCCESS"},{"adId":474494467525004,"code":"SUCCESS"},{"adId":308585610624648,"code":"SUCCESS"},{"adId":331093355968290,"code":"SUCCESS"},{"adId":365010676179625,"code":"SUCCESS"},{"adId":352897348563027,"code":"SUCCESS"},{"adId":367756798515603,"code":"SUCCESS"},{"adId":431017504478895,"code":"SUCCESS"},{"adId":447688887475152,"code":"SUCCESS"}]}
2026-09-14 08:10:26 - 暂停product成功：amazon_uk_ifn 281908554280911
2026-09-14 08:10:26 - 暂停product成功：amazon_uk_ifn 326474739617550
2026-09-14 08:10:26 - 暂停product成功：amazon_uk_ifn 323389335477711
2026-09-14 08:10:26 - 暂停product成功：amazon_uk_ifn 392978313013801
2026-09-14 08:10:26 - 暂停product成功：amazon_uk_ifn 432223022372514
2026-09-14 08:10:26 - 暂停product成功：amazon_uk_ifn 454838421790848
2026-09-14 08:10:26 - 暂停product成功：amazon_uk_ifn 510644135279619
2026-09-14 08:10:26 - 暂停product成功：amazon_uk_ifn 404094784685612
2026-09-14 08:10:26 - 暂停product成功：amazon_uk_ifn 287588009711810
2026-09-14 08:10:26 - 暂停product成功：amazon_uk_ifn 417695335114176
2026-09-14 08:10:26 - 暂停product成功：amazon_uk_ifn 474494467525004
2026-09-14 08:10:26 - 暂停product成功：amazon_uk_ifn 308585610624648
2026-09-14 08:10:26 - 暂停product成功：amazon_uk_ifn 331093355968290
2026-09-14 08:10:26 - 暂停product成功：amazon_uk_ifn 365010676179625
2026-09-14 08:10:26 - 暂停product成功：amazon_uk_ifn 352897348563027
2026-09-14 08:10:26 - 暂停product成功：amazon_uk_ifn 367756798515603
2026-09-14 08:10:26 - 暂停product成功：amazon_uk_ifn 431017504478895
2026-09-14 08:10:26 - 暂停product成功：amazon_uk_ifn 447688887475152
2026-09-14 08:10:26 - batchMongoUpdateProduct：共11条，成功11条，失败0条
2026-09-14 08:10:29 - {"status":"success","message":"success","data":[{"adId":520181720058431,"code":"SUCCESS"},{"adId":353133910049521,"code":"SUCCESS"},{"adId":420444684939826,"code":"SUCCESS"},{"adId":454442016303944,"code":"SUCCESS"},{"adId":494637603965157,"code":"SUCCESS"},{"adId":321194007547120,"code":"SUCCESS"},{"adId":431591195691892,"code":"SUCCESS"},{"adId":443600225691632,"code":"SUCCESS"},{"adId":419827382107388,"code":"SUCCESS"},{"adId":297280052609510,"code":"SUCCESS"},{"adId":327586934141269,"code":"SUCCESS"},{"adId":347970373036524,"code":"SUCCESS"},{"adId":332757635115816,"code":"SUCCESS"},{"adId":457765148976864,"code":"SUCCESS"},{"adId":349805518898212,"code":"SUCCESS"},{"adId":408080484832048,"code":"SUCCESS"},{"adId":520679417981368,"code":"SUCCESS"},{"adId":426213212892142,"code":"SUCCESS"},{"adId":455460858615629,"code":"SUCCESS"},{"adId":540999385615822,"code":"SUCCESS"},{"adId":416983930770313,"code":"SUCCESS"},{"adId":525341145095937,"code":"SUCCESS"},{"adId":314068265586123,"code":"SUCCESS"},{"adId":307185149996844,"code":"SUCCESS"},{"adId":379135168934807,"code":"SUCCESS"},{"adId":555060105484423,"code":"SUCCESS"},{"adId":509690785177652,"code":"SUCCESS"},{"adId":561173719218290,"code":"SUCCESS"},{"adId":444883784558465,"code":"SUCCESS"},{"adId":526834135346149,"code":"SUCCESS"},{"adId":412907685837792,"code":"SUCCESS"},{"adId":398903492817726,"code":"SUCCESS"},{"adId":526110875201428,"code":"SUCCESS"},{"adId":458545502815074,"code":"SUCCESS"},{"adId":357431413822812,"code":"SUCCESS"},{"adId":317365122973279,"code":"SUCCESS"},{"adId":283669228315501,"code":"SUCCESS"},{"adId":503199870931989,"code":"SUCCESS"},{"adId":295417088361842,"code":"SUCCESS"},{"adId":482569191697459,"code":"SUCCESS"},{"adId":355037251291188,"code":"SUCCESS"},{"adId":436989529566671,"code":"SUCCESS"},{"adId":381189081191131,"code":"SUCCESS"},{"adId":512016518444322,"code":"SUCCESS"},{"adId":351889622200927,"code":"SUCCESS"},{"adId":401424470565641,"code":"SUCCESS"},{"adId":387963415027360,"code":"SUCCESS"},{"adId":324051606466581,"code":"SUCCESS"},{"adId":535811304953499,"code":"SUCCESS"},{"adId":438740277296943,"code":"SUCCESS"},{"adId":501118083370638,"code":"SUCCESS"},{"adId":406213835333006,"code":"SUCCESS"},{"adId":341788886518743,"code":"SUCCESS"},{"adId":361386385708268,"code":"SUCCESS"},{"adId":363753647339534,"code":"SUCCESS"},{"adId":343111181572465,"code":"SUCCESS"},{"adId":337522804061390,"code":"SUCCESS"},{"adId":454086647205163,"code":"SUCCESS"},{"adId":295144935174350,"code":"SUCCESS"},{"adId":484953570474098,"code":"SUCCESS"},{"adId":383366870546559,"code":"SUCCESS"},{"adId":453117478958876,"code":"SUCCESS"},{"adId":485304743789412,"code":"SUCCESS"},{"adId":373632719596082,"code":"SUCCESS"}]}
2026-09-14 08:10:29 - 暂停product成功：amazon_ca_luck 520181720058431
2026-09-14 08:10:29 - 暂停product成功：amazon_ca_luck 353133910049521
2026-09-14 08:10:29 - 暂停product成功：amazon_ca_luck 420444684939826
2026-09-14 08:10:29 - 暂停product成功：amazon_ca_luck 454442016303944
2026-09-14 08:10:29 - 暂停product成功：amazon_ca_luck 494637603965157
2026-09-14 08:10:29 - 暂停product成功：amazon_ca_luck 321194007547120
2026-09-14 08:10:29 - 暂停product成功：amazon_ca_luck 431591195691892
2026-09-14 08:10:29 - 暂停product成功：amazon_ca_luck 443600225691632
2026-09-14 08:10:29 - 暂停product成功：amazon_ca_luck 419827382107388
2026-09-14 08:10:29 - 暂停product成功：amazon_ca_luck 297280052609510
2026-09-14 08:10:29 - 暂停product成功：amazon_ca_luck 327586934141269
2026-09-14 08:10:29 - 暂停product成功：amazon_ca_luck 347970373036524
2026-09-14 08:10:29 - 暂停product成功：amazon_ca_luck 332757635115816
2026-09-14 08:10:29 - 暂停product成功：amazon_ca_luck 457765148976864
2026-09-14 08:10:29 - 暂停product成功：amazon_ca_luck 349805518898212
2026-09-14 08:10:29 - 暂停product成功：amazon_ca_luck 408080484832048
2026-09-14 08:10:29 - 暂停product成功：amazon_ca_luck 520679417981368
2026-09-14 08:10:29 - 暂停product成功：amazon_ca_luck 426213212892142
2026-09-14 08:10:29 - 暂停product成功：amazon_ca_luck 455460858615629
2026-09-14 08:10:29 - 暂停product成功：amazon_ca_luck 540999385615822
2026-09-14 08:10:29 - 暂停product成功：amazon_ca_luck 416983930770313
2026-09-14 08:10:29 - 暂停product成功：amazon_ca_luck 525341145095937
2026-09-14 08:10:29 - 暂停product成功：amazon_ca_luck 314068265586123
2026-09-14 08:10:29 - 暂停product成功：amazon_ca_luck 307185149996844
2026-09-14 08:10:29 - 暂停product成功：amazon_ca_luck 379135168934807
2026-09-14 08:10:29 - 暂停product成功：amazon_ca_luck 555060105484423
2026-09-14 08:10:29 - 暂停product成功：amazon_ca_luck 509690785177652
2026-09-14 08:10:29 - 暂停product成功：amazon_ca_luck 561173719218290
2026-09-14 08:10:29 - 暂停product成功：amazon_ca_luck 444883784558465
2026-09-14 08:10:29 - 暂停product成功：amazon_ca_luck 526834135346149
2026-09-14 08:10:29 - 暂停product成功：amazon_ca_luck 412907685837792
2026-09-14 08:10:29 - 暂停product成功：amazon_ca_luck 398903492817726
2026-09-14 08:10:29 - 暂停product成功：amazon_ca_luck 526110875201428
2026-09-14 08:10:29 - 暂停product成功：amazon_ca_luck 458545502815074
2026-09-14 08:10:29 - 暂停product成功：amazon_ca_luck 357431413822812
2026-09-14 08:10:29 - 暂停product成功：amazon_ca_luck 317365122973279
2026-09-14 08:10:29 - 暂停product成功：amazon_ca_luck 283669228315501
2026-09-14 08:10:29 - 暂停product成功：amazon_ca_luck 503199870931989
2026-09-14 08:10:29 - 暂停product成功：amazon_ca_luck 295417088361842
2026-09-14 08:10:29 - 暂停product成功：amazon_ca_luck 482569191697459
2026-09-14 08:10:29 - 暂停product成功：amazon_ca_luck 355037251291188
2026-09-14 08:10:29 - 暂停product成功：amazon_ca_luck 436989529566671
2026-09-14 08:10:29 - 暂停product成功：amazon_ca_luck 381189081191131
2026-09-14 08:10:29 - 暂停product成功：amazon_ca_luck 512016518444322
2026-09-14 08:10:29 - 暂停product成功：amazon_ca_luck 351889622200927
2026-09-14 08:10:29 - 暂停product成功：amazon_ca_luck 401424470565641
2026-09-14 08:10:29 - 暂停product成功：amazon_ca_luck 387963415027360
2026-09-14 08:10:29 - 暂停product成功：amazon_ca_luck 324051606466581
2026-09-14 08:10:29 - 暂停product成功：amazon_ca_luck 535811304953499
2026-09-14 08:10:29 - 暂停product成功：amazon_ca_luck 438740277296943
2026-09-14 08:10:29 - 暂停product成功：amazon_ca_luck 501118083370638
2026-09-14 08:10:29 - 暂停product成功：amazon_ca_luck 406213835333006
2026-09-14 08:10:29 - 暂停product成功：amazon_ca_luck 341788886518743
2026-09-14 08:10:29 - 暂停product成功：amazon_ca_luck 361386385708268
2026-09-14 08:10:29 - 暂停product成功：amazon_ca_luck 363753647339534
2026-09-14 08:10:29 - 暂停product成功：amazon_ca_luck 343111181572465
2026-09-14 08:10:29 - 暂停product成功：amazon_ca_luck 337522804061390
2026-09-14 08:10:29 - 暂停product成功：amazon_ca_luck 454086647205163
2026-09-14 08:10:29 - 暂停product成功：amazon_ca_luck 295144935174350
2026-09-14 08:10:29 - 暂停product成功：amazon_ca_luck 484953570474098
2026-09-14 08:10:29 - 暂停product成功：amazon_ca_luck 383366870546559
2026-09-14 08:10:29 - 暂停product成功：amazon_ca_luck 453117478958876
2026-09-14 08:10:29 - 暂停product成功：amazon_ca_luck 485304743789412
2026-09-14 08:10:29 - 暂停product成功：amazon_ca_luck 373632719596082
2026-09-14 08:10:29 - batchMongoUpdateProduct：共49条，成功49条，失败0条
2026-09-14 08:10:31 - {"status":"success","message":"success","data":[{"adId":411802657541019,"code":"SUCCESS"},{"adId":491230808246226,"code":"SUCCESS"},{"adId":553042896760679,"code":"SUCCESS"},{"adId":540191259724953,"code":"SUCCESS"},{"adId":514658600769050,"code":"SUCCESS"},{"adId":558718615996860,"code":"SUCCESS"},{"adId":339307871141996,"code":"SUCCESS"},{"adId":329276181051458,"code":"SUCCESS"},{"adId":333348427099139,"code":"SUCCESS"},{"adId":282180556661492,"code":"SUCCESS"},{"adId":410390874591669,"code":"SUCCESS"},{"adId":491754182440026,"code":"SUCCESS"},{"adId":379623146895638,"code":"SUCCESS"},{"adId":537661981202715,"code":"SUCCESS"},{"adId":515964235615069,"code":"SUCCESS"},{"adId":302798791245630,"code":"SUCCESS"},{"adId":445654249699848,"code":"SUCCESS"},{"adId":435813090922912,"code":"SUCCESS"},{"adId":510891595864037,"code":"SUCCESS"},{"adId":382594277234883,"code":"SUCCESS"},{"adId":511120358255977,"code":"SUCCESS"},{"adId":416795135063834,"code":"SUCCESS"},{"adId":380752585745518,"code":"SUCCESS"},{"adId":342477184874304,"code":"SUCCESS"},{"adId":427233866389642,"code":"SUCCESS"},{"adId":448420494139790,"code":"SUCCESS"},{"adId":397965008602826,"code":"SUCCESS"},{"adId":445857211674454,"code":"SUCCESS"},{"adId":312405506060399,"code":"SUCCESS"},{"adId":413410447547541,"code":"SUCCESS"},{"adId":362841597198382,"code":"SUCCESS"},{"adId":474914857838785,"code":"SUCCESS"},{"adId":342166288784316,"code":"SUCCESS"},{"adId":520340067563452,"code":"SUCCESS"},{"adId":501063461525042,"code":"SUCCESS"},{"adId":358048264551840,"code":"SUCCESS"},{"adId":472662408153209,"code":"SUCCESS"},{"adId":558498831695730,"code":"SUCCESS"},{"adId":281579829592489,"code":"SUCCESS"},{"adId":554585778618047,"code":"SUCCESS"},{"adId":366065447547678,"code":"SUCCESS"},{"adId":497528892932912,"code":"SUCCESS"},{"adId":320148867513820,"code":"SUCCESS"},{"adId":546788266474797,"code":"SUCCESS"},{"adId":541033354104329,"code":"SUCCESS"},{"adId":484285526215812,"code":"SUCCESS"},{"adId":367227049447830,"code":"SUCCESS"},{"adId":399174015227756,"code":"SUCCESS"},{"adId":443311771872117,"code":"SUCCESS"},{"adId":545973910346697,"code":"SUCCESS"},{"adId":524982300657695,"code":"SUCCESS"},{"adId":461305801289607,"code":"SUCCESS"},{"adId":470496797014097,"code":"SUCCESS"},{"adId":295293995590981,"code":"SUCCESS"},{"adId":333252595675741,"code":"SUCCESS"},{"adId":414270753883612,"code":"SUCCESS"},{"adId":518478463638490,"code":"SUCCESS"},{"adId":310619420093000,"code":"SUCCESS"},{"adId":427296531122611,"code":"SUCCESS"},{"adId":430923278710808,"code":"SUCCESS"},{"adId":493133531705234,"code":"SUCCESS"},{"adId":560198931204821,"code":"SUCCESS"},{"adId":517670431170387,"code":"SUCCESS"},{"adId":464004373096935,"code":"SUCCESS"},{"adId":470016379561155,"code":"SUCCESS"},{"adId":349498374686744,"code":"SUCCESS"},{"adId":381184896796923,"code":"SUCCESS"}]}
2026-09-14 08:10:31 - 暂停product成功：amazon_ca_rrc 411802657541019
2026-09-14 08:10:31 - 暂停product成功：amazon_ca_rrc 491230808246226
2026-09-14 08:10:31 - 暂停product成功：amazon_ca_rrc 553042896760679
2026-09-14 08:10:31 - 暂停product成功：amazon_ca_rrc 540191259724953
2026-09-14 08:10:31 - 暂停product成功：amazon_ca_rrc 514658600769050
2026-09-14 08:10:31 - 暂停product成功：amazon_ca_rrc 558718615996860
2026-09-14 08:10:31 - 暂停product成功：amazon_ca_rrc 339307871141996
2026-09-14 08:10:31 - 暂停product成功：amazon_ca_rrc 329276181051458
2026-09-14 08:10:31 - 暂停product成功：amazon_ca_rrc 333348427099139
2026-09-14 08:10:31 - 暂停product成功：amazon_ca_rrc 282180556661492
2026-09-14 08:10:31 - 暂停product成功：amazon_ca_rrc 410390874591669
2026-09-14 08:10:31 - 暂停product成功：amazon_ca_rrc 491754182440026
2026-09-14 08:10:31 - 暂停product成功：amazon_ca_rrc 379623146895638
2026-09-14 08:10:31 - 暂停product成功：amazon_ca_rrc 537661981202715
2026-09-14 08:10:31 - 暂停product成功：amazon_ca_rrc 515964235615069
2026-09-14 08:10:31 - 暂停product成功：amazon_ca_rrc 302798791245630
2026-09-14 08:10:31 - 暂停product成功：amazon_ca_rrc 445654249699848
2026-09-14 08:10:31 - 暂停product成功：amazon_ca_rrc 435813090922912
2026-09-14 08:10:31 - 暂停product成功：amazon_ca_rrc 510891595864037
2026-09-14 08:10:31 - 暂停product成功：amazon_ca_rrc 382594277234883
2026-09-14 08:10:31 - 暂停product成功：amazon_ca_rrc 511120358255977
2026-09-14 08:10:31 - 暂停product成功：amazon_ca_rrc 416795135063834
2026-09-14 08:10:31 - 暂停product成功：amazon_ca_rrc 380752585745518
2026-09-14 08:10:31 - 暂停product成功：amazon_ca_rrc 342477184874304
2026-09-14 08:10:31 - 暂停product成功：amazon_ca_rrc 427233866389642
2026-09-14 08:10:31 - 暂停product成功：amazon_ca_rrc 448420494139790
2026-09-14 08:10:31 - 暂停product成功：amazon_ca_rrc 397965008602826
2026-09-14 08:10:31 - 暂停product成功：amazon_ca_rrc 445857211674454
2026-09-14 08:10:31 - 暂停product成功：amazon_ca_rrc 312405506060399
2026-09-14 08:10:31 - 暂停product成功：amazon_ca_rrc 413410447547541
2026-09-14 08:10:31 - 暂停product成功：amazon_ca_rrc 362841597198382
2026-09-14 08:10:31 - 暂停product成功：amazon_ca_rrc 474914857838785
2026-09-14 08:10:31 - 暂停product成功：amazon_ca_rrc 342166288784316
2026-09-14 08:10:31 - 暂停product成功：amazon_ca_rrc 520340067563452
2026-09-14 08:10:31 - 暂停product成功：amazon_ca_rrc 501063461525042
2026-09-14 08:10:31 - 暂停product成功：amazon_ca_rrc 358048264551840
2026-09-14 08:10:31 - 暂停product成功：amazon_ca_rrc 472662408153209
2026-09-14 08:10:31 - 暂停product成功：amazon_ca_rrc 558498831695730
2026-09-14 08:10:31 - 暂停product成功：amazon_ca_rrc 281579829592489
2026-09-14 08:10:31 - 暂停product成功：amazon_ca_rrc 554585778618047
2026-09-14 08:10:31 - 暂停product成功：amazon_ca_rrc 366065447547678
2026-09-14 08:10:31 - 暂停product成功：amazon_ca_rrc 497528892932912
2026-09-14 08:10:31 - 暂停product成功：amazon_ca_rrc 320148867513820
2026-09-14 08:10:31 - 暂停product成功：amazon_ca_rrc 546788266474797
2026-09-14 08:10:31 - 暂停product成功：amazon_ca_rrc 541033354104329
2026-09-14 08:10:31 - 暂停product成功：amazon_ca_rrc 484285526215812
2026-09-14 08:10:31 - 暂停product成功：amazon_ca_rrc 367227049447830
2026-09-14 08:10:31 - 暂停product成功：amazon_ca_rrc 399174015227756
2026-09-14 08:10:31 - 暂停product成功：amazon_ca_rrc 443311771872117
2026-09-14 08:10:31 - 暂停product成功：amazon_ca_rrc 545973910346697
2026-09-14 08:10:31 - 暂停product成功：amazon_ca_rrc 524982300657695
2026-09-14 08:10:31 - 暂停product成功：amazon_ca_rrc 461305801289607
2026-09-14 08:10:31 - 暂停product成功：amazon_ca_rrc 470496797014097
2026-09-14 08:10:31 - 暂停product成功：amazon_ca_rrc 295293995590981
2026-09-14 08:10:31 - 暂停product成功：amazon_ca_rrc 333252595675741
2026-09-14 08:10:31 - 暂停product成功：amazon_ca_rrc 414270753883612
2026-09-14 08:10:31 - 暂停product成功：amazon_ca_rrc 518478463638490
2026-09-14 08:10:31 - 暂停product成功：amazon_ca_rrc 310619420093000
2026-09-14 08:10:31 - 暂停product成功：amazon_ca_rrc 427296531122611
2026-09-14 08:10:31 - 暂停product成功：amazon_ca_rrc 430923278710808
2026-09-14 08:10:31 - 暂停product成功：amazon_ca_rrc 493133531705234
2026-09-14 08:10:31 - 暂停product成功：amazon_ca_rrc 560198931204821
2026-09-14 08:10:31 - 暂停product成功：amazon_ca_rrc 517670431170387
2026-09-14 08:10:31 - 暂停product成功：amazon_ca_rrc 464004373096935
2026-09-14 08:10:31 - 暂停product成功：amazon_ca_rrc 470016379561155
2026-09-14 08:10:31 - 暂停product成功：amazon_ca_rrc 349498374686744
2026-09-14 08:10:31 - 暂停product成功：amazon_ca_rrc 381184896796923
2026-09-14 08:10:31 - batchMongoUpdateProduct：共29条，成功29条，失败0条
2026-09-14 08:10:33 - {"status":"success","message":"success","data":[{"adId":334539721481102,"code":"SUCCESS"},{"adId":543403786640785,"code":"SUCCESS"},{"adId":370082468862371,"code":"SUCCESS"},{"adId":499795055823378,"code":"SUCCESS"},{"adId":450371628777479,"code":"SUCCESS"}]}
2026-09-14 08:10:33 - 暂停product成功：amazon_ca_kilo 334539721481102
2026-09-14 08:10:33 - 暂停product成功：amazon_ca_kilo 543403786640785
2026-09-14 08:10:33 - 暂停product成功：amazon_ca_kilo 370082468862371
2026-09-14 08:10:33 - 暂停product成功：amazon_ca_kilo 499795055823378
2026-09-14 08:10:33 - 暂停product成功：amazon_ca_kilo 450371628777479
2026-09-14 08:10:33 - batchMongoUpdateProduct：共3条，成功3条，失败0条
2026-09-14 08:10:35 - {"status":"success","message":"success","data":[{"adId":496926638277153,"code":"SUCCESS"},{"adId":531506385174247,"code":"SUCCESS"},{"adId":353580318575418,"code":"SUCCESS"},{"adId":381318683104724,"code":"SUCCESS"},{"adId":439400510102979,"code":"SUCCESS"},{"adId":394722745581417,"code":"SUCCESS"},{"adId":376201676976775,"code":"SUCCESS"},{"adId":347291846420505,"code":"SUCCESS"},{"adId":416487869920893,"code":"SUCCESS"},{"adId":511447055969320,"code":"SUCCESS"},{"adId":358984961257655,"code":"SUCCESS"},{"adId":425979310169115,"code":"SUCCESS"},{"adId":545335910011674,"code":"SUCCESS"},{"adId":350625773688817,"code":"SUCCESS"},{"adId":476015835279090,"code":"SUCCESS"},{"adId":281917042842100,"code":"SUCCESS"},{"adId":443475884804668,"code":"SUCCESS"},{"adId":384981779681762,"code":"SUCCESS"},{"adId":556447839188675,"code":"SUCCESS"},{"adId":477380614893468,"code":"SUCCESS"},{"adId":326361409925286,"code":"SUCCESS"},{"adId":326191294298859,"code":"SUCCESS"},{"adId":492056913458213,"code":"SUCCESS"},{"adId":350579669461105,"code":"SUCCESS"},{"adId":285287469080076,"code":"SUCCESS"},{"adId":438805026217553,"code":"SUCCESS"},{"adId":422840828087142,"code":"SUCCESS"},{"adId":514483465517329,"code":"SUCCESS"},{"adId":440427956212197,"code":"SUCCESS"},{"adId":552448633788140,"code":"SUCCESS"},{"adId":291956960921846,"code":"SUCCESS"},{"adId":493649987424829,"code":"SUCCESS"},{"adId":364757228690975,"code":"SUCCESS"},{"adId":319198562751362,"code":"SUCCESS"},{"adId":549180750462937,"code":"SUCCESS"},{"adId":414666224856170,"code":"SUCCESS"},{"adId":372760730792871,"code":"SUCCESS"},{"adId":492046086358098,"code":"SUCCESS"},{"adId":540610948606094,"code":"SUCCESS"},{"adId":348701878802110,"code":"SUCCESS"},{"adId":303080434873832,"code":"SUCCESS"},{"adId":309665386254856,"code":"SUCCESS"},{"adId":367373896104258,"code":"SUCCESS"},{"adId":310445004832122,"code":"SUCCESS"},{"adId":508535003776161,"code":"SUCCESS"},{"adId":460934185012353,"code":"SUCCESS"},{"adId":501662257285185,"code":"SUCCESS"},{"adId":556330117038137,"code":"SUCCESS"},{"adId":344618193774985,"code":"SUCCESS"},{"adId":392613300040045,"code":"SUCCESS"},[{"description":"Archived entity cannot be modified","code":"ARCHIVED_ENTITY_CANNOT_BE_MODIFIED"},{"description":"Archived entity cannot be modified","code":"ARCHIVED_ENTITY_CANNOT_BE_MODIFIED"},{"description":"Archived entity cannot be modified","code":"ARCHIVED_ENTITY_CANNOT_BE_MODIFIED"},{"description":"Archived entity cannot be modified","code":"ARCHIVED_ENTITY_CANNOT_BE_MODIFIED"},{"description":"Archived entity cannot be modified","code":"ARCHIVED_ENTITY_CANNOT_BE_MODIFIED"},{"description":"Archived entity cannot be modified","code":"ARCHIVED_ENTITY_CANNOT_BE_MODIFIED"},{"description":"Archived entity cannot be modified","code":"ARCHIVED_ENTITY_CANNOT_BE_MODIFIED"}]]}
2026-09-14 08:10:35 - 暂停product成功：amazon_uk_find 496926638277153
2026-09-14 08:10:35 - 暂停product成功：amazon_uk_find 531506385174247
2026-09-14 08:10:35 - 暂停product成功：amazon_uk_find 353580318575418
2026-09-14 08:10:35 - 暂停product成功：amazon_uk_find 381318683104724
2026-09-14 08:10:35 - 暂停product成功：amazon_uk_find 439400510102979
2026-09-14 08:10:35 - 暂停product成功：amazon_uk_find 394722745581417
2026-09-14 08:10:35 - 暂停product成功：amazon_uk_find 376201676976775
2026-09-14 08:10:35 - 暂停product成功：amazon_uk_find 347291846420505
2026-09-14 08:10:35 - 暂停product失败：amazon_uk_find 476633635616573
2026-09-14 08:10:35 - 暂停product成功：amazon_uk_find 416487869920893
2026-09-14 08:10:35 - 暂停product成功：amazon_uk_find 511447055969320
2026-09-14 08:10:35 - 暂停product成功：amazon_uk_find 358984961257655
2026-09-14 08:10:35 - 暂停product成功：amazon_uk_find 425979310169115
2026-09-14 08:10:35 - 暂停product成功：amazon_uk_find 545335910011674
2026-09-14 08:10:35 - 暂停product成功：amazon_uk_find 350625773688817
2026-09-14 08:10:35 - 暂停product成功：amazon_uk_find 476015835279090
2026-09-14 08:10:35 - 暂停product成功：amazon_uk_find 281917042842100
2026-09-14 08:10:35 - 暂停product成功：amazon_uk_find 443475884804668
2026-09-14 08:10:35 - 暂停product成功：amazon_uk_find 384981779681762
2026-09-14 08:10:35 - 暂停product成功：amazon_uk_find 556447839188675
2026-09-14 08:10:35 - 暂停product成功：amazon_uk_find 477380614893468
2026-09-14 08:10:35 - 暂停product成功：amazon_uk_find 326361409925286
2026-09-14 08:10:35 - 暂停product成功：amazon_uk_find 326191294298859
2026-09-14 08:10:35 - 暂停product成功：amazon_uk_find 492056913458213
2026-09-14 08:10:35 - 暂停product成功：amazon_uk_find 350579669461105
2026-09-14 08:10:35 - 暂停product失败：amazon_uk_find 557396175512627
2026-09-14 08:10:35 - 暂停product失败：amazon_uk_find 307442608414595
2026-09-14 08:10:35 - 暂停product成功：amazon_uk_find 285287469080076
2026-09-14 08:10:35 - 暂停product失败：amazon_uk_find 533449633172204
2026-09-14 08:10:35 - 暂停product成功：amazon_uk_find 438805026217553
2026-09-14 08:10:35 - 暂停product成功：amazon_uk_find 422840828087142
2026-09-14 08:10:35 - 暂停product失败：amazon_uk_find 542216864730787
2026-09-14 08:10:35 - 暂停product失败：amazon_uk_find 344327820828919
2026-09-14 08:10:35 - 暂停product成功：amazon_uk_find 514483465517329
2026-09-14 08:10:35 - 暂停product成功：amazon_uk_find 440427956212197
2026-09-14 08:10:35 - 暂停product成功：amazon_uk_find 552448633788140
2026-09-14 08:10:35 - 暂停product成功：amazon_uk_find 291956960921846
2026-09-14 08:10:35 - 暂停product成功：amazon_uk_find 493649987424829
2026-09-14 08:10:35 - 暂停product成功：amazon_uk_find 364757228690975
2026-09-14 08:10:35 - 暂停product成功：amazon_uk_find 319198562751362
2026-09-14 08:10:35 - 暂停product成功：amazon_uk_find 549180750462937
2026-09-14 08:10:35 - 暂停product失败：amazon_uk_find 439257994460235
2026-09-14 08:10:35 - 暂停product成功：amazon_uk_find 414666224856170
2026-09-14 08:10:35 - 暂停product成功：amazon_uk_find 372760730792871
2026-09-14 08:10:35 - 暂停product成功：amazon_uk_find 492046086358098
2026-09-14 08:10:35 - 暂停product成功：amazon_uk_find 540610948606094
2026-09-14 08:10:35 - 暂停product成功：amazon_uk_find 348701878802110
2026-09-14 08:10:35 - 暂停product成功：amazon_uk_find 303080434873832
2026-09-14 08:10:35 - 暂停product成功：amazon_uk_find 309665386254856
2026-09-14 08:10:35 - 暂停product成功：amazon_uk_find 367373896104258
2026-09-14 08:10:35 - 暂停product成功：amazon_uk_find 310445004832122
2026-09-14 08:10:35 - 暂停product成功：amazon_uk_find 508535003776161
2026-09-14 08:10:35 - 暂停product成功：amazon_uk_find 460934185012353
2026-09-14 08:10:35 - 暂停product成功：amazon_uk_find 501662257285185
2026-09-14 08:10:35 - 暂停product成功：amazon_uk_find 556330117038137
2026-09-14 08:10:35 - 暂停product成功：amazon_uk_find 344618193774985
2026-09-14 08:10:35 - 暂停product成功：amazon_uk_find 392613300040045
2026-09-14 08:10:36 - batchMongoUpdateProduct：共50条，成功50条，失败0条
2026-09-14 08:10:38 - {"status":"success","message":"success","data":[{"adId":445288147353884,"code":"SUCCESS"},{"adId":300698770790545,"code":"SUCCESS"},{"adId":332749369958788,"code":"SUCCESS"},{"adId":487205233911081,"code":"SUCCESS"},{"adId":281940898802312,"code":"SUCCESS"},{"adId":306463367437867,"code":"SUCCESS"},{"adId":496496952825276,"code":"SUCCESS"},{"adId":531032692603812,"code":"SUCCESS"},{"adId":490691871701757,"code":"SUCCESS"},{"adId":401617951207292,"code":"SUCCESS"},{"adId":556344009096866,"code":"SUCCESS"},{"adId":532235790514279,"code":"SUCCESS"},{"adId":338707589019558,"code":"SUCCESS"},{"adId":423787639147130,"code":"SUCCESS"},{"adId":312765387386647,"code":"SUCCESS"},{"adId":316429155391002,"code":"SUCCESS"},{"adId":536738998416427,"code":"SUCCESS"},{"adId":491311224972483,"code":"SUCCESS"},{"adId":459807506514144,"code":"SUCCESS"},{"adId":374030256511261,"code":"SUCCESS"},{"adId":419552375661086,"code":"SUCCESS"},{"adId":374440006358612,"code":"SUCCESS"},{"adId":489222578340729,"code":"SUCCESS"},{"adId":287917165861132,"code":"SUCCESS"},{"adId":413429476292959,"code":"SUCCESS"},{"adId":510823764837965,"code":"SUCCESS"},{"adId":394767708140043,"code":"SUCCESS"},{"adId":447479089928629,"code":"SUCCESS"},{"adId":562779196751400,"code":"SUCCESS"},{"adId":381671271047483,"code":"SUCCESS"},{"adId":500396270319393,"code":"SUCCESS"},{"adId":394272973317942,"code":"SUCCESS"},{"adId":524966539859278,"code":"SUCCESS"},{"adId":324186175218207,"code":"SUCCESS"},{"adId":514525453544227,"code":"SUCCESS"},{"adId":340821772187820,"code":"SUCCESS"},{"adId":382915888716875,"code":"SUCCESS"},{"adId":470063944836117,"code":"SUCCESS"},{"adId":474698629279589,"code":"SUCCESS"},{"adId":366219385807823,"code":"SUCCESS"},{"adId":414024181392676,"code":"SUCCESS"},{"adId":469423284685776,"code":"SUCCESS"},{"adId":442517969504268,"code":"SUCCESS"},{"adId":290784474669824,"code":"SUCCESS"},{"adId":398792408606327,"code":"SUCCESS"},{"adId":385803481283885,"code":"SUCCESS"},{"adId":516529753156442,"code":"SUCCESS"},{"adId":299759229060461,"code":"SUCCESS"},{"adId":346038867036502,"code":"SUCCESS"},{"adId":417737372642661,"code":"SUCCESS"},{"adId":438882662561734,"code":"SUCCESS"},{"adId":303695359007953,"code":"SUCCESS"},{"adId":327947350158309,"code":"SUCCESS"},{"adId":311994763328839,"code":"SUCCESS"},{"adId":393791055950013,"code":"SUCCESS"},{"adId":475584567028952,"code":"SUCCESS"},{"adId":348233533270535,"code":"SUCCESS"},{"adId":459793295639619,"code":"SUCCESS"},{"adId":451270734604684,"code":"SUCCESS"},{"adId":551576054958960,"code":"SUCCESS"},{"adId":561605372903629,"code":"SUCCESS"},{"adId":432524276831496,"code":"SUCCESS"},{"adId":386639303676978,"code":"SUCCESS"},{"adId":319263976592183,"code":"SUCCESS"},{"adId":486972490757564,"code":"SUCCESS"},{"adId":470672783873013,"code":"SUCCESS"},{"adId":486637901827351,"code":"SUCCESS"},{"adId":454615514173861,"code":"SUCCESS"},{"adId":405330345544641,"code":"SUCCESS"},{"adId":463188601917139,"code":"SUCCESS"},{"adId":392809657936987,"code":"SUCCESS"},{"adId":303789984395951,"code":"SUCCESS"},{"adId":413115786444261,"code":"SUCCESS"},{"adId":307790710441909,"code":"SUCCESS"},{"adId":389358044997319,"code":"SUCCESS"},{"adId":328503713683767,"code":"SUCCESS"},{"adId":525256045875959,"code":"SUCCESS"},{"adId":413751410614479,"code":"SUCCESS"},{"adId":288722283370878,"code":"SUCCESS"},{"adId":300731283340817,"code":"SUCCESS"}]}
2026-09-14 08:10:38 - 暂停product成功：amazon_ca_hope 445288147353884
2026-09-14 08:10:38 - 暂停product成功：amazon_ca_hope 300698770790545
2026-09-14 08:10:38 - 暂停product成功：amazon_ca_hope 332749369958788
2026-09-14 08:10:38 - 暂停product成功：amazon_ca_hope 487205233911081
2026-09-14 08:10:38 - 暂停product成功：amazon_ca_hope 281940898802312
2026-09-14 08:10:38 - 暂停product成功：amazon_ca_hope 306463367437867
2026-09-14 08:10:38 - 暂停product成功：amazon_ca_hope 496496952825276
2026-09-14 08:10:38 - 暂停product成功：amazon_ca_hope 531032692603812
2026-09-14 08:10:38 - 暂停product成功：amazon_ca_hope 490691871701757
2026-09-14 08:10:38 - 暂停product成功：amazon_ca_hope 401617951207292
2026-09-14 08:10:38 - 暂停product成功：amazon_ca_hope 556344009096866
2026-09-14 08:10:38 - 暂停product成功：amazon_ca_hope 532235790514279
2026-09-14 08:10:38 - 暂停product成功：amazon_ca_hope 338707589019558
2026-09-14 08:10:38 - 暂停product成功：amazon_ca_hope 423787639147130
2026-09-14 08:10:38 - 暂停product成功：amazon_ca_hope 312765387386647
2026-09-14 08:10:38 - 暂停product成功：amazon_ca_hope 316429155391002
2026-09-14 08:10:38 - 暂停product成功：amazon_ca_hope 536738998416427
2026-09-14 08:10:38 - 暂停product成功：amazon_ca_hope 491311224972483
2026-09-14 08:10:38 - 暂停product成功：amazon_ca_hope 459807506514144
2026-09-14 08:10:38 - 暂停product成功：amazon_ca_hope 374030256511261
2026-09-14 08:10:38 - 暂停product成功：amazon_ca_hope 419552375661086
2026-09-14 08:10:38 - 暂停product成功：amazon_ca_hope 374440006358612
2026-09-14 08:10:38 - 暂停product成功：amazon_ca_hope 489222578340729
2026-09-14 08:10:38 - 暂停product成功：amazon_ca_hope 287917165861132
2026-09-14 08:10:38 - 暂停product成功：amazon_ca_hope 413429476292959
2026-09-14 08:10:38 - 暂停product成功：amazon_ca_hope 510823764837965
2026-09-14 08:10:38 - 暂停product成功：amazon_ca_hope 394767708140043
2026-09-14 08:10:38 - 暂停product成功：amazon_ca_hope 447479089928629
2026-09-14 08:10:38 - 暂停product成功：amazon_ca_hope 562779196751400
2026-09-14 08:10:38 - 暂停product成功：amazon_ca_hope 381671271047483
2026-09-14 08:10:38 - 暂停product成功：amazon_ca_hope 500396270319393
2026-09-14 08:10:38 - 暂停product成功：amazon_ca_hope 394272973317942
2026-09-14 08:10:38 - 暂停product成功：amazon_ca_hope 524966539859278
2026-09-14 08:10:38 - 暂停product成功：amazon_ca_hope 324186175218207
2026-09-14 08:10:38 - 暂停product成功：amazon_ca_hope 514525453544227
2026-09-14 08:10:38 - 暂停product成功：amazon_ca_hope 340821772187820
2026-09-14 08:10:38 - 暂停product成功：amazon_ca_hope 382915888716875
2026-09-14 08:10:38 - 暂停product成功：amazon_ca_hope 470063944836117
2026-09-14 08:10:38 - 暂停product成功：amazon_ca_hope 474698629279589
2026-09-14 08:10:38 - 暂停product成功：amazon_ca_hope 366219385807823
2026-09-14 08:10:38 - 暂停product成功：amazon_ca_hope 414024181392676
2026-09-14 08:10:38 - 暂停product成功：amazon_ca_hope 469423284685776
2026-09-14 08:10:38 - 暂停product成功：amazon_ca_hope 442517969504268
2026-09-14 08:10:38 - 暂停product成功：amazon_ca_hope 290784474669824
2026-09-14 08:10:38 - 暂停product成功：amazon_ca_hope 398792408606327
2026-09-14 08:10:38 - 暂停product成功：amazon_ca_hope 385803481283885
2026-09-14 08:10:38 - 暂停product成功：amazon_ca_hope 516529753156442
2026-09-14 08:10:38 - 暂停product成功：amazon_ca_hope 299759229060461
2026-09-14 08:10:38 - 暂停product成功：amazon_ca_hope 346038867036502
2026-09-14 08:10:38 - 暂停product成功：amazon_ca_hope 417737372642661
2026-09-14 08:10:38 - 暂停product成功：amazon_ca_hope 438882662561734
2026-09-14 08:10:38 - 暂停product成功：amazon_ca_hope 303695359007953
2026-09-14 08:10:38 - 暂停product成功：amazon_ca_hope 327947350158309
2026-09-14 08:10:38 - 暂停product成功：amazon_ca_hope 311994763328839
2026-09-14 08:10:38 - 暂停product成功：amazon_ca_hope 393791055950013
2026-09-14 08:10:38 - 暂停product成功：amazon_ca_hope 475584567028952
2026-09-14 08:10:38 - 暂停product成功：amazon_ca_hope 348233533270535
2026-09-14 08:10:38 - 暂停product成功：amazon_ca_hope 459793295639619
2026-09-14 08:10:38 - 暂停product成功：amazon_ca_hope 451270734604684
2026-09-14 08:10:38 - 暂停product成功：amazon_ca_hope 551576054958960
2026-09-14 08:10:38 - 暂停product成功：amazon_ca_hope 561605372903629
2026-09-14 08:10:38 - 暂停product成功：amazon_ca_hope 432524276831496
2026-09-14 08:10:38 - 暂停product成功：amazon_ca_hope 386639303676978
2026-09-14 08:10:38 - 暂停product成功：amazon_ca_hope 319263976592183
2026-09-14 08:10:38 - 暂停product成功：amazon_ca_hope 486972490757564
2026-09-14 08:10:38 - 暂停product成功：amazon_ca_hope 470672783873013
2026-09-14 08:10:38 - 暂停product成功：amazon_ca_hope 486637901827351
2026-09-14 08:10:38 - 暂停product成功：amazon_ca_hope 454615514173861
2026-09-14 08:10:38 - 暂停product成功：amazon_ca_hope 405330345544641
2026-09-14 08:10:38 - 暂停product成功：amazon_ca_hope 463188601917139
2026-09-14 08:10:38 - 暂停product成功：amazon_ca_hope 392809657936987
2026-09-14 08:10:38 - 暂停product成功：amazon_ca_hope 303789984395951
2026-09-14 08:10:38 - 暂停product成功：amazon_ca_hope 413115786444261
2026-09-14 08:10:38 - 暂停product成功：amazon_ca_hope 307790710441909
2026-09-14 08:10:38 - 暂停product成功：amazon_ca_hope 389358044997319
2026-09-14 08:10:38 - 暂停product成功：amazon_ca_hope 328503713683767
2026-09-14 08:10:38 - 暂停product成功：amazon_ca_hope 525256045875959
2026-09-14 08:10:38 - 暂停product成功：amazon_ca_hope 413751410614479
2026-09-14 08:10:38 - 暂停product成功：amazon_ca_hope 288722283370878
2026-09-14 08:10:38 - 暂停product成功：amazon_ca_hope 300731283340817
2026-09-14 08:10:39 - batchMongoUpdateProduct：共56条，成功56条，失败0条
2026-09-14 08:10:40 - {"status":"success","message":"success","data":[{"adId":390745277969094,"code":"SUCCESS"},{"adId":553920088624555,"code":"SUCCESS"},{"adId":404853016687638,"code":"SUCCESS"},{"adId":366221658723825,"code":"SUCCESS"},{"adId":343707352648464,"code":"SUCCESS"},{"adId":495013938014739,"code":"SUCCESS"},{"adId":514769905252254,"code":"SUCCESS"},{"adId":329975575234926,"code":"SUCCESS"},{"adId":413115167086541,"code":"SUCCESS"},{"adId":498108754543867,"code":"SUCCESS"},{"adId":317033655035824,"code":"SUCCESS"},{"adId":425022752666928,"code":"SUCCESS"},{"adId":517362022511118,"code":"SUCCESS"},{"adId":497424795757553,"code":"SUCCESS"},{"adId":321904644596571,"code":"SUCCESS"},{"adId":397757804541280,"code":"SUCCESS"},{"adId":461941981491254,"code":"SUCCESS"},{"adId":345422865026917,"code":"SUCCESS"},{"adId":334166517797761,"code":"SUCCESS"},{"adId":556235368393463,"code":"SUCCESS"},{"adId":449191887429123,"code":"SUCCESS"},{"adId":536097872381768,"code":"SUCCESS"},{"adId":427004743363198,"code":"SUCCESS"},{"adId":463005773923677,"code":"SUCCESS"},{"adId":366566837982105,"code":"SUCCESS"},{"adId":360661636055264,"code":"SUCCESS"},{"adId":389189980392763,"code":"SUCCESS"},{"adId":452702559599814,"code":"SUCCESS"},{"adId":297703512883343,"code":"SUCCESS"},{"adId":498469365439690,"code":"SUCCESS"},{"adId":378594262569767,"code":"SUCCESS"},{"adId":530150313748124,"code":"SUCCESS"}]}
2026-09-14 08:10:40 - 暂停product成功：amazon_uk_tuc 390745277969094
2026-09-14 08:10:40 - 暂停product成功：amazon_uk_tuc 553920088624555
2026-09-14 08:10:40 - 暂停product成功：amazon_uk_tuc 404853016687638
2026-09-14 08:10:40 - 暂停product成功：amazon_uk_tuc 366221658723825
2026-09-14 08:10:40 - 暂停product成功：amazon_uk_tuc 343707352648464
2026-09-14 08:10:40 - 暂停product成功：amazon_uk_tuc 495013938014739
2026-09-14 08:10:40 - 暂停product成功：amazon_uk_tuc 514769905252254
2026-09-14 08:10:40 - 暂停product成功：amazon_uk_tuc 329975575234926
2026-09-14 08:10:40 - 暂停product成功：amazon_uk_tuc 413115167086541
2026-09-14 08:10:40 - 暂停product成功：amazon_uk_tuc 498108754543867
2026-09-14 08:10:40 - 暂停product成功：amazon_uk_tuc 317033655035824
2026-09-14 08:10:40 - 暂停product成功：amazon_uk_tuc 425022752666928
2026-09-14 08:10:40 - 暂停product成功：amazon_uk_tuc 517362022511118
2026-09-14 08:10:40 - 暂停product成功：amazon_uk_tuc 497424795757553
2026-09-14 08:10:40 - 暂停product成功：amazon_uk_tuc 321904644596571
2026-09-14 08:10:40 - 暂停product成功：amazon_uk_tuc 397757804541280
2026-09-14 08:10:40 - 暂停product成功：amazon_uk_tuc 461941981491254
2026-09-14 08:10:40 - 暂停product成功：amazon_uk_tuc 345422865026917
2026-09-14 08:10:40 - 暂停product成功：amazon_uk_tuc 334166517797761
2026-09-14 08:10:40 - 暂停product成功：amazon_uk_tuc 556235368393463
2026-09-14 08:10:40 - 暂停product成功：amazon_uk_tuc 449191887429123
2026-09-14 08:10:40 - 暂停product成功：amazon_uk_tuc 536097872381768
2026-09-14 08:10:40 - 暂停product成功：amazon_uk_tuc 427004743363198
2026-09-14 08:10:40 - 暂停product成功：amazon_uk_tuc 463005773923677
2026-09-14 08:10:40 - 暂停product成功：amazon_uk_tuc 366566837982105
2026-09-14 08:10:40 - 暂停product成功：amazon_uk_tuc 360661636055264
2026-09-14 08:10:40 - 暂停product成功：amazon_uk_tuc 389189980392763
2026-09-14 08:10:40 - 暂停product成功：amazon_uk_tuc 452702559599814
2026-09-14 08:10:40 - 暂停product成功：amazon_uk_tuc 297703512883343
2026-09-14 08:10:40 - 暂停product成功：amazon_uk_tuc 498469365439690
2026-09-14 08:10:40 - 暂停product成功：amazon_uk_tuc 378594262569767
2026-09-14 08:10:40 - 暂停product成功：amazon_uk_tuc 530150313748124
2026-09-14 08:10:41 - batchMongoUpdateProduct：共26条，成功26条，失败0条
2026-09-14 08:10:43 - {"status":"success","message":"success","data":[{"adId":293436991959965,"code":"SUCCESS"},{"adId":403135127440507,"code":"SUCCESS"},{"adId":519371116989758,"code":"SUCCESS"},{"adId":542858512290051,"code":"SUCCESS"},{"adId":406644934666549,"code":"SUCCESS"},{"adId":468264720179474,"code":"SUCCESS"},{"adId":426932774199548,"code":"SUCCESS"},{"adId":408237207565517,"code":"SUCCESS"},{"adId":410022801991371,"code":"SUCCESS"},{"adId":473802657788313,"code":"SUCCESS"},{"adId":548030630986415,"code":"SUCCESS"},{"adId":391607781999095,"code":"SUCCESS"},{"adId":298805774837656,"code":"SUCCESS"},{"adId":373368423431302,"code":"SUCCESS"},{"adId":546697578577038,"code":"SUCCESS"},{"adId":323105785297922,"code":"SUCCESS"},{"adId":307073579747836,"code":"SUCCESS"},{"adId":504910546476890,"code":"SUCCESS"},{"adId":328754888680908,"code":"SUCCESS"},{"adId":479070642154924,"code":"SUCCESS"},{"adId":490621166210830,"code":"SUCCESS"},{"adId":289646094125774,"code":"SUCCESS"},{"adId":433180227185823,"code":"SUCCESS"},{"adId":312725128788090,"code":"SUCCESS"},{"adId":393924350692730,"code":"SUCCESS"},{"adId":376455910532880,"code":"SUCCESS"},{"adId":521378101684263,"code":"SUCCESS"},{"adId":512252649759495,"code":"SUCCESS"},{"adId":538316738338184,"code":"SUCCESS"},{"adId":409016309079391,"code":"SUCCESS"},{"adId":453712689099929,"code":"SUCCESS"},{"adId":491980233948739,"code":"SUCCESS"},{"adId":319678106179996,"code":"SUCCESS"},{"adId":398136452278928,"code":"SUCCESS"},{"adId":469701522426916,"code":"SUCCESS"}]}
2026-09-14 08:10:43 - 暂停product成功：amazon_us_mir 293436991959965
2026-09-14 08:10:43 - 暂停product成功：amazon_us_mir 403135127440507
2026-09-14 08:10:43 - 暂停product成功：amazon_us_mir 519371116989758
2026-09-14 08:10:43 - 暂停product成功：amazon_us_mir 542858512290051
2026-09-14 08:10:43 - 暂停product成功：amazon_us_mir 406644934666549
2026-09-14 08:10:43 - 暂停product成功：amazon_us_mir 468264720179474
2026-09-14 08:10:43 - 暂停product成功：amazon_us_mir 426932774199548
2026-09-14 08:10:43 - 暂停product成功：amazon_us_mir 408237207565517
2026-09-14 08:10:43 - 暂停product成功：amazon_us_mir 410022801991371
2026-09-14 08:10:43 - 暂停product成功：amazon_us_mir 473802657788313
2026-09-14 08:10:43 - 暂停product成功：amazon_us_mir 548030630986415
2026-09-14 08:10:43 - 暂停product成功：amazon_us_mir 391607781999095
2026-09-14 08:10:43 - 暂停product成功：amazon_us_mir 298805774837656
2026-09-14 08:10:43 - 暂停product成功：amazon_us_mir 373368423431302
2026-09-14 08:10:43 - 暂停product成功：amazon_us_mir 546697578577038
2026-09-14 08:10:43 - 暂停product成功：amazon_us_mir 323105785297922
2026-09-14 08:10:43 - 暂停product成功：amazon_us_mir 307073579747836
2026-09-14 08:10:43 - 暂停product成功：amazon_us_mir 504910546476890
2026-09-14 08:10:43 - 暂停product成功：amazon_us_mir 328754888680908
2026-09-14 08:10:43 - 暂停product成功：amazon_us_mir 479070642154924
2026-09-14 08:10:43 - 暂停product成功：amazon_us_mir 490621166210830
2026-09-14 08:10:43 - 暂停product成功：amazon_us_mir 289646094125774
2026-09-14 08:10:43 - 暂停product成功：amazon_us_mir 433180227185823
2026-09-14 08:10:43 - 暂停product成功：amazon_us_mir 312725128788090
2026-09-14 08:10:43 - 暂停product成功：amazon_us_mir 393924350692730
2026-09-14 08:10:43 - 暂停product成功：amazon_us_mir 376455910532880
2026-09-14 08:10:43 - 暂停product成功：amazon_us_mir 521378101684263
2026-09-14 08:10:43 - 暂停product成功：amazon_us_mir 512252649759495
2026-09-14 08:10:43 - 暂停product成功：amazon_us_mir 538316738338184
2026-09-14 08:10:43 - 暂停product成功：amazon_us_mir 409016309079391
2026-09-14 08:10:43 - 暂停product成功：amazon_us_mir 453712689099929
2026-09-14 08:10:43 - 暂停product成功：amazon_us_mir 491980233948739
2026-09-14 08:10:43 - 暂停product成功：amazon_us_mir 319678106179996
2026-09-14 08:10:43 - 暂停product成功：amazon_us_mir 398136452278928
2026-09-14 08:10:43 - 暂停product成功：amazon_us_mir 469701522426916
2026-09-14 08:10:43 - batchMongoUpdateProduct：共19条，成功19条，失败0条
2026-09-14 08:10:45 - {"status":"success","message":"success","data":[{"adId":308184709580022,"code":"SUCCESS"},{"adId":451471014116039,"code":"SUCCESS"},{"adId":452735142872491,"code":"SUCCESS"},{"adId":384364700506991,"code":"SUCCESS"},{"adId":507884804694063,"code":"SUCCESS"},{"adId":437510445536310,"code":"SUCCESS"},{"adId":299624677760343,"code":"SUCCESS"},{"adId":559391569671869,"code":"SUCCESS"},{"adId":351398398061581,"code":"SUCCESS"},{"adId":338513047818808,"code":"SUCCESS"},{"adId":285998513154715,"code":"SUCCESS"},{"adId":378056500407775,"code":"SUCCESS"},{"adId":506716701326354,"code":"SUCCESS"},{"adId":545516008100654,"code":"SUCCESS"},{"adId":335024773041375,"code":"SUCCESS"},{"adId":387611181410266,"code":"SUCCESS"},{"adId":454634549556268,"code":"SUCCESS"},{"adId":492939958996443,"code":"SUCCESS"},{"adId":484237105740378,"code":"SUCCESS"},{"adId":392621810834621,"code":"SUCCESS"}]}
2026-09-14 08:10:45 - 暂停product成功：amazon_uk_rock 308184709580022
2026-09-14 08:10:45 - 暂停product成功：amazon_uk_rock 451471014116039
2026-09-14 08:10:45 - 暂停product成功：amazon_uk_rock 452735142872491
2026-09-14 08:10:45 - 暂停product成功：amazon_uk_rock 384364700506991
2026-09-14 08:10:45 - 暂停product成功：amazon_uk_rock 507884804694063
2026-09-14 08:10:45 - 暂停product成功：amazon_uk_rock 437510445536310
2026-09-14 08:10:45 - 暂停product成功：amazon_uk_rock 299624677760343
2026-09-14 08:10:45 - 暂停product成功：amazon_uk_rock 559391569671869
2026-09-14 08:10:45 - 暂停product成功：amazon_uk_rock 351398398061581
2026-09-14 08:10:45 - 暂停product成功：amazon_uk_rock 338513047818808
2026-09-14 08:10:45 - 暂停product成功：amazon_uk_rock 285998513154715
2026-09-14 08:10:45 - 暂停product成功：amazon_uk_rock 378056500407775
2026-09-14 08:10:45 - 暂停product成功：amazon_uk_rock 506716701326354
2026-09-14 08:10:45 - 暂停product成功：amazon_uk_rock 545516008100654
2026-09-14 08:10:45 - 暂停product成功：amazon_uk_rock 335024773041375
2026-09-14 08:10:45 - 暂停product成功：amazon_uk_rock 387611181410266
2026-09-14 08:10:45 - 暂停product成功：amazon_uk_rock 454634549556268
2026-09-14 08:10:45 - 暂停product成功：amazon_uk_rock 492939958996443
2026-09-14 08:10:45 - 暂停product成功：amazon_uk_rock 484237105740378
2026-09-14 08:10:45 - 暂停product成功：amazon_uk_rock 392621810834621
2026-09-14 08:10:45 - batchMongoUpdateProduct：共11条，成功11条，失败0条
2026-09-14 08:10:46 - {"status":"success","message":"success","data":[{"adId":476310999966737,"code":"SUCCESS"},{"adId":458242065439738,"code":"SUCCESS"},{"adId":323316792035015,"code":"SUCCESS"},{"adId":528098261476494,"code":"SUCCESS"},{"adId":519913839613508,"code":"SUCCESS"},{"adId":505483415961815,"code":"SUCCESS"},{"adId":524014024678926,"code":"SUCCESS"},{"adId":460609433689042,"code":"SUCCESS"},{"adId":505052935352877,"code":"SUCCESS"},{"adId":384851376937693,"code":"SUCCESS"},{"adId":497972081577635,"code":"SUCCESS"},{"adId":442688513751794,"code":"SUCCESS"},{"adId":421744325251594,"code":"SUCCESS"},{"adId":465887078176135,"code":"SUCCESS"},{"adId":553776348282495,"code":"SUCCESS"},{"adId":405941462458687,"code":"SUCCESS"},{"adId":298639317824401,"code":"SUCCESS"},{"adId":350742793356135,"code":"SUCCESS"},{"adId":387181644647324,"code":"SUCCESS"},{"adId":392154455907847,"code":"SUCCESS"},{"adId":542621313404076,"code":"SUCCESS"},{"adId":426311791824008,"code":"SUCCESS"},{"adId":464571353673661,"code":"SUCCESS"},{"adId":527589666835105,"code":"SUCCESS"},{"adId":475502533778092,"code":"SUCCESS"},{"adId":314384600245846,"code":"SUCCESS"},{"adId":483046893395843,"code":"SUCCESS"},{"adId":375035718440070,"code":"SUCCESS"},{"adId":504596133740503,"code":"SUCCESS"},{"adId":489374552574332,"code":"SUCCESS"},{"adId":408481654997728,"code":"SUCCESS"},{"adId":445511471530258,"code":"SUCCESS"},{"adId":536712999923122,"code":"SUCCESS"},{"adId":556683993346036,"code":"SUCCESS"},{"adId":430596597812687,"code":"SUCCESS"},{"adId":474340892505716,"code":"SUCCESS"},{"adId":302477540777872,"code":"SUCCESS"},{"adId":296475456353321,"code":"SUCCESS"},{"adId":323094744489103,"code":"SUCCESS"},{"adId":378706599824229,"code":"SUCCESS"},{"adId":354687654134282,"code":"SUCCESS"},{"adId":360089853673631,"code":"SUCCESS"},{"adId":416771152756085,"code":"SUCCESS"},{"adId":407214135773262,"code":"SUCCESS"},{"adId":550157577893956,"code":"SUCCESS"},{"adId":433821856764993,"code":"SUCCESS"},{"adId":561719660539523,"code":"SUCCESS"},{"adId":397929374789856,"code":"SUCCESS"},{"adId":457852933966147,"code":"SUCCESS"},{"adId":530193014123873,"code":"SUCCESS"},{"adId":559515675622700,"code":"SUCCESS"},{"adId":337027392555546,"code":"SUCCESS"},{"adId":425463012240875,"code":"SUCCESS"},{"adId":410328899098073,"code":"SUCCESS"},{"adId":371261299174101,"code":"SUCCESS"},{"adId":341475776139076,"code":"SUCCESS"},{"adId":546411059961342,"code":"SUCCESS"},{"adId":511838896459983,"code":"SUCCESS"},{"adId":517105809910434,"code":"SUCCESS"}]}
2026-09-14 08:10:46 - 暂停product成功：amazon_uk_sopro 476310999966737
2026-09-14 08:10:46 - 暂停product成功：amazon_uk_sopro 458242065439738
2026-09-14 08:10:46 - 暂停product成功：amazon_uk_sopro 323316792035015
2026-09-14 08:10:46 - 暂停product成功：amazon_uk_sopro 528098261476494
2026-09-14 08:10:46 - 暂停product成功：amazon_uk_sopro 519913839613508
2026-09-14 08:10:46 - 暂停product成功：amazon_uk_sopro 505483415961815
2026-09-14 08:10:46 - 暂停product成功：amazon_uk_sopro 524014024678926
2026-09-14 08:10:46 - 暂停product成功：amazon_uk_sopro 460609433689042
2026-09-14 08:10:46 - 暂停product成功：amazon_uk_sopro 505052935352877
2026-09-14 08:10:46 - 暂停product成功：amazon_uk_sopro 384851376937693
2026-09-14 08:10:46 - 暂停product成功：amazon_uk_sopro 497972081577635
2026-09-14 08:10:46 - 暂停product成功：amazon_uk_sopro 442688513751794
2026-09-14 08:10:46 - 暂停product成功：amazon_uk_sopro 421744325251594
2026-09-14 08:10:46 - 暂停product成功：amazon_uk_sopro 465887078176135
2026-09-14 08:10:46 - 暂停product成功：amazon_uk_sopro 553776348282495
2026-09-14 08:10:46 - 暂停product成功：amazon_uk_sopro 405941462458687
2026-09-14 08:10:46 - 暂停product成功：amazon_uk_sopro 298639317824401
2026-09-14 08:10:46 - 暂停product成功：amazon_uk_sopro 350742793356135
2026-09-14 08:10:46 - 暂停product成功：amazon_uk_sopro 387181644647324
2026-09-14 08:10:46 - 暂停product成功：amazon_uk_sopro 392154455907847
2026-09-14 08:10:46 - 暂停product成功：amazon_uk_sopro 542621313404076
2026-09-14 08:10:46 - 暂停product成功：amazon_uk_sopro 426311791824008
2026-09-14 08:10:46 - 暂停product成功：amazon_uk_sopro 464571353673661
2026-09-14 08:10:46 - 暂停product成功：amazon_uk_sopro 527589666835105
2026-09-14 08:10:46 - 暂停product成功：amazon_uk_sopro 475502533778092
2026-09-14 08:10:46 - 暂停product成功：amazon_uk_sopro 314384600245846
2026-09-14 08:10:46 - 暂停product成功：amazon_uk_sopro 483046893395843
2026-09-14 08:10:46 - 暂停product成功：amazon_uk_sopro 375035718440070
2026-09-14 08:10:46 - 暂停product成功：amazon_uk_sopro 504596133740503
2026-09-14 08:10:46 - 暂停product成功：amazon_uk_sopro 489374552574332
2026-09-14 08:10:46 - 暂停product成功：amazon_uk_sopro 408481654997728
2026-09-14 08:10:46 - 暂停product成功：amazon_uk_sopro 445511471530258
2026-09-14 08:10:46 - 暂停product成功：amazon_uk_sopro 536712999923122
2026-09-14 08:10:46 - 暂停product成功：amazon_uk_sopro 556683993346036
2026-09-14 08:10:46 - 暂停product成功：amazon_uk_sopro 430596597812687
2026-09-14 08:10:46 - 暂停product成功：amazon_uk_sopro 474340892505716
2026-09-14 08:10:46 - 暂停product成功：amazon_uk_sopro 302477540777872
2026-09-14 08:10:46 - 暂停product成功：amazon_uk_sopro 296475456353321
2026-09-14 08:10:46 - 暂停product成功：amazon_uk_sopro 323094744489103
2026-09-14 08:10:46 - 暂停product成功：amazon_uk_sopro 378706599824229
2026-09-14 08:10:46 - 暂停product成功：amazon_uk_sopro 354687654134282
2026-09-14 08:10:46 - 暂停product成功：amazon_uk_sopro 360089853673631
2026-09-14 08:10:46 - 暂停product成功：amazon_uk_sopro 416771152756085
2026-09-14 08:10:46 - 暂停product成功：amazon_uk_sopro 407214135773262
2026-09-14 08:10:46 - 暂停product成功：amazon_uk_sopro 550157577893956
2026-09-14 08:10:46 - 暂停product成功：amazon_uk_sopro 433821856764993
2026-09-14 08:10:46 - 暂停product成功：amazon_uk_sopro 561719660539523
2026-09-14 08:10:46 - 暂停product成功：amazon_uk_sopro 397929374789856
2026-09-14 08:10:46 - 暂停product成功：amazon_uk_sopro 457852933966147
2026-09-14 08:10:46 - 暂停product成功：amazon_uk_sopro 530193014123873
2026-09-14 08:10:46 - 暂停product成功：amazon_uk_sopro 559515675622700
2026-09-14 08:10:46 - 暂停product成功：amazon_uk_sopro 337027392555546
2026-09-14 08:10:46 - 暂停product成功：amazon_uk_sopro 425463012240875
2026-09-14 08:10:46 - 暂停product成功：amazon_uk_sopro 410328899098073
2026-09-14 08:10:46 - 暂停product成功：amazon_uk_sopro 371261299174101
2026-09-14 08:10:46 - 暂停product成功：amazon_uk_sopro 341475776139076
2026-09-14 08:10:46 - 暂停product成功：amazon_uk_sopro 546411059961342
2026-09-14 08:10:46 - 暂停product成功：amazon_uk_sopro 511838896459983
2026-09-14 08:10:46 - 暂停product成功：amazon_uk_sopro 517105809910434
2026-09-14 08:10:47 - batchMongoUpdateProduct：共43条，成功43条，失败0条
2026-09-14 08:10:48 - {"status":"success","message":"success","data":[{"adId":496617535720929,"code":"SUCCESS"},{"adId":544075012024351,"code":"SUCCESS"},{"adId":338072150344979,"code":"SUCCESS"},{"adId":430499283297245,"code":"SUCCESS"},{"adId":311598748444430,"code":"SUCCESS"},{"adId":473428926120979,"code":"SUCCESS"},{"adId":480745681940582,"code":"SUCCESS"},{"adId":558526415938673,"code":"SUCCESS"},{"adId":558037807025776,"code":"SUCCESS"},{"adId":466581770254004,"code":"SUCCESS"},{"adId":407310912213911,"code":"SUCCESS"}]}
2026-09-14 08:10:48 - 暂停product成功：amazon_ca_hood 496617535720929
2026-09-14 08:10:48 - 暂停product成功：amazon_ca_hood 544075012024351
2026-09-14 08:10:48 - 暂停product成功：amazon_ca_hood 338072150344979
2026-09-14 08:10:48 - 暂停product成功：amazon_ca_hood 430499283297245
2026-09-14 08:10:48 - 暂停product成功：amazon_ca_hood 311598748444430
2026-09-14 08:10:48 - 暂停product成功：amazon_ca_hood 473428926120979
2026-09-14 08:10:48 - 暂停product成功：amazon_ca_hood 480745681940582
2026-09-14 08:10:48 - 暂停product成功：amazon_ca_hood 558526415938673
2026-09-14 08:10:48 - 暂停product成功：amazon_ca_hood 558037807025776
2026-09-14 08:10:48 - 暂停product成功：amazon_ca_hood 466581770254004
2026-09-14 08:10:48 - 暂停product成功：amazon_ca_hood 407310912213911
2026-09-14 08:10:49 - batchMongoUpdateProduct：共11条，成功11条，失败0条
2026-09-14 08:10:50 - {"status":"success","message":"success","data":[{"adId":335009139950483,"code":"SUCCESS"},{"adId":542501689417169,"code":"SUCCESS"},{"adId":382205857753654,"code":"SUCCESS"},{"adId":451083544717939,"code":"SUCCESS"},{"adId":484419987693763,"code":"SUCCESS"},{"adId":332339918259695,"code":"SUCCESS"}]}
2026-09-14 08:10:50 - 暂停product成功：amazon_ca_cover 335009139950483
2026-09-14 08:10:50 - 暂停product成功：amazon_ca_cover 542501689417169
2026-09-14 08:10:50 - 暂停product成功：amazon_ca_cover 382205857753654
2026-09-14 08:10:50 - 暂停product成功：amazon_ca_cover 451083544717939
2026-09-14 08:10:50 - 暂停product成功：amazon_ca_cover 484419987693763
2026-09-14 08:10:50 - 暂停product成功：amazon_ca_cover 332339918259695
2026-09-14 08:10:50 - batchMongoUpdateProduct：共2条，成功2条，失败0条
2026-09-14 08:10:51 - {"status":"success","message":"success","data":[{"adId":449038869971977,"code":"SUCCESS"},{"adId":387222408976434,"code":"SUCCESS"},{"adId":331504028167803,"code":"SUCCESS"},{"adId":522930523232858,"code":"SUCCESS"},{"adId":320055893825234,"code":"SUCCESS"}]}
2026-09-14 08:10:51 - 暂停product成功：amazon_us_gyc 449038869971977
2026-09-14 08:10:51 - 暂停product成功：amazon_us_gyc 387222408976434
2026-09-14 08:10:51 - 暂停product成功：amazon_us_gyc 331504028167803
2026-09-14 08:10:51 - 暂停product成功：amazon_us_gyc 522930523232858
2026-09-14 08:10:51 - 暂停product成功：amazon_us_gyc 320055893825234
2026-09-14 08:10:52 - {"status":"success","message":"success","data":[{"adId":283079604052546,"code":"SUCCESS"},{"adId":382742856386625,"code":"SUCCESS"}]}
2026-09-14 08:10:52 - 暂停product成功：amazon_ca_bull 283079604052546
2026-09-14 08:10:52 - 暂停product成功：amazon_ca_bull 382742856386625
2026-09-14 08:10:52 - batchMongoUpdateProduct：共2条，成功2条，失败0条
2026-09-14 08:10:53 - {"status":"success","message":"success","data":[{"adId":503580100350375,"code":"SUCCESS"},{"adId":302096390519251,"code":"SUCCESS"},{"adId":432504802667991,"code":"SUCCESS"},{"adId":561362869253665,"code":"SUCCESS"},{"adId":481703639573140,"code":"SUCCESS"}]}
2026-09-14 08:10:53 - 暂停product成功：amazon_uk_cover 503580100350375
2026-09-14 08:10:53 - 暂停product成功：amazon_uk_cover 302096390519251
2026-09-14 08:10:53 - 暂停product成功：amazon_uk_cover 432504802667991
2026-09-14 08:10:53 - 暂停product成功：amazon_uk_cover 561362869253665
2026-09-14 08:10:53 - 暂停product成功：amazon_uk_cover 481703639573140
2026-09-14 08:10:54 - batchMongoUpdateProduct：共2条，成功2条，失败0条
