2026-09-18 02:15:46 - createNegativeKeywords 开始处理 file:M8精否kw.xlsx channel:全部
2026-09-18 02:15:46 - channel:全部 共 357 个ad group, 503 条数据
2026-09-18 02:15:46 - amazon_us_hero adGroupId:452800738704739 使用Excel campaignId:411740585705524
2026-09-18 02:15:47 - amazon_us_hero adGroupId:452800738704739 已有negativeKeyword 2个
2026-09-18 02:15:47 - ⏭️ amazon_us_hero negativeKeyword已存在且enabled: negativeExact_4 inch intake pipe
2026-09-18 02:15:47 - amazon_us_tuto adGroupId:533443241124167 使用Excel campaignId:169018706699953
2026-09-18 02:15:48 - amazon_us_tuto adGroupId:533443241124167 已有negativeKeyword 1个
2026-09-18 02:15:48 - ⏭️ amazon_us_tuto negativeKeyword已存在且enabled: negativeExact_fuse tap
2026-09-18 02:15:48 - amazon_uk_sopro adGroupId:454550537385589 使用Excel campaignId:422119722495670
2026-09-18 02:15:50 - amazon_uk_sopro adGroupId:454550537385589 已有negativeKeyword 6个
2026-09-18 02:15:50 - ⏭️ amazon_uk_sopro negativeKeyword已存在且enabled: negativeExact_purple car accessories
2026-09-18 02:15:50 - ⏭️ amazon_uk_sopro negativeKeyword已存在且enabled: negativeExact_brake disc screw
2026-09-18 02:15:50 - ⏭️ amazon_uk_sopro negativeKeyword已存在且enabled: negativeExact_steering wheel covers
2026-09-18 02:15:50 - ⏭️ amazon_uk_sopro negativeKeyword已存在且enabled: negativeExact_motorcycle tank protector
2026-09-18 02:15:50 - amazon_uk_sopro adGroupId:454550537385589 创建negativeKeyword: 4个
2026-09-18 02:15:51 - ✅ amazon_uk_sopro 创建negativeKeyword成功: 89502654945831 - negativeExact_car seat cover
2026-09-18 02:15:51 - ✅ amazon_uk_sopro 创建negativeKeyword成功: 58023450127916 - negativeExact_purple stem
2026-09-18 02:15:51 - ✅ amazon_uk_sopro 创建negativeKeyword成功: 186471405897443 - negativeExact_51mm baffle
2026-09-18 02:15:51 - ✅ amazon_uk_sopro 创建negativeKeyword成功: 111333312092255 - negativeExact_exhaust baffle
2026-09-18 02:15:51 - amazon_us_rrc adGroupId:534632287114012 使用Excel campaignId:271170109308349
2026-09-18 02:15:53 - amazon_us_rrc adGroupId:534632287114012 已有negativeKeyword 1个
2026-09-18 02:15:53 - ⏭️ amazon_us_rrc negativeKeyword已存在且enabled: negativeExact_transmission cooler lines
2026-09-18 02:15:53 - amazon_us_moto adGroupId:517905912770925 Mongo未找到，尝试Amazon API查询
2026-09-18 02:15:54 - amazon_us_moto adGroupId:517905912770925 Amazon API查到 campaignId:501922174877223
2026-09-18 02:15:54 - amazon_us_moto adGroupId:517905912770925 使用Excel campaignId:501922174877223
2026-09-18 02:15:55 - amazon_us_moto adGroupId:517905912770925 已有negativeKeyword 243个
2026-09-18 02:15:55 - ⏭️ amazon_us_moto negativeKeyword已存在且enabled: negativeExact_dual mrbf terminal fuse block
2026-09-18 02:15:55 - ⏭️ amazon_us_moto negativeKeyword已存在且enabled: negativeExact_mrbf terminal fuse
2026-09-18 02:15:55 - amazon_us_find adGroupId:391385827020563 使用Excel campaignId:429683677500696
2026-09-18 02:15:56 - amazon_us_find adGroupId:391385827020563 已有negativeKeyword 4个
2026-09-18 02:15:56 - ⏭️ amazon_us_find negativeKeyword已存在且enabled: negativeExact_2 exhaust elbow
2026-09-18 02:15:56 - ⏭️ amazon_us_find negativeKeyword已存在且enabled: negativeExact_90 degree exhaust elbow
2026-09-18 02:15:56 - amazon_us_find adGroupId:391385827020563 创建negativeKeyword: 1个
2026-09-18 02:15:58 - ❌ amazon_us_find 创建negativeKeyword失败: negativeExact_1-1/2 exhaust elbow
2026-09-18 02:15:58 - amazon_ca_sopro adGroupId:249024372907330 使用Excel campaignId:99890227104745
2026-09-18 02:15:59 - amazon_ca_sopro adGroupId:249024372907330 已有negativeKeyword 4个
2026-09-18 02:15:59 - amazon_ca_sopro adGroupId:249024372907330 创建negativeKeyword: 2个
2026-09-18 02:16:00 - ✅ amazon_ca_sopro 创建negativeKeyword成功: 88424094785330 - negativeExact_5 pin backup camera
2026-09-18 02:16:00 - ✅ amazon_ca_sopro 创建negativeKeyword成功: 52833048426996 - negativeExact_car reverse camera
2026-09-18 02:16:00 - amazon_us_moto adGroupId:546455191405469 使用Excel campaignId:289153361171720
2026-09-18 02:16:01 - amazon_us_moto adGroupId:546455191405469 已有negativeKeyword 2个
2026-09-18 02:16:01 - ⏭️ amazon_us_moto negativeKeyword已存在且enabled: negativeExact_car door edge guards
2026-09-18 02:16:01 - ⏭️ amazon_us_moto negativeKeyword已存在且enabled: negativeExact_a pillar speaker pods
2026-09-18 02:16:01 - amazon_us_moto adGroupId:546455191405469 创建negativeKeyword: 2个
2026-09-18 02:16:02 - ✅ amazon_us_moto 创建negativeKeyword成功: 279458725802654 - negativeExact_purple car accessories
2026-09-18 02:16:02 - ✅ amazon_us_moto 创建negativeKeyword成功: 110967932693975 - negativeExact_steering wheel cover
2026-09-18 02:16:02 - amazon_us_rock adGroupId:341592850085084 使用Excel campaignId:366555246406134
2026-09-18 02:16:03 - amazon_us_rock adGroupId:341592850085084 已有negativeKeyword 26个
2026-09-18 02:16:03 - ⏭️ amazon_us_rock negativeKeyword已存在且enabled: negativeExact_6.5 speaker spacer
2026-09-18 02:16:03 - ⏭️ amazon_us_rock negativeKeyword已存在且enabled: negativeExact_speaker pods
2026-09-18 02:16:03 - ⏭️ amazon_us_rock negativeKeyword已存在且enabled: negativeExact_alien car accessories
2026-09-18 02:16:03 - ⏭️ amazon_us_rock negativeKeyword已存在且enabled: negativeExact_spark plug thread repair kit
2026-09-18 02:16:03 - ⏭️ amazon_us_rock negativeKeyword已存在且enabled: negativeExact_idle air control valve
2026-09-18 02:16:03 - ⏭️ amazon_us_rock negativeKeyword已存在且enabled: negativeExact_dead pedal cover
2026-09-18 02:16:03 - ⏭️ amazon_us_rock negativeKeyword已存在且enabled: negativeExact_shift boot
2026-09-18 02:16:03 - ⏭️ amazon_us_rock negativeKeyword已存在且enabled: negativeExact_car emblem
2026-09-18 02:16:03 - ⏭️ amazon_us_rock negativeKeyword已存在且enabled: negativeExact_gear shift cover
2026-09-18 02:16:03 - ⏭️ amazon_us_rock negativeKeyword已存在且enabled: negativeExact_mushroom plug for tires
2026-09-18 02:16:03 - ⏭️ amazon_us_rock negativeKeyword已存在且enabled: negativeExact_windshield cowl
2026-09-18 02:16:03 - ⏭️ amazon_us_rock negativeKeyword已存在且enabled: negativeExact_bike pegs
2026-09-18 02:16:03 - ⏭️ amazon_us_rock negativeKeyword已存在且enabled: negativeExact_speaker spacer rings
2026-09-18 02:16:03 - amazon_us_rock adGroupId:341592850085084 创建negativeKeyword: 1个
2026-09-18 02:16:04 - ✅ amazon_us_rock 创建negativeKeyword成功: 50083322592391 - negativeExact_motorcycle mirrors
2026-09-18 02:16:04 - amazon_us_tuto adGroupId:481618851146012 使用Excel campaignId:195437463753652
2026-09-18 02:16:05 - amazon_us_tuto adGroupId:481618851146012 已有negativeKeyword 2个
2026-09-18 02:16:05 - ⏭️ amazon_us_tuto negativeKeyword已存在且enabled: negativeExact_ambient air temperature sensor
2026-09-18 02:16:05 - ⏭️ amazon_us_tuto negativeKeyword已存在且enabled: negativeExact_rear control arm bolts
2026-09-18 02:16:05 - amazon_us_ifn adGroupId:561991469787450 使用Excel campaignId:347863303634393
2026-09-18 02:16:06 - amazon_us_ifn adGroupId:561991469787450 已有negativeKeyword 3个
2026-09-18 02:16:06 - amazon_us_ifn adGroupId:561991469787450 创建negativeKeyword: 1个
2026-09-18 02:16:08 - ✅ amazon_us_ifn 创建negativeKeyword成功: 255794499953063 - negativeExact_gear shift knob
2026-09-18 02:16:08 - amazon adGroupId:427083529024294 使用Excel campaignId:155362107612914
2026-09-18 02:16:09 - amazon adGroupId:427083529024294 已有negativeKeyword 1个
2026-09-18 02:16:09 - ⏭️ amazon negativeKeyword已存在且enabled: negativeExact_shift knob
2026-09-18 02:16:09 - amazon_us_ifn adGroupId:530649462638307 使用Excel campaignId:246641471568743
2026-09-18 02:16:10 - amazon_us_ifn adGroupId:530649462638307 已有negativeKeyword 1个
2026-09-18 02:16:10 - ⏭️ amazon_us_ifn negativeKeyword已存在且enabled: negativeExact_bicycle spokes
2026-09-18 02:16:10 - amazon adGroupId:460723564092523 Mongo未找到，尝试Amazon API查询
2026-09-18 02:16:11 - amazon adGroupId:460723564092523 Amazon API查到 campaignId:521902906287921
2026-09-18 02:16:11 - amazon adGroupId:460723564092523 使用Excel campaignId:521902906287921
2026-09-18 02:16:12 - amazon adGroupId:460723564092523 已有negativeKeyword 5个
2026-09-18 02:16:12 - ⏭️ amazon negativeKeyword已存在且enabled: negativeExact_coolant temperature sensor
2026-09-18 02:16:12 - amazon_us_moto adGroupId:398130130658250 使用Excel campaignId:405249054918284
2026-09-18 02:16:13 - amazon_us_moto adGroupId:398130130658250 已有negativeKeyword 5个
2026-09-18 02:16:13 - ⏭️ amazon_us_moto negativeKeyword已存在且enabled: negativeExact_ebike seat cover
2026-09-18 02:16:13 - ⏭️ amazon_us_moto negativeKeyword已存在且enabled: negativeExact_8 inch subwoofer grill
2026-09-18 02:16:13 - amazon_us_moto adGroupId:398130130658250 创建negativeKeyword: 3个
2026-09-18 02:16:14 - ✅ amazon_us_moto 创建negativeKeyword成功: 249859416548315 - negativeExact_ignition switch
2026-09-18 02:16:14 - ✅ amazon_us_moto 创建negativeKeyword成功: 208850215609294 - negativeExact_motorcycle heat shield for legs
2026-09-18 02:16:14 - ✅ amazon_us_moto 创建negativeKeyword成功: 27224751667907 - negativeExact_pink motorcycle accessories
2026-09-18 02:16:14 - amazon_ca_moto adGroupId:325837394008966 使用Excel campaignId:482001821971850
2026-09-18 02:16:15 - amazon_ca_moto adGroupId:325837394008966 已有negativeKeyword 1个
2026-09-18 02:16:15 - ⏭️ amazon_ca_moto negativeKeyword已存在且enabled: negativeExact_tire valve caps
2026-09-18 02:16:15 - amazon_ca_moto adGroupId:325837394008966 创建negativeKeyword: 1个
2026-09-18 02:16:17 - ✅ amazon_ca_moto 创建negativeKeyword成功: 60059346439724 - negativeExact_shift knob
2026-09-18 02:16:17 - amazon_uk2 adGroupId:547596827667020 使用Excel campaignId:8131512069523
2026-09-18 02:16:18 - amazon_uk2 adGroupId:547596827667020 已有negativeKeyword 1个
2026-09-18 02:16:18 - ⏭️ amazon_uk2 negativeKeyword已存在且enabled: negativeExact_bike chain guard
2026-09-18 02:16:18 - amazon_us_moto adGroupId:448176430873869 使用Excel campaignId:375541873613286
2026-09-18 02:16:18 - amazon_us_moto adGroupId:448176430873869 已有negativeKeyword 3个
2026-09-18 02:16:18 - ⏭️ amazon_us_moto negativeKeyword已存在且enabled: negativeExact_1 inch exhaust pipe
2026-09-18 02:16:18 - ⏭️ amazon_us_moto negativeKeyword已存在且enabled: negativeExact_3.5 to 4 inch exhaust adapter
2026-09-18 02:16:18 - ⏭️ amazon_us_moto negativeKeyword已存在且enabled: negativeExact_1.5 exhaust pipe
2026-09-18 02:16:19 - amazon_uk_sopro adGroupId:295594228225885 使用Excel campaignId:256041843689832
2026-09-18 02:16:20 - amazon_uk_sopro adGroupId:295594228225885 已有negativeKeyword 0个
2026-09-18 02:16:20 - amazon_uk_sopro adGroupId:295594228225885 创建negativeKeyword: 1个
2026-09-18 02:16:21 - ✅ amazon_uk_sopro 创建negativeKeyword成功: 113011899790499 - negativeExact_car mattress for back of cars
2026-09-18 02:16:21 - amazon_us_sopro adGroupId:349457739946782 使用Excel campaignId:181102524850224
2026-09-18 02:16:22 - amazon_us_sopro adGroupId:349457739946782 已有negativeKeyword 2个
2026-09-18 02:16:22 - amazon_us_sopro adGroupId:349457739946782 创建negativeKeyword: 1个
2026-09-18 02:16:23 - ✅ amazon_us_sopro 创建negativeKeyword成功: 223551089654569 - negativeExact_shark fin antenna cover
2026-09-18 02:16:23 - amazon adGroupId:312123458408746 使用Excel campaignId:67757896408534
2026-09-18 02:16:53 - amazon adGroupId:312123458408746 已有negativeKeyword 0个
2026-09-18 02:16:53 - amazon adGroupId:312123458408746 创建negativeKeyword: 1个
2026-09-18 02:16:54 - ✅ amazon 创建negativeKeyword成功: 50639485439270 - negativeExact_motorcycle saddlebags
2026-09-18 02:16:54 - amazon adGroupId:496155921574980 使用Excel campaignId:53451772729259
2026-09-18 02:16:55 - amazon adGroupId:496155921574980 已有negativeKeyword 0个
2026-09-18 02:16:55 - amazon adGroupId:496155921574980 创建negativeKeyword: 1个
2026-09-18 02:16:57 - ✅ amazon 创建negativeKeyword成功: 263570790070373 - negativeExact_plastic rivets
2026-09-18 02:16:57 - amazon_us_ifn adGroupId:300878537714581 使用Excel campaignId:163312377126498
2026-09-18 02:16:58 - amazon_us_ifn adGroupId:300878537714581 已有negativeKeyword 2个
2026-09-18 02:16:58 - ⏭️ amazon_us_ifn negativeKeyword已存在且enabled: negativeExact_katana shift knob
2026-09-18 02:16:58 - ⏭️ amazon_us_ifn negativeKeyword已存在且enabled: negativeExact_automatic shift knob
2026-09-18 02:16:58 - amazon_us_moto adGroupId:470363672797806 使用Excel campaignId:483776915536891
2026-09-18 02:16:59 - amazon_us_moto adGroupId:470363672797806 已有negativeKeyword 1个
2026-09-18 02:16:59 - ⏭️ amazon_us_moto negativeKeyword已存在且enabled: negativeExact_tow hook cover
2026-09-18 02:16:59 - amazon_us_hero adGroupId:358010169558285 使用Excel campaignId:164447704308585
2026-09-18 02:17:00 - amazon_us_hero adGroupId:358010169558285 已有negativeKeyword 1个
2026-09-18 02:17:00 - ⏭️ amazon_us_hero negativeKeyword已存在且enabled: negativeExact_water pump pulley
2026-09-18 02:17:00 - amazon_us_hero adGroupId:389787333876734 使用Excel campaignId:496103575539498
2026-09-18 02:17:01 - amazon_us_hero adGroupId:389787333876734 已有negativeKeyword 3个
2026-09-18 02:17:01 - ⏭️ amazon_us_hero negativeKeyword已存在且enabled: negativeExact_mazda cx5 accessories
2026-09-18 02:17:01 - ⏭️ amazon_us_hero negativeKeyword已存在且enabled: negativeExact_pinstripe tape
2026-09-18 02:17:01 - amazon_us_hero adGroupId:389787333876734 创建negativeKeyword: 2个
2026-09-18 02:17:02 - ✅ amazon_us_hero 创建negativeKeyword成功: 169114753817792 - negativeExact_2018 honda accord accessories
2026-09-18 02:17:02 - ✅ amazon_us_hero 创建negativeKeyword成功: 64602975886116 - negativeExact_mazda cx30 accessories
2026-09-18 02:17:02 - amazon adGroupId:320252390071604 使用Excel campaignId:109505244070446
2026-09-18 02:17:03 - amazon adGroupId:320252390071604 已有negativeKeyword 5个
2026-09-18 02:17:03 - ⏭️ amazon negativeKeyword已存在且enabled: negativeExact_headlight cover replacement
2026-09-18 02:17:03 - ⏭️ amazon negativeKeyword已存在且enabled: negativeExact_headlight cover
2026-09-18 02:17:03 - ⏭️ amazon negativeKeyword已存在且enabled: negativeExact_headlight covers for my car
2026-09-18 02:17:03 - ⏭️ amazon negativeKeyword已存在且enabled: negativeExact_headlight lens cover replacement
2026-09-18 02:17:03 - ⏭️ amazon negativeKeyword已存在且enabled: negativeExact_headlight lens replacement
2026-09-18 02:17:03 - ⏭️ amazon negativeKeyword已存在且enabled: negativeExact_headlight cover
2026-09-18 02:17:03 - ⏭️ amazon negativeKeyword已存在且enabled: negativeExact_headlight cover replacement
2026-09-18 02:17:03 - amazon adGroupId:320252390071604 创建negativeKeyword: 1个
2026-09-18 02:17:04 - ✅ amazon 创建negativeKeyword成功: 44563983000836 - negativeExact_headlight lens
2026-09-18 02:17:04 - amazon adGroupId:153194554984447 Mongo未找到，尝试Amazon API查询
2026-09-18 02:17:05 - amazon adGroupId:153194554984447 Amazon API查到 campaignId:78533694018340
2026-09-18 02:17:05 - amazon adGroupId:153194554984447 使用Excel campaignId:78533694018340
2026-09-18 02:17:06 - amazon adGroupId:153194554984447 已有negativeKeyword 7个
2026-09-18 02:17:06 - ⏭️ amazon negativeKeyword已存在且enabled: negativeExact_uxcell sound deadening
2026-09-18 02:17:06 - ⏭️ amazon negativeKeyword已存在且enabled: negativeExact_window insulation
2026-09-18 02:17:06 - ⏭️ amazon negativeKeyword已存在且enabled: negativeExact_window insulation for summer heat
2026-09-18 02:17:06 - amazon_ca_hero adGroupId:361418973261472 使用Excel campaignId:225409229047411
2026-09-18 02:17:07 - amazon_ca_hero adGroupId:361418973261472 已有negativeKeyword 2个
2026-09-18 02:17:07 - ⏭️ amazon_ca_hero negativeKeyword已存在且enabled: negativeExact_rear brake dust shield replacement
2026-09-18 02:17:07 - ⏭️ amazon_ca_hero negativeKeyword已存在且enabled: negativeExact_rear brake dust shield backing plate
2026-09-18 02:17:07 - amazon_us_hero adGroupId:508668029075477 使用Excel campaignId:251785896245691
2026-09-18 02:17:08 - amazon_us_hero adGroupId:508668029075477 已有negativeKeyword 1个
2026-09-18 02:17:08 - ⏭️ amazon_us_hero negativeKeyword已存在且enabled: negativeExact_pcv valve
2026-09-18 02:17:08 - amazon_ca_moto adGroupId:354720810864526 使用Excel campaignId:482001821971850
2026-09-18 02:17:09 - amazon_ca_moto adGroupId:354720810864526 已有negativeKeyword 0个
2026-09-18 02:17:09 - amazon_ca_moto adGroupId:354720810864526 创建negativeKeyword: 2个
2026-09-18 02:17:10 - ✅ amazon_ca_moto 创建negativeKeyword成功: 82530499525233 - negativeExact_car stickers
2026-09-18 02:17:10 - ❌ amazon_ca_moto 创建negativeKeyword失败: negativeExact_car stickers
2026-09-18 02:17:10 - amazon_ca_rrc adGroupId:490078677728110 使用Excel campaignId:107218597077033
2026-09-18 02:17:11 - amazon_ca_rrc adGroupId:490078677728110 已有negativeKeyword 0个
2026-09-18 02:17:11 - amazon_ca_rrc adGroupId:490078677728110 创建negativeKeyword: 1个
2026-09-18 02:17:12 - ✅ amazon_ca_rrc 创建negativeKeyword成功: 68285940503327 - negativeExact_ford f150 iwe vacuum lines
2026-09-18 02:17:12 - amazon_us_tuc adGroupId:512327460426516 使用Excel campaignId:377442221824628
2026-09-18 02:17:13 - amazon_us_tuc adGroupId:512327460426516 已有negativeKeyword 1个
2026-09-18 02:17:13 - ⏭️ amazon_us_tuc negativeKeyword已存在且enabled: negativeExact_mazda cx9 accessories
2026-09-18 02:17:13 - amazon adGroupId:517132081130414 Mongo未找到，尝试Amazon API查询
2026-09-18 02:17:13 - amazon adGroupId:517132081130414 Amazon API查到 campaignId:453809491805200
2026-09-18 02:17:13 - amazon adGroupId:517132081130414 使用Excel campaignId:453809491805200
2026-09-18 02:17:14 - amazon adGroupId:517132081130414 已有negativeKeyword 6个
2026-09-18 02:17:14 - ⏭️ amazon negativeKeyword已存在且enabled: negativeExact_sbc oil filter adapter
2026-09-18 02:17:14 - amazon adGroupId:202860424382409 使用Excel campaignId:116814063171355
2026-09-18 02:17:15 - amazon adGroupId:202860424382409 已有negativeKeyword 2个
2026-09-18 02:17:15 - ⏭️ amazon negativeKeyword已存在且enabled: negativeExact_anl fuse holder
2026-09-18 02:17:15 - amazon_us_find adGroupId:554815012239777 使用Excel campaignId:318166702444411
2026-09-18 02:17:16 - amazon_us_find adGroupId:554815012239777 已有negativeKeyword 6个
2026-09-18 02:17:16 - amazon_us_find adGroupId:554815012239777 创建negativeKeyword: 1个
2026-09-18 02:17:17 - ✅ amazon_us_find 创建negativeKeyword成功: 21949884047136 - negativeExact_window clips
2026-09-18 02:17:17 - amazon adGroupId:469964402096994 使用Excel campaignId:518191475003025
2026-09-18 02:17:18 - amazon adGroupId:469964402096994 已有negativeKeyword 1个
2026-09-18 02:17:18 - ⏭️ amazon negativeKeyword已存在且enabled: negativeExact_van cover
2026-09-18 02:17:18 - amazon_us_sopro adGroupId:556543049689881 使用Excel campaignId:540276522837502
2026-09-18 02:17:19 - amazon_us_sopro adGroupId:556543049689881 已有negativeKeyword 22个
2026-09-18 02:17:19 - ⏭️ amazon_us_sopro negativeKeyword已存在且enabled: negativeExact_evaporator temperature sensor
2026-09-18 02:17:19 - amazon_us_sopro adGroupId:556543049689881 创建negativeKeyword: 2个
2026-09-18 02:17:20 - ✅ amazon_us_sopro 创建negativeKeyword成功: 241344124278436 - negativeExact_frame sliders
2026-09-18 02:17:20 - ✅ amazon_us_sopro 创建negativeKeyword成功: 154092072030532 - negativeExact_crash pads for e scooter
2026-09-18 02:17:20 - amazon_us_hero adGroupId:376959838502603 使用Excel campaignId:317739303827995
2026-09-18 02:17:21 - amazon_us_hero adGroupId:376959838502603 已有negativeKeyword 12个
2026-09-18 02:17:21 - ⏭️ amazon_us_hero negativeKeyword已存在且enabled: negativeExact_shift knob
2026-09-18 02:17:21 - amazon_us_hero adGroupId:376959838502603 创建negativeKeyword: 1个
2026-09-18 02:17:22 - ✅ amazon_us_hero 创建negativeKeyword成功: 86530131146278 - negativeExact_skull shift knobs for manual
2026-09-18 02:17:22 - amazon_us_sopro adGroupId:333661417836292 使用Excel campaignId:231108999465368
2026-09-18 02:17:23 - amazon_us_sopro adGroupId:333661417836292 已有negativeKeyword 1个
2026-09-18 02:17:23 - ⏭️ amazon_us_sopro negativeKeyword已存在且enabled: negativeExact_194 bulb socket
2026-09-18 02:17:24 - amazon_us_cover adGroupId:15456890427899 使用Excel campaignId:36074966167784
2026-09-18 02:17:24 - amazon_us_cover adGroupId:15456890427899 已有negativeKeyword 5个
2026-09-18 02:17:24 - ⏭️ amazon_us_cover negativeKeyword已存在且enabled: negativeExact_jetski covers seadoo
2026-09-18 02:17:24 - amazon_us_ac1 adGroupId:430176496021299 使用Excel campaignId:86253205716942
2026-09-18 02:17:25 - amazon_us_ac1 adGroupId:430176496021299 已有negativeKeyword 2个
2026-09-18 02:17:25 - ⏭️ amazon_us_ac1 negativeKeyword已存在且enabled: negativeExact_key fob
2026-09-18 02:17:25 - ⏭️ amazon_us_ac1 negativeKeyword已存在且enabled: negativeExact_2017 dodge journey key fob
2026-09-18 02:17:25 - amazon_ca_moto adGroupId:505532602320018 使用Excel campaignId:222431915093691
2026-09-18 02:17:26 - amazon_ca_moto adGroupId:505532602320018 已有negativeKeyword 10个
2026-09-18 02:17:26 - amazon_ca_moto adGroupId:505532602320018 创建negativeKeyword: 1个
2026-09-18 02:17:27 - ✅ amazon_ca_moto 创建negativeKeyword成功: 145321047915818 - negativeExact_boat rpm gauge
2026-09-18 02:17:27 - amazon_uk_sopro adGroupId:159297763088343 使用Excel campaignId:129815310471236
2026-09-18 02:17:29 - amazon_uk_sopro adGroupId:159297763088343 已有negativeKeyword 0个
2026-09-18 02:17:29 - amazon_uk_sopro adGroupId:159297763088343 创建negativeKeyword: 2个
2026-09-18 02:17:30 - ✅ amazon_uk_sopro 创建negativeKeyword成功: 253663014641227 - negativeExact_survival equipment
2026-09-18 02:17:30 - ❌ amazon_uk_sopro 创建negativeKeyword失败: negativeExact_survival equipment
2026-09-18 02:17:30 - amazon_uk_sopro adGroupId:544786147933732 使用Excel campaignId:359017003014428
2026-09-18 02:17:31 - amazon_uk_sopro adGroupId:544786147933732 已有negativeKeyword 1个
2026-09-18 02:17:31 - ⏭️ amazon_uk_sopro negativeKeyword已存在且enabled: negativeExact_6 speed gear knob
2026-09-18 02:17:31 - amazon adGroupId:405117391481081 使用Excel campaignId:361766625248968
2026-09-18 02:17:32 - amazon adGroupId:405117391481081 已有negativeKeyword 2个
2026-09-18 02:17:32 - ⏭️ amazon negativeKeyword已存在且enabled: negativeExact_wheel center caps
2026-09-18 02:17:32 - ⏭️ amazon negativeKeyword已存在且enabled: negativeExact_center cap stickers
2026-09-18 02:17:32 - amazon_us_hero adGroupId:356001939182180 Mongo未找到，尝试Amazon API查询
2026-09-18 02:17:33 - amazon_us_hero adGroupId:356001939182180 Amazon API查到 campaignId:156677510272331
2026-09-18 02:17:33 - amazon_us_hero adGroupId:356001939182180 使用Excel campaignId:156677510272331
2026-09-18 02:17:34 - amazon_us_hero adGroupId:356001939182180 已有negativeKeyword 1个
2026-09-18 02:17:34 - ⏭️ amazon_us_hero negativeKeyword已存在且enabled: negativeExact_4 inch intake tube
2026-09-18 02:17:34 - amazon_us_ac1 adGroupId:331401275544332 Mongo未找到，尝试Amazon API查询
2026-09-18 02:17:35 - amazon_us_ac1 adGroupId:331401275544332 Amazon API查到 campaignId:541910918953993
2026-09-18 02:17:35 - amazon_us_ac1 adGroupId:331401275544332 使用Excel campaignId:541910918953993
2026-09-18 02:17:35 - amazon_us_ac1 adGroupId:331401275544332 已有negativeKeyword 0个
2026-09-18 02:17:35 - amazon_us_ac1 adGroupId:331401275544332 创建negativeKeyword: 1个
2026-09-18 02:17:36 - ✅ amazon_us_ac1 创建negativeKeyword成功: 158565188893813 - negativeExact_suzuki jimny accessories
2026-09-18 02:17:36 - amazon_us_find adGroupId:434921901948257 Mongo未找到，尝试Amazon API查询
2026-09-18 02:17:37 - amazon_us_find adGroupId:434921901948257 Amazon API查到 campaignId:339247618441462
2026-09-18 02:17:37 - amazon_us_find adGroupId:434921901948257 使用Excel campaignId:339247618441462
2026-09-18 02:17:38 - amazon_us_find adGroupId:434921901948257 已有negativeKeyword 2个
2026-09-18 02:17:38 - amazon_us_find adGroupId:434921901948257 创建negativeKeyword: 1个
2026-09-18 02:17:40 - ✅ amazon_us_find 创建negativeKeyword成功: 47246772983677 - negativeExact_battery terminal covers
2026-09-18 02:17:41 - amazon_ca_luux adGroupId:367901347652232 使用Excel campaignId:469987748263357
2026-09-18 02:17:42 - amazon_ca_luux adGroupId:367901347652232 已有negativeKeyword 1个
2026-09-18 02:17:42 - amazon_ca_luux adGroupId:367901347652232 创建negativeKeyword: 1个
2026-09-18 02:17:43 - ✅ amazon_ca_luux 创建negativeKeyword成功: 4845502057364 - negativeExact_car decals
2026-09-18 02:17:43 - amazon_uk2 adGroupId:536982157053666 使用Excel campaignId:28259544641572
2026-09-18 02:17:44 - amazon_uk2 adGroupId:536982157053666 已有negativeKeyword 2个
2026-09-18 02:17:44 - ⏭️ amazon_uk2 negativeKeyword已存在且enabled: negativeExact_tubeless rim tape
2026-09-18 02:17:44 - ⏭️ amazon_uk2 negativeKeyword已存在且enabled: negativeExact_rim tape
2026-09-18 02:17:44 - amazon_uk_sopro adGroupId:523756310901889 使用Excel campaignId:210164006840295
2026-09-18 02:17:45 - amazon_uk_sopro adGroupId:523756310901889 已有negativeKeyword 7个
2026-09-18 02:17:45 - ⏭️ amazon_uk_sopro negativeKeyword已存在且enabled: negativeExact_emergency water storage
2026-09-18 02:17:45 - ⏭️ amazon_uk_sopro negativeKeyword已存在且enabled: negativeExact_water butts with stand and tap
2026-09-18 02:17:45 - ⏭️ amazon_uk_sopro negativeKeyword已存在且enabled: negativeExact_bath water storage bag
2026-09-18 02:17:45 - ⏭️ amazon_uk_sopro negativeKeyword已存在且enabled: negativeExact_water storage containers
2026-09-18 02:17:45 - ⏭️ amazon_uk_sopro negativeKeyword已存在且enabled: negativeExact_collapsible water container
2026-09-18 02:17:45 - ⏭️ amazon_uk_sopro negativeKeyword已存在且enabled: negativeExact_water container
2026-09-18 02:17:45 - ⏭️ amazon_uk_sopro negativeKeyword已存在且enabled: negativeExact_water storage
2026-09-18 02:17:45 - ⏭️ amazon_uk_sopro negativeKeyword已存在且enabled: negativeExact_emergency water storage
2026-09-18 02:17:45 - ⏭️ amazon_uk_sopro negativeKeyword已存在且enabled: negativeExact_bath water storage bag
2026-09-18 02:17:45 - ⏭️ amazon_uk_sopro negativeKeyword已存在且enabled: negativeExact_water butts with stand and tap
2026-09-18 02:17:45 - ⏭️ amazon_uk_sopro negativeKeyword已存在且enabled: negativeExact_water storage containers
2026-09-18 02:17:45 - ⏭️ amazon_uk_sopro negativeKeyword已存在且enabled: negativeExact_water container
2026-09-18 02:17:45 - ⏭️ amazon_uk_sopro negativeKeyword已存在且enabled: negativeExact_collapsible water container
2026-09-18 02:17:45 - ⏭️ amazon_uk_sopro negativeKeyword已存在且enabled: negativeExact_water storage
2026-09-18 02:17:45 - amazon_uk_sopro adGroupId:523756310901889 创建negativeKeyword: 2个
2026-09-18 02:17:47 - ✅ amazon_uk_sopro 创建negativeKeyword成功: 152377060375547 - negativeExact_emergency water bag bath
2026-09-18 02:17:47 - ❌ amazon_uk_sopro 创建negativeKeyword失败: negativeExact_emergency water bag bath
2026-09-18 02:17:47 - amazon_us_tuto adGroupId:505855483944391 使用Excel campaignId:60771789600955
2026-09-18 02:17:48 - amazon_us_tuto adGroupId:505855483944391 已有negativeKeyword 2个
2026-09-18 02:17:48 - ⏭️ amazon_us_tuto negativeKeyword已存在且enabled: negativeExact_dashboard air vent replacement
2026-09-18 02:17:48 - ⏭️ amazon_us_tuto negativeKeyword已存在且enabled: negativeExact_car ac vent
2026-09-18 02:17:49 - amazon adGroupId:169281205487418 使用Excel campaignId:16088809773286
2026-09-18 02:17:51 - amazon adGroupId:169281205487418 已有negativeKeyword 3个
2026-09-18 02:17:51 - ⏭️ amazon negativeKeyword已存在且enabled: negativeExact_keyless entry car
2026-09-18 02:17:51 - ⏭️ amazon negativeKeyword已存在且enabled: negativeExact_vehicle keyless entry system
2026-09-18 02:17:51 - ⏭️ amazon negativeKeyword已存在且enabled: negativeExact_universal keyless entry car kit
2026-09-18 02:17:51 - amazon adGroupId:169281205487418 创建negativeKeyword: 1个
2026-09-18 02:17:52 - ✅ amazon 创建negativeKeyword成功: 123869466592778 - negativeExact_door lock actuator
2026-09-18 02:17:52 - amazon adGroupId:372802137582421 使用Excel campaignId:172729463580815
2026-09-18 02:17:53 - amazon adGroupId:372802137582421 已有negativeKeyword 0个
2026-09-18 02:17:53 - amazon adGroupId:372802137582421 创建negativeKeyword: 1个
2026-09-18 02:17:54 - ✅ amazon 创建negativeKeyword成功: 221137135055861 - negativeExact_ac pressure switch sensor
2026-09-18 02:17:54 - amazon_uk_moto adGroupId:385073102929434 使用Excel campaignId:289859874415808
2026-09-18 02:17:55 - amazon_uk_moto adGroupId:385073102929434 已有negativeKeyword 0个
2026-09-18 02:17:55 - amazon_uk_moto adGroupId:385073102929434 创建negativeKeyword: 1个
2026-09-18 02:17:56 - ✅ amazon_uk_moto 创建negativeKeyword成功: 168450169344266 - negativeExact_vauxhall adam wing mirror cover
2026-09-18 02:17:56 - amazon_us_moto adGroupId:399201953159522 使用Excel campaignId:385860187642257
2026-09-18 02:17:57 - amazon_us_moto adGroupId:399201953159522 已有negativeKeyword 3个
2026-09-18 02:17:57 - amazon_us_moto adGroupId:399201953159522 创建negativeKeyword: 1个
2026-09-18 02:17:58 - ✅ amazon_us_moto 创建negativeKeyword成功: 173425822434730 - negativeExact_diesel heater y splitter
2026-09-18 02:17:58 - amazon_us_ifn adGroupId:494746942041190 使用Excel campaignId:250542765196669
2026-09-18 02:17:59 - amazon_us_ifn adGroupId:494746942041190 已有negativeKeyword 1个
2026-09-18 02:17:59 - ⏭️ amazon_us_ifn negativeKeyword已存在且enabled: negativeExact_shift knob
2026-09-18 02:17:59 - amazon_us_hope adGroupId:297904118717491 Mongo未找到，尝试Amazon API查询
2026-09-18 02:18:00 - amazon_us_hope adGroupId:297904118717491 Amazon API查到 campaignId:520523075408993
2026-09-18 02:18:00 - amazon_us_hope adGroupId:297904118717491 使用Excel campaignId:520523075408993
2026-09-18 02:18:01 - amazon_us_hope adGroupId:297904118717491 已有negativeKeyword 1个
2026-09-18 02:18:01 - ⏭️ amazon_us_hope negativeKeyword已存在且enabled: negativeExact_door pins and bushings kit
2026-09-18 02:18:01 - amazon adGroupId:302692645257715 Mongo未找到，尝试Amazon API查询
2026-09-18 02:18:02 - amazon adGroupId:302692645257715 Amazon API查到 campaignId:479189613119034
2026-09-18 02:18:02 - amazon adGroupId:302692645257715 使用Excel campaignId:479189613119034
2026-09-18 02:18:03 - amazon adGroupId:302692645257715 已有negativeKeyword 7个
2026-09-18 02:18:03 - ⏭️ amazon negativeKeyword已存在且enabled: negativeExact_2007 honda accord accessories
2026-09-18 02:18:03 - amazon_us_sopro adGroupId:507279620989734 Mongo未找到，尝试Amazon API查询
2026-09-18 02:18:04 - amazon_us_sopro adGroupId:507279620989734 Amazon API查到 campaignId:536829361351700
2026-09-18 02:18:04 - amazon_us_sopro adGroupId:507279620989734 使用Excel campaignId:536829361351700
2026-09-18 02:18:05 - amazon_us_sopro adGroupId:507279620989734 已有negativeKeyword 0个
2026-09-18 02:18:05 - amazon_us_sopro adGroupId:507279620989734 创建negativeKeyword: 1个
2026-09-18 02:18:07 - ✅ amazon_us_sopro 创建negativeKeyword成功: 138514146989422 - negativeExact_motorcycle shocks
2026-09-18 02:18:07 - amazon_ca_piccocasa adGroupId:332990137760474 使用Excel campaignId:152524388674450
2026-09-18 02:18:08 - amazon_ca_piccocasa adGroupId:332990137760474 已有negativeKeyword 0个
2026-09-18 02:18:08 - amazon_ca_piccocasa adGroupId:332990137760474 创建negativeKeyword: 1个
2026-09-18 02:18:09 - ✅ amazon_ca_piccocasa 创建negativeKeyword成功: 223242918997990 - negativeExact_motorcycle fork boots
2026-09-18 02:18:09 - amazon adGroupId:506779760621840 使用Excel campaignId:60566580849122
2026-09-18 02:18:10 - amazon adGroupId:506779760621840 已有negativeKeyword 1个
2026-09-18 02:18:10 - ⏭️ amazon negativeKeyword已存在且enabled: negativeExact_radiator fan switch
2026-09-18 02:18:10 - amazon_us_find adGroupId:536864127406814 使用Excel campaignId:459169437269243
2026-09-18 02:18:11 - amazon_us_find adGroupId:536864127406814 已有negativeKeyword 2个
2026-09-18 02:18:11 - ⏭️ amazon_us_find negativeKeyword已存在且enabled: negativeExact_hyundai elantra accessories
2026-09-18 02:18:11 - amazon_us_find adGroupId:536864127406814 创建negativeKeyword: 1个
2026-09-18 02:18:12 - ✅ amazon_us_find 创建negativeKeyword成功: 101415835546023 - negativeExact_dash mat
2026-09-18 02:18:12 - amazon adGroupId:489375450833241 使用Excel campaignId:386867039955670
2026-09-18 02:18:13 - amazon adGroupId:489375450833241 已有negativeKeyword 167个
2026-09-18 02:18:13 - amazon adGroupId:489375450833241 创建negativeKeyword: 1个
2026-09-18 02:18:14 - ✅ amazon 创建negativeKeyword成功: 146133785534027 - negativeExact_2011 toyota camry key fob
2026-09-18 02:18:14 - amazon_ca_moto adGroupId:399094937793225 使用Excel campaignId:152014493946624
2026-09-18 02:18:15 - amazon_ca_moto adGroupId:399094937793225 已有negativeKeyword 1个
2026-09-18 02:18:15 - ⏭️ amazon_ca_moto negativeKeyword已存在且enabled: negativeExact_rear brake dust shield backing plate
2026-09-18 02:18:15 - amazon adGroupId:491927749496889 Mongo未找到，尝试Amazon API查询
2026-09-18 02:18:16 - amazon adGroupId:491927749496889 Amazon API查到 campaignId:467791979921836
2026-09-18 02:18:16 - amazon adGroupId:491927749496889 使用Excel campaignId:467791979921836
2026-09-18 02:18:17 - amazon adGroupId:491927749496889 已有negativeKeyword 16个
2026-09-18 02:18:17 - ⏭️ amazon negativeKeyword已存在且enabled: negativeExact_temp sensor automotive
2026-09-18 02:18:17 - ⏭️ amazon negativeKeyword已存在且enabled: negativeExact_electric fan sensor switch
2026-09-18 02:18:17 - ⏭️ amazon negativeKeyword已存在且enabled: negativeExact_single fan adjustable temp engine sensor
2026-09-18 02:18:17 - amazon adGroupId:405227683809739 使用Excel campaignId:132561216389152
2026-09-18 02:18:18 - amazon adGroupId:405227683809739 已有negativeKeyword 2个
2026-09-18 02:18:18 - ⏭️ amazon negativeKeyword已存在且enabled: negativeExact_lexus pedal covers
2026-09-18 02:18:18 - ⏭️ amazon negativeKeyword已存在且enabled: negativeExact_pedal covers
2026-09-18 02:18:18 - amazon_uk_sopro adGroupId:377356482021193 使用Excel campaignId:291961062944914
2026-09-18 02:18:19 - amazon_uk_sopro adGroupId:377356482021193 已有negativeKeyword 1个
2026-09-18 02:18:19 - ⏭️ amazon_uk_sopro negativeKeyword已存在且enabled: negativeExact_water storage
2026-09-18 02:18:19 - ⏭️ amazon_uk_sopro negativeKeyword已存在且enabled: negativeExact_water storage
2026-09-18 02:18:19 - amazon_us_find adGroupId:362143064857339 Mongo未找到，尝试Amazon API查询
2026-09-18 02:18:20 - amazon_us_find adGroupId:362143064857339 Amazon API查到 campaignId:339247618441462
2026-09-18 02:18:20 - amazon_us_find adGroupId:362143064857339 使用Excel campaignId:339247618441462
2026-09-18 02:18:21 - amazon_us_find adGroupId:362143064857339 已有negativeKeyword 2个
2026-09-18 02:18:21 - ⏭️ amazon_us_find negativeKeyword已存在且enabled: negativeExact_terminal covers
2026-09-18 02:18:21 - amazon_us_ac1 adGroupId:351389826040394 使用Excel campaignId:30902777075420
2026-09-18 02:18:22 - amazon_us_ac1 adGroupId:351389826040394 已有negativeKeyword 2个
2026-09-18 02:18:22 - ⏭️ amazon_us_ac1 negativeKeyword已存在且enabled: negativeExact_hood latch
2026-09-18 02:18:22 - amazon_us_ifn adGroupId:456680544313780 使用Excel campaignId:135485038994502
2026-09-18 02:18:24 - amazon_us_ifn adGroupId:456680544313780 已有negativeKeyword 1个
2026-09-18 02:18:24 - ⏭️ amazon_us_ifn negativeKeyword已存在且enabled: negativeExact_fuel door release cable
2026-09-18 02:18:24 - amazon_us_moto adGroupId:471188084382683 使用Excel campaignId:384219807658082
2026-09-18 02:18:25 - amazon_us_moto adGroupId:471188084382683 已有negativeKeyword 20个
2026-09-18 02:18:25 - ⏭️ amazon_us_moto negativeKeyword已存在且enabled: negativeExact_automatic shift knob
2026-09-18 02:18:25 - ⏭️ amazon_us_moto negativeKeyword已存在且enabled: negativeExact_tweeters
2026-09-18 02:18:25 - ⏭️ amazon_us_moto negativeKeyword已存在且enabled: negativeExact_tweeter pods
2026-09-18 02:18:25 - ⏭️ amazon_us_moto negativeKeyword已存在且enabled: negativeExact_shift boot
2026-09-18 02:18:25 - ⏭️ amazon_us_moto negativeKeyword已存在且enabled: negativeExact_flower shift knob
2026-09-18 02:18:25 - ⏭️ amazon_us_moto negativeKeyword已存在且enabled: negativeExact_purple car accessories
2026-09-18 02:18:25 - ⏭️ amazon_us_moto negativeKeyword已存在且enabled: negativeExact_headlight dust cover
2026-09-18 02:18:25 - ⏭️ amazon_us_moto negativeKeyword已存在且enabled: negativeExact_a pillar speaker pods
2026-09-18 02:18:25 - ⏭️ amazon_us_moto negativeKeyword已存在且enabled: negativeExact_red shift knob
2026-09-18 02:18:25 - ⏭️ amazon_us_moto negativeKeyword已存在且enabled: negativeExact_gear shift knob
2026-09-18 02:18:25 - ⏭️ amazon_us_moto negativeKeyword已存在且enabled: negativeExact_shift knob automatic
2026-09-18 02:18:25 - amazon_us_moto adGroupId:471188084382683 创建negativeKeyword: 8个
2026-09-18 02:18:27 - ✅ amazon_us_moto 创建negativeKeyword成功: 30679238601807 - negativeExact_6 speed shift knob
2026-09-18 02:18:27 - ✅ amazon_us_moto 创建negativeKeyword成功: 130067041529724 - negativeExact_pedal covers
2026-09-18 02:18:27 - ✅ amazon_us_moto 创建negativeKeyword成功: 185303918002516 - negativeExact_car door edge guards
2026-09-18 02:18:27 - ✅ amazon_us_moto 创建negativeKeyword成功: 48126787990158 - negativeExact_manual shift knob
2026-09-18 02:18:27 - ✅ amazon_us_moto 创建negativeKeyword成功: 83313193884413 - negativeExact_parking sensor kit
2026-09-18 02:18:27 - ✅ amazon_us_moto 创建negativeKeyword成功: 73536617819947 - negativeExact_pink shift knob
2026-09-18 02:18:27 - ✅ amazon_us_moto 创建negativeKeyword成功: 69769174687318 - negativeExact_6.5 speaker spacer
2026-09-18 02:18:27 - ✅ amazon_us_moto 创建negativeKeyword成功: 111335797252814 - negativeExact_pink car accessories
2026-09-18 02:18:27 - amazon_ca_moto adGroupId:310436626780535 使用Excel campaignId:516078975126877
2026-09-18 02:18:29 - amazon_ca_moto adGroupId:310436626780535 已有negativeKeyword 0个
2026-09-18 02:18:29 - amazon_ca_moto adGroupId:310436626780535 创建negativeKeyword: 1个
2026-09-18 02:18:30 - ✅ amazon_ca_moto 创建negativeKeyword成功: 190173930108422 - negativeExact_wiper motor assembly
2026-09-18 02:18:30 - amazon_ca_rrc adGroupId:475330513094781 Mongo未找到，尝试Amazon API查询
2026-09-18 02:18:31 - amazon_ca_rrc adGroupId:475330513094781 Amazon API查到 campaignId:165332697962937
2026-09-18 02:18:31 - amazon_ca_rrc adGroupId:475330513094781 使用Excel campaignId:165332697962937
2026-09-18 02:18:32 - amazon_ca_rrc adGroupId:475330513094781 已有negativeKeyword 0个
2026-09-18 02:18:32 - amazon_ca_rrc adGroupId:475330513094781 创建negativeKeyword: 1个
2026-09-18 02:18:33 - ✅ amazon_ca_rrc 创建negativeKeyword成功: 13795135282122 - negativeExact_minn kota trolling motor propeller
2026-09-18 02:18:33 - amazon_us_sopro adGroupId:398908384530970 使用Excel campaignId:248943616460239
2026-09-18 02:18:34 - amazon_us_sopro adGroupId:398908384530970 已有negativeKeyword 1个
2026-09-18 02:18:34 - ⏭️ amazon_us_sopro negativeKeyword已存在且enabled: negativeExact_rear axle
2026-09-18 02:18:34 - amazon_us_ifn adGroupId:465628110685918 使用Excel campaignId:334580230114111
2026-09-18 02:18:36 - amazon_us_ifn adGroupId:465628110685918 已有negativeKeyword 1个
2026-09-18 02:18:36 - ⏭️ amazon_us_ifn negativeKeyword已存在且enabled: negativeExact_dashboard cover
2026-09-18 02:18:36 - amazon_ca_piccocasa adGroupId:373779980327799 使用Excel campaignId:2934663551532
2026-09-18 02:18:37 - amazon_ca_piccocasa adGroupId:373779980327799 已有negativeKeyword 0个
2026-09-18 02:18:37 - amazon_ca_piccocasa adGroupId:373779980327799 创建negativeKeyword: 1个
2026-09-18 02:18:38 - ✅ amazon_ca_piccocasa 创建negativeKeyword成功: 79084012147424 - negativeExact_smart fortwo key
2026-09-18 02:18:38 - amazon_us_find adGroupId:484815749141238 使用Excel campaignId:151519515447585
2026-09-18 02:18:39 - amazon_us_find adGroupId:484815749141238 已有negativeKeyword 2个
2026-09-18 02:18:39 - ⏭️ amazon_us_find negativeKeyword已存在且enabled: negativeExact_control arm bushing
2026-09-18 02:18:39 - ⏭️ amazon_us_find negativeKeyword已存在且enabled: negativeExact_rear control arm bushing
2026-09-18 02:18:39 - amazon_us_luck adGroupId:324171418644844 Mongo未找到，尝试Amazon API查询
2026-09-18 02:18:40 - amazon_us_luck adGroupId:324171418644844 Amazon API查到 campaignId:204835906175732
2026-09-18 02:18:40 - amazon_us_luck adGroupId:324171418644844 使用Excel campaignId:204835906175732
2026-09-18 02:18:41 - amazon_us_luck adGroupId:324171418644844 已有negativeKeyword 1个
2026-09-18 02:18:41 - ⏭️ amazon_us_luck negativeKeyword已存在且enabled: negativeExact_fuel filter
2026-09-18 02:18:41 - ⏭️ amazon_us_luck negativeKeyword已存在且enabled: negativeExact_fuel filter
2026-09-18 02:18:41 - amazon_us_tuto adGroupId:522505791840289 使用Excel campaignId:63481111103118
2026-09-18 02:18:42 - amazon_us_tuto adGroupId:522505791840289 已有negativeKeyword 1个
2026-09-18 02:18:42 - ⏭️ amazon_us_tuto negativeKeyword已存在且enabled: negativeExact_headliner fabric
2026-09-18 02:18:42 - amazon_uk_sopro adGroupId:343593426930123 使用Excel campaignId:18845567472514
2026-09-18 02:18:43 - amazon_uk_sopro adGroupId:343593426930123 已有negativeKeyword 0个
2026-09-18 02:18:43 - amazon_uk_sopro adGroupId:343593426930123 创建negativeKeyword: 1个
2026-09-18 02:18:44 - ✅ amazon_uk_sopro 创建negativeKeyword成功: 65828310659961 - negativeExact_spigot rings 73.1 to 57.1
2026-09-18 02:18:44 - amazon_uk_luux adGroupId:347259323682589 使用Excel campaignId:415255027239249
2026-09-18 02:18:45 - amazon_uk_luux adGroupId:347259323682589 已有negativeKeyword 1个
2026-09-18 02:18:45 - ⏭️ amazon_uk_luux negativeKeyword已存在且enabled: negativeExact_white steering wheel cover
2026-09-18 02:18:45 - amazon_uk_luux adGroupId:347259323682589 创建negativeKeyword: 1个
2026-09-18 02:18:46 - ✅ amazon_uk_luux 创建negativeKeyword成功: 162802199268610 - negativeExact_exhaust tips
2026-09-18 02:18:47 - amazon_us_find adGroupId:385623287062981 使用Excel campaignId:159257045579530
2026-09-18 02:18:47 - amazon_us_find adGroupId:385623287062981 已有negativeKeyword 1个
2026-09-18 02:18:47 - ⏭️ amazon_us_find negativeKeyword已存在且enabled: negativeExact_2 inch exhaust pipe
2026-09-18 02:18:48 - amazon_us_find adGroupId:413328022907396 使用Excel campaignId:279224436449203
2026-09-18 02:18:49 - amazon_us_find adGroupId:413328022907396 已有negativeKeyword 1个
2026-09-18 02:18:49 - ⏭️ amazon_us_find negativeKeyword已存在且enabled: negativeExact_headliner fabric
2026-09-18 02:18:49 - amazon_us_rrc adGroupId:508901825818306 使用Excel campaignId:272697211227686
2026-09-18 02:18:50 - amazon_us_rrc adGroupId:508901825818306 已有negativeKeyword 1个
2026-09-18 02:18:50 - ⏭️ amazon_us_rrc negativeKeyword已存在且enabled: negativeExact_cv boot
2026-09-18 02:18:50 - amazon_us_moto adGroupId:337777121391765 使用Excel campaignId:400335767496254
2026-09-18 02:18:52 - amazon_us_moto adGroupId:337777121391765 已有negativeKeyword 4个
2026-09-18 02:18:52 - ⏭️ amazon_us_moto negativeKeyword已存在且enabled: negativeExact_exhaust pipe
2026-09-18 02:18:52 - amazon_us_find adGroupId:418511760596417 Mongo未找到，尝试Amazon API查询
2026-09-18 02:18:53 - amazon_us_find adGroupId:418511760596417 Amazon API查到 campaignId:479461294818472
2026-09-18 02:18:53 - amazon_us_find adGroupId:418511760596417 使用Excel campaignId:479461294818472
2026-09-18 02:18:54 - amazon_us_find adGroupId:418511760596417 已有negativeKeyword 1个
2026-09-18 02:18:54 - ⏭️ amazon_us_find negativeKeyword已存在且enabled: negativeExact_battery terminal covers
2026-09-18 02:18:54 - amazon adGroupId:446467112625286 使用Excel campaignId:346515290823917
2026-09-18 02:18:55 - amazon adGroupId:446467112625286 已有negativeKeyword 1个
2026-09-18 02:18:55 - ⏭️ amazon negativeKeyword已存在且enabled: negativeExact_motorcycle tank bag
2026-09-18 02:18:55 - amazon adGroupId:543297048815526 Mongo未找到，尝试Amazon API查询
2026-09-18 02:18:55 - amazon adGroupId:543297048815526 Amazon API查到 campaignId:369874043443728
2026-09-18 02:18:55 - amazon adGroupId:543297048815526 使用Excel campaignId:369874043443728
2026-09-18 02:18:56 - amazon adGroupId:543297048815526 已有negativeKeyword 0个
2026-09-18 02:18:56 - amazon adGroupId:543297048815526 创建negativeKeyword: 1个
2026-09-18 02:18:57 - ✅ amazon 创建negativeKeyword成功: 79967884606769 - negativeExact_idler pulley belt tensioner honda crv 1999
2026-09-18 02:18:58 - amazon_ca_moto adGroupId:543963839068320 使用Excel campaignId:507563852754827
2026-09-18 02:18:59 - amazon_ca_moto adGroupId:543963839068320 已有negativeKeyword 0个
2026-09-18 02:18:59 - amazon_ca_moto adGroupId:543963839068320 创建negativeKeyword: 1个
2026-09-18 02:19:00 - ❌ amazon_ca_moto 创建negativeKeyword失败: negativeExact_3” exhaust pipe
2026-09-18 02:19:00 - amazon adGroupId:341135852398822 使用Excel campaignId:207050953479982
2026-09-18 02:19:01 - amazon adGroupId:341135852398822 已有negativeKeyword 1个
2026-09-18 02:19:01 - ⏭️ amazon negativeKeyword已存在且enabled: negativeExact_tire inflator hose
2026-09-18 02:19:01 - amazon adGroupId:413928325671851 使用Excel campaignId:415752666159492
2026-09-18 02:19:02 - amazon adGroupId:413928325671851 已有negativeKeyword 3个
2026-09-18 02:19:02 - amazon adGroupId:413928325671851 创建negativeKeyword: 1个
2026-09-18 02:19:03 - ✅ amazon 创建negativeKeyword成功: 188306050943980 - negativeExact_bimini top storage boot
2026-09-18 02:19:03 - amazon adGroupId:357795119069893 使用Excel campaignId:7296640776597
2026-09-18 02:19:04 - amazon adGroupId:357795119069893 已有negativeKeyword 1个
2026-09-18 02:19:04 - ⏭️ amazon negativeKeyword已存在且enabled: negativeExact_keyless entry car kit
2026-09-18 02:19:04 - amazon adGroupId:515703259058706 使用Excel campaignId:465910765178264
2026-09-18 02:19:05 - amazon adGroupId:515703259058706 已有negativeKeyword 2个
2026-09-18 02:19:05 - ⏭️ amazon negativeKeyword已存在且enabled: negativeExact_toyota parking sensor
2026-09-18 02:19:05 - amazon_ca_moto adGroupId:443282069659636 使用Excel campaignId:231699301678723
2026-09-18 02:19:06 - amazon_ca_moto adGroupId:443282069659636 已有negativeKeyword 0个
2026-09-18 02:19:06 - amazon_ca_moto adGroupId:443282069659636 创建negativeKeyword: 1个
2026-09-18 02:19:07 - ✅ amazon_ca_moto 创建negativeKeyword成功: 132578719016504 - negativeExact_rear main seal
2026-09-18 02:19:07 - amazon adGroupId:432052274467102 Mongo未找到，尝试Amazon API查询
2026-09-18 02:19:08 - amazon adGroupId:432052274467102 Amazon API查到 campaignId:464240137097781
2026-09-18 02:19:08 - amazon adGroupId:432052274467102 使用Excel campaignId:464240137097781
2026-09-18 02:19:09 - amazon adGroupId:432052274467102 已有negativeKeyword 2个
2026-09-18 02:19:09 - ⏭️ amazon negativeKeyword已存在且enabled: negativeExact_hail protector truck cover
2026-09-18 02:19:09 - amazon_us_ifn adGroupId:542995251576259 Mongo未找到，尝试Amazon API查询
2026-09-18 02:19:10 - amazon_us_ifn adGroupId:542995251576259 Amazon API查到 campaignId:203753189481428
2026-09-18 02:19:10 - amazon_us_ifn adGroupId:542995251576259 使用Excel campaignId:203753189481428
2026-09-18 02:19:10 - amazon_us_ifn adGroupId:542995251576259 已有negativeKeyword 2个
2026-09-18 02:19:10 - ⏭️ amazon_us_ifn negativeKeyword已存在且enabled: negativeExact_headliner fabric
2026-09-18 02:19:10 - amazon_us_sopro adGroupId:528383965785057 使用Excel campaignId:248943616460239
2026-09-18 02:19:11 - amazon_us_sopro adGroupId:528383965785057 已有negativeKeyword 1个
2026-09-18 02:19:11 - ⏭️ amazon_us_sopro negativeKeyword已存在且enabled: negativeExact_rear axle
2026-09-18 02:19:11 - amazon_us_find adGroupId:473492080923449 使用Excel campaignId:140372659378766
2026-09-18 02:19:12 - amazon_us_find adGroupId:473492080923449 已有negativeKeyword 1个
2026-09-18 02:19:12 - ⏭️ amazon_us_find negativeKeyword已存在且enabled: negativeExact_idler pulley
2026-09-18 02:19:12 - amazon_us_luux adGroupId:435410815739726 使用Excel campaignId:9152209673579
2026-09-18 02:19:13 - amazon_us_luux adGroupId:435410815739726 已有negativeKeyword 1个
2026-09-18 02:19:13 - ⏭️ amazon_us_luux negativeKeyword已存在且enabled: negativeExact_radiator fan
2026-09-18 02:19:13 - amazon adGroupId:510871560076623 Mongo未找到，尝试Amazon API查询
2026-09-18 02:19:14 - amazon adGroupId:510871560076623 Amazon API查到 campaignId:151385870340253
2026-09-18 02:19:14 - amazon adGroupId:510871560076623 使用Excel campaignId:151385870340253
2026-09-18 02:19:15 - amazon adGroupId:510871560076623 已有negativeKeyword 10个
2026-09-18 02:19:15 - ⏭️ amazon negativeKeyword已存在且enabled: negativeExact_motorcycle half cover waterproof
2026-09-18 02:19:15 - amazon_uk_moto adGroupId:431314022530896 使用Excel campaignId:307570822788734
2026-09-18 02:19:17 - amazon_uk_moto adGroupId:431314022530896 已有negativeKeyword 2个
2026-09-18 02:19:17 - ⏭️ amazon_uk_moto negativeKeyword已存在且enabled: negativeExact_exhaust pipe
2026-09-18 02:19:17 - amazon_us_find adGroupId:499082009988524 使用Excel campaignId:491331148621142
2026-09-18 02:19:18 - amazon_us_find adGroupId:499082009988524 已有negativeKeyword 1个
2026-09-18 02:19:18 - ⏭️ amazon_us_find negativeKeyword已存在且enabled: negativeExact_oil seals by size
2026-09-18 02:19:18 - amazon adGroupId:476435012946549 使用Excel campaignId:48587523367063
2026-09-18 02:19:19 - amazon adGroupId:476435012946549 已有negativeKeyword 1个
2026-09-18 02:19:19 - ⏭️ amazon negativeKeyword已存在且enabled: negativeExact_inner tie rod
2026-09-18 02:19:19 - amazon_us_hero adGroupId:499004689310118 使用Excel campaignId:20453707093668
2026-09-18 02:19:20 - amazon_us_hero adGroupId:499004689310118 已有negativeKeyword 1个
2026-09-18 02:19:20 - ⏭️ amazon_us_hero negativeKeyword已存在且enabled: negativeExact_door lock actuator
2026-09-18 02:19:20 - amazon_uk_tuto adGroupId:444730775548600 使用Excel campaignId:170487576503976
2026-09-18 02:19:21 - amazon_uk_tuto adGroupId:444730775548600 已有negativeKeyword 1个
2026-09-18 02:19:21 - ⏭️ amazon_uk_tuto negativeKeyword已存在且enabled: negativeExact_bmx pegs
2026-09-18 02:19:22 - amazon_us_hero adGroupId:181223798204966 使用Excel campaignId:214643248612212
2026-09-18 02:19:23 - amazon_us_hero adGroupId:181223798204966 已有negativeKeyword 1个
2026-09-18 02:19:23 - ⏭️ amazon_us_hero negativeKeyword已存在且enabled: negativeExact_upper radiator hose
2026-09-18 02:19:23 - amazon_uk2 adGroupId:266444233715574 Mongo未找到，尝试Amazon API查询
2026-09-18 02:19:24 - amazon_uk2 adGroupId:266444233715574 Amazon API查到 campaignId:8217561280170
2026-09-18 02:19:24 - amazon_uk2 adGroupId:266444233715574 使用Excel campaignId:8217561280170
2026-09-18 02:19:25 - amazon_uk2 adGroupId:266444233715574 已有negativeKeyword 4个
2026-09-18 02:19:25 - ⏭️ amazon_uk2 negativeKeyword已存在且enabled: negativeExact_small car cover
2026-09-18 02:19:25 - ⏭️ amazon_uk2 negativeKeyword已存在且enabled: negativeExact_car cover
2026-09-18 02:19:25 - amazon_us_sopro adGroupId:282367325070482 Mongo未找到，尝试Amazon API查询
2026-09-18 02:19:26 - amazon_us_sopro adGroupId:282367325070482 Amazon API查到 campaignId:441196831767702
2026-09-18 02:19:26 - amazon_us_sopro adGroupId:282367325070482 使用Excel campaignId:441196831767702
2026-09-18 02:19:28 - amazon_us_sopro adGroupId:282367325070482 已有negativeKeyword 143个
2026-09-18 02:19:28 - ⏭️ amazon_us_sopro negativeKeyword已存在且enabled: negativeExact_jeep grand cherokee accessories
2026-09-18 02:19:28 - amazon_us_sopro adGroupId:282367325070482 创建negativeKeyword: 3个
2026-09-18 02:19:29 - ✅ amazon_us_sopro 创建negativeKeyword成功: 267515381401854 - negativeExact_2014 dodge durango radio knobs
2026-09-18 02:19:29 - ✅ amazon_us_sopro 创建negativeKeyword成功: 83612956851897 - negativeExact_dodge durango volume knob
2026-09-18 02:19:29 - ✅ amazon_us_sopro 创建negativeKeyword成功: 192722679716174 - negativeExact_jeep grand cherokee l accessories
2026-09-18 02:19:29 - amazon_uk2 adGroupId:482205719956871 使用Excel campaignId:380588212253989
2026-09-18 02:19:31 - amazon_uk2 adGroupId:482205719956871 已有negativeKeyword 1个
2026-09-18 02:19:31 - ⏭️ amazon_uk2 negativeKeyword已存在且enabled: negativeExact_bike kick stand
2026-09-18 02:19:31 - amazon_us_moto adGroupId:373036629654461 Mongo未找到，尝试Amazon API查询
2026-09-18 02:19:32 - amazon_us_moto adGroupId:373036629654461 Amazon API查到 campaignId:464901295359088
2026-09-18 02:19:32 - amazon_us_moto adGroupId:373036629654461 使用Excel campaignId:464901295359088
2026-09-18 02:19:33 - amazon_us_moto adGroupId:373036629654461 已有negativeKeyword 3个
2026-09-18 02:19:33 - ⏭️ amazon_us_moto negativeKeyword已存在且enabled: negativeExact_bike wheel spokes
2026-09-18 02:19:33 - amazon_us_swi adGroupId:493896671366811 使用Excel campaignId:443716044487830
2026-09-18 02:19:34 - amazon_us_swi adGroupId:493896671366811 已有negativeKeyword 1个
2026-09-18 02:19:34 - ⏭️ amazon_us_swi negativeKeyword已存在且enabled: negativeExact_neutral safety switch
2026-09-18 02:19:34 - amazon_us_moto adGroupId:427045397997242 Mongo未找到，尝试Amazon API查询
2026-09-18 02:19:35 - amazon_us_moto adGroupId:427045397997242 Amazon API查到 campaignId:84392060830517
2026-09-18 02:19:35 - amazon_us_moto adGroupId:427045397997242 使用Excel campaignId:84392060830517
2026-09-18 02:19:36 - amazon_us_moto adGroupId:427045397997242 已有negativeKeyword 0个
2026-09-18 02:19:36 - amazon_us_moto adGroupId:427045397997242 创建negativeKeyword: 1个
2026-09-18 02:19:37 - ✅ amazon_us_moto 创建negativeKeyword成功: 257822398619007 - negativeExact_door handle covers for car
2026-09-18 02:19:37 - amazon_us_rrc adGroupId:450799039654307 使用Excel campaignId:241948003427117
2026-09-18 02:19:38 - amazon_us_rrc adGroupId:450799039654307 已有negativeKeyword 1个
2026-09-18 02:19:38 - ⏭️ amazon_us_rrc negativeKeyword已存在且enabled: negativeExact_window switch bezel
2026-09-18 02:19:38 - amazon_us_ifn adGroupId:473914784343882 使用Excel campaignId:528593607937979
2026-09-18 02:19:39 - amazon_us_ifn adGroupId:473914784343882 已有negativeKeyword 2个
2026-09-18 02:19:39 - ⏭️ amazon_us_ifn negativeKeyword已存在且enabled: negativeExact_73.1 to 60.1 hub centric rings
2026-09-18 02:19:39 - ⏭️ amazon_us_ifn negativeKeyword已存在且enabled: negativeExact_73.1 to 67.1 hub centric rings
2026-09-18 02:19:39 - amazon_us_ifn adGroupId:429449401095795 使用Excel campaignId:459548328355903
2026-09-18 02:19:40 - amazon_us_ifn adGroupId:429449401095795 已有negativeKeyword 0个
2026-09-18 02:19:40 - amazon_us_ifn adGroupId:429449401095795 创建negativeKeyword: 1个
2026-09-18 02:19:41 - ✅ amazon_us_ifn 创建negativeKeyword成功: 169132167771752 - negativeExact_rear view mirror accessories
2026-09-18 02:19:41 - amazon_us_moto adGroupId:403387466621714 使用Excel campaignId:500827118854901
2026-09-18 02:19:42 - amazon_us_moto adGroupId:403387466621714 已有negativeKeyword 2个
2026-09-18 02:19:42 - ⏭️ amazon_us_moto negativeKeyword已存在且enabled: negativeExact_8 inch gas strut
2026-09-18 02:19:42 - ⏭️ amazon_us_moto negativeKeyword已存在且enabled: negativeExact_gas struts 20 inch
2026-09-18 02:19:42 - amazon_ca_tuto adGroupId:555257676471132 使用Excel campaignId:261152756241895
2026-09-18 02:19:43 - amazon_ca_tuto adGroupId:555257676471132 已有negativeKeyword 0个
2026-09-18 02:19:43 - amazon_ca_tuto adGroupId:555257676471132 创建negativeKeyword: 1个
2026-09-18 02:19:44 - ✅ amazon_ca_tuto 创建negativeKeyword成功: 28547448539581 - negativeExact_shift knob
2026-09-18 02:19:44 - amazon_uk2 adGroupId:433007501665052 使用Excel campaignId:400899986558281
2026-09-18 02:19:45 - amazon_uk2 adGroupId:433007501665052 已有negativeKeyword 7个
2026-09-18 02:19:45 - amazon_uk2 adGroupId:433007501665052 创建negativeKeyword: 1个
2026-09-18 02:19:46 - ✅ amazon_uk2 创建negativeKeyword成功: 65211167609775 - negativeExact_self adhesive suede fabric
2026-09-18 02:19:46 - amazon_us_hero adGroupId:531652233409143 使用Excel campaignId:464569542886645
2026-09-18 02:19:48 - amazon_us_hero adGroupId:531652233409143 已有negativeKeyword 1个
2026-09-18 02:19:48 - ⏭️ amazon_us_hero negativeKeyword已存在且enabled: negativeExact_rear diffuser
2026-09-18 02:19:48 - amazon_us_hero adGroupId:531652233409143 创建negativeKeyword: 1个
2026-09-18 02:19:48 - ✅ amazon_us_hero 创建negativeKeyword成功: 244476666936947 - negativeExact_rear bumper diffuser
2026-09-18 02:19:49 - amazon adGroupId:354757761573090 使用Excel campaignId:364609991630129
2026-09-18 02:19:53 - amazon adGroupId:354757761573090 已有negativeKeyword 54个
2026-09-18 02:19:53 - amazon adGroupId:354757761573090 创建negativeKeyword: 1个
2026-09-18 02:19:55 - ✅ amazon 创建negativeKeyword成功: 11652259856998 - negativeExact_boat inspection hatch
2026-09-18 02:19:55 - amazon_us_find adGroupId:378708125146492 Mongo未找到，尝试Amazon API查询
2026-09-18 02:19:56 - amazon_us_find adGroupId:378708125146492 Amazon API查到 campaignId:521328427956960
2026-09-18 02:19:56 - amazon_us_find adGroupId:378708125146492 使用Excel campaignId:521328427956960
2026-09-18 02:19:57 - amazon_us_find adGroupId:378708125146492 已有negativeKeyword 1个
2026-09-18 02:19:57 - ⏭️ amazon_us_find negativeKeyword已存在且enabled: negativeExact_ac pressure switch sensor
2026-09-18 02:19:57 - amazon_us_tuto adGroupId:361213950345999 使用Excel campaignId:107285955263952
2026-09-18 02:19:58 - amazon_us_tuto adGroupId:361213950345999 已有negativeKeyword 1个
2026-09-18 02:19:58 - ⏭️ amazon_us_tuto negativeKeyword已存在且enabled: negativeExact_hood latch
2026-09-18 02:19:58 - amazon_us_moto adGroupId:537006518736859 使用Excel campaignId:289153361171720
2026-09-18 02:19:58 - amazon_us_moto adGroupId:537006518736859 已有negativeKeyword 4个
2026-09-18 02:19:58 - ⏭️ amazon_us_moto negativeKeyword已存在且enabled: negativeExact_license plate bolts
2026-09-18 02:19:58 - ⏭️ amazon_us_moto negativeKeyword已存在且enabled: negativeExact_motorcycle exhaust heat shield
2026-09-18 02:19:58 - amazon_us_find adGroupId:70336919726049 使用Excel campaignId:47048384295588
2026-09-18 02:19:59 - amazon_us_find adGroupId:70336919726049 已有negativeKeyword 2个
2026-09-18 02:19:59 - ⏭️ amazon_us_find negativeKeyword已存在且enabled: negativeExact_car shift knob
2026-09-18 02:19:59 - ⏭️ amazon_us_find negativeKeyword已存在且enabled: negativeExact_shift knob
2026-09-18 02:19:59 - amazon_us_luux adGroupId:519117252901205 Mongo未找到，尝试Amazon API查询
2026-09-18 02:20:00 - amazon_us_luux adGroupId:519117252901205 Amazon API查到 campaignId:556100037736981
2026-09-18 02:20:00 - amazon_us_luux adGroupId:519117252901205 使用Excel campaignId:556100037736981
2026-09-18 02:20:01 - amazon_us_luux adGroupId:519117252901205 已有negativeKeyword 0个
2026-09-18 02:20:01 - amazon_us_luux adGroupId:519117252901205 创建negativeKeyword: 1个
2026-09-18 02:20:02 - ✅ amazon_us_luux 创建negativeKeyword成功: 249181065915341 - negativeExact_carburetor rebuild kit
2026-09-18 02:20:02 - amazon_us_moto adGroupId:302628767864356 使用Excel campaignId:15886382237607
2026-09-18 02:20:04 - amazon_us_moto adGroupId:302628767864356 已有negativeKeyword 1个
2026-09-18 02:20:04 - ⏭️ amazon_us_moto negativeKeyword已存在且enabled: negativeExact_1989 toyota pickup ignition switch
2026-09-18 02:20:04 - amazon_uk_sopro adGroupId:460881584185850 使用Excel campaignId:351867621314884
2026-09-18 02:20:05 - amazon_uk_sopro adGroupId:460881584185850 已有negativeKeyword 2个
2026-09-18 02:20:05 - ⏭️ amazon_uk_sopro negativeKeyword已存在且enabled: negativeExact_water storage containers
2026-09-18 02:20:05 - ⏭️ amazon_uk_sopro negativeKeyword已存在且enabled: negativeExact_water storage containers
2026-09-18 02:20:05 - amazon_us_moto adGroupId:443500046253547 使用Excel campaignId:230025070716155
2026-09-18 02:20:06 - amazon_us_moto adGroupId:443500046253547 已有negativeKeyword 1个
2026-09-18 02:20:06 - ⏭️ amazon_us_moto negativeKeyword已存在且enabled: negativeExact_windshield washer nozzle
2026-09-18 02:20:06 - ⏭️ amazon_us_moto negativeKeyword已存在且enabled: negativeExact_windshield washer nozzle
2026-09-18 02:20:06 - amazon_us_find adGroupId:453612262567065 使用Excel campaignId:242706076371597
2026-09-18 02:20:07 - amazon_us_find adGroupId:453612262567065 已有negativeKeyword 1个
2026-09-18 02:20:07 - ⏭️ amazon_us_find negativeKeyword已存在且enabled: negativeExact_dashboard cover
2026-09-18 02:20:07 - amazon_us_luux adGroupId:320582452379124 使用Excel campaignId:314452557287577
2026-09-18 02:20:09 - amazon_us_luux adGroupId:320582452379124 已有negativeKeyword 2个
2026-09-18 02:20:09 - ⏭️ amazon_us_luux negativeKeyword已存在且enabled: negativeExact_thermostat for car
2026-09-18 02:20:09 - ⏭️ amazon_us_luux negativeKeyword已存在且enabled: negativeExact_radiator filler neck
2026-09-18 02:20:09 - amazon adGroupId:32252996119476 Mongo未找到，尝试Amazon API查询
2026-09-18 02:20:10 - amazon adGroupId:32252996119476 Amazon API查到 campaignId:206052223428497
2026-09-18 02:20:10 - amazon adGroupId:32252996119476 使用Excel campaignId:206052223428497
2026-09-18 02:20:11 - amazon adGroupId:32252996119476 已有negativeKeyword 6个
2026-09-18 02:20:11 - ⏭️ amazon negativeKeyword已存在且enabled: negativeExact_tesla model y car cover
2026-09-18 02:20:11 - ⏭️ amazon negativeKeyword已存在且enabled: negativeExact_car snow cover
2026-09-18 02:20:11 - ⏭️ amazon negativeKeyword已存在且enabled: negativeExact_truck covers
2026-09-18 02:20:11 - amazon_ca_piccocasa adGroupId:462105489923115 Mongo未找到，尝试Amazon API查询
2026-09-18 02:20:16 - amazon_ca_piccocasa adGroupId:462105489923115 Amazon API查到 campaignId:350696352634974
2026-09-18 02:20:16 - amazon_ca_piccocasa adGroupId:462105489923115 使用Excel campaignId:350696352634974
2026-09-18 02:20:18 - amazon_ca_piccocasa adGroupId:462105489923115 已有negativeKeyword 0个
2026-09-18 02:20:18 - amazon_ca_piccocasa adGroupId:462105489923115 创建negativeKeyword: 1个
2026-09-18 02:20:19 - ✅ amazon_ca_piccocasa 创建negativeKeyword成功: 49182420899387 - negativeExact_uv dye injector kit
2026-09-18 02:20:19 - amazon adGroupId:297891520705315 使用Excel campaignId:94634169912508
2026-09-18 02:20:19 - amazon adGroupId:297891520705315 已有negativeKeyword 1个
2026-09-18 02:20:19 - ⏭️ amazon negativeKeyword已存在且enabled: negativeExact_quick release skewer
2026-09-18 02:20:20 - amazon_us_ifn adGroupId:356427101991429 使用Excel campaignId:425886168595323
2026-09-18 02:20:20 - amazon_us_ifn adGroupId:356427101991429 已有negativeKeyword 0个
2026-09-18 02:20:20 - amazon_us_ifn adGroupId:356427101991429 创建negativeKeyword: 1个
2026-09-18 02:20:29 - ✅ amazon_us_ifn 创建negativeKeyword成功: 83447632159143 - negativeExact_audi q5 accessories
2026-09-18 02:20:29 - amazon_us_moto adGroupId:537882061940856 使用Excel campaignId:135804318983762
2026-09-18 02:20:30 - amazon_us_moto adGroupId:537882061940856 已有negativeKeyword 1个
2026-09-18 02:20:30 - ⏭️ amazon_us_moto negativeKeyword已存在且enabled: negativeExact_tail light harness
2026-09-18 02:20:30 - amazon_us_moto adGroupId:549990404224241 使用Excel campaignId:400335767496254
2026-09-18 02:20:31 - amazon_us_moto adGroupId:549990404224241 已有negativeKeyword 1个
2026-09-18 02:20:31 - ⏭️ amazon_us_moto negativeKeyword已存在且enabled: negativeExact_rear wiper arm cap
2026-09-18 02:20:31 - amazon_us_ac1 adGroupId:414146700099671 使用Excel campaignId:146867998335761
2026-09-18 02:20:32 - amazon_us_ac1 adGroupId:414146700099671 已有negativeKeyword 5个
2026-09-18 02:20:32 - ⏭️ amazon_us_ac1 negativeKeyword已存在且enabled: negativeExact_2010 f150 remote start kit
2026-09-18 02:20:32 - amazon adGroupId:214491509631368 使用Excel campaignId:90494172951867
2026-09-18 02:20:35 - amazon adGroupId:214491509631368 已有negativeKeyword 5个
2026-09-18 02:20:35 - amazon adGroupId:214491509631368 创建negativeKeyword: 1个
2026-09-18 02:20:36 - ✅ amazon 创建negativeKeyword成功: 205504589193468 - negativeExact_sportster spark plug wires
2026-09-18 02:20:36 - amazon_uk_sopro adGroupId:509239696086717 Mongo未找到，尝试Amazon API查询
2026-09-18 02:20:37 - amazon_uk_sopro adGroupId:509239696086717 Amazon API查到 campaignId:531377505293903
2026-09-18 02:20:37 - amazon_uk_sopro adGroupId:509239696086717 使用Excel campaignId:531377505293903
2026-09-18 02:20:38 - amazon_uk_sopro adGroupId:509239696086717 已有negativeKeyword 1个
2026-09-18 02:20:38 - ⏭️ amazon_uk_sopro negativeKeyword已存在且enabled: negativeExact_bicycle spokes
2026-09-18 02:20:38 - amazon adGroupId:452606667494891 使用Excel campaignId:272204757782184
2026-09-18 02:20:39 - amazon adGroupId:452606667494891 已有negativeKeyword 0个
2026-09-18 02:20:39 - amazon adGroupId:452606667494891 创建negativeKeyword: 1个
2026-09-18 02:20:40 - ✅ amazon 创建negativeKeyword成功: 224145425457150 - negativeExact_motorcycle exhaust hanger
2026-09-18 02:20:40 - amazon adGroupId:484518491442508 使用Excel campaignId:50719366656194
2026-09-18 02:20:41 - amazon adGroupId:484518491442508 已有negativeKeyword 1个
2026-09-18 02:20:41 - ⏭️ amazon negativeKeyword已存在且enabled: negativeExact_arm rest cover for car
2026-09-18 02:20:41 - amazon adGroupId:7258692737724 使用Excel campaignId:228028800906806
2026-09-18 02:20:42 - amazon adGroupId:7258692737724 已有negativeKeyword 1个
2026-09-18 02:20:42 - ⏭️ amazon negativeKeyword已存在且enabled: negativeExact_1 inch bottom level
2026-09-18 02:20:42 - amazon_us_moto adGroupId:498052794920686 使用Excel campaignId:459617967448412
2026-09-18 02:20:43 - amazon_us_moto adGroupId:498052794920686 已有negativeKeyword 1个
2026-09-18 02:20:43 - ⏭️ amazon_us_moto negativeKeyword已存在且enabled: negativeExact_12 inch gas strut
2026-09-18 02:20:43 - amazon adGroupId:303651222590850 Mongo未找到，尝试Amazon API查询
2026-09-18 02:20:46 - amazon adGroupId:303651222590850 Amazon API查到 campaignId:466203472690696
2026-09-18 02:20:46 - amazon adGroupId:303651222590850 使用Excel campaignId:466203472690696
2026-09-18 02:20:53 - amazon adGroupId:303651222590850 已有negativeKeyword 1个
2026-09-18 02:20:53 - ⏭️ amazon negativeKeyword已存在且enabled: negativeExact_bike spokes
2026-09-18 02:20:53 - amazon adGroupId:197553859781986 使用Excel campaignId:246995433772439
2026-09-18 02:20:54 - amazon adGroupId:197553859781986 已有negativeKeyword 15个
2026-09-18 02:20:54 - ⏭️ amazon negativeKeyword已存在且enabled: negativeExact_ram park assist sensor
2026-09-18 02:20:54 - amazon_us_sopro adGroupId:360090986092135 Mongo未找到，尝试Amazon API查询
2026-09-18 02:20:56 - amazon_us_sopro adGroupId:360090986092135 Amazon API查到 campaignId:516888973319740
2026-09-18 02:20:56 - amazon_us_sopro adGroupId:360090986092135 使用Excel campaignId:516888973319740
2026-09-18 02:20:57 - amazon_us_sopro adGroupId:360090986092135 已有negativeKeyword 133个
2026-09-18 02:20:57 - ⏭️ amazon_us_sopro negativeKeyword已存在且enabled: negativeExact_jeep grand cherokee volume knob cover
2026-09-18 02:20:57 - amazon_us_rrc adGroupId:287184242620205 Mongo未找到，尝试Amazon API查询
2026-09-18 02:20:59 - amazon_us_rrc adGroupId:287184242620205 Amazon API查到 campaignId:488766702515029
2026-09-18 02:20:59 - amazon_us_rrc adGroupId:287184242620205 使用Excel campaignId:488766702515029
2026-09-18 02:21:00 - amazon_us_rrc adGroupId:287184242620205 已有negativeKeyword 1个
2026-09-18 02:21:00 - ⏭️ amazon_us_rrc negativeKeyword已存在且enabled: negativeExact_audi door handle cover
2026-09-18 02:21:00 - amazon_us_sopro adGroupId:414805087079244 使用Excel campaignId:284993482223857
2026-09-18 02:21:02 - amazon_us_sopro adGroupId:414805087079244 已有negativeKeyword 0个
2026-09-18 02:21:02 - amazon_us_sopro adGroupId:414805087079244 创建negativeKeyword: 1个
2026-09-18 02:21:04 - ✅ amazon_us_sopro 创建negativeKeyword成功: 8157673501966 - negativeExact_side marker lights
2026-09-18 02:21:04 - amazon_us_luux adGroupId:389284311595562 使用Excel campaignId:9152209673579
2026-09-18 02:21:05 - amazon_us_luux adGroupId:389284311595562 已有negativeKeyword 0个
2026-09-18 02:21:05 - amazon_us_luux adGroupId:389284311595562 创建negativeKeyword: 1个
2026-09-18 02:21:06 - ✅ amazon_us_luux 创建negativeKeyword成功: 227660709831802 - negativeExact_radiator fan motor
2026-09-18 02:21:07 - amazon_ca_moto adGroupId:547157499874643 使用Excel campaignId:345404633496328
2026-09-18 02:21:07 - amazon_ca_moto adGroupId:547157499874643 已有negativeKeyword 1个
2026-09-18 02:21:07 - ⏭️ amazon_ca_moto negativeKeyword已存在且enabled: negativeExact_car cup holder
2026-09-18 02:21:08 - amazon_uk2 adGroupId:311791606810090 Mongo未找到，尝试Amazon API查询
2026-09-18 02:21:08 - amazon_uk2 adGroupId:311791606810090 Amazon API查到 campaignId:293403107250791
2026-09-18 02:21:08 - amazon_uk2 adGroupId:311791606810090 使用Excel campaignId:293403107250791
2026-09-18 02:21:09 - amazon_uk2 adGroupId:311791606810090 已有negativeKeyword 0个
2026-09-18 02:21:09 - amazon_uk2 adGroupId:311791606810090 创建negativeKeyword: 1个
2026-09-18 02:21:10 - ✅ amazon_uk2 创建negativeKeyword成功: 159387963784539 - negativeExact_sound deadening
2026-09-18 02:21:11 - amazon adGroupId:392393223097248 使用Excel campaignId:20513146813513
2026-09-18 02:21:11 - amazon adGroupId:392393223097248 已有negativeKeyword 1个
2026-09-18 02:21:11 - ⏭️ amazon negativeKeyword已存在且enabled: negativeExact_audi a6
2026-09-18 02:21:12 - amazon_us_sopro adGroupId:291546867713598 Mongo未找到，尝试Amazon API查询
2026-09-18 02:21:13 - amazon_us_sopro adGroupId:291546867713598 Amazon API查到 campaignId:324368859951437
2026-09-18 02:21:13 - amazon_us_sopro adGroupId:291546867713598 使用Excel campaignId:324368859951437
2026-09-18 02:21:13 - amazon_us_sopro adGroupId:291546867713598 已有negativeKeyword 2个
2026-09-18 02:21:13 - ⏭️ amazon_us_sopro negativeKeyword已存在且enabled: negativeExact_dodge durango accessories
2026-09-18 02:21:13 - amazon adGroupId:361186289057358 使用Excel campaignId:329163397563606
2026-09-18 02:21:14 - amazon adGroupId:361186289057358 已有negativeKeyword 13个
2026-09-18 02:21:14 - ⏭️ amazon negativeKeyword已存在且enabled: negativeExact_2005 ford f150 accessories
2026-09-18 02:21:14 - amazon_us_hope adGroupId:378926821244073 Mongo未找到，尝试Amazon API查询
2026-09-18 02:21:15 - amazon_us_hope adGroupId:378926821244073 Amazon API查到 campaignId:341659488364033
2026-09-18 02:21:15 - amazon_us_hope adGroupId:378926821244073 使用Excel campaignId:341659488364033
2026-09-18 02:21:16 - amazon_us_hope adGroupId:378926821244073 已有negativeKeyword 1个
2026-09-18 02:21:16 - ⏭️ amazon_us_hope negativeKeyword已存在且enabled: negativeExact_turn signal switch
2026-09-18 02:21:16 - amazon_us_luux adGroupId:409214338960291 使用Excel campaignId:426537630082967
2026-09-18 02:21:17 - amazon_us_luux adGroupId:409214338960291 已有negativeKeyword 1个
2026-09-18 02:21:17 - ⏭️ amazon_us_luux negativeKeyword已存在且enabled: negativeExact_motorcycle exhaust heat shield
2026-09-18 02:21:17 - amazon_us_moto adGroupId:403942033015558 使用Excel campaignId:455144575538610
2026-09-18 02:21:18 - amazon_us_moto adGroupId:403942033015558 已有negativeKeyword 2个
2026-09-18 02:21:18 - ⏭️ amazon_us_moto negativeKeyword已存在且enabled: negativeExact_3 inch exhaust tip
2026-09-18 02:21:18 - amazon adGroupId:482750404959956 使用Excel campaignId:295014882707046
2026-09-18 02:21:19 - amazon adGroupId:482750404959956 已有negativeKeyword 1个
2026-09-18 02:21:19 - ⏭️ amazon negativeKeyword已存在且enabled: negativeExact_saddle bags motorcycles
2026-09-18 02:21:19 - amazon_uk_hero adGroupId:388131905860162 使用Excel campaignId:24147458614219
2026-09-18 02:21:20 - amazon_uk_hero adGroupId:388131905860162 已有negativeKeyword 1个
2026-09-18 02:21:20 - ⏭️ amazon_uk_hero negativeKeyword已存在且enabled: negativeExact_dropper post
2026-09-18 02:21:20 - amazon_us_hero adGroupId:343669369524946 使用Excel campaignId:216383113690651
2026-09-18 02:21:21 - amazon_us_hero adGroupId:343669369524946 已有negativeKeyword 0个
2026-09-18 02:21:21 - amazon_us_hero adGroupId:343669369524946 创建negativeKeyword: 1个
2026-09-18 02:21:22 - ✅ amazon_us_hero 创建negativeKeyword成功: 229982833311526 - negativeExact_moeller fuel sending unit
2026-09-18 02:21:22 - amazon_uk_sopro adGroupId:470133604160659 使用Excel campaignId:232645568670498
2026-09-18 02:21:23 - amazon_uk_sopro adGroupId:470133604160659 已有negativeKeyword 1个
2026-09-18 02:21:23 - ⏭️ amazon_uk_sopro negativeKeyword已存在且enabled: negativeExact_windscreen wipers
2026-09-18 02:21:23 - amazon_us_moto adGroupId:414812638465856 使用Excel campaignId:81702963142058
2026-09-18 02:21:24 - amazon_us_moto adGroupId:414812638465856 已有negativeKeyword 1个
2026-09-18 02:21:24 - ⏭️ amazon_us_moto negativeKeyword已存在且enabled: negativeExact_vans motorcycle grips
2026-09-18 02:21:24 - amazon_us_tuc adGroupId:410338053202194 使用Excel campaignId:229608179478325
2026-09-18 02:21:25 - amazon_us_tuc adGroupId:410338053202194 已有negativeKeyword 3个
2026-09-18 02:21:25 - ⏭️ amazon_us_tuc negativeKeyword已存在且enabled: negativeExact_2012 volkswagen jetta gas door
2026-09-18 02:21:25 - amazon_us_moto adGroupId:460302166870624 使用Excel campaignId:15677228755179
2026-09-18 02:21:26 - amazon_us_moto adGroupId:460302166870624 已有negativeKeyword 2个
2026-09-18 02:21:26 - ⏭️ amazon_us_moto negativeKeyword已存在且enabled: negativeExact_heart shaped exhaust tip
2026-09-18 02:21:26 - ⏭️ amazon_us_moto negativeKeyword已存在且enabled: negativeExact_heart exhaust tip
2026-09-18 02:21:26 - amazon_ca_ac1 adGroupId:557816862228453 使用Excel campaignId:142547473429920
2026-09-18 02:21:27 - amazon_ca_ac1 adGroupId:557816862228453 已有negativeKeyword 0个
2026-09-18 02:21:27 - amazon_ca_ac1 adGroupId:557816862228453 创建negativeKeyword: 1个
2026-09-18 02:21:28 - ✅ amazon_ca_ac1 创建negativeKeyword成功: 154599927373898 - negativeExact_license plate screw
2026-09-18 02:21:29 - amazon_ca_rrc adGroupId:513565505520564 使用Excel campaignId:20142429527709
2026-09-18 02:21:30 - amazon_ca_rrc adGroupId:513565505520564 已有negativeKeyword 1个
2026-09-18 02:21:30 - amazon_ca_rrc adGroupId:513565505520564 创建negativeKeyword: 1个
2026-09-18 02:21:31 - ✅ amazon_ca_rrc 创建negativeKeyword成功: 198002440589744 - negativeExact_pink license plate frame
2026-09-18 02:21:31 - amazon_us_find adGroupId:427205511431677 使用Excel campaignId:90012772897299
2026-09-18 02:21:32 - amazon_us_find adGroupId:427205511431677 已有negativeKeyword 1个
2026-09-18 02:21:32 - ⏭️ amazon_us_find negativeKeyword已存在且enabled: negativeExact_turn signal switch
2026-09-18 02:21:32 - amazon_us_rrc adGroupId:488024065660640 使用Excel campaignId:214412624004085
2026-09-18 02:21:34 - amazon_us_rrc adGroupId:488024065660640 已有negativeKeyword 1个
2026-09-18 02:21:34 - ⏭️ amazon_us_rrc negativeKeyword已存在且enabled: negativeExact_door handle
2026-09-18 02:21:34 - amazon_us_luux adGroupId:517633294116352 使用Excel campaignId:314452557287577
2026-09-18 02:21:36 - amazon_us_luux adGroupId:517633294116352 已有negativeKeyword 1个
2026-09-18 02:21:36 - ⏭️ amazon_us_luux negativeKeyword已存在且enabled: negativeExact_rear bumper reflector
2026-09-18 02:21:36 - amazon_us_sopro adGroupId:509782266664367 使用Excel campaignId:476050073645615
2026-09-18 02:21:36 - amazon_us_sopro adGroupId:509782266664367 已有negativeKeyword 1个
2026-09-18 02:21:36 - ⏭️ amazon_us_sopro negativeKeyword已存在且enabled: negativeExact_hood latch
2026-09-18 02:21:36 - amazon_us_moto adGroupId:530993399116192 使用Excel campaignId:400335767496254
2026-09-18 02:21:37 - amazon_us_moto adGroupId:530993399116192 已有negativeKeyword 1个
2026-09-18 02:21:37 - ⏭️ amazon_us_moto negativeKeyword已存在且enabled: negativeExact_coolant filler neck
2026-09-18 02:21:37 - amazon adGroupId:392328189645035 使用Excel campaignId:159143432244622
2026-09-18 02:21:38 - amazon adGroupId:392328189645035 已有negativeKeyword 1个
2026-09-18 02:21:38 - ⏭️ amazon negativeKeyword已存在且enabled: negativeExact_trunk latch
2026-09-18 02:21:38 - amazon_us_moto adGroupId:162418529833663 Mongo未找到，尝试Amazon API查询
2026-09-18 02:21:39 - amazon_us_moto adGroupId:162418529833663 Amazon API查到 campaignId:167358806358346
2026-09-18 02:21:39 - amazon_us_moto adGroupId:162418529833663 使用Excel campaignId:167358806358346
2026-09-18 02:21:40 - amazon_us_moto adGroupId:162418529833663 已有negativeKeyword 47个
2026-09-18 02:21:40 - ⏭️ amazon_us_moto negativeKeyword已存在且enabled: negativeExact_2006 silverado sway bar bushings
2026-09-18 02:21:41 - amazon adGroupId:421478812296643 Mongo未找到，尝试Amazon API查询
2026-09-18 02:21:41 - amazon adGroupId:421478812296643 Amazon API查到 campaignId:151385870340253
2026-09-18 02:21:41 - amazon adGroupId:421478812296643 使用Excel campaignId:151385870340253
2026-09-18 02:21:42 - amazon adGroupId:421478812296643 已有negativeKeyword 1个
2026-09-18 02:21:42 - ⏭️ amazon negativeKeyword已存在且enabled: negativeExact_motorcycle half cover waterproof
2026-09-18 02:21:42 - amazon_us_moto adGroupId:543029913933852 使用Excel campaignId:459617967448412
2026-09-18 02:21:43 - amazon_us_moto adGroupId:543029913933852 已有negativeKeyword 3个
2026-09-18 02:21:43 - ⏭️ amazon_us_moto negativeKeyword已存在且enabled: negativeExact_mazda cx5 accessories
2026-09-18 02:21:43 - amazon adGroupId:359433406235012 使用Excel campaignId:235490121341140
2026-09-18 02:21:44 - amazon adGroupId:359433406235012 已有negativeKeyword 1个
2026-09-18 02:21:44 - ⏭️ amazon negativeKeyword已存在且enabled: negativeExact_nissan rogue accessories
2026-09-18 02:21:44 - amazon_us_tuc adGroupId:94565376340981 使用Excel campaignId:91368165191355
2026-09-18 02:21:45 - amazon_us_tuc adGroupId:94565376340981 已有negativeKeyword 2个
2026-09-18 02:21:45 - amazon_us_tuc adGroupId:94565376340981 创建negativeKeyword: 1个
2026-09-18 02:21:46 - ✅ amazon_us_tuc 创建negativeKeyword成功: 98689026364423 - negativeExact_flower shift knob
2026-09-18 02:21:47 - amazon_us_hood adGroupId:472248373076896 使用Excel campaignId:373602079887703
2026-09-18 02:21:47 - amazon_us_hood adGroupId:472248373076896 已有negativeKeyword 2个
2026-09-18 02:21:47 - ⏭️ amazon_us_hood negativeKeyword已存在且enabled: negativeExact_floor jack pad
2026-09-18 02:21:48 - amazon_us_moto adGroupId:537192773085484 使用Excel campaignId:459617967448412
2026-09-18 02:21:48 - amazon_us_moto adGroupId:537192773085484 已有negativeKeyword 2个
2026-09-18 02:21:48 - ⏭️ amazon_us_moto negativeKeyword已存在且enabled: negativeExact_heater hose connector
2026-09-18 02:21:48 - amazon adGroupId:462912731202777 使用Excel campaignId:148395820247701
2026-09-18 02:21:49 - amazon adGroupId:462912731202777 已有negativeKeyword 1个
2026-09-18 02:21:49 - ⏭️ amazon negativeKeyword已存在且enabled: negativeExact_brake light socket
2026-09-18 02:21:49 - amazon_us_ifn adGroupId:297822154597369 使用Excel campaignId:353577119986739
2026-09-18 02:21:50 - amazon_us_ifn adGroupId:297822154597369 已有negativeKeyword 10个
2026-09-18 02:21:50 - amazon_us_ifn adGroupId:297822154597369 创建negativeKeyword: 1个
2026-09-18 02:21:51 - ✅ amazon_us_ifn 创建negativeKeyword成功: 217718445451765 - negativeExact_gear shift knob
2026-09-18 02:21:52 - amazon_us_moto adGroupId:454713819016022 使用Excel campaignId:256805105251962
2026-09-18 02:21:53 - amazon_us_moto adGroupId:454713819016022 已有negativeKeyword 0个
2026-09-18 02:21:53 - amazon_us_moto adGroupId:454713819016022 创建negativeKeyword: 1个
2026-09-18 02:21:54 - ✅ amazon_us_moto 创建negativeKeyword成功: 87933956484498 - negativeExact_motorcycle grips 1 inch
2026-09-18 02:21:54 - amazon_us_moto adGroupId:543157338778854 使用Excel campaignId:400335767496254
2026-09-18 02:21:55 - amazon_us_moto adGroupId:543157338778854 已有negativeKeyword 2个
2026-09-18 02:21:55 - ⏭️ amazon_us_moto negativeKeyword已存在且enabled: negativeExact_door check strap
2026-09-18 02:21:55 - amazon adGroupId:327034296159579 Mongo未找到，尝试Amazon API查询
2026-09-18 02:21:56 - amazon adGroupId:327034296159579 Amazon API查到 campaignId:488707016952190
2026-09-18 02:21:56 - amazon adGroupId:327034296159579 使用Excel campaignId:488707016952190
2026-09-18 02:21:57 - amazon adGroupId:327034296159579 已有negativeKeyword 2个
2026-09-18 02:21:57 - ⏭️ amazon negativeKeyword已存在且enabled: negativeExact_tail light socket
2026-09-18 02:21:57 - amazon adGroupId:382056507907400 Mongo未找到，尝试Amazon API查询
2026-09-18 02:21:58 - amazon adGroupId:382056507907400 Amazon API查到 campaignId:373943795356798
2026-09-18 02:21:58 - amazon adGroupId:382056507907400 使用Excel campaignId:373943795356798
2026-09-18 02:21:58 - amazon adGroupId:382056507907400 已有negativeKeyword 1个
2026-09-18 02:21:58 - ⏭️ amazon negativeKeyword已存在且enabled: negativeExact_mazda 3 trunk button
2026-09-18 02:21:58 - amazon_us_moto adGroupId:514676696499602 使用Excel campaignId:15886382237607
2026-09-18 02:21:59 - amazon_us_moto adGroupId:514676696499602 已有negativeKeyword 0个
2026-09-18 02:21:59 - amazon_us_moto adGroupId:514676696499602 创建negativeKeyword: 1个
2026-09-18 02:22:00 - ✅ amazon_us_moto 创建negativeKeyword成功: 231562598614256 - negativeExact_honda ignition lock cylinder
2026-09-18 02:22:00 - amazon_uk_luux adGroupId:325654911076169 使用Excel campaignId:321350896340370
2026-09-18 02:22:01 - amazon_uk_luux adGroupId:325654911076169 已有negativeKeyword 0个
2026-09-18 02:22:01 - amazon_uk_luux adGroupId:325654911076169 创建negativeKeyword: 1个
2026-09-18 02:22:02 - ✅ amazon_uk_luux 创建negativeKeyword成功: 43204076983047 - negativeExact_towing eye
2026-09-18 02:22:03 - amazon adGroupId:406162999749388 使用Excel campaignId:171134991613179
2026-09-18 02:22:04 - amazon adGroupId:406162999749388 已有negativeKeyword 0个
2026-09-18 02:22:04 - amazon adGroupId:406162999749388 创建negativeKeyword: 1个
2026-09-18 02:22:05 - ✅ amazon 创建negativeKeyword成功: 222692526431982 - negativeExact_6.5 speaker spacer
2026-09-18 02:22:05 - amazon_ca_luck adGroupId:471851575678916 使用Excel campaignId:419013211143137
2026-09-18 02:22:06 - amazon_ca_luck adGroupId:471851575678916 已有negativeKeyword 0个
2026-09-18 02:22:06 - amazon_ca_luck adGroupId:471851575678916 创建negativeKeyword: 1个
2026-09-18 02:22:07 - ✅ amazon_ca_luck 创建negativeKeyword成功: 60166066790414 - negativeExact_trailer plug
2026-09-18 02:22:07 - amazon_ca_hero adGroupId:332912951391165 使用Excel campaignId:77814074099857
2026-09-18 02:22:08 - amazon_ca_hero adGroupId:332912951391165 已有negativeKeyword 6个
2026-09-18 02:22:08 - ⏭️ amazon_ca_hero negativeKeyword已存在且enabled: negativeExact_rear brake dust shield
2026-09-18 02:22:08 - amazon_ca_hero adGroupId:332912951391165 创建negativeKeyword: 1个
2026-09-18 02:22:09 - ✅ amazon_ca_hero 创建negativeKeyword成功: 217966839488057 - negativeExact_2015 jetta rear brake dust shield
2026-09-18 02:22:10 - amazon_uk2 adGroupId:556475448568404 使用Excel campaignId:124344324785211
2026-09-18 02:22:11 - amazon_uk2 adGroupId:556475448568404 已有negativeKeyword 1个
2026-09-18 02:22:11 - ⏭️ amazon_uk2 negativeKeyword已存在且enabled: negativeExact_headliner fabric
2026-09-18 02:22:11 - amazon_ca_moto adGroupId:398217037310651 使用Excel campaignId:16261635011743
2026-09-18 02:22:12 - amazon_ca_moto adGroupId:398217037310651 已有negativeKeyword 3个
2026-09-18 02:22:12 - ⏭️ amazon_ca_moto negativeKeyword已存在且enabled: negativeExact_civic mirror cap
2026-09-18 02:22:12 - ⏭️ amazon_ca_moto negativeKeyword已存在且enabled: negativeExact_honda civic accessories
2026-09-18 02:22:12 - amazon_us_ac1 adGroupId:512923323155810 使用Excel campaignId:95800224614782
2026-09-18 02:22:13 - amazon_us_ac1 adGroupId:512923323155810 已有negativeKeyword 1个
2026-09-18 02:22:13 - ⏭️ amazon_us_ac1 negativeKeyword已存在且enabled: negativeExact_spark plug wires
2026-09-18 02:22:13 - amazon adGroupId:460845510793199 使用Excel campaignId:295014882707046
2026-09-18 02:22:14 - amazon adGroupId:460845510793199 已有negativeKeyword 4个
2026-09-18 02:22:14 - amazon adGroupId:460845510793199 创建negativeKeyword: 1个
2026-09-18 02:22:15 - ✅ amazon 创建negativeKeyword成功: 11207029974574 - negativeExact_motorcycle saddlebags
2026-09-18 02:22:15 - amazon_us_ifn adGroupId:340440642688184 使用Excel campaignId:29189187316707
2026-09-18 02:22:16 - amazon_us_ifn adGroupId:340440642688184 已有negativeKeyword 3个
2026-09-18 02:22:16 - ⏭️ amazon_us_ifn negativeKeyword已存在且enabled: negativeExact_25.4 seatpost
2026-09-18 02:22:16 - ⏭️ amazon_us_ifn negativeKeyword已存在且enabled: negativeExact_27.2 seatpost
2026-09-18 02:22:16 - amazon adGroupId:447236850392175 Mongo未找到，尝试Amazon API查询
2026-09-18 02:22:17 - amazon adGroupId:447236850392175 Amazon API查到 campaignId:319167148953286
2026-09-18 02:22:17 - amazon adGroupId:447236850392175 使用Excel campaignId:319167148953286
2026-09-18 02:22:18 - amazon adGroupId:447236850392175 已有negativeKeyword 2个
2026-09-18 02:22:18 - amazon adGroupId:447236850392175 创建negativeKeyword: 2个
2026-09-18 02:22:19 - ✅ amazon 创建negativeKeyword成功: 31124257477887 - negativeExact_gm shift cable bushing kit
2026-09-18 02:22:19 - ✅ amazon 创建negativeKeyword成功: 182082110441912 - negativeExact_gm shifter cable bushing
2026-09-18 02:22:19 - amazon_ca_tuc adGroupId:432642392373743 使用Excel campaignId:281035248903975
2026-09-18 02:22:20 - amazon_ca_tuc adGroupId:432642392373743 已有negativeKeyword 3个
2026-09-18 02:22:20 - ⏭️ amazon_ca_tuc negativeKeyword已存在且enabled: negativeExact_spokes
2026-09-18 02:22:20 - amazon_us_swi adGroupId:322019463549465 使用Excel campaignId:200531708208715
2026-09-18 02:22:21 - amazon_us_swi adGroupId:322019463549465 已有negativeKeyword 1个
2026-09-18 02:22:21 - ⏭️ amazon_us_swi negativeKeyword已存在且enabled: negativeExact_neutral safety switch
2026-09-18 02:22:21 - amazon adGroupId:335747702246918 使用Excel campaignId:150640772717735
2026-09-18 02:22:23 - amazon adGroupId:335747702246918 已有negativeKeyword 0个
2026-09-18 02:22:23 - amazon adGroupId:335747702246918 创建negativeKeyword: 1个
2026-09-18 02:22:24 - ✅ amazon 创建negativeKeyword成功: 256313266416859 - negativeExact_radiator fan switch
2026-09-18 02:22:24 - amazon_us_rrc adGroupId:477544680050789 Mongo未找到，尝试Amazon API查询
2026-09-18 02:22:25 - amazon_us_rrc adGroupId:477544680050789 Amazon API查到 campaignId:477547625600479
2026-09-18 02:22:25 - amazon_us_rrc adGroupId:477544680050789 使用Excel campaignId:477547625600479
2026-09-18 02:22:26 - amazon_us_rrc adGroupId:477544680050789 已有negativeKeyword 1个
2026-09-18 02:22:26 - ⏭️ amazon_us_rrc negativeKeyword已存在且enabled: negativeExact_bicycle seat post
2026-09-18 02:22:26 - amazon_us_ac1 adGroupId:534785937509039 使用Excel campaignId:88981559064106
2026-09-18 02:22:27 - amazon_us_ac1 adGroupId:534785937509039 已有negativeKeyword 0个
2026-09-18 02:22:27 - amazon_us_ac1 adGroupId:534785937509039 创建negativeKeyword: 1个
2026-09-18 02:22:28 - ✅ amazon_us_ac1 创建negativeKeyword成功: 67360280994550 - negativeExact_6.5 speaker grill
2026-09-18 02:22:28 - amazon adGroupId:530781278526545 使用Excel campaignId:295014882707046
2026-09-18 02:22:30 - amazon adGroupId:530781278526545 已有negativeKeyword 1个
2026-09-18 02:22:30 - ⏭️ amazon negativeKeyword已存在且enabled: negativeExact_motorcycle fork bag
2026-09-18 02:22:30 - amazon_ca_hope adGroupId:28813910329101 使用Excel campaignId:135392687435952
2026-09-18 02:22:31 - amazon_ca_hope adGroupId:28813910329101 已有negativeKeyword 0个
2026-09-18 02:22:31 - amazon_ca_hope adGroupId:28813910329101 创建negativeKeyword: 1个
2026-09-18 02:22:32 - ✅ amazon_ca_hope 创建negativeKeyword成功: 131830918494146 - negativeExact_heated grips motorcycle
2026-09-18 02:22:32 - amazon_us_sopro adGroupId:305606597765636 使用Excel campaignId:47417486960076
2026-09-18 02:22:34 - amazon_us_sopro adGroupId:305606597765636 已有negativeKeyword 1个
2026-09-18 02:22:34 - ⏭️ amazon_us_sopro negativeKeyword已存在且enabled: negativeExact_10mm socket wrench
2026-09-18 02:22:34 - amazon adGroupId:308209887169915 Mongo未找到，尝试Amazon API查询
2026-09-18 02:22:35 - amazon adGroupId:308209887169915 Amazon API查到 campaignId:309123975224777
2026-09-18 02:22:35 - amazon adGroupId:308209887169915 使用Excel campaignId:309123975224777
2026-09-18 02:22:36 - amazon adGroupId:308209887169915 已有negativeKeyword 1个
2026-09-18 02:22:36 - ⏭️ amazon negativeKeyword已存在且enabled: negativeExact_motorcycle reflectors
2026-09-18 02:22:36 - amazon adGroupId:442750603715691 使用Excel campaignId:120198020021952
2026-09-18 02:22:36 - amazon adGroupId:442750603715691 已有negativeKeyword 1个
2026-09-18 02:22:36 - ⏭️ amazon negativeKeyword已存在且enabled: negativeExact_shock absorber bushings
2026-09-18 02:22:36 - amazon_ca_hope adGroupId:489589781955590 使用Excel campaignId:67177669614301
2026-09-18 02:22:37 - amazon_ca_hope adGroupId:489589781955590 已有negativeKeyword 0个
2026-09-18 02:22:37 - amazon_ca_hope adGroupId:489589781955590 创建negativeKeyword: 1个
2026-09-18 02:22:40 - ✅ amazon_ca_hope 创建negativeKeyword成功: 97818649291222 - negativeExact_motorcycle windshield extension
2026-09-18 02:22:40 - amazon_ca_tuc adGroupId:459514125374765 使用Excel campaignId:126565526469159
2026-09-18 02:22:41 - amazon_ca_tuc adGroupId:459514125374765 已有negativeKeyword 0个
2026-09-18 02:22:41 - amazon_ca_tuc adGroupId:459514125374765 创建negativeKeyword: 1个
2026-09-18 02:22:42 - ✅ amazon_ca_tuc 创建negativeKeyword成功: 52426947477044 - negativeExact_mitsubishi outlander 2026 accessories
2026-09-18 02:22:43 - amazon adGroupId:440327160597674 使用Excel campaignId:522264127051139
2026-09-18 02:22:43 - amazon adGroupId:440327160597674 已有negativeKeyword 2个
2026-09-18 02:22:43 - ⏭️ amazon negativeKeyword已存在且enabled: negativeExact_hood decal
2026-09-18 02:22:43 - ⏭️ amazon negativeKeyword已存在且enabled: negativeExact_truck decals
2026-09-18 02:22:43 - amazon adGroupId:440327160597674 创建negativeKeyword: 1个
2026-09-18 02:22:44 - ✅ amazon 创建negativeKeyword成功: 170890308530770 - negativeExact_hood decals for trucks
2026-09-18 02:22:44 - amazon_uk_moto adGroupId:365827036114464 使用Excel campaignId:551147495628722
2026-09-18 02:22:46 - amazon_uk_moto adGroupId:365827036114464 已有negativeKeyword 1个
2026-09-18 02:22:46 - ⏭️ amazon_uk_moto negativeKeyword已存在且enabled: negativeExact_2.5 inch exhaust pipe
2026-09-18 02:22:46 - amazon adGroupId:331946974587104 使用Excel campaignId:365749137371313
2026-09-18 02:22:47 - amazon adGroupId:331946974587104 已有negativeKeyword 102个
2026-09-18 02:22:47 - amazon adGroupId:331946974587104 创建negativeKeyword: 1个
2026-09-18 02:22:48 - ✅ amazon 创建negativeKeyword成功: 170121717419072 - negativeExact_2015 nissan rogue key fob
2026-09-18 02:22:48 - amazon_ca_sopro adGroupId:455631630045979 使用Excel campaignId:418075223500314
2026-09-18 02:22:49 - amazon_ca_sopro adGroupId:455631630045979 已有negativeKeyword 0个
2026-09-18 02:22:49 - amazon_ca_sopro adGroupId:455631630045979 创建negativeKeyword: 1个
2026-09-18 02:22:50 - ✅ amazon_ca_sopro 创建negativeKeyword成功: 86517671854098 - negativeExact_shifter cable
2026-09-18 02:22:50 - amazon_ca_sopro adGroupId:438579347175684 使用Excel campaignId:155965503371660
2026-09-18 02:22:51 - amazon_ca_sopro adGroupId:438579347175684 已有negativeKeyword 0个
2026-09-18 02:22:51 - amazon_ca_sopro adGroupId:438579347175684 创建negativeKeyword: 1个
2026-09-18 02:22:52 - ✅ amazon_ca_sopro 创建negativeKeyword成功: 210474533396920 - negativeExact_license plate frame
2026-09-18 02:22:52 - amazon_us_sopro adGroupId:561829491642501 使用Excel campaignId:265056656538138
2026-09-18 02:22:53 - amazon_us_sopro adGroupId:561829491642501 已有negativeKeyword 2个
2026-09-18 02:22:53 - ⏭️ amazon_us_sopro negativeKeyword已存在且enabled: negativeExact_door check
2026-09-18 02:22:53 - ⏭️ amazon_us_sopro negativeKeyword已存在且enabled: negativeExact_door check strap
2026-09-18 02:22:53 - amazon_us_moto adGroupId:284115942008782 使用Excel campaignId:519489650568965
2026-09-18 02:22:54 - amazon_us_moto adGroupId:284115942008782 已有negativeKeyword 1个
2026-09-18 02:22:54 - ⏭️ amazon_us_moto negativeKeyword已存在且enabled: negativeExact_2.75 od exhaust pipe
2026-09-18 02:22:54 - amazon adGroupId:399602485818549 使用Excel campaignId:150640772717735
2026-09-18 02:22:55 - amazon adGroupId:399602485818549 已有negativeKeyword 0个
2026-09-18 02:22:55 - amazon adGroupId:399602485818549 创建negativeKeyword: 1个
2026-09-18 02:22:56 - ❌ amazon 创建negativeKeyword失败: negativeExact_1/8 npt temp sensor
2026-09-18 02:22:56 - amazon adGroupId:529546924165557 使用Excel campaignId:227879354546670
2026-09-18 02:22:57 - amazon adGroupId:529546924165557 已有negativeKeyword 3个
2026-09-18 02:22:57 - ⏭️ amazon negativeKeyword已存在且enabled: negativeExact_burgundy headliner fabric
2026-09-18 02:22:57 - ⏭️ amazon negativeKeyword已存在且enabled: negativeExact_red suede headliner
2026-09-18 02:22:57 - ⏭️ amazon negativeKeyword已存在且enabled: negativeExact_red headliner fabric
2026-09-18 02:22:57 - amazon adGroupId:529546924165557 创建negativeKeyword: 1个
2026-09-18 02:22:58 - ✅ amazon 创建negativeKeyword成功: 120837768364586 - negativeExact_red suede
2026-09-18 02:22:59 - amazon_us_moto adGroupId:357601423709242 使用Excel campaignId:88552544291751
2026-09-18 02:22:59 - amazon_us_moto adGroupId:357601423709242 已有negativeKeyword 1个
2026-09-18 02:22:59 - ⏭️ amazon_us_moto negativeKeyword已存在且enabled: negativeExact_2 inch exhaust tip
2026-09-18 02:23:00 - amazon_uk_moto adGroupId:435499228695530 使用Excel campaignId:318131167885689
2026-09-18 02:23:01 - amazon_uk_moto adGroupId:435499228695530 已有negativeKeyword 1个
2026-09-18 02:23:01 - ⏭️ amazon_uk_moto negativeKeyword已存在且enabled: negativeExact_12g spokes
2026-09-18 02:23:01 - amazon adGroupId:539489639709096 使用Excel campaignId:265677667599824
2026-09-18 02:23:02 - amazon adGroupId:539489639709096 已有negativeKeyword 1个
2026-09-18 02:23:02 - ⏭️ amazon negativeKeyword已存在且enabled: negativeExact_roll pan led license plate light
2026-09-18 02:23:02 - amazon adGroupId:499574118899221 Mongo未找到，尝试Amazon API查询
2026-09-18 02:23:03 - amazon adGroupId:499574118899221 Amazon API查到 campaignId:553719488478137
2026-09-18 02:23:03 - amazon adGroupId:499574118899221 使用Excel campaignId:553719488478137
2026-09-18 02:23:04 - amazon adGroupId:499574118899221 已有negativeKeyword 15个
2026-09-18 02:23:04 - amazon adGroupId:499574118899221 创建negativeKeyword: 2个
2026-09-18 02:23:05 - ✅ amazon 创建negativeKeyword成功: 259467930704615 - negativeExact_tensioner pulley assembly
2026-09-18 02:23:05 - ✅ amazon 创建negativeKeyword成功: 177340107871478 - negativeExact_serpentine belt kit
2026-09-18 02:23:05 - amazon_uk_sopro adGroupId:502766071806011 使用Excel campaignId:366258935143075
2026-09-18 02:23:06 - amazon_uk_sopro adGroupId:502766071806011 已有negativeKeyword 3个
2026-09-18 02:23:06 - ⏭️ amazon_uk_sopro negativeKeyword已存在且enabled: negativeExact_water butts with stand and tap
2026-09-18 02:23:06 - ⏭️ amazon_uk_sopro negativeKeyword已存在且enabled: negativeExact_water butt
2026-09-18 02:23:06 - ⏭️ amazon_uk_sopro negativeKeyword已存在且enabled: negativeExact_water container
2026-09-18 02:23:06 - amazon adGroupId:461913454028045 Mongo未找到，尝试Amazon API查询
2026-09-18 02:23:07 - amazon adGroupId:461913454028045 Amazon API查到 campaignId:289500063823904
2026-09-18 02:23:07 - amazon adGroupId:461913454028045 使用Excel campaignId:289500063823904
2026-09-18 02:23:08 - amazon adGroupId:461913454028045 已有negativeKeyword 1个
2026-09-18 02:23:08 - ⏭️ amazon negativeKeyword已存在且enabled: negativeExact_80 amp relay
2026-09-18 02:23:08 - amazon adGroupId:308754291491120 使用Excel campaignId:110823427177253
2026-09-18 02:23:09 - amazon adGroupId:308754291491120 已有negativeKeyword 1个
2026-09-18 02:23:09 - ⏭️ amazon negativeKeyword已存在且enabled: negativeExact_chrome mirror caps
2026-09-18 02:23:09 - amazon adGroupId:261369063586373 使用Excel campaignId:163754012992942
2026-09-18 02:23:09 - amazon adGroupId:261369063586373 已有negativeKeyword 6个
2026-09-18 02:23:09 - ⏭️ amazon negativeKeyword已存在且enabled: negativeExact_engine mount
2026-09-18 02:23:09 - amazon_us_tuc adGroupId:310735687079492 使用Excel campaignId:473858851297088
2026-09-18 02:23:10 - amazon_us_tuc adGroupId:310735687079492 已有negativeKeyword 2个
2026-09-18 02:23:10 - ⏭️ amazon_us_tuc negativeKeyword已存在且enabled: negativeExact_2025 mazda cx5 accessories
2026-09-18 02:23:11 - amazon_us_hood adGroupId:476347022789138 使用Excel campaignId:160885577251967
2026-09-18 02:23:14 - amazon_us_hood adGroupId:476347022789138 已有negativeKeyword 1个
2026-09-18 02:23:14 - ⏭️ amazon_us_hood negativeKeyword已存在且enabled: negativeExact_door check
2026-09-18 02:23:14 - amazon_ca_piccocasa adGroupId:120408696438532 使用Excel campaignId:222500087934294
2026-09-18 02:23:15 - amazon_ca_piccocasa adGroupId:120408696438532 已有negativeKeyword 2个
2026-09-18 02:23:15 - ⏭️ amazon_ca_piccocasa negativeKeyword已存在且enabled: negativeExact_sound deadening mat
2026-09-18 02:23:15 - ⏭️ amazon_ca_piccocasa negativeKeyword已存在且enabled: negativeExact_sound deadening foam car
2026-09-18 02:23:15 - amazon_ca_hero adGroupId:562025422598102 使用Excel campaignId:378785652514562
2026-09-18 02:23:16 - amazon_ca_hero adGroupId:562025422598102 已有negativeKeyword 0个
2026-09-18 02:23:16 - amazon_ca_hero adGroupId:562025422598102 创建negativeKeyword: 1个
2026-09-18 02:23:17 - ✅ amazon_ca_hero 创建negativeKeyword成功: 115638080487166 - negativeExact_idler pulley
2026-09-18 02:23:17 - amazon_ca_sopro adGroupId:255533598406283 使用Excel campaignId:99890227104745
2026-09-18 02:23:19 - amazon_ca_sopro adGroupId:255533598406283 已有negativeKeyword 4个
2026-09-18 02:23:19 - amazon_ca_sopro adGroupId:255533598406283 创建negativeKeyword: 1个
2026-09-18 02:23:20 - ✅ amazon_ca_sopro 创建negativeKeyword成功: 245337163416970 - negativeExact_car backup camera
2026-09-18 02:23:20 - amazon adGroupId:137262959015807 使用Excel campaignId:185109032592193
2026-09-18 02:23:21 - amazon adGroupId:137262959015807 已有negativeKeyword 2个
2026-09-18 02:23:21 - ⏭️ amazon negativeKeyword已存在且enabled: negativeExact_motorcycle fender
2026-09-18 02:23:21 - amazon adGroupId:337790735415379 使用Excel campaignId:106395234282197
2026-09-18 02:23:22 - amazon adGroupId:337790735415379 已有negativeKeyword 1个
2026-09-18 02:23:22 - ⏭️ amazon negativeKeyword已存在且enabled: negativeExact_fuel sending unit
2026-09-18 02:23:22 - amazon_us_luux adGroupId:237941648655417 使用Excel campaignId:4314441804922
2026-09-18 02:23:23 - amazon_us_luux adGroupId:237941648655417 已有negativeKeyword 0个
2026-09-18 02:23:23 - amazon_us_luux adGroupId:237941648655417 创建negativeKeyword: 1个
2026-09-18 02:23:24 - ✅ amazon_us_luux 创建negativeKeyword成功: 259366412387093 - negativeExact_ac dye injector
2026-09-18 02:23:24 - amazon adGroupId:488323277997257 使用Excel campaignId:331451695315510
2026-09-18 02:23:25 - amazon adGroupId:488323277997257 已有negativeKeyword 8个
2026-09-18 02:23:25 - ⏭️ amazon negativeKeyword已存在且enabled: negativeExact_msd cap and rotor kit
2026-09-18 02:23:25 - amazon_us_tuto adGroupId:394751969389201 使用Excel campaignId:82927537870914
2026-09-18 02:23:26 - amazon_us_tuto adGroupId:394751969389201 已有negativeKeyword 3个
2026-09-18 02:23:26 - ⏭️ amazon_us_tuto negativeKeyword已存在且enabled: negativeExact_gmc heater hose connector
2026-09-18 02:23:26 - amazon adGroupId:464250987655732 使用Excel campaignId:295014882707046
2026-09-18 02:23:27 - amazon adGroupId:464250987655732 已有negativeKeyword 2个
2026-09-18 02:23:27 - ⏭️ amazon negativeKeyword已存在且enabled: negativeExact_motorcycle handlebar bag
2026-09-18 02:23:27 - amazon_ca_sopro adGroupId:532109114856351 使用Excel campaignId:461436143534940
2026-09-18 02:23:28 - amazon_ca_sopro adGroupId:532109114856351 已有negativeKeyword 3个
2026-09-18 02:23:28 - ⏭️ amazon_ca_sopro negativeKeyword已存在且enabled: negativeExact_pegs
2026-09-18 02:23:28 - amazon adGroupId:321310233693779 使用Excel campaignId:165716331227489
2026-09-18 02:23:29 - amazon adGroupId:321310233693779 已有negativeKeyword 2个
2026-09-18 02:23:29 - ⏭️ amazon negativeKeyword已存在且enabled: negativeExact_1.5 stainless exhaust tubing
2026-09-18 02:23:29 - ⏭️ amazon negativeKeyword已存在且enabled: negativeExact_1.5 exhaust pipe
2026-09-18 02:23:29 - amazon_us_find adGroupId:500188275548805 使用Excel campaignId:168408384268833
2026-09-18 02:23:30 - amazon_us_find adGroupId:500188275548805 已有negativeKeyword 2个
2026-09-18 02:23:30 - ⏭️ amazon_us_find negativeKeyword已存在且enabled: negativeExact_brake booster vacuum pump
2026-09-18 02:23:30 - amazon_us_find adGroupId:500188275548805 创建negativeKeyword: 1个
2026-09-18 02:23:33 - ✅ amazon_us_find 创建negativeKeyword成功: 22068783946375 - negativeExact_brake booster
2026-09-18 02:23:33 - amazon adGroupId:498310640887610 Mongo未找到，尝试Amazon API查询
2026-09-18 02:23:35 - amazon adGroupId:498310640887610 Amazon API查到 campaignId:352294405848605
2026-09-18 02:23:35 - amazon adGroupId:498310640887610 使用Excel campaignId:352294405848605
2026-09-18 02:23:36 - amazon adGroupId:498310640887610 已有negativeKeyword 1个
2026-09-18 02:23:36 - amazon adGroupId:498310640887610 创建negativeKeyword: 1个
2026-09-18 02:23:37 - ✅ amazon 创建negativeKeyword成功: 150874085946642 - negativeExact_class t fuse holder
2026-09-18 02:23:38 - amazon_us_ac1 adGroupId:439813882037563 Mongo未找到，尝试Amazon API查询
2026-09-18 02:23:39 - amazon_us_ac1 adGroupId:439813882037563 Amazon API查到 campaignId:512757602483767
2026-09-18 02:23:39 - amazon_us_ac1 adGroupId:439813882037563 使用Excel campaignId:512757602483767
2026-09-18 02:23:40 - amazon_us_ac1 adGroupId:439813882037563 已有negativeKeyword 1个
2026-09-18 02:23:40 - ⏭️ amazon_us_ac1 negativeKeyword已存在且enabled: negativeExact_honda crv center dash ac vent
2026-09-18 02:23:40 - amazon_us_swi adGroupId:453369610680414 使用Excel campaignId:252316817429308
2026-09-18 02:23:41 - amazon_us_swi adGroupId:453369610680414 已有negativeKeyword 1个
2026-09-18 02:23:41 - ⏭️ amazon_us_swi negativeKeyword已存在且enabled: negativeExact_headlight switch
2026-09-18 02:23:41 - amazon_ca_find adGroupId:432122498024801 使用Excel campaignId:285020299123424
2026-09-18 02:23:42 - amazon_ca_find adGroupId:432122498024801 已有negativeKeyword 0个
2026-09-18 02:23:42 - amazon_ca_find adGroupId:432122498024801 创建negativeKeyword: 1个
2026-09-18 02:23:43 - ✅ amazon_ca_find 创建negativeKeyword成功: 42998586246416 - negativeExact_oil seals by size
2026-09-18 02:23:43 - amazon_ca_tuto adGroupId:456914154813720 使用Excel campaignId:168037577402204
2026-09-18 02:23:45 - amazon_ca_tuto adGroupId:456914154813720 已有negativeKeyword 1个
2026-09-18 02:23:45 - ⏭️ amazon_ca_tuto negativeKeyword已存在且enabled: negativeExact_boat trailer rollers
2026-09-18 02:23:45 - amazon_us_rrc adGroupId:413182344323021 使用Excel campaignId:166459368551143
2026-09-18 02:23:46 - amazon_us_rrc adGroupId:413182344323021 已有negativeKeyword 5个
2026-09-18 02:23:46 - ⏭️ amazon_us_rrc negativeKeyword已存在且enabled: negativeExact_wheel lock key
2026-09-18 02:23:46 - amazon_us_find adGroupId:432953303237383 使用Excel campaignId:75199063173929
2026-09-18 02:23:46 - amazon_us_find adGroupId:432953303237383 已有negativeKeyword 1个
2026-09-18 02:23:46 - ⏭️ amazon_us_find negativeKeyword已存在且enabled: negativeExact_transmission cooler with fan
2026-09-18 02:23:47 - amazon_us_find adGroupId:382468609146030 使用Excel campaignId:69009118839291
2026-09-18 02:23:48 - amazon_us_find adGroupId:382468609146030 已有negativeKeyword 1个
2026-09-18 02:23:48 - ⏭️ amazon_us_find negativeKeyword已存在且enabled: negativeExact_suicide knob for steering wheel
2026-09-18 02:23:48 - amazon_ca_tuto adGroupId:333267485879437 使用Excel campaignId:206911308731598
2026-09-18 02:23:49 - amazon_ca_tuto adGroupId:333267485879437 已有negativeKeyword 0个
2026-09-18 02:23:49 - amazon_ca_tuto adGroupId:333267485879437 创建negativeKeyword: 1个
2026-09-18 02:23:50 - ✅ amazon_ca_tuto 创建negativeKeyword成功: 26850140988507 - negativeExact_truck bed fishing rod holder
2026-09-18 02:23:50 - amazon_us_sopro adGroupId:303020334256657 使用Excel campaignId:382848301180055
2026-09-18 02:23:52 - amazon_us_sopro adGroupId:303020334256657 已有negativeKeyword 1个
2026-09-18 02:23:52 - ⏭️ amazon_us_sopro negativeKeyword已存在且enabled: negativeExact_ignition control module
2026-09-18 02:23:52 - amazon_us_rrc adGroupId:338573058439700 使用Excel campaignId:138516359037608
2026-09-18 02:23:53 - amazon_us_rrc adGroupId:338573058439700 已有negativeKeyword 1个
2026-09-18 02:23:53 - ⏭️ amazon_us_rrc negativeKeyword已存在且enabled: negativeExact_hood latch
2026-09-18 02:23:53 - amazon_us_moto adGroupId:349023042461986 使用Excel campaignId:18849557737061
2026-09-18 02:23:54 - amazon_us_moto adGroupId:349023042461986 已有negativeKeyword 1个
2026-09-18 02:23:54 - ⏭️ amazon_us_moto negativeKeyword已存在且enabled: negativeExact_shift knob
2026-09-18 02:23:54 - amazon adGroupId:401087993867455 使用Excel campaignId:261036900774010
2026-09-18 02:23:55 - amazon adGroupId:401087993867455 已有negativeKeyword 1个
2026-09-18 02:23:55 - ⏭️ amazon negativeKeyword已存在且enabled: negativeExact_chrome mirror caps
2026-09-18 02:23:55 - amazon_ca_piccocasa adGroupId:173914945795002 使用Excel campaignId:222500087934294
2026-09-18 02:23:56 - amazon_ca_piccocasa adGroupId:173914945795002 已有negativeKeyword 3个
2026-09-18 02:23:56 - ⏭️ amazon_ca_piccocasa negativeKeyword已存在且enabled: negativeExact_insulation roll
2026-09-18 02:23:56 - ⏭️ amazon_ca_piccocasa negativeKeyword已存在且enabled: negativeExact_metal roof insulation roll
2026-09-18 02:23:56 - amazon_us_hero adGroupId:439263764361385 使用Excel campaignId:179850948939328
2026-09-18 02:23:57 - amazon_us_hero adGroupId:439263764361385 已有negativeKeyword 1个
2026-09-18 02:23:57 - ⏭️ amazon_us_hero negativeKeyword已存在且enabled: negativeExact_m12x1.5 black wheel locks
2026-09-18 02:23:57 - amazon_us_ifn adGroupId:293906087503724 使用Excel campaignId:222304831939202
2026-09-18 02:23:58 - amazon_us_ifn adGroupId:293906087503724 已有negativeKeyword 1个
2026-09-18 02:23:58 - ⏭️ amazon_us_ifn negativeKeyword已存在且enabled: negativeExact_intake valve
2026-09-18 02:23:59 - amazon_us_tuc adGroupId:515618952240172 使用Excel campaignId:184375513354829
2026-09-18 02:24:00 - amazon_us_tuc adGroupId:515618952240172 已有negativeKeyword 1个
2026-09-18 02:24:00 - ⏭️ amazon_us_tuc negativeKeyword已存在且enabled: negativeExact_oil seals by size
2026-09-18 02:24:00 - amazon_us_sopro adGroupId:529938389838374 使用Excel campaignId:227551005194827
2026-09-18 02:24:00 - amazon_us_sopro adGroupId:529938389838374 已有negativeKeyword 1个
2026-09-18 02:24:00 - ⏭️ amazon_us_sopro negativeKeyword已存在且enabled: negativeExact_ball joint boot
2026-09-18 02:24:00 - amazon_uk2 adGroupId:550915173809336 使用Excel campaignId:340521307533145
2026-09-18 02:24:01 - amazon_uk2 adGroupId:550915173809336 已有negativeKeyword 2个
2026-09-18 02:24:01 - ⏭️ amazon_uk2 negativeKeyword已存在且enabled: negativeExact_lead weights
2026-09-18 02:24:01 - amazon adGroupId:168147588050916 使用Excel campaignId:259913432841900
2026-09-18 02:24:03 - amazon adGroupId:168147588050916 已有negativeKeyword 1个
2026-09-18 02:24:03 - ⏭️ amazon negativeKeyword已存在且enabled: negativeExact_1 inch carburetor spacer
2026-09-18 02:24:03 - amazon adGroupId:410182939107164 使用Excel campaignId:231269206655490
2026-09-18 02:24:04 - amazon adGroupId:410182939107164 已有negativeKeyword 2个
2026-09-18 02:24:04 - ⏭️ amazon negativeKeyword已存在且enabled: negativeExact_chrome mirror covers
2026-09-18 02:24:04 - ⏭️ amazon negativeKeyword已存在且enabled: negativeExact_chrome door handle covers
2026-09-18 02:24:04 - amazon_ca_lift adGroupId:428963540968134 使用Excel campaignId:423729934362623
2026-09-18 02:24:04 - amazon_ca_lift adGroupId:428963540968134 已有negativeKeyword 3个
2026-09-18 02:24:04 - amazon_ca_lift adGroupId:428963540968134 创建negativeKeyword: 2个
2026-09-18 02:24:06 - ✅ amazon_ca_lift 创建negativeKeyword成功: 173062533794873 - negativeExact_toyota tacoma accessories
2026-09-18 02:24:06 - ✅ amazon_ca_lift 创建negativeKeyword成功: 125598195119756 - negativeExact_4runner accessories 6th gen 2026
2026-09-18 02:24:06 - amazon_us_luck adGroupId:518850691056707 使用Excel campaignId:126362123063665
2026-09-18 02:24:07 - amazon_us_luck adGroupId:518850691056707 已有negativeKeyword 0个
2026-09-18 02:24:07 - amazon_us_luck adGroupId:518850691056707 创建negativeKeyword: 1个
2026-09-18 02:24:08 - ✅ amazon_us_luck 创建negativeKeyword成功: 113181291589860 - negativeExact_faria marine gauges
2026-09-18 02:24:08 - amazon_us_swi adGroupId:363554426074719 使用Excel campaignId:134247725999539
2026-09-18 02:24:09 - amazon_us_swi adGroupId:363554426074719 已有negativeKeyword 1个
2026-09-18 02:24:09 - ⏭️ amazon_us_swi negativeKeyword已存在且enabled: negativeExact_cruise control switch
2026-09-18 02:24:09 - amazon adGroupId:334370943454540 使用Excel campaignId:543092082671475
2026-09-18 02:24:10 - amazon adGroupId:334370943454540 已有negativeKeyword 1个
2026-09-18 02:24:10 - ⏭️ amazon negativeKeyword已存在且enabled: negativeExact_tow hook
2026-09-18 02:24:10 - amazon_us_hero adGroupId:452538937539130 使用Excel campaignId:128270591392873
2026-09-18 02:24:11 - amazon_us_hero adGroupId:452538937539130 已有negativeKeyword 5个
2026-09-18 02:24:11 - ⏭️ amazon_us_hero negativeKeyword已存在且enabled: negativeExact_rear brake dust shield plate
2026-09-18 02:24:11 - ⏭️ amazon_us_hero negativeKeyword已存在且enabled: negativeExact_brake backing plate
2026-09-18 02:24:11 - ⏭️ amazon_us_hero negativeKeyword已存在且enabled: negativeExact_brake backing plate rear
2026-09-18 02:24:11 - amazon_us_hero adGroupId:452538937539130 创建negativeKeyword: 1个
2026-09-18 02:24:12 - ✅ amazon_us_hero 创建negativeKeyword成功: 62281800287883 - negativeExact_rear brake backing plate
2026-09-18 02:24:13 - amazon_ca_piccocasa adGroupId:434803463947617 使用Excel campaignId:76799474843348
2026-09-18 02:24:13 - amazon_ca_piccocasa adGroupId:434803463947617 已有negativeKeyword 0个
2026-09-18 02:24:13 - amazon_ca_piccocasa adGroupId:434803463947617 创建negativeKeyword: 1个
2026-09-18 02:24:14 - ✅ amazon_ca_piccocasa 创建negativeKeyword成功: 123024807286273 - negativeExact_jeep grand cherokee accessories
2026-09-18 02:24:14 - amazon adGroupId:194858938458258 使用Excel campaignId:65433879253889
2026-09-18 02:24:15 - amazon adGroupId:194858938458258 已有negativeKeyword 3个
2026-09-18 02:24:15 - amazon adGroupId:194858938458258 创建negativeKeyword: 1个
2026-09-18 02:24:16 - ❌ amazon 创建negativeKeyword失败: negativeExact_1/4 npt manifold
2026-09-18 02:24:16 - amazon_us_find adGroupId:292855131157720 Mongo未找到，尝试Amazon API查询
2026-09-18 02:24:17 - amazon_us_find adGroupId:292855131157720 Amazon API查到 campaignId:474890288967718
2026-09-18 02:24:17 - amazon_us_find adGroupId:292855131157720 使用Excel campaignId:474890288967718
2026-09-18 02:24:18 - amazon_us_find adGroupId:292855131157720 已有negativeKeyword 4个
2026-09-18 02:24:18 - ⏭️ amazon_us_find negativeKeyword已存在且enabled: negativeExact_exhaust tips
2026-09-18 02:24:18 - ⏭️ amazon_us_find negativeKeyword已存在且enabled: negativeExact_curved exhaust tip
2026-09-18 02:24:18 - ⏭️ amazon_us_find negativeKeyword已存在且enabled: negativeExact_exhaust tip
2026-09-18 02:24:18 - ⏭️ amazon_us_find negativeKeyword已存在且enabled: negativeExact_bmw exhaust tips
2026-09-18 02:24:18 - amazon_us_sopro adGroupId:284091849537401 Mongo未找到，尝试Amazon API查询
2026-09-18 02:24:19 - amazon_us_sopro adGroupId:284091849537401 Amazon API查到 campaignId:436475313055636
2026-09-18 02:24:19 - amazon_us_sopro adGroupId:284091849537401 使用Excel campaignId:436475313055636
2026-09-18 02:24:20 - amazon_us_sopro adGroupId:284091849537401 已有negativeKeyword 4个
2026-09-18 02:24:20 - ⏭️ amazon_us_sopro negativeKeyword已存在且enabled: negativeExact_car air mattress back seat
2026-09-18 02:24:20 - amazon_us_sopro adGroupId:284091849537401 创建negativeKeyword: 1个
2026-09-18 02:24:21 - ✅ amazon_us_sopro 创建negativeKeyword成功: 271230759747836 - negativeExact_back seat air mattress for truck
2026-09-18 02:24:21 - amazon adGroupId:40062912833021 Mongo未找到，尝试Amazon API查询
2026-09-18 02:24:22 - amazon adGroupId:40062912833021 Amazon API查到 campaignId:177738328803307
2026-09-18 02:24:22 - amazon adGroupId:40062912833021 使用Excel campaignId:177738328803307
2026-09-18 02:24:23 - amazon adGroupId:40062912833021 已有negativeKeyword 3个
2026-09-18 02:24:23 - ⏭️ amazon negativeKeyword已存在且enabled: negativeExact_jeep wrangler spare tire bump stop
2026-09-18 02:24:23 - amazon_us_tuto adGroupId:297239296095971 使用Excel campaignId:368923745125372
2026-09-18 02:24:24 - amazon_us_tuto adGroupId:297239296095971 已有negativeKeyword 29个
2026-09-18 02:24:24 - ⏭️ amazon_us_tuto negativeKeyword已存在且enabled: negativeExact_evaporator temperature sensor
2026-09-18 02:24:24 - amazon_ca_moto adGroupId:450352873846074 使用Excel campaignId:232399220212614
2026-09-18 02:24:25 - amazon_ca_moto adGroupId:450352873846074 已有negativeKeyword 0个
2026-09-18 02:24:25 - amazon_ca_moto adGroupId:450352873846074 创建negativeKeyword: 1个
2026-09-18 02:24:26 - ✅ amazon_ca_moto 创建negativeKeyword成功: 88951305281996 - negativeExact_exhaust tips
2026-09-18 02:24:26 - amazon adGroupId:366753449644034 使用Excel campaignId:132507486045306
2026-09-18 02:24:27 - amazon adGroupId:366753449644034 已有negativeKeyword 0个
2026-09-18 02:24:27 - amazon adGroupId:366753449644034 创建negativeKeyword: 1个
2026-09-18 02:24:29 - ✅ amazon 创建negativeKeyword成功: 192399601428448 - negativeExact_subaru tow hook
2026-09-18 02:24:29 - amazon_uk_tuto adGroupId:302720248601533 使用Excel campaignId:500064061685211
2026-09-18 02:24:31 - amazon_uk_tuto adGroupId:302720248601533 已有negativeKeyword 0个
2026-09-18 02:24:31 - amazon_uk_tuto adGroupId:302720248601533 创建negativeKeyword: 1个
2026-09-18 02:24:32 - ✅ amazon_uk_tuto 创建negativeKeyword成功: 133993560359203 - negativeExact_pink pedals
2026-09-18 02:24:32 - amazon_uk2 adGroupId:425743458461157 使用Excel campaignId:73277795663144
2026-09-18 02:24:33 - amazon_uk2 adGroupId:425743458461157 已有negativeKeyword 1个
2026-09-18 02:24:33 - ⏭️ amazon_uk2 negativeKeyword已存在且enabled: negativeExact_49cc pull start
2026-09-18 02:24:33 - amazon adGroupId:398250157227943 使用Excel campaignId:497618628650887
2026-09-18 02:24:35 - amazon adGroupId:398250157227943 已有negativeKeyword 0个
2026-09-18 02:24:35 - amazon adGroupId:398250157227943 创建negativeKeyword: 1个
2026-09-18 02:24:36 - ❌ amazon 创建negativeKeyword失败: negativeExact_1/8 copper tubing
2026-09-18 02:24:36 - amazon_us_ifn adGroupId:458159806947988 使用Excel campaignId:196365252695297
2026-09-18 02:24:37 - amazon_us_ifn adGroupId:458159806947988 已有negativeKeyword 1个
2026-09-18 02:24:37 - ⏭️ amazon_us_ifn negativeKeyword已存在且enabled: negativeExact_door handle covers for car
2026-09-18 02:24:37 - amazon_ca_piccocasa adGroupId:474518078965366 Mongo未找到，尝试Amazon API查询
2026-09-18 02:24:38 - amazon_ca_piccocasa adGroupId:474518078965366 Amazon API查到 campaignId:22246064733784
2026-09-18 02:24:38 - amazon_ca_piccocasa adGroupId:474518078965366 使用Excel campaignId:22246064733784
2026-09-18 02:24:39 - amazon_ca_piccocasa adGroupId:474518078965366 已有negativeKeyword 0个
2026-09-18 02:24:39 - amazon_ca_piccocasa adGroupId:474518078965366 创建negativeKeyword: 1个
2026-09-18 02:24:40 - ✅ amazon_ca_piccocasa 创建negativeKeyword成功: 259520737968795 - negativeExact_mazda key fob cover
2026-09-18 02:24:41 - amazon adGroupId:346532255594827 使用Excel campaignId:106130878566396
2026-09-18 02:24:44 - amazon adGroupId:346532255594827 已有negativeKeyword 2个
2026-09-18 02:24:44 - ⏭️ amazon negativeKeyword已存在且enabled: negativeExact_60mm center caps
2026-09-18 02:24:44 - ⏭️ amazon negativeKeyword已存在且enabled: negativeExact_66mm center cap
2026-09-18 02:24:44 - amazon adGroupId:376598704887334 使用Excel campaignId:159269435540471
2026-09-18 02:24:46 - amazon adGroupId:376598704887334 已有negativeKeyword 3个
2026-09-18 02:24:46 - ⏭️ amazon negativeKeyword已存在且enabled: negativeExact_bike seat post
2026-09-18 02:24:46 - ⏭️ amazon negativeKeyword已存在且enabled: negativeExact_seat post bike
2026-09-18 02:24:46 - ⏭️ amazon negativeKeyword已存在且enabled: negativeExact_26.8 seatpost
2026-09-18 02:24:47 - amazon_uk_sopro adGroupId:320933256762346 使用Excel campaignId:243714931734818
2026-09-18 02:24:48 - amazon_uk_sopro adGroupId:320933256762346 已有negativeKeyword 2个
2026-09-18 02:24:48 - ⏭️ amazon_uk_sopro negativeKeyword已存在且enabled: negativeExact_drop links pair front
2026-09-18 02:24:48 - amazon adGroupId:345999151005376 使用Excel campaignId:34419783147848
2026-09-18 02:24:49 - amazon adGroupId:345999151005376 已有negativeKeyword 1个
2026-09-18 02:24:49 - ⏭️ amazon negativeKeyword已存在且enabled: negativeExact_screws
2026-09-18 02:24:50 - amazon_us_hope adGroupId:357978860828071 使用Excel campaignId:236329523775622
2026-09-18 02:24:51 - amazon_us_hope adGroupId:357978860828071 已有negativeKeyword 1个
2026-09-18 02:24:51 - ⏭️ amazon_us_hope negativeKeyword已存在且enabled: negativeExact_fork seal driver
2026-09-18 02:24:51 - amazon adGroupId:549614293134775 使用Excel campaignId:261037407326955
2026-09-18 02:24:52 - amazon adGroupId:549614293134775 已有negativeKeyword 1个
2026-09-18 02:24:52 - ⏭️ amazon negativeKeyword已存在且enabled: negativeExact_motorcycle fork gaiters
2026-09-18 02:24:53 - amazon adGroupId:548920365874138 使用Excel campaignId:56262148776363
2026-09-18 02:24:53 - amazon adGroupId:548920365874138 已有negativeKeyword 1个
2026-09-18 02:24:53 - ⏭️ amazon negativeKeyword已存在且enabled: negativeExact_ignition switch
2026-09-18 02:24:54 - amazon_us_hope adGroupId:285777362407795 Mongo未找到，尝试Amazon API查询
2026-09-18 02:24:56 - amazon_us_hope adGroupId:285777362407795 Amazon API查到 campaignId:520523075408993
2026-09-18 02:24:56 - amazon_us_hope adGroupId:285777362407795 使用Excel campaignId:520523075408993
2026-09-18 02:24:56 - amazon_us_hope adGroupId:285777362407795 已有negativeKeyword 1个
2026-09-18 02:24:56 - ⏭️ amazon_us_hope negativeKeyword已存在且enabled: negativeExact_steering shaft
2026-09-18 02:24:57 - amazon adGroupId:431748675497421 使用Excel campaignId:215151540421899
2026-09-18 02:24:58 - amazon adGroupId:431748675497421 已有negativeKeyword 0个
2026-09-18 02:24:58 - amazon adGroupId:431748675497421 创建negativeKeyword: 1个
2026-09-18 02:24:59 - ✅ amazon 创建negativeKeyword成功: 100969796084651 - negativeExact_harley spark plug wires
2026-09-18 02:24:59 - amazon adGroupId:394269579840436 Mongo未找到，尝试Amazon API查询
2026-09-18 02:25:01 - amazon adGroupId:394269579840436 Amazon API查到 campaignId:325130133855365
2026-09-18 02:25:01 - amazon adGroupId:394269579840436 使用Excel campaignId:325130133855365
2026-09-18 02:25:01 - amazon adGroupId:394269579840436 已有negativeKeyword 1个
2026-09-18 02:25:01 - ⏭️ amazon negativeKeyword已存在且enabled: negativeExact_bike seat post
2026-09-18 02:25:02 - amazon adGroupId:520217553432130 使用Excel campaignId:272673933011128
2026-09-18 02:25:02 - amazon adGroupId:520217553432130 已有negativeKeyword 0个
2026-09-18 02:25:02 - amazon adGroupId:520217553432130 创建negativeKeyword: 1个
2026-09-18 02:25:04 - ✅ amazon 创建negativeKeyword成功: 108666858312655 - negativeExact_side marker lights
2026-09-18 02:25:04 - amazon adGroupId:288726735747681 使用Excel campaignId:192315987097433
2026-09-18 02:25:05 - amazon adGroupId:288726735747681 已有negativeKeyword 0个
2026-09-18 02:25:05 - amazon adGroupId:288726735747681 创建negativeKeyword: 1个
2026-09-18 02:25:06 - ✅ amazon 创建negativeKeyword成功: 90224646280146 - negativeExact_radiator bracket
2026-09-18 02:25:06 - amazon adGroupId:483848904113680 使用Excel campaignId:149523047505570
2026-09-18 02:25:07 - amazon adGroupId:483848904113680 已有negativeKeyword 1个
2026-09-18 02:25:07 - ⏭️ amazon negativeKeyword已存在且enabled: negativeExact_pcv valve grommet
2026-09-18 02:25:07 - amazon adGroupId:410924051039836 使用Excel campaignId:165578000066551
2026-09-18 02:25:08 - amazon adGroupId:410924051039836 已有negativeKeyword 1个
2026-09-18 02:25:08 - ⏭️ amazon negativeKeyword已存在且enabled: negativeExact_exhaust springs
2026-09-18 02:25:08 - amazon_ca_moto adGroupId:560546230718554 使用Excel campaignId:68648232499131
2026-09-18 02:25:09 - amazon_ca_moto adGroupId:560546230718554 已有negativeKeyword 0个
2026-09-18 02:25:09 - amazon_ca_moto adGroupId:560546230718554 创建negativeKeyword: 1个
2026-09-18 02:25:10 - ✅ amazon_ca_moto 创建negativeKeyword成功: 230531324191208 - negativeExact_shift knob
2026-09-18 02:25:10 - amazon_us_rrc adGroupId:514767572428105 使用Excel campaignId:226905810957998
2026-09-18 02:25:11 - amazon_us_rrc adGroupId:514767572428105 已有negativeKeyword 1个
2026-09-18 02:25:11 - ⏭️ amazon_us_rrc negativeKeyword已存在且enabled: negativeExact_oil cooler
2026-09-18 02:25:11 - amazon_us_find adGroupId:529841518645349 使用Excel campaignId:266318595434689
2026-09-18 02:25:12 - amazon_us_find adGroupId:529841518645349 已有negativeKeyword 1个
2026-09-18 02:25:12 - ⏭️ amazon_us_find negativeKeyword已存在且enabled: negativeExact_6 speed shift knob
2026-09-18 02:25:12 - amazon adGroupId:385696342284966 Mongo未找到，尝试Amazon API查询
2026-09-18 02:25:13 - amazon adGroupId:385696342284966 Amazon API查到 campaignId:561510041940539
2026-09-18 02:25:13 - amazon adGroupId:385696342284966 使用Excel campaignId:561510041940539
2026-09-18 02:25:14 - amazon adGroupId:385696342284966 已有negativeKeyword 6个
2026-09-18 02:25:14 - ⏭️ amazon negativeKeyword已存在且enabled: negativeExact_27.2 seatpost
2026-09-18 02:25:15 - amazon_ca_ac1 adGroupId:490340697688218 使用Excel campaignId:264154716419872
2026-09-18 02:25:16 - amazon_ca_ac1 adGroupId:490340697688218 已有negativeKeyword 0个
2026-09-18 02:25:16 - amazon_ca_ac1 adGroupId:490340697688218 创建negativeKeyword: 1个
2026-09-18 02:25:17 - ✅ amazon_ca_ac1 创建negativeKeyword成功: 275012375420244 - negativeExact_windshield washer nozzle
2026-09-18 02:25:17 - amazon_us_moto adGroupId:354189275743712 使用Excel campaignId:172038093204153
2026-09-18 02:25:18 - amazon_us_moto adGroupId:354189275743712 已有negativeKeyword 1个
2026-09-18 02:25:18 - ⏭️ amazon_us_moto negativeKeyword已存在且enabled: negativeExact_2012 honda civic accessories
2026-09-18 02:25:18 - amazon adGroupId:374652197769096 使用Excel campaignId:160748836938608
2026-09-18 02:25:19 - amazon adGroupId:374652197769096 已有negativeKeyword 1个
2026-09-18 02:25:19 - ⏭️ amazon negativeKeyword已存在且enabled: negativeExact_speaker adapter
2026-09-18 02:25:19 - amazon_us_ac1 adGroupId:357445034414598 使用Excel campaignId:179583673224244
2026-09-18 02:25:20 - amazon_us_ac1 adGroupId:357445034414598 已有negativeKeyword 1个
2026-09-18 02:25:20 - ⏭️ amazon_us_ac1 negativeKeyword已存在且enabled: negativeExact_kia stinger accessories
2026-09-18 02:25:20 - amazon adGroupId:42749719928314 使用Excel campaignId:65232301415735
2026-09-18 02:25:21 - amazon adGroupId:42749719928314 已有negativeKeyword 1个
2026-09-18 02:25:21 - ⏭️ amazon negativeKeyword已存在且enabled: negativeExact_ignition module
2026-09-18 02:25:21 - amazon adGroupId:103425286940958 使用Excel campaignId:172664534470373
2026-09-18 02:25:22 - amazon adGroupId:103425286940958 已有negativeKeyword 2个
2026-09-18 02:25:22 - ⏭️ amazon negativeKeyword已存在且enabled: negativeExact_headlight bezel
2026-09-18 02:25:22 - amazon adGroupId:181408571036499 使用Excel campaignId:116972000914382
2026-09-18 02:25:23 - amazon adGroupId:181408571036499 已有negativeKeyword 7个
2026-09-18 02:25:23 - ⏭️ amazon negativeKeyword已存在且enabled: negativeExact_e90 cup holder
2026-09-18 02:25:23 - amazon adGroupId:497142708776973 Mongo未找到，尝试Amazon API查询
2026-09-18 02:25:24 - amazon adGroupId:497142708776973 Amazon API查到 campaignId:487235689338564
2026-09-18 02:25:24 - amazon adGroupId:497142708776973 使用Excel campaignId:487235689338564
2026-09-18 02:25:25 - amazon adGroupId:497142708776973 已有negativeKeyword 87个
2026-09-18 02:25:25 - ⏭️ amazon negativeKeyword已存在且enabled: negativeExact_gmc sierra bump stop
2026-09-18 02:25:25 - amazon adGroupId:549804694530453 使用Excel campaignId:142443182720030
2026-09-18 02:25:26 - amazon adGroupId:549804694530453 已有negativeKeyword 0个
2026-09-18 02:25:26 - amazon adGroupId:549804694530453 创建negativeKeyword: 1个
2026-09-18 02:25:28 - ✅ amazon 创建negativeKeyword成功: 73807200511324 - negativeExact_sway bar link
2026-09-18 02:25:28 - amazon adGroupId:81484821725717 使用Excel campaignId:130492261806788
2026-09-18 02:25:29 - amazon adGroupId:81484821725717 已有negativeKeyword 0个
2026-09-18 02:25:29 - amazon adGroupId:81484821725717 创建negativeKeyword: 1个
2026-09-18 02:25:30 - ✅ amazon 创建negativeKeyword成功: 212081363699244 - negativeExact_distributor cap and rotor kit
2026-09-18 02:25:30 - amazon_us_find adGroupId:349958062626027 使用Excel campaignId:159257045579530
2026-09-18 02:25:31 - amazon_us_find adGroupId:349958062626027 已有negativeKeyword 1个
2026-09-18 02:25:31 - ⏭️ amazon_us_find negativeKeyword已存在且enabled: negativeExact_1 inch exhaust pipe
2026-09-18 02:25:31 - amazon_us_tuc adGroupId:523086048001653 使用Excel campaignId:524316788178812
2026-09-18 02:25:32 - amazon_us_tuc adGroupId:523086048001653 已有negativeKeyword 1个
2026-09-18 02:25:32 - ⏭️ amazon_us_tuc negativeKeyword已存在且enabled: negativeExact_timing chain tensioner
2026-09-18 02:25:32 - amazon_us_moto adGroupId:437790565059958 使用Excel campaignId:400335767496254
2026-09-18 02:25:34 - amazon_us_moto adGroupId:437790565059958 已有negativeKeyword 2个
2026-09-18 02:25:34 - ⏭️ amazon_us_moto negativeKeyword已存在且enabled: negativeExact_ignition switch
2026-09-18 02:25:34 - amazon_uk_tuc adGroupId:454693893639176 Mongo未找到，尝试Amazon API查询
2026-09-18 02:25:35 - amazon_uk_tuc adGroupId:454693893639176 Amazon API查到 campaignId:454100375859436
2026-09-18 02:25:35 - amazon_uk_tuc adGroupId:454693893639176 使用Excel campaignId:454100375859436
2026-09-18 02:25:36 - amazon_uk_tuc adGroupId:454693893639176 已有negativeKeyword 1个
2026-09-18 02:25:36 - ⏭️ amazon_uk_tuc negativeKeyword已存在且enabled: negativeExact_gear knob
2026-09-18 02:25:36 - amazon_ca_ac1 adGroupId:320556838297189 使用Excel campaignId:89959444237525
2026-09-18 02:25:36 - amazon_ca_ac1 adGroupId:320556838297189 已有negativeKeyword 1个
2026-09-18 02:25:36 - ⏭️ amazon_ca_ac1 negativeKeyword已存在且enabled: negativeExact_bmw accessories
2026-09-18 02:25:36 - amazon_uk_moto adGroupId:545272704710443 使用Excel campaignId:129122132913905
2026-09-18 02:25:38 - amazon_uk_moto adGroupId:545272704710443 已有negativeKeyword 0个
2026-09-18 02:25:38 - amazon_uk_moto adGroupId:545272704710443 创建negativeKeyword: 1个
2026-09-18 02:25:40 - ✅ amazon_uk_moto 创建negativeKeyword成功: 276115561962723 - negativeExact_honda crv radiator cap
2026-09-18 02:25:40 - amazon adGroupId:320185542924397 Mongo未找到，尝试Amazon API查询
2026-09-18 02:25:41 - amazon adGroupId:320185542924397 Amazon API查到 campaignId:505567348241311
2026-09-18 02:25:41 - amazon adGroupId:320185542924397 使用Excel campaignId:505567348241311
2026-09-18 02:25:42 - amazon adGroupId:320185542924397 已有negativeKeyword 3个
2026-09-18 02:25:42 - ⏭️ amazon negativeKeyword已存在且enabled: negativeExact_fan controller
2026-09-18 02:25:43 - amazon adGroupId:31831809422172 使用Excel campaignId:221201154160298
2026-09-18 02:25:44 - amazon adGroupId:31831809422172 已有negativeKeyword 1个
2026-09-18 02:25:44 - ⏭️ amazon negativeKeyword已存在且enabled: negativeExact_fuel injector cleaner kit
2026-09-18 02:25:44 - amazon_us_ac1 adGroupId:429656558519310 使用Excel campaignId:151884125855772
2026-09-18 02:25:45 - amazon_us_ac1 adGroupId:429656558519310 已有negativeKeyword 1个
2026-09-18 02:25:45 - ⏭️ amazon_us_ac1 negativeKeyword已存在且enabled: negativeExact_8 inch speaker grill
2026-09-18 02:25:45 - amazon_us_ac1 adGroupId:286940710171695 使用Excel campaignId:200552798044354
2026-09-18 02:25:46 - amazon_us_ac1 adGroupId:286940710171695 已有negativeKeyword 1个
2026-09-18 02:25:46 - ⏭️ amazon_us_ac1 negativeKeyword已存在且enabled: negativeExact_quick release latch
2026-09-18 02:25:46 - amazon adGroupId:419375613619782 使用Excel campaignId:273554934943970
2026-09-18 02:25:47 - amazon adGroupId:419375613619782 已有negativeKeyword 0个
2026-09-18 02:25:47 - amazon adGroupId:419375613619782 创建negativeKeyword: 1个
2026-09-18 02:25:48 - ✅ amazon 创建negativeKeyword成功: 263860147381480 - negativeExact_speaker rings
2026-09-18 02:25:48 - amazon_us_ac1 adGroupId:430272889550821 使用Excel campaignId:259422213558018
2026-09-18 02:25:49 - amazon_us_ac1 adGroupId:430272889550821 已有negativeKeyword 1个
2026-09-18 02:25:49 - ⏭️ amazon_us_ac1 negativeKeyword已存在且enabled: negativeExact_dome light cover
2026-09-18 02:25:50 - amazon adGroupId:558183583297634 使用Excel campaignId:87593282557285
2026-09-18 02:25:51 - amazon adGroupId:558183583297634 已有negativeKeyword 1个
2026-09-18 02:25:51 - ⏭️ amazon negativeKeyword已存在且enabled: negativeExact_valve keepers
2026-09-18 02:25:51 - amazon_ca_sopro adGroupId:533480014313824 使用Excel campaignId:181244803847340
2026-09-18 02:25:52 - amazon_ca_sopro adGroupId:533480014313824 已有negativeKeyword 0个
2026-09-18 02:25:52 - amazon_ca_sopro adGroupId:533480014313824 创建negativeKeyword: 1个
2026-09-18 02:25:53 - ✅ amazon_ca_sopro 创建negativeKeyword成功: 43360979023942 - negativeExact_neutral safety switch
2026-09-18 02:25:53 - amazon adGroupId:305786460418968 使用Excel campaignId:97002550076729
2026-09-18 02:25:55 - amazon adGroupId:305786460418968 已有negativeKeyword 1个
2026-09-18 02:25:55 - ⏭️ amazon negativeKeyword已存在且enabled: negativeExact_side mirror covers
2026-09-18 02:25:55 - amazon adGroupId:506276469814052 使用Excel campaignId:97785869046735
2026-09-18 02:25:56 - amazon adGroupId:506276469814052 已有negativeKeyword 1个
2026-09-18 02:25:56 - ⏭️ amazon negativeKeyword已存在且enabled: negativeExact_1157 bulb socket
2026-09-18 02:25:56 - amazon_us_ac1 adGroupId:357201751141048 Mongo未找到，尝试Amazon API查询
2026-09-18 02:25:57 - amazon_us_ac1 adGroupId:357201751141048 Amazon API查到 campaignId:489140529485285
2026-09-18 02:25:57 - amazon_us_ac1 adGroupId:357201751141048 使用Excel campaignId:489140529485285
2026-09-18 02:25:57 - amazon_us_ac1 adGroupId:357201751141048 已有negativeKeyword 0个
2026-09-18 02:25:57 - amazon_us_ac1 adGroupId:357201751141048 创建negativeKeyword: 1个
2026-09-18 02:26:00 - ✅ amazon_us_ac1 创建negativeKeyword成功: 45020704906725 - negativeExact_engine cleaning gun
2026-09-18 02:26:01 - amazon_us_find adGroupId:474263374255465 Mongo未找到，尝试Amazon API查询
2026-09-18 02:26:02 - amazon_us_find adGroupId:474263374255465 Amazon API查到 campaignId:448176022204433
2026-09-18 02:26:02 - amazon_us_find adGroupId:474263374255465 使用Excel campaignId:448176022204433
2026-09-18 02:26:02 - amazon_us_find adGroupId:474263374255465 已有negativeKeyword 1个
2026-09-18 02:26:02 - ⏭️ amazon_us_find negativeKeyword已存在且enabled: negativeExact_shark fin antenna
2026-09-18 02:26:03 - amazon adGroupId:372529421069935 使用Excel campaignId:13320976825425
2026-09-18 02:26:03 - amazon adGroupId:372529421069935 已有negativeKeyword 1个
2026-09-18 02:26:03 - ⏭️ amazon negativeKeyword已存在且enabled: negativeExact_stepper motor
2026-09-18 02:26:03 - amazon_uk_luux adGroupId:18246931117316 使用Excel campaignId:69009759852783
2026-09-18 02:26:04 - amazon_uk_luux adGroupId:18246931117316 已有negativeKeyword 1个
2026-09-18 02:26:04 - ⏭️ amazon_uk_luux negativeKeyword已存在且enabled: negativeExact_car mattress for back of cars
2026-09-18 02:26:04 - amazon adGroupId:350074024183561 使用Excel campaignId:503094634184052
2026-09-18 02:26:05 - amazon adGroupId:350074024183561 已有negativeKeyword 1个
2026-09-18 02:26:05 - ⏭️ amazon negativeKeyword已存在且enabled: negativeExact_automotive clips
2026-09-18 02:26:05 - amazon adGroupId:473133060939281 使用Excel campaignId:152916482599672
2026-09-18 02:26:06 - amazon adGroupId:473133060939281 已有negativeKeyword 0个
2026-09-18 02:26:06 - amazon adGroupId:473133060939281 创建negativeKeyword: 1个
2026-09-18 02:26:07 - ✅ amazon 创建negativeKeyword成功: 95225052846901 - negativeExact_exhaust clamp
2026-09-18 02:26:07 - amazon adGroupId:523764788902879 Mongo未找到，尝试Amazon API查询
2026-09-18 02:26:10 - amazon adGroupId:523764788902879 Amazon API查到 campaignId:452003710940948
2026-09-18 02:26:10 - amazon adGroupId:523764788902879 使用Excel campaignId:452003710940948
2026-09-18 02:26:11 - amazon adGroupId:523764788902879 已有negativeKeyword 1个
2026-09-18 02:26:11 - ⏭️ amazon negativeKeyword已存在且enabled: negativeExact_toyota air intake hose
2026-09-18 02:26:11 - amazon_us_ifn adGroupId:543089020959811 使用Excel campaignId:143452317546650
2026-09-18 02:26:12 - amazon_us_ifn adGroupId:543089020959811 已有negativeKeyword 1个
2026-09-18 02:26:12 - ⏭️ amazon_us_ifn negativeKeyword已存在且enabled: negativeExact_fuel door
2026-09-18 02:26:12 - amazon_ca_tuto adGroupId:360540833248126 使用Excel campaignId:259637711785385
2026-09-18 02:26:14 - amazon_ca_tuto adGroupId:360540833248126 已有negativeKeyword 0个
2026-09-18 02:26:14 - amazon_ca_tuto adGroupId:360540833248126 创建negativeKeyword: 1个
2026-09-18 02:26:15 - ✅ amazon_ca_tuto 创建negativeKeyword成功: 227060164934951 - negativeExact_ford bronco accessories
2026-09-18 02:26:15 - amazon_uk_ifn adGroupId:343685769516533 使用Excel campaignId:194311174961896
2026-09-18 02:26:16 - amazon_uk_ifn adGroupId:343685769516533 已有negativeKeyword 1个
2026-09-18 02:26:16 - ⏭️ amazon_uk_ifn negativeKeyword已存在且enabled: negativeExact_exhaust tips
2026-09-18 02:26:16 - amazon_us_rrc adGroupId:336085954036057 使用Excel campaignId:19967836289478
2026-09-18 02:26:17 - amazon_us_rrc adGroupId:336085954036057 已有negativeKeyword 1个
2026-09-18 02:26:17 - ⏭️ amazon_us_rrc negativeKeyword已存在且enabled: negativeExact_ebike spokes
2026-09-18 02:26:17 - amazon adGroupId:292396776444220 使用Excel campaignId:197654323060502
2026-09-18 02:26:19 - amazon adGroupId:292396776444220 已有negativeKeyword 0个
2026-09-18 02:26:19 - amazon adGroupId:292396776444220 创建negativeKeyword: 1个
2026-09-18 02:26:20 - ✅ amazon 创建negativeKeyword成功: 29035270352998 - negativeExact_carburetor spacer
2026-09-18 02:26:20 - amazon_us_tuc adGroupId:450114915966160 使用Excel campaignId:413648464979332
2026-09-18 02:26:21 - amazon_us_tuc adGroupId:450114915966160 已有negativeKeyword 6个
2026-09-18 02:26:21 - amazon_us_tuc adGroupId:450114915966160 创建negativeKeyword: 1个
2026-09-18 02:26:22 - ✅ amazon_us_tuc 创建negativeKeyword成功: 112804503098073 - negativeExact_car window cleaner tool
2026-09-18 02:26:23 - amazon_us_moto adGroupId:448083546535413 使用Excel campaignId:525656854445011
2026-09-18 02:26:23 - amazon_us_moto adGroupId:448083546535413 已有negativeKeyword 1个
2026-09-18 02:26:23 - ⏭️ amazon_us_moto negativeKeyword已存在且enabled: negativeExact_2.5 exhaust tip
2026-09-18 02:26:24 - amazon adGroupId:493102497268810 使用Excel campaignId:38928901636250
2026-09-18 02:26:24 - amazon adGroupId:493102497268810 已有negativeKeyword 1个
2026-09-18 02:26:24 - ⏭️ amazon negativeKeyword已存在且enabled: negativeExact_short shifter
2026-09-18 02:26:24 - amazon adGroupId:516453294153170 使用Excel campaignId:33788106391457
2026-09-18 02:26:25 - amazon adGroupId:516453294153170 已有negativeKeyword 0个
2026-09-18 02:26:25 - amazon adGroupId:516453294153170 创建negativeKeyword: 1个
2026-09-18 02:26:26 - ✅ amazon 创建negativeKeyword成功: 43250729062826 - negativeExact_22mm lug nut covers
2026-09-18 02:26:26 - amazon adGroupId:359681554985216 使用Excel campaignId:212036746222494
2026-09-18 02:26:27 - amazon adGroupId:359681554985216 已有negativeKeyword 1个
2026-09-18 02:26:27 - ⏭️ amazon negativeKeyword已存在且enabled: negativeExact_velocity stack
2026-09-18 02:26:27 - amazon_ca_moto adGroupId:468517964140863 使用Excel campaignId:75797332408674
2026-09-18 02:26:28 - amazon_ca_moto adGroupId:468517964140863 已有negativeKeyword 3个
2026-09-18 02:26:28 - amazon_ca_moto adGroupId:468517964140863 创建negativeKeyword: 1个
2026-09-18 02:26:29 - ✅ amazon_ca_moto 创建negativeKeyword成功: 256366623171879 - negativeExact_cargo cover kia sportage 2026
2026-09-18 02:26:29 - amazon_us_swi adGroupId:400815135260903 使用Excel campaignId:394632267640731
2026-09-18 02:26:30 - amazon_us_swi adGroupId:400815135260903 已有negativeKeyword 1个
2026-09-18 02:26:30 - ⏭️ amazon_us_swi negativeKeyword已存在且enabled: negativeExact_climate control module
2026-09-18 02:26:30 - amazon_us_moto adGroupId:283533124783263 使用Excel campaignId:255200155933007
2026-09-18 02:26:31 - amazon_us_moto adGroupId:283533124783263 已有negativeKeyword 1个
2026-09-18 02:26:31 - ⏭️ amazon_us_moto negativeKeyword已存在且enabled: negativeExact_door speakers
2026-09-18 02:26:31 - amazon adGroupId:555935857033538 使用Excel campaignId:456916424909806
2026-09-18 02:26:32 - amazon adGroupId:555935857033538 已有negativeKeyword 1个
2026-09-18 02:26:32 - ⏭️ amazon negativeKeyword已存在且enabled: negativeExact_push start button cover
2026-09-18 02:26:32 - amazon_ca_find adGroupId:360155890366567 使用Excel campaignId:83908674118918
2026-09-18 02:26:33 - amazon_ca_find adGroupId:360155890366567 已有negativeKeyword 0个
2026-09-18 02:26:33 - amazon_ca_find adGroupId:360155890366567 创建negativeKeyword: 1个
2026-09-18 02:26:35 - ✅ amazon_ca_find 创建negativeKeyword成功: 134703086937706 - negativeExact_2 inch exhaust tip
2026-09-18 02:26:35 - amazon_uk_find adGroupId:294766286397449 使用Excel campaignId:265250171766351
2026-09-18 02:26:36 - amazon_uk_find adGroupId:294766286397449 已有negativeKeyword 1个
2026-09-18 02:26:36 - ⏭️ amazon_uk_find negativeKeyword已存在且enabled: negativeExact_headliner fabric
2026-09-18 02:26:36 - amazon_uk_ifn adGroupId:477970303487722 使用Excel campaignId:31016905813922
2026-09-18 02:26:38 - amazon_uk_ifn adGroupId:477970303487722 已有negativeKeyword 0个
2026-09-18 02:26:38 - amazon_uk_ifn adGroupId:477970303487722 创建negativeKeyword: 1个
2026-09-18 02:26:39 - ✅ amazon_uk_ifn 创建negativeKeyword成功: 38055147346770 - negativeExact_ford transit speaker adapter
2026-09-18 02:26:40 - amazon adGroupId:293031488322604 使用Excel campaignId:214104569498489
2026-09-18 02:26:41 - amazon adGroupId:293031488322604 已有negativeKeyword 1个
2026-09-18 02:26:41 - ⏭️ amazon negativeKeyword已存在且enabled: negativeExact_h7 to h11 adapter
2026-09-18 02:26:41 - amazon_ca_hood adGroupId:503371739337693 使用Excel campaignId:12160632355240
2026-09-18 02:26:42 - amazon_ca_hood adGroupId:503371739337693 已有negativeKeyword 0个
2026-09-18 02:26:42 - amazon_ca_hood adGroupId:503371739337693 创建negativeKeyword: 1个
2026-09-18 02:26:43 - ✅ amazon_ca_hood 创建negativeKeyword成功: 59638453140828 - negativeExact_full twist throttle
2026-09-18 02:26:43 - amazon_us_sopro adGroupId:331929773118199 Mongo未找到，尝试Amazon API查询
2026-09-18 02:26:44 - amazon_us_sopro adGroupId:331929773118199 Amazon API查到 campaignId:419078065089133
2026-09-18 02:26:44 - amazon_us_sopro adGroupId:331929773118199 使用Excel campaignId:419078065089133
2026-09-18 02:26:45 - amazon_us_sopro adGroupId:331929773118199 已有negativeKeyword 3个
2026-09-18 02:26:45 - ⏭️ amazon_us_sopro negativeKeyword已存在且enabled: negativeExact_fuel injector seal kit
2026-09-18 02:26:45 - amazon_us_sopro adGroupId:475150207774593 使用Excel campaignId:3491397525753
2026-09-18 02:26:46 - amazon_us_sopro adGroupId:475150207774593 已有negativeKeyword 1个
2026-09-18 02:26:46 - ⏭️ amazon_us_sopro negativeKeyword已存在且enabled: negativeExact_backup camera
2026-09-18 02:26:46 - amazon_us_hero adGroupId:343317500250463 使用Excel campaignId:328999006820435
2026-09-18 02:26:47 - amazon_us_hero adGroupId:343317500250463 已有negativeKeyword 1个
2026-09-18 02:26:47 - ⏭️ amazon_us_hero negativeKeyword已存在且enabled: negativeExact_front bumper bracket
2026-09-18 02:26:47 - amazon adGroupId:508179051292254 使用Excel campaignId:33586560868591
2026-09-18 02:26:48 - amazon adGroupId:508179051292254 已有negativeKeyword 36个
2026-09-18 02:26:48 - ⏭️ amazon negativeKeyword已存在且enabled: negativeExact_upper radiator hose
2026-09-18 02:26:48 - amazon adGroupId:291878142291709 使用Excel campaignId:329969975461252
2026-09-18 02:26:49 - amazon adGroupId:291878142291709 已有negativeKeyword 3个
2026-09-18 02:26:49 - ⏭️ amazon negativeKeyword已存在且enabled: negativeExact_jeep wrangler spare tire delete
2026-09-18 02:26:49 - amazon adGroupId:521310487282205 使用Excel campaignId:148006596373060
2026-09-18 02:26:50 - amazon adGroupId:521310487282205 已有negativeKeyword 0个
2026-09-18 02:26:50 - amazon adGroupId:521310487282205 创建negativeKeyword: 1个
2026-09-18 02:26:51 - ✅ amazon 创建negativeKeyword成功: 213369205257371 - negativeExact_motorcycle throttle cable
2026-09-18 02:26:51 - amazon_us_hero adGroupId:368101789386057 使用Excel campaignId:391510995213916
2026-09-18 02:26:52 - amazon_us_hero adGroupId:368101789386057 已有negativeKeyword 1个
2026-09-18 02:26:52 - amazon_us_hero adGroupId:368101789386057 创建negativeKeyword: 1个
2026-09-18 02:26:53 - ✅ amazon_us_hero 创建negativeKeyword成功: 62259093985996 - negativeExact_motorcycle sun shade cover
2026-09-18 02:26:53 - ========== 处理汇总 ==========
2026-09-18 02:26:53 - 总数据数: 503
2026-09-18 02:26:53 - ✅ 创建成功: 139
2026-09-18 02:26:53 - 🔄 更新状态为enabled: 0
2026-09-18 02:26:53 - ⏭️ 已存在且enabled跳过: 356
2026-09-18 02:26:53 - ❌ 失败: 8
2026-09-18 02:26:53 - 失败数据已导出: /Users/clouddre/ux168work/03_项目代码/php/ShallowDream-LeetCode-PHP/pa-temp-fix-system.com/php/utils/../shell/sp/negativeKeyword/export/创建negativeKeyword失败_全部_20260918022653.xlsx
2026-09-18 02:26:53 - createNegativeKeywords channel:全部 处理完毕
2026-09-18 02:36:29 - verifyNegativeKeywords 开始校验 file:M8精否kw.xlsx channel:全部
2026-09-18 02:36:29 - channel:全部 共 357 个ad group, 503 条数据
2026-09-18 02:36:31 - amazon_us_hero adGroupId:452800738704739 Amazon已有negativeKeyword 2个
2026-09-18 02:36:31 - ✅ amazon_us_hero negativeKeyword已投放且一致: negativeExact_4 inch intake pipe
2026-09-18 02:36:31 - amazon_us_tuto adGroupId:533443241124167 Amazon已有negativeKeyword 1个
2026-09-18 02:36:31 - ✅ amazon_us_tuto negativeKeyword已投放且一致: negativeExact_fuse tap
2026-09-18 02:36:33 - amazon_uk_sopro adGroupId:454550537385589 Amazon已有negativeKeyword 10个
2026-09-18 02:36:33 - ✅ amazon_uk_sopro negativeKeyword已投放且一致: negativeExact_car seat cover
2026-09-18 02:36:33 - ✅ amazon_uk_sopro negativeKeyword已投放且一致: negativeExact_purple stem
2026-09-18 02:36:33 - ✅ amazon_uk_sopro negativeKeyword已投放且一致: negativeExact_purple car accessories
2026-09-18 02:36:33 - ✅ amazon_uk_sopro negativeKeyword已投放且一致: negativeExact_brake disc screw
2026-09-18 02:36:33 - ✅ amazon_uk_sopro negativeKeyword已投放且一致: negativeExact_51mm baffle
2026-09-18 02:36:33 - ✅ amazon_uk_sopro negativeKeyword已投放且一致: negativeExact_steering wheel covers
2026-09-18 02:36:33 - ✅ amazon_uk_sopro negativeKeyword已投放且一致: negativeExact_exhaust baffle
2026-09-18 02:36:33 - ✅ amazon_uk_sopro negativeKeyword已投放且一致: negativeExact_motorcycle tank protector
2026-09-18 02:36:34 - amazon_us_rrc adGroupId:534632287114012 Amazon已有negativeKeyword 1个
2026-09-18 02:36:34 - ✅ amazon_us_rrc negativeKeyword已投放且一致: negativeExact_transmission cooler lines
2026-09-18 02:36:37 - amazon_us_moto adGroupId:517905912770925 Amazon已有negativeKeyword 243个
2026-09-18 02:36:37 - ✅ amazon_us_moto negativeKeyword已投放且一致: negativeExact_dual mrbf terminal fuse block
2026-09-18 02:36:37 - ✅ amazon_us_moto negativeKeyword已投放且一致: negativeExact_mrbf terminal fuse
2026-09-18 02:36:38 - amazon_us_find adGroupId:391385827020563 Amazon已有negativeKeyword 4个
2026-09-18 02:36:38 - ❌ amazon_us_find negativeKeyword未投放: negativeExact_1-1/2 exhaust elbow
2026-09-18 02:36:38 - ✅ amazon_us_find negativeKeyword已投放且一致: negativeExact_2 exhaust elbow
2026-09-18 02:36:38 - ✅ amazon_us_find negativeKeyword已投放且一致: negativeExact_90 degree exhaust elbow
2026-09-18 02:36:39 - amazon_ca_sopro adGroupId:249024372907330 Amazon已有negativeKeyword 6个
2026-09-18 02:36:39 - ✅ amazon_ca_sopro negativeKeyword已投放且一致: negativeExact_5 pin backup camera
2026-09-18 02:36:39 - ✅ amazon_ca_sopro negativeKeyword已投放且一致: negativeExact_car reverse camera
2026-09-18 02:36:40 - amazon_us_moto adGroupId:546455191405469 Amazon已有negativeKeyword 4个
2026-09-18 02:36:40 - ✅ amazon_us_moto negativeKeyword已投放且一致: negativeExact_car door edge guards
2026-09-18 02:36:40 - ✅ amazon_us_moto negativeKeyword已投放且一致: negativeExact_purple car accessories
2026-09-18 02:36:40 - ✅ amazon_us_moto negativeKeyword已投放且一致: negativeExact_steering wheel cover
2026-09-18 02:36:40 - ✅ amazon_us_moto negativeKeyword已投放且一致: negativeExact_a pillar speaker pods
2026-09-18 02:36:41 - amazon_us_rock adGroupId:341592850085084 Amazon已有negativeKeyword 27个
2026-09-18 02:36:41 - ✅ amazon_us_rock negativeKeyword已投放且一致: negativeExact_6.5 speaker spacer
2026-09-18 02:36:41 - ✅ amazon_us_rock negativeKeyword已投放且一致: negativeExact_speaker pods
2026-09-18 02:36:41 - ✅ amazon_us_rock negativeKeyword已投放且一致: negativeExact_alien car accessories
2026-09-18 02:36:41 - ✅ amazon_us_rock negativeKeyword已投放且一致: negativeExact_spark plug thread repair kit
2026-09-18 02:36:41 - ✅ amazon_us_rock negativeKeyword已投放且一致: negativeExact_idle air control valve
2026-09-18 02:36:41 - ✅ amazon_us_rock negativeKeyword已投放且一致: negativeExact_dead pedal cover
2026-09-18 02:36:41 - ✅ amazon_us_rock negativeKeyword已投放且一致: negativeExact_shift boot
2026-09-18 02:36:41 - ✅ amazon_us_rock negativeKeyword已投放且一致: negativeExact_car emblem
2026-09-18 02:36:41 - ✅ amazon_us_rock negativeKeyword已投放且一致: negativeExact_gear shift cover
2026-09-18 02:36:41 - ✅ amazon_us_rock negativeKeyword已投放且一致: negativeExact_mushroom plug for tires
2026-09-18 02:36:41 - ✅ amazon_us_rock negativeKeyword已投放且一致: negativeExact_windshield cowl
2026-09-18 02:36:41 - ✅ amazon_us_rock negativeKeyword已投放且一致: negativeExact_bike pegs
2026-09-18 02:36:41 - ✅ amazon_us_rock negativeKeyword已投放且一致: negativeExact_speaker spacer rings
2026-09-18 02:36:41 - ✅ amazon_us_rock negativeKeyword已投放且一致: negativeExact_motorcycle mirrors
2026-09-18 02:36:42 - amazon_us_tuto adGroupId:481618851146012 Amazon已有negativeKeyword 2个
2026-09-18 02:36:42 - ✅ amazon_us_tuto negativeKeyword已投放且一致: negativeExact_ambient air temperature sensor
2026-09-18 02:36:42 - ✅ amazon_us_tuto negativeKeyword已投放且一致: negativeExact_rear control arm bolts
2026-09-18 02:36:43 - amazon_us_ifn adGroupId:561991469787450 Amazon已有negativeKeyword 4个
2026-09-18 02:36:43 - ✅ amazon_us_ifn negativeKeyword已投放且一致: negativeExact_gear shift knob
2026-09-18 02:36:44 - amazon adGroupId:427083529024294 Amazon已有negativeKeyword 1个
2026-09-18 02:36:44 - ✅ amazon negativeKeyword已投放且一致: negativeExact_shift knob
2026-09-18 02:36:45 - amazon_us_ifn adGroupId:530649462638307 Amazon已有negativeKeyword 1个
2026-09-18 02:36:45 - ✅ amazon_us_ifn negativeKeyword已投放且一致: negativeExact_bicycle spokes
2026-09-18 02:36:48 - amazon adGroupId:460723564092523 Amazon已有negativeKeyword 5个
2026-09-18 02:36:48 - ✅ amazon negativeKeyword已投放且一致: negativeExact_coolant temperature sensor
2026-09-18 02:36:49 - amazon_us_moto adGroupId:398130130658250 Amazon已有negativeKeyword 8个
2026-09-18 02:36:49 - ✅ amazon_us_moto negativeKeyword已投放且一致: negativeExact_ebike seat cover
2026-09-18 02:36:49 - ✅ amazon_us_moto negativeKeyword已投放且一致: negativeExact_8 inch subwoofer grill
2026-09-18 02:36:49 - ✅ amazon_us_moto negativeKeyword已投放且一致: negativeExact_ignition switch
2026-09-18 02:36:49 - ✅ amazon_us_moto negativeKeyword已投放且一致: negativeExact_motorcycle heat shield for legs
2026-09-18 02:36:49 - ✅ amazon_us_moto negativeKeyword已投放且一致: negativeExact_pink motorcycle accessories
2026-09-18 02:36:50 - amazon_ca_moto adGroupId:325837394008966 Amazon已有negativeKeyword 2个
2026-09-18 02:36:50 - ✅ amazon_ca_moto negativeKeyword已投放且一致: negativeExact_tire valve caps
2026-09-18 02:36:50 - ✅ amazon_ca_moto negativeKeyword已投放且一致: negativeExact_shift knob
2026-09-18 02:36:52 - amazon_uk2 adGroupId:547596827667020 Amazon已有negativeKeyword 1个
2026-09-18 02:36:52 - ✅ amazon_uk2 negativeKeyword已投放且一致: negativeExact_bike chain guard
2026-09-18 02:36:53 - amazon_us_moto adGroupId:448176430873869 Amazon已有negativeKeyword 3个
2026-09-18 02:36:53 - ✅ amazon_us_moto negativeKeyword已投放且一致: negativeExact_1 inch exhaust pipe
2026-09-18 02:36:53 - ✅ amazon_us_moto negativeKeyword已投放且一致: negativeExact_3.5 to 4 inch exhaust adapter
2026-09-18 02:36:53 - ✅ amazon_us_moto negativeKeyword已投放且一致: negativeExact_1.5 exhaust pipe
2026-09-18 02:36:54 - amazon_uk_sopro adGroupId:295594228225885 Amazon已有negativeKeyword 1个
2026-09-18 02:36:54 - ✅ amazon_uk_sopro negativeKeyword已投放且一致: negativeExact_car mattress for back of cars
2026-09-18 02:36:56 - amazon_us_sopro adGroupId:349457739946782 Amazon已有negativeKeyword 3个
2026-09-18 02:36:56 - ✅ amazon_us_sopro negativeKeyword已投放且一致: negativeExact_shark fin antenna cover
2026-09-18 02:36:56 - amazon adGroupId:312123458408746 Amazon已有negativeKeyword 2个
2026-09-18 02:36:56 - ✅ amazon negativeKeyword已投放且一致: negativeExact_motorcycle saddlebags
2026-09-18 02:36:58 - amazon adGroupId:496155921574980 Amazon已有negativeKeyword 1个
2026-09-18 02:36:58 - ✅ amazon negativeKeyword已投放且一致: negativeExact_plastic rivets
2026-09-18 02:36:58 - amazon_us_ifn adGroupId:300878537714581 Amazon已有negativeKeyword 2个
2026-09-18 02:36:58 - ✅ amazon_us_ifn negativeKeyword已投放且一致: negativeExact_katana shift knob
2026-09-18 02:36:58 - ✅ amazon_us_ifn negativeKeyword已投放且一致: negativeExact_automatic shift knob
2026-09-18 02:37:00 - amazon_us_moto adGroupId:470363672797806 Amazon已有negativeKeyword 1个
2026-09-18 02:37:00 - ✅ amazon_us_moto negativeKeyword已投放且一致: negativeExact_tow hook cover
2026-09-18 02:37:01 - amazon_us_hero adGroupId:358010169558285 Amazon已有negativeKeyword 1个
2026-09-18 02:37:01 - ✅ amazon_us_hero negativeKeyword已投放且一致: negativeExact_water pump pulley
2026-09-18 02:37:02 - amazon_us_hero adGroupId:389787333876734 Amazon已有negativeKeyword 5个
2026-09-18 02:37:02 - ✅ amazon_us_hero negativeKeyword已投放且一致: negativeExact_mazda cx5 accessories
2026-09-18 02:37:02 - ✅ amazon_us_hero negativeKeyword已投放且一致: negativeExact_2018 honda accord accessories
2026-09-18 02:37:02 - ✅ amazon_us_hero negativeKeyword已投放且一致: negativeExact_pinstripe tape
2026-09-18 02:37:02 - ✅ amazon_us_hero negativeKeyword已投放且一致: negativeExact_mazda cx30 accessories
2026-09-18 02:37:03 - amazon adGroupId:320252390071604 Amazon已有negativeKeyword 6个
2026-09-18 02:37:03 - ✅ amazon negativeKeyword已投放且一致: negativeExact_headlight lens
2026-09-18 02:37:03 - ✅ amazon negativeKeyword已投放且一致: negativeExact_headlight cover replacement
2026-09-18 02:37:03 - ✅ amazon negativeKeyword已投放且一致: negativeExact_headlight cover
2026-09-18 02:37:03 - ✅ amazon negativeKeyword已投放且一致: negativeExact_headlight covers for my car
2026-09-18 02:37:03 - ✅ amazon negativeKeyword已投放且一致: negativeExact_headlight lens cover replacement
2026-09-18 02:37:03 - ✅ amazon negativeKeyword已投放且一致: negativeExact_headlight lens replacement
2026-09-18 02:37:03 - ✅ amazon negativeKeyword已投放且一致: negativeExact_headlight cover
2026-09-18 02:37:03 - ✅ amazon negativeKeyword已投放且一致: negativeExact_headlight cover replacement
2026-09-18 02:37:07 - amazon adGroupId:153194554984447 Amazon已有negativeKeyword 7个
2026-09-18 02:37:07 - ✅ amazon negativeKeyword已投放且一致: negativeExact_uxcell sound deadening
2026-09-18 02:37:07 - ✅ amazon negativeKeyword已投放且一致: negativeExact_window insulation
2026-09-18 02:37:07 - ✅ amazon negativeKeyword已投放且一致: negativeExact_window insulation for summer heat
2026-09-18 02:37:08 - amazon_ca_hero adGroupId:361418973261472 Amazon已有negativeKeyword 2个
2026-09-18 02:37:08 - ✅ amazon_ca_hero negativeKeyword已投放且一致: negativeExact_rear brake dust shield replacement
2026-09-18 02:37:08 - ✅ amazon_ca_hero negativeKeyword已投放且一致: negativeExact_rear brake dust shield backing plate
2026-09-18 02:37:10 - amazon_us_hero adGroupId:508668029075477 Amazon已有negativeKeyword 1个
2026-09-18 02:37:10 - ✅ amazon_us_hero negativeKeyword已投放且一致: negativeExact_pcv valve
2026-09-18 02:37:11 - amazon_ca_moto adGroupId:354720810864526 Amazon已有negativeKeyword 1个
2026-09-18 02:37:11 - ✅ amazon_ca_moto negativeKeyword已投放且一致: negativeExact_car stickers
2026-09-18 02:37:11 - ✅ amazon_ca_moto negativeKeyword已投放且一致: negativeExact_car stickers
2026-09-18 02:37:11 - amazon_ca_rrc adGroupId:490078677728110 Amazon已有negativeKeyword 1个
2026-09-18 02:37:11 - ✅ amazon_ca_rrc negativeKeyword已投放且一致: negativeExact_ford f150 iwe vacuum lines
2026-09-18 02:37:13 - amazon_us_tuc adGroupId:512327460426516 Amazon已有negativeKeyword 1个
2026-09-18 02:37:13 - ✅ amazon_us_tuc negativeKeyword已投放且一致: negativeExact_mazda cx9 accessories
2026-09-18 02:37:15 - amazon adGroupId:517132081130414 Amazon已有negativeKeyword 6个
2026-09-18 02:37:15 - ✅ amazon negativeKeyword已投放且一致: negativeExact_sbc oil filter adapter
2026-09-18 02:37:16 - amazon adGroupId:202860424382409 Amazon已有negativeKeyword 2个
2026-09-18 02:37:16 - ✅ amazon negativeKeyword已投放且一致: negativeExact_anl fuse holder
2026-09-18 02:37:17 - amazon_us_find adGroupId:554815012239777 Amazon已有negativeKeyword 7个
2026-09-18 02:37:17 - ✅ amazon_us_find negativeKeyword已投放且一致: negativeExact_window clips
2026-09-18 02:37:18 - amazon adGroupId:469964402096994 Amazon已有negativeKeyword 1个
2026-09-18 02:37:18 - ✅ amazon negativeKeyword已投放且一致: negativeExact_van cover
2026-09-18 02:37:19 - amazon_us_sopro adGroupId:556543049689881 Amazon已有negativeKeyword 24个
2026-09-18 02:37:19 - ✅ amazon_us_sopro negativeKeyword已投放且一致: negativeExact_frame sliders
2026-09-18 02:37:19 - ✅ amazon_us_sopro negativeKeyword已投放且一致: negativeExact_evaporator temperature sensor
2026-09-18 02:37:19 - ✅ amazon_us_sopro negativeKeyword已投放且一致: negativeExact_crash pads for e scooter
2026-09-18 02:37:20 - amazon_us_hero adGroupId:376959838502603 Amazon已有negativeKeyword 13个
2026-09-18 02:37:20 - ✅ amazon_us_hero negativeKeyword已投放且一致: negativeExact_shift knob
2026-09-18 02:37:20 - ✅ amazon_us_hero negativeKeyword已投放且一致: negativeExact_skull shift knobs for manual
2026-09-18 02:37:21 - amazon_us_sopro adGroupId:333661417836292 Amazon已有negativeKeyword 1个
2026-09-18 02:37:21 - ✅ amazon_us_sopro negativeKeyword已投放且一致: negativeExact_194 bulb socket
2026-09-18 02:37:22 - amazon_us_cover adGroupId:15456890427899 Amazon已有negativeKeyword 5个
2026-09-18 02:37:22 - ✅ amazon_us_cover negativeKeyword已投放且一致: negativeExact_jetski covers seadoo
2026-09-18 02:37:23 - amazon_us_ac1 adGroupId:430176496021299 Amazon已有negativeKeyword 2个
2026-09-18 02:37:23 - ✅ amazon_us_ac1 negativeKeyword已投放且一致: negativeExact_key fob
2026-09-18 02:37:23 - ✅ amazon_us_ac1 negativeKeyword已投放且一致: negativeExact_2017 dodge journey key fob
2026-09-18 02:37:24 - amazon_ca_moto adGroupId:505532602320018 Amazon已有negativeKeyword 11个
2026-09-18 02:37:24 - ✅ amazon_ca_moto negativeKeyword已投放且一致: negativeExact_boat rpm gauge
2026-09-18 02:37:25 - amazon_uk_sopro adGroupId:159297763088343 Amazon已有negativeKeyword 1个
2026-09-18 02:37:25 - ✅ amazon_uk_sopro negativeKeyword已投放且一致: negativeExact_survival equipment
2026-09-18 02:37:25 - ✅ amazon_uk_sopro negativeKeyword已投放且一致: negativeExact_survival equipment
2026-09-18 02:37:26 - amazon_uk_sopro adGroupId:544786147933732 Amazon已有negativeKeyword 1个
2026-09-18 02:37:26 - ✅ amazon_uk_sopro negativeKeyword已投放且一致: negativeExact_6 speed gear knob
2026-09-18 02:37:27 - amazon adGroupId:405117391481081 Amazon已有negativeKeyword 2个
2026-09-18 02:37:27 - ✅ amazon negativeKeyword已投放且一致: negativeExact_wheel center caps
2026-09-18 02:37:27 - ✅ amazon negativeKeyword已投放且一致: negativeExact_center cap stickers
2026-09-18 02:37:29 - amazon_us_hero adGroupId:356001939182180 Amazon已有negativeKeyword 1个
2026-09-18 02:37:29 - ✅ amazon_us_hero negativeKeyword已投放且一致: negativeExact_4 inch intake tube
2026-09-18 02:37:31 - amazon_us_ac1 adGroupId:331401275544332 Amazon已有negativeKeyword 1个
2026-09-18 02:37:31 - ✅ amazon_us_ac1 negativeKeyword已投放且一致: negativeExact_suzuki jimny accessories
2026-09-18 02:37:33 - amazon_us_find adGroupId:434921901948257 Amazon已有negativeKeyword 3个
2026-09-18 02:37:33 - ✅ amazon_us_find negativeKeyword已投放且一致: negativeExact_battery terminal covers
2026-09-18 02:37:34 - amazon_ca_luux adGroupId:367901347652232 Amazon已有negativeKeyword 2个
2026-09-18 02:37:34 - ✅ amazon_ca_luux negativeKeyword已投放且一致: negativeExact_car decals
2026-09-18 02:37:35 - amazon_uk2 adGroupId:536982157053666 Amazon已有negativeKeyword 2个
2026-09-18 02:37:35 - ✅ amazon_uk2 negativeKeyword已投放且一致: negativeExact_tubeless rim tape
2026-09-18 02:37:35 - ✅ amazon_uk2 negativeKeyword已投放且一致: negativeExact_rim tape
2026-09-18 02:37:36 - amazon_uk_sopro adGroupId:523756310901889 Amazon已有negativeKeyword 8个
2026-09-18 02:37:36 - ✅ amazon_uk_sopro negativeKeyword已投放且一致: negativeExact_emergency water storage
2026-09-18 02:37:36 - ✅ amazon_uk_sopro negativeKeyword已投放且一致: negativeExact_water butts with stand and tap
2026-09-18 02:37:36 - ✅ amazon_uk_sopro negativeKeyword已投放且一致: negativeExact_bath water storage bag
2026-09-18 02:37:36 - ✅ amazon_uk_sopro negativeKeyword已投放且一致: negativeExact_water storage containers
2026-09-18 02:37:36 - ✅ amazon_uk_sopro negativeKeyword已投放且一致: negativeExact_collapsible water container
2026-09-18 02:37:36 - ✅ amazon_uk_sopro negativeKeyword已投放且一致: negativeExact_emergency water bag bath
2026-09-18 02:37:36 - ✅ amazon_uk_sopro negativeKeyword已投放且一致: negativeExact_water container
2026-09-18 02:37:36 - ✅ amazon_uk_sopro negativeKeyword已投放且一致: negativeExact_water storage
2026-09-18 02:37:36 - ✅ amazon_uk_sopro negativeKeyword已投放且一致: negativeExact_emergency water storage
2026-09-18 02:37:36 - ✅ amazon_uk_sopro negativeKeyword已投放且一致: negativeExact_bath water storage bag
2026-09-18 02:37:36 - ✅ amazon_uk_sopro negativeKeyword已投放且一致: negativeExact_water butts with stand and tap
2026-09-18 02:37:36 - ✅ amazon_uk_sopro negativeKeyword已投放且一致: negativeExact_water storage containers
2026-09-18 02:37:36 - ✅ amazon_uk_sopro negativeKeyword已投放且一致: negativeExact_emergency water bag bath
2026-09-18 02:37:36 - ✅ amazon_uk_sopro negativeKeyword已投放且一致: negativeExact_water container
2026-09-18 02:37:36 - ✅ amazon_uk_sopro negativeKeyword已投放且一致: negativeExact_collapsible water container
2026-09-18 02:37:36 - ✅ amazon_uk_sopro negativeKeyword已投放且一致: negativeExact_water storage
2026-09-18 02:37:37 - amazon_us_tuto adGroupId:505855483944391 Amazon已有negativeKeyword 2个
2026-09-18 02:37:37 - ✅ amazon_us_tuto negativeKeyword已投放且一致: negativeExact_dashboard air vent replacement
2026-09-18 02:37:37 - ✅ amazon_us_tuto negativeKeyword已投放且一致: negativeExact_car ac vent
2026-09-18 02:37:39 - amazon adGroupId:169281205487418 Amazon已有negativeKeyword 4个
2026-09-18 02:37:39 - ✅ amazon negativeKeyword已投放且一致: negativeExact_door lock actuator
2026-09-18 02:37:39 - ✅ amazon negativeKeyword已投放且一致: negativeExact_keyless entry car
2026-09-18 02:37:39 - ✅ amazon negativeKeyword已投放且一致: negativeExact_vehicle keyless entry system
2026-09-18 02:37:39 - ✅ amazon negativeKeyword已投放且一致: negativeExact_universal keyless entry car kit
2026-09-18 02:37:40 - amazon adGroupId:372802137582421 Amazon已有negativeKeyword 1个
2026-09-18 02:37:40 - ✅ amazon negativeKeyword已投放且一致: negativeExact_ac pressure switch sensor
2026-09-18 02:37:41 - amazon_uk_moto adGroupId:385073102929434 Amazon已有negativeKeyword 1个
2026-09-18 02:37:41 - ✅ amazon_uk_moto negativeKeyword已投放且一致: negativeExact_vauxhall adam wing mirror cover
2026-09-18 02:37:42 - amazon_us_moto adGroupId:399201953159522 Amazon已有negativeKeyword 4个
2026-09-18 02:37:42 - ✅ amazon_us_moto negativeKeyword已投放且一致: negativeExact_diesel heater y splitter
2026-09-18 02:37:43 - amazon_us_ifn adGroupId:494746942041190 Amazon已有negativeKeyword 1个
2026-09-18 02:37:43 - ✅ amazon_us_ifn negativeKeyword已投放且一致: negativeExact_shift knob
2026-09-18 02:37:45 - amazon_us_hope adGroupId:297904118717491 Amazon已有negativeKeyword 1个
2026-09-18 02:37:45 - ✅ amazon_us_hope negativeKeyword已投放且一致: negativeExact_door pins and bushings kit
2026-09-18 02:37:47 - amazon adGroupId:302692645257715 Amazon已有negativeKeyword 7个
2026-09-18 02:37:47 - ✅ amazon negativeKeyword已投放且一致: negativeExact_2007 honda accord accessories
2026-09-18 02:37:49 - amazon_us_sopro adGroupId:507279620989734 Amazon已有negativeKeyword 1个
2026-09-18 02:37:49 - ✅ amazon_us_sopro negativeKeyword已投放且一致: negativeExact_motorcycle shocks
2026-09-18 02:37:50 - amazon_ca_piccocasa adGroupId:332990137760474 Amazon已有negativeKeyword 1个
2026-09-18 02:37:50 - ✅ amazon_ca_piccocasa negativeKeyword已投放且一致: negativeExact_motorcycle fork boots
2026-09-18 02:37:51 - amazon adGroupId:506779760621840 Amazon已有negativeKeyword 1个
2026-09-18 02:37:51 - ✅ amazon negativeKeyword已投放且一致: negativeExact_radiator fan switch
2026-09-18 02:37:52 - amazon_us_find adGroupId:536864127406814 Amazon已有negativeKeyword 3个
2026-09-18 02:37:52 - ✅ amazon_us_find negativeKeyword已投放且一致: negativeExact_dash mat
2026-09-18 02:37:52 - ✅ amazon_us_find negativeKeyword已投放且一致: negativeExact_hyundai elantra accessories
2026-09-18 02:37:54 - amazon adGroupId:489375450833241 Amazon已有negativeKeyword 168个
2026-09-18 02:37:54 - ✅ amazon negativeKeyword已投放且一致: negativeExact_2011 toyota camry key fob
2026-09-18 02:37:55 - amazon_ca_moto adGroupId:399094937793225 Amazon已有negativeKeyword 1个
2026-09-18 02:37:55 - ✅ amazon_ca_moto negativeKeyword已投放且一致: negativeExact_rear brake dust shield backing plate
2026-09-18 02:37:57 - amazon adGroupId:491927749496889 Amazon已有negativeKeyword 16个
2026-09-18 02:37:57 - ✅ amazon negativeKeyword已投放且一致: negativeExact_temp sensor automotive
2026-09-18 02:37:57 - ✅ amazon negativeKeyword已投放且一致: negativeExact_electric fan sensor switch
2026-09-18 02:37:57 - ✅ amazon negativeKeyword已投放且一致: negativeExact_single fan adjustable temp engine sensor
2026-09-18 02:37:58 - amazon adGroupId:405227683809739 Amazon已有negativeKeyword 2个
2026-09-18 02:37:58 - ✅ amazon negativeKeyword已投放且一致: negativeExact_lexus pedal covers
2026-09-18 02:37:58 - ✅ amazon negativeKeyword已投放且一致: negativeExact_pedal covers
2026-09-18 02:37:59 - amazon_uk_sopro adGroupId:377356482021193 Amazon已有negativeKeyword 1个
2026-09-18 02:37:59 - ✅ amazon_uk_sopro negativeKeyword已投放且一致: negativeExact_water storage
2026-09-18 02:37:59 - ✅ amazon_uk_sopro negativeKeyword已投放且一致: negativeExact_water storage
2026-09-18 02:38:01 - amazon_us_find adGroupId:362143064857339 Amazon已有negativeKeyword 2个
2026-09-18 02:38:01 - ✅ amazon_us_find negativeKeyword已投放且一致: negativeExact_terminal covers
2026-09-18 02:38:02 - amazon_us_ac1 adGroupId:351389826040394 Amazon已有negativeKeyword 2个
2026-09-18 02:38:02 - ✅ amazon_us_ac1 negativeKeyword已投放且一致: negativeExact_hood latch
2026-09-18 02:38:04 - amazon_us_ifn adGroupId:456680544313780 Amazon已有negativeKeyword 1个
2026-09-18 02:38:04 - ✅ amazon_us_ifn negativeKeyword已投放且一致: negativeExact_fuel door release cable
2026-09-18 02:38:05 - amazon_us_moto adGroupId:471188084382683 Amazon已有negativeKeyword 28个
2026-09-18 02:38:05 - ✅ amazon_us_moto negativeKeyword已投放且一致: negativeExact_automatic shift knob
2026-09-18 02:38:05 - ✅ amazon_us_moto negativeKeyword已投放且一致: negativeExact_tweeters
2026-09-18 02:38:05 - ✅ amazon_us_moto negativeKeyword已投放且一致: negativeExact_tweeter pods
2026-09-18 02:38:05 - ✅ amazon_us_moto negativeKeyword已投放且一致: negativeExact_6 speed shift knob
2026-09-18 02:38:05 - ✅ amazon_us_moto negativeKeyword已投放且一致: negativeExact_shift boot
2026-09-18 02:38:05 - ✅ amazon_us_moto negativeKeyword已投放且一致: negativeExact_flower shift knob
2026-09-18 02:38:05 - ✅ amazon_us_moto negativeKeyword已投放且一致: negativeExact_purple car accessories
2026-09-18 02:38:05 - ✅ amazon_us_moto negativeKeyword已投放且一致: negativeExact_pedal covers
2026-09-18 02:38:05 - ✅ amazon_us_moto negativeKeyword已投放且一致: negativeExact_car door edge guards
2026-09-18 02:38:05 - ✅ amazon_us_moto negativeKeyword已投放且一致: negativeExact_manual shift knob
2026-09-18 02:38:05 - ✅ amazon_us_moto negativeKeyword已投放且一致: negativeExact_parking sensor kit
2026-09-18 02:38:05 - ✅ amazon_us_moto negativeKeyword已投放且一致: negativeExact_pink shift knob
2026-09-18 02:38:05 - ✅ amazon_us_moto negativeKeyword已投放且一致: negativeExact_headlight dust cover
2026-09-18 02:38:05 - ✅ amazon_us_moto negativeKeyword已投放且一致: negativeExact_a pillar speaker pods
2026-09-18 02:38:05 - ✅ amazon_us_moto negativeKeyword已投放且一致: negativeExact_6.5 speaker spacer
2026-09-18 02:38:05 - ✅ amazon_us_moto negativeKeyword已投放且一致: negativeExact_red shift knob
2026-09-18 02:38:05 - ✅ amazon_us_moto negativeKeyword已投放且一致: negativeExact_gear shift knob
2026-09-18 02:38:05 - ✅ amazon_us_moto negativeKeyword已投放且一致: negativeExact_pink car accessories
2026-09-18 02:38:05 - ✅ amazon_us_moto negativeKeyword已投放且一致: negativeExact_shift knob automatic
2026-09-18 02:38:06 - amazon_ca_moto adGroupId:310436626780535 Amazon已有negativeKeyword 1个
2026-09-18 02:38:06 - ✅ amazon_ca_moto negativeKeyword已投放且一致: negativeExact_wiper motor assembly
2026-09-18 02:38:08 - amazon_ca_rrc adGroupId:475330513094781 Amazon已有negativeKeyword 1个
2026-09-18 02:38:08 - ✅ amazon_ca_rrc negativeKeyword已投放且一致: negativeExact_minn kota trolling motor propeller
2026-09-18 02:38:09 - amazon_us_sopro adGroupId:398908384530970 Amazon已有negativeKeyword 1个
2026-09-18 02:38:09 - ✅ amazon_us_sopro negativeKeyword已投放且一致: negativeExact_rear axle
2026-09-18 02:38:10 - amazon_us_ifn adGroupId:465628110685918 Amazon已有negativeKeyword 1个
2026-09-18 02:38:10 - ✅ amazon_us_ifn negativeKeyword已投放且一致: negativeExact_dashboard cover
2026-09-18 02:38:11 - amazon_ca_piccocasa adGroupId:373779980327799 Amazon已有negativeKeyword 1个
2026-09-18 02:38:11 - ✅ amazon_ca_piccocasa negativeKeyword已投放且一致: negativeExact_smart fortwo key
2026-09-18 02:38:12 - amazon_us_find adGroupId:484815749141238 Amazon已有negativeKeyword 2个
2026-09-18 02:38:12 - ✅ amazon_us_find negativeKeyword已投放且一致: negativeExact_control arm bushing
2026-09-18 02:38:12 - ✅ amazon_us_find negativeKeyword已投放且一致: negativeExact_rear control arm bushing
2026-09-18 02:38:16 - amazon_us_luck adGroupId:324171418644844 Amazon已有negativeKeyword 1个
2026-09-18 02:38:16 - ✅ amazon_us_luck negativeKeyword已投放且一致: negativeExact_fuel filter
2026-09-18 02:38:16 - ✅ amazon_us_luck negativeKeyword已投放且一致: negativeExact_fuel filter
2026-09-18 02:38:17 - amazon_us_tuto adGroupId:522505791840289 Amazon已有negativeKeyword 1个
2026-09-18 02:38:17 - ✅ amazon_us_tuto negativeKeyword已投放且一致: negativeExact_headliner fabric
2026-09-18 02:38:18 - amazon_uk_sopro adGroupId:343593426930123 Amazon已有negativeKeyword 1个
2026-09-18 02:38:18 - ✅ amazon_uk_sopro negativeKeyword已投放且一致: negativeExact_spigot rings 73.1 to 57.1
2026-09-18 02:38:20 - amazon_uk_luux adGroupId:347259323682589 Amazon已有negativeKeyword 2个
2026-09-18 02:38:20 - ✅ amazon_uk_luux negativeKeyword已投放且一致: negativeExact_exhaust tips
2026-09-18 02:38:20 - ✅ amazon_uk_luux negativeKeyword已投放且一致: negativeExact_white steering wheel cover
2026-09-18 02:38:21 - amazon_us_find adGroupId:385623287062981 Amazon已有negativeKeyword 1个
2026-09-18 02:38:21 - ✅ amazon_us_find negativeKeyword已投放且一致: negativeExact_2 inch exhaust pipe
2026-09-18 02:38:22 - amazon_us_find adGroupId:413328022907396 Amazon已有negativeKeyword 1个
2026-09-18 02:38:22 - ✅ amazon_us_find negativeKeyword已投放且一致: negativeExact_headliner fabric
2026-09-18 02:38:23 - amazon_us_rrc adGroupId:508901825818306 Amazon已有negativeKeyword 1个
2026-09-18 02:38:23 - ✅ amazon_us_rrc negativeKeyword已投放且一致: negativeExact_cv boot
2026-09-18 02:38:24 - amazon_us_moto adGroupId:337777121391765 Amazon已有negativeKeyword 4个
2026-09-18 02:38:24 - ✅ amazon_us_moto negativeKeyword已投放且一致: negativeExact_exhaust pipe
2026-09-18 02:38:26 - amazon_us_find adGroupId:418511760596417 Amazon已有negativeKeyword 1个
2026-09-18 02:38:26 - ✅ amazon_us_find negativeKeyword已投放且一致: negativeExact_battery terminal covers
2026-09-18 02:38:27 - amazon adGroupId:446467112625286 Amazon已有negativeKeyword 1个
2026-09-18 02:38:27 - ✅ amazon negativeKeyword已投放且一致: negativeExact_motorcycle tank bag
2026-09-18 02:38:28 - amazon adGroupId:543297048815526 Amazon已有negativeKeyword 1个
2026-09-18 02:38:28 - ✅ amazon negativeKeyword已投放且一致: negativeExact_idler pulley belt tensioner honda crv 1999
2026-09-18 02:38:29 - amazon_ca_moto adGroupId:543963839068320 Amazon已有negativeKeyword 0个
2026-09-18 02:38:29 - ❌ amazon_ca_moto negativeKeyword未投放: negativeExact_3” exhaust pipe
2026-09-18 02:38:31 - amazon adGroupId:341135852398822 Amazon已有negativeKeyword 1个
2026-09-18 02:38:31 - ✅ amazon negativeKeyword已投放且一致: negativeExact_tire inflator hose
2026-09-18 02:38:32 - amazon adGroupId:413928325671851 Amazon已有negativeKeyword 4个
2026-09-18 02:38:32 - ✅ amazon negativeKeyword已投放且一致: negativeExact_bimini top storage boot
2026-09-18 02:38:33 - amazon adGroupId:357795119069893 Amazon已有negativeKeyword 1个
2026-09-18 02:38:33 - ✅ amazon negativeKeyword已投放且一致: negativeExact_keyless entry car kit
2026-09-18 02:38:34 - amazon adGroupId:515703259058706 Amazon已有negativeKeyword 2个
2026-09-18 02:38:34 - ✅ amazon negativeKeyword已投放且一致: negativeExact_toyota parking sensor
2026-09-18 02:38:36 - amazon_ca_moto adGroupId:443282069659636 Amazon已有negativeKeyword 1个
2026-09-18 02:38:36 - ✅ amazon_ca_moto negativeKeyword已投放且一致: negativeExact_rear main seal
2026-09-18 02:38:38 - amazon adGroupId:432052274467102 Amazon已有negativeKeyword 2个
2026-09-18 02:38:38 - ✅ amazon negativeKeyword已投放且一致: negativeExact_hail protector truck cover
2026-09-18 02:38:39 - amazon_us_ifn adGroupId:542995251576259 Amazon已有negativeKeyword 2个
2026-09-18 02:38:39 - ✅ amazon_us_ifn negativeKeyword已投放且一致: negativeExact_headliner fabric
2026-09-18 02:38:40 - amazon_us_sopro adGroupId:528383965785057 Amazon已有negativeKeyword 1个
2026-09-18 02:38:40 - ✅ amazon_us_sopro negativeKeyword已投放且一致: negativeExact_rear axle
2026-09-18 02:38:42 - amazon_us_find adGroupId:473492080923449 Amazon已有negativeKeyword 1个
2026-09-18 02:38:42 - ✅ amazon_us_find negativeKeyword已投放且一致: negativeExact_idler pulley
2026-09-18 02:38:43 - amazon_us_luux adGroupId:435410815739726 Amazon已有negativeKeyword 1个
2026-09-18 02:38:43 - ✅ amazon_us_luux negativeKeyword已投放且一致: negativeExact_radiator fan
2026-09-18 02:38:45 - amazon adGroupId:510871560076623 Amazon已有negativeKeyword 10个
2026-09-18 02:38:45 - ✅ amazon negativeKeyword已投放且一致: negativeExact_motorcycle half cover waterproof
2026-09-18 02:38:46 - amazon_uk_moto adGroupId:431314022530896 Amazon已有negativeKeyword 2个
2026-09-18 02:38:46 - ✅ amazon_uk_moto negativeKeyword已投放且一致: negativeExact_exhaust pipe
2026-09-18 02:38:47 - amazon_us_find adGroupId:499082009988524 Amazon已有negativeKeyword 1个
2026-09-18 02:38:47 - ✅ amazon_us_find negativeKeyword已投放且一致: negativeExact_oil seals by size
2026-09-18 02:38:50 - amazon adGroupId:476435012946549 Amazon已有negativeKeyword 1个
2026-09-18 02:38:50 - ✅ amazon negativeKeyword已投放且一致: negativeExact_inner tie rod
2026-09-18 02:38:51 - amazon_us_hero adGroupId:499004689310118 Amazon已有negativeKeyword 1个
2026-09-18 02:38:51 - ✅ amazon_us_hero negativeKeyword已投放且一致: negativeExact_door lock actuator
2026-09-18 02:38:52 - amazon_uk_tuto adGroupId:444730775548600 Amazon已有negativeKeyword 1个
2026-09-18 02:38:52 - ✅ amazon_uk_tuto negativeKeyword已投放且一致: negativeExact_bmx pegs
2026-09-18 02:38:55 - amazon_us_hero adGroupId:181223798204966 Amazon已有negativeKeyword 1个
2026-09-18 02:38:55 - ✅ amazon_us_hero negativeKeyword已投放且一致: negativeExact_upper radiator hose
2026-09-18 02:38:57 - amazon_uk2 adGroupId:266444233715574 Amazon已有negativeKeyword 4个
2026-09-18 02:38:57 - ✅ amazon_uk2 negativeKeyword已投放且一致: negativeExact_small car cover
2026-09-18 02:38:57 - ✅ amazon_uk2 negativeKeyword已投放且一致: negativeExact_car cover
2026-09-18 02:39:00 - amazon_us_sopro adGroupId:282367325070482 Amazon已有negativeKeyword 146个
2026-09-18 02:39:00 - ✅ amazon_us_sopro negativeKeyword已投放且一致: negativeExact_2014 dodge durango radio knobs
2026-09-18 02:39:00 - ✅ amazon_us_sopro negativeKeyword已投放且一致: negativeExact_dodge durango volume knob
2026-09-18 02:39:00 - ✅ amazon_us_sopro negativeKeyword已投放且一致: negativeExact_jeep grand cherokee accessories
2026-09-18 02:39:00 - ✅ amazon_us_sopro negativeKeyword已投放且一致: negativeExact_jeep grand cherokee l accessories
2026-09-18 02:39:01 - amazon_uk2 adGroupId:482205719956871 Amazon已有negativeKeyword 1个
2026-09-18 02:39:01 - ✅ amazon_uk2 negativeKeyword已投放且一致: negativeExact_bike kick stand
2026-09-18 02:39:03 - amazon_us_moto adGroupId:373036629654461 Amazon已有negativeKeyword 3个
2026-09-18 02:39:03 - ✅ amazon_us_moto negativeKeyword已投放且一致: negativeExact_bike wheel spokes
2026-09-18 02:39:04 - amazon_us_swi adGroupId:493896671366811 Amazon已有negativeKeyword 1个
2026-09-18 02:39:04 - ✅ amazon_us_swi negativeKeyword已投放且一致: negativeExact_neutral safety switch
2026-09-18 02:39:06 - amazon_us_moto adGroupId:427045397997242 Amazon已有negativeKeyword 1个
2026-09-18 02:39:06 - ✅ amazon_us_moto negativeKeyword已投放且一致: negativeExact_door handle covers for car
2026-09-18 02:39:07 - amazon_us_rrc adGroupId:450799039654307 Amazon已有negativeKeyword 1个
2026-09-18 02:39:07 - ✅ amazon_us_rrc negativeKeyword已投放且一致: negativeExact_window switch bezel
2026-09-18 02:39:09 - amazon_us_ifn adGroupId:473914784343882 Amazon已有negativeKeyword 2个
2026-09-18 02:39:09 - ✅ amazon_us_ifn negativeKeyword已投放且一致: negativeExact_73.1 to 60.1 hub centric rings
2026-09-18 02:39:09 - ✅ amazon_us_ifn negativeKeyword已投放且一致: negativeExact_73.1 to 67.1 hub centric rings
2026-09-18 02:39:10 - amazon_us_ifn adGroupId:429449401095795 Amazon已有negativeKeyword 1个
2026-09-18 02:39:10 - ✅ amazon_us_ifn negativeKeyword已投放且一致: negativeExact_rear view mirror accessories
2026-09-18 02:39:10 - amazon_us_moto adGroupId:403387466621714 Amazon已有negativeKeyword 2个
2026-09-18 02:39:10 - ✅ amazon_us_moto negativeKeyword已投放且一致: negativeExact_8 inch gas strut
2026-09-18 02:39:10 - ✅ amazon_us_moto negativeKeyword已投放且一致: negativeExact_gas struts 20 inch
2026-09-18 02:39:12 - amazon_ca_tuto adGroupId:555257676471132 Amazon已有negativeKeyword 1个
2026-09-18 02:39:12 - ✅ amazon_ca_tuto negativeKeyword已投放且一致: negativeExact_shift knob
2026-09-18 02:39:12 - amazon_uk2 adGroupId:433007501665052 Amazon已有negativeKeyword 8个
2026-09-18 02:39:12 - ✅ amazon_uk2 negativeKeyword已投放且一致: negativeExact_self adhesive suede fabric
2026-09-18 02:39:13 - amazon_us_hero adGroupId:531652233409143 Amazon已有negativeKeyword 2个
2026-09-18 02:39:13 - ✅ amazon_us_hero negativeKeyword已投放且一致: negativeExact_rear bumper diffuser
2026-09-18 02:39:13 - ✅ amazon_us_hero negativeKeyword已投放且一致: negativeExact_rear diffuser
2026-09-18 02:39:15 - amazon adGroupId:354757761573090 Amazon已有negativeKeyword 55个
2026-09-18 02:39:15 - ✅ amazon negativeKeyword已投放且一致: negativeExact_boat inspection hatch
2026-09-18 02:39:17 - amazon_us_find adGroupId:378708125146492 Amazon已有negativeKeyword 1个
2026-09-18 02:39:17 - ✅ amazon_us_find negativeKeyword已投放且一致: negativeExact_ac pressure switch sensor
2026-09-18 02:39:17 - amazon_us_tuto adGroupId:361213950345999 Amazon已有negativeKeyword 1个
2026-09-18 02:39:17 - ✅ amazon_us_tuto negativeKeyword已投放且一致: negativeExact_hood latch
2026-09-18 02:39:19 - amazon_us_moto adGroupId:537006518736859 Amazon已有negativeKeyword 4个
2026-09-18 02:39:19 - ✅ amazon_us_moto negativeKeyword已投放且一致: negativeExact_license plate bolts
2026-09-18 02:39:19 - ✅ amazon_us_moto negativeKeyword已投放且一致: negativeExact_motorcycle exhaust heat shield
2026-09-18 02:39:20 - amazon_us_find adGroupId:70336919726049 Amazon已有negativeKeyword 2个
2026-09-18 02:39:20 - ✅ amazon_us_find negativeKeyword已投放且一致: negativeExact_car shift knob
2026-09-18 02:39:20 - ✅ amazon_us_find negativeKeyword已投放且一致: negativeExact_shift knob
2026-09-18 02:39:23 - amazon_us_luux adGroupId:519117252901205 Amazon已有negativeKeyword 1个
2026-09-18 02:39:23 - ✅ amazon_us_luux negativeKeyword已投放且一致: negativeExact_carburetor rebuild kit
2026-09-18 02:39:24 - amazon_us_moto adGroupId:302628767864356 Amazon已有negativeKeyword 1个
2026-09-18 02:39:24 - ✅ amazon_us_moto negativeKeyword已投放且一致: negativeExact_1989 toyota pickup ignition switch
2026-09-18 02:39:25 - amazon_uk_sopro adGroupId:460881584185850 Amazon已有negativeKeyword 2个
2026-09-18 02:39:25 - ✅ amazon_uk_sopro negativeKeyword已投放且一致: negativeExact_water storage containers
2026-09-18 02:39:25 - ✅ amazon_uk_sopro negativeKeyword已投放且一致: negativeExact_water storage containers
2026-09-18 02:39:26 - amazon_us_moto adGroupId:443500046253547 Amazon已有negativeKeyword 1个
2026-09-18 02:39:26 - ✅ amazon_us_moto negativeKeyword已投放且一致: negativeExact_windshield washer nozzle
2026-09-18 02:39:26 - ✅ amazon_us_moto negativeKeyword已投放且一致: negativeExact_windshield washer nozzle
2026-09-18 02:39:27 - amazon_us_find adGroupId:453612262567065 Amazon已有negativeKeyword 1个
2026-09-18 02:39:27 - ✅ amazon_us_find negativeKeyword已投放且一致: negativeExact_dashboard cover
2026-09-18 02:39:28 - amazon_us_luux adGroupId:320582452379124 Amazon已有negativeKeyword 2个
2026-09-18 02:39:28 - ✅ amazon_us_luux negativeKeyword已投放且一致: negativeExact_thermostat for car
2026-09-18 02:39:28 - ✅ amazon_us_luux negativeKeyword已投放且一致: negativeExact_radiator filler neck
2026-09-18 02:39:30 - amazon adGroupId:32252996119476 Amazon已有negativeKeyword 6个
2026-09-18 02:39:30 - ✅ amazon negativeKeyword已投放且一致: negativeExact_tesla model y car cover
2026-09-18 02:39:30 - ✅ amazon negativeKeyword已投放且一致: negativeExact_car snow cover
2026-09-18 02:39:30 - ✅ amazon negativeKeyword已投放且一致: negativeExact_truck covers
2026-09-18 02:39:32 - amazon_ca_piccocasa adGroupId:462105489923115 Amazon已有negativeKeyword 1个
2026-09-18 02:39:32 - ✅ amazon_ca_piccocasa negativeKeyword已投放且一致: negativeExact_uv dye injector kit
2026-09-18 02:39:33 - amazon adGroupId:297891520705315 Amazon已有negativeKeyword 1个
2026-09-18 02:39:33 - ✅ amazon negativeKeyword已投放且一致: negativeExact_quick release skewer
2026-09-18 02:39:34 - amazon_us_ifn adGroupId:356427101991429 Amazon已有negativeKeyword 1个
2026-09-18 02:39:34 - ✅ amazon_us_ifn negativeKeyword已投放且一致: negativeExact_audi q5 accessories
2026-09-18 02:39:35 - amazon_us_moto adGroupId:537882061940856 Amazon已有negativeKeyword 1个
2026-09-18 02:39:35 - ✅ amazon_us_moto negativeKeyword已投放且一致: negativeExact_tail light harness
2026-09-18 02:39:36 - amazon_us_moto adGroupId:549990404224241 Amazon已有negativeKeyword 1个
2026-09-18 02:39:36 - ✅ amazon_us_moto negativeKeyword已投放且一致: negativeExact_rear wiper arm cap
2026-09-18 02:39:37 - amazon_us_ac1 adGroupId:414146700099671 Amazon已有negativeKeyword 5个
2026-09-18 02:39:37 - ✅ amazon_us_ac1 negativeKeyword已投放且一致: negativeExact_2010 f150 remote start kit
2026-09-18 02:39:38 - amazon adGroupId:214491509631368 Amazon已有negativeKeyword 6个
2026-09-18 02:39:38 - ✅ amazon negativeKeyword已投放且一致: negativeExact_sportster spark plug wires
2026-09-18 02:39:40 - amazon_uk_sopro adGroupId:509239696086717 Amazon已有negativeKeyword 1个
2026-09-18 02:39:40 - ✅ amazon_uk_sopro negativeKeyword已投放且一致: negativeExact_bicycle spokes
2026-09-18 02:39:42 - amazon adGroupId:452606667494891 Amazon已有negativeKeyword 1个
2026-09-18 02:39:42 - ✅ amazon negativeKeyword已投放且一致: negativeExact_motorcycle exhaust hanger
2026-09-18 02:39:43 - amazon adGroupId:484518491442508 Amazon已有negativeKeyword 1个
2026-09-18 02:39:43 - ✅ amazon negativeKeyword已投放且一致: negativeExact_arm rest cover for car
2026-09-18 02:39:44 - amazon adGroupId:7258692737724 Amazon已有negativeKeyword 1个
2026-09-18 02:39:44 - ✅ amazon negativeKeyword已投放且一致: negativeExact_1 inch bottom level
2026-09-18 02:39:45 - amazon_us_moto adGroupId:498052794920686 Amazon已有negativeKeyword 1个
2026-09-18 02:39:45 - ✅ amazon_us_moto negativeKeyword已投放且一致: negativeExact_12 inch gas strut
2026-09-18 02:39:49 - amazon adGroupId:303651222590850 Amazon已有negativeKeyword 1个
2026-09-18 02:39:49 - ✅ amazon negativeKeyword已投放且一致: negativeExact_bike spokes
2026-09-18 02:39:50 - amazon adGroupId:197553859781986 Amazon已有negativeKeyword 15个
2026-09-18 02:39:50 - ✅ amazon negativeKeyword已投放且一致: negativeExact_ram park assist sensor
2026-09-18 02:39:52 - amazon_us_sopro adGroupId:360090986092135 Amazon已有negativeKeyword 133个
2026-09-18 02:39:52 - ✅ amazon_us_sopro negativeKeyword已投放且一致: negativeExact_jeep grand cherokee volume knob cover
2026-09-18 02:39:54 - amazon_us_rrc adGroupId:287184242620205 Amazon已有negativeKeyword 1个
2026-09-18 02:39:54 - ✅ amazon_us_rrc negativeKeyword已投放且一致: negativeExact_audi door handle cover
2026-09-18 02:39:55 - amazon_us_sopro adGroupId:414805087079244 Amazon已有negativeKeyword 1个
2026-09-18 02:39:55 - ✅ amazon_us_sopro negativeKeyword已投放且一致: negativeExact_side marker lights
2026-09-18 02:39:56 - amazon_us_luux adGroupId:389284311595562 Amazon已有negativeKeyword 1个
2026-09-18 02:39:56 - ✅ amazon_us_luux negativeKeyword已投放且一致: negativeExact_radiator fan motor
2026-09-18 02:39:58 - amazon_ca_moto adGroupId:547157499874643 Amazon已有negativeKeyword 1个
2026-09-18 02:39:58 - ✅ amazon_ca_moto negativeKeyword已投放且一致: negativeExact_car cup holder
2026-09-18 02:40:02 - amazon_uk2 adGroupId:311791606810090 Amazon已有negativeKeyword 1个
2026-09-18 02:40:02 - ✅ amazon_uk2 negativeKeyword已投放且一致: negativeExact_sound deadening
2026-09-18 02:40:03 - amazon adGroupId:392393223097248 Amazon已有negativeKeyword 1个
2026-09-18 02:40:03 - ✅ amazon negativeKeyword已投放且一致: negativeExact_audi a6
2026-09-18 02:40:05 - amazon_us_sopro adGroupId:291546867713598 Amazon已有negativeKeyword 2个
2026-09-18 02:40:05 - ✅ amazon_us_sopro negativeKeyword已投放且一致: negativeExact_dodge durango accessories
2026-09-18 02:40:06 - amazon adGroupId:361186289057358 Amazon已有negativeKeyword 13个
2026-09-18 02:40:06 - ✅ amazon negativeKeyword已投放且一致: negativeExact_2005 ford f150 accessories
2026-09-18 02:40:08 - amazon_us_hope adGroupId:378926821244073 Amazon已有negativeKeyword 1个
2026-09-18 02:40:08 - ✅ amazon_us_hope negativeKeyword已投放且一致: negativeExact_turn signal switch
2026-09-18 02:40:10 - amazon_us_luux adGroupId:409214338960291 Amazon已有negativeKeyword 1个
2026-09-18 02:40:10 - ✅ amazon_us_luux negativeKeyword已投放且一致: negativeExact_motorcycle exhaust heat shield
2026-09-18 02:40:12 - amazon_us_moto adGroupId:403942033015558 Amazon已有negativeKeyword 2个
2026-09-18 02:40:12 - ✅ amazon_us_moto negativeKeyword已投放且一致: negativeExact_3 inch exhaust tip
2026-09-18 02:40:13 - amazon adGroupId:482750404959956 Amazon已有negativeKeyword 1个
2026-09-18 02:40:13 - ✅ amazon negativeKeyword已投放且一致: negativeExact_saddle bags motorcycles
2026-09-18 02:40:16 - amazon_uk_hero adGroupId:388131905860162 Amazon已有negativeKeyword 1个
2026-09-18 02:40:16 - ✅ amazon_uk_hero negativeKeyword已投放且一致: negativeExact_dropper post
2026-09-18 02:40:17 - amazon_us_hero adGroupId:343669369524946 Amazon已有negativeKeyword 1个
2026-09-18 02:40:17 - ✅ amazon_us_hero negativeKeyword已投放且一致: negativeExact_moeller fuel sending unit
2026-09-18 02:40:19 - amazon_uk_sopro adGroupId:470133604160659 Amazon已有negativeKeyword 1个
2026-09-18 02:40:19 - ✅ amazon_uk_sopro negativeKeyword已投放且一致: negativeExact_windscreen wipers
2026-09-18 02:40:20 - amazon_us_moto adGroupId:414812638465856 Amazon已有negativeKeyword 1个
2026-09-18 02:40:20 - ✅ amazon_us_moto negativeKeyword已投放且一致: negativeExact_vans motorcycle grips
2026-09-18 02:40:21 - amazon_us_tuc adGroupId:410338053202194 Amazon已有negativeKeyword 3个
2026-09-18 02:40:21 - ✅ amazon_us_tuc negativeKeyword已投放且一致: negativeExact_2012 volkswagen jetta gas door
2026-09-18 02:40:23 - amazon_us_moto adGroupId:460302166870624 Amazon已有negativeKeyword 2个
2026-09-18 02:40:23 - ✅ amazon_us_moto negativeKeyword已投放且一致: negativeExact_heart shaped exhaust tip
2026-09-18 02:40:23 - ✅ amazon_us_moto negativeKeyword已投放且一致: negativeExact_heart exhaust tip
2026-09-18 02:40:24 - amazon_ca_ac1 adGroupId:557816862228453 Amazon已有negativeKeyword 1个
2026-09-18 02:40:24 - ✅ amazon_ca_ac1 negativeKeyword已投放且一致: negativeExact_license plate screw
2026-09-18 02:40:25 - amazon_ca_rrc adGroupId:513565505520564 Amazon已有negativeKeyword 2个
2026-09-18 02:40:25 - ✅ amazon_ca_rrc negativeKeyword已投放且一致: negativeExact_pink license plate frame
2026-09-18 02:40:27 - amazon_us_find adGroupId:427205511431677 Amazon已有negativeKeyword 1个
2026-09-18 02:40:27 - ✅ amazon_us_find negativeKeyword已投放且一致: negativeExact_turn signal switch
2026-09-18 02:40:28 - amazon_us_rrc adGroupId:488024065660640 Amazon已有negativeKeyword 1个
2026-09-18 02:40:28 - ✅ amazon_us_rrc negativeKeyword已投放且一致: negativeExact_door handle
2026-09-18 02:40:30 - amazon_us_luux adGroupId:517633294116352 Amazon已有negativeKeyword 1个
2026-09-18 02:40:30 - ✅ amazon_us_luux negativeKeyword已投放且一致: negativeExact_rear bumper reflector
2026-09-18 02:40:31 - amazon_us_sopro adGroupId:509782266664367 Amazon已有negativeKeyword 1个
2026-09-18 02:40:31 - ✅ amazon_us_sopro negativeKeyword已投放且一致: negativeExact_hood latch
2026-09-18 02:40:33 - amazon_us_moto adGroupId:530993399116192 Amazon已有negativeKeyword 1个
2026-09-18 02:40:33 - ✅ amazon_us_moto negativeKeyword已投放且一致: negativeExact_coolant filler neck
2026-09-18 02:40:33 - amazon adGroupId:392328189645035 Amazon已有negativeKeyword 1个
2026-09-18 02:40:33 - ✅ amazon negativeKeyword已投放且一致: negativeExact_trunk latch
2026-09-18 02:40:36 - amazon_us_moto adGroupId:162418529833663 Amazon已有negativeKeyword 47个
2026-09-18 02:40:36 - ✅ amazon_us_moto negativeKeyword已投放且一致: negativeExact_2006 silverado sway bar bushings
2026-09-18 02:40:39 - amazon adGroupId:421478812296643 Amazon已有negativeKeyword 1个
2026-09-18 02:40:39 - ✅ amazon negativeKeyword已投放且一致: negativeExact_motorcycle half cover waterproof
2026-09-18 02:40:41 - amazon_us_moto adGroupId:543029913933852 Amazon已有negativeKeyword 3个
2026-09-18 02:40:41 - ✅ amazon_us_moto negativeKeyword已投放且一致: negativeExact_mazda cx5 accessories
2026-09-18 02:40:43 - amazon adGroupId:359433406235012 Amazon已有negativeKeyword 1个
2026-09-18 02:40:43 - ✅ amazon negativeKeyword已投放且一致: negativeExact_nissan rogue accessories
2026-09-18 02:40:44 - amazon_us_tuc adGroupId:94565376340981 Amazon已有negativeKeyword 3个
2026-09-18 02:40:44 - ✅ amazon_us_tuc negativeKeyword已投放且一致: negativeExact_flower shift knob
2026-09-18 02:40:46 - amazon_us_hood adGroupId:472248373076896 Amazon已有negativeKeyword 2个
2026-09-18 02:40:46 - ✅ amazon_us_hood negativeKeyword已投放且一致: negativeExact_floor jack pad
2026-09-18 02:40:47 - amazon_us_moto adGroupId:537192773085484 Amazon已有negativeKeyword 2个
2026-09-18 02:40:47 - ✅ amazon_us_moto negativeKeyword已投放且一致: negativeExact_heater hose connector
2026-09-18 02:40:48 - amazon adGroupId:462912731202777 Amazon已有negativeKeyword 1个
2026-09-18 02:40:48 - ✅ amazon negativeKeyword已投放且一致: negativeExact_brake light socket
2026-09-18 02:40:49 - amazon_us_ifn adGroupId:297822154597369 Amazon已有negativeKeyword 11个
2026-09-18 02:40:49 - ✅ amazon_us_ifn negativeKeyword已投放且一致: negativeExact_gear shift knob
2026-09-18 02:40:51 - amazon_us_moto adGroupId:454713819016022 Amazon已有negativeKeyword 1个
2026-09-18 02:40:51 - ✅ amazon_us_moto negativeKeyword已投放且一致: negativeExact_motorcycle grips 1 inch
2026-09-18 02:40:53 - amazon_us_moto adGroupId:543157338778854 Amazon已有negativeKeyword 2个
2026-09-18 02:40:53 - ✅ amazon_us_moto negativeKeyword已投放且一致: negativeExact_door check strap
2026-09-18 02:40:56 - amazon adGroupId:327034296159579 Amazon已有negativeKeyword 2个
2026-09-18 02:40:56 - ✅ amazon negativeKeyword已投放且一致: negativeExact_tail light socket
2026-09-18 02:40:58 - amazon adGroupId:382056507907400 Amazon已有negativeKeyword 1个
2026-09-18 02:40:58 - ✅ amazon negativeKeyword已投放且一致: negativeExact_mazda 3 trunk button
2026-09-18 02:41:00 - amazon_us_moto adGroupId:514676696499602 Amazon已有negativeKeyword 1个
2026-09-18 02:41:00 - ✅ amazon_us_moto negativeKeyword已投放且一致: negativeExact_honda ignition lock cylinder
2026-09-18 02:41:03 - amazon_uk_luux adGroupId:325654911076169 Amazon已有negativeKeyword 1个
2026-09-18 02:41:03 - ✅ amazon_uk_luux negativeKeyword已投放且一致: negativeExact_towing eye
2026-09-18 02:41:04 - amazon adGroupId:406162999749388 Amazon已有negativeKeyword 1个
2026-09-18 02:41:04 - ✅ amazon negativeKeyword已投放且一致: negativeExact_6.5 speaker spacer
2026-09-18 02:41:07 - amazon_ca_luck adGroupId:471851575678916 Amazon已有negativeKeyword 1个
2026-09-18 02:41:07 - ✅ amazon_ca_luck negativeKeyword已投放且一致: negativeExact_trailer plug
2026-09-18 02:41:08 - amazon_ca_hero adGroupId:332912951391165 Amazon已有negativeKeyword 7个
2026-09-18 02:41:08 - ✅ amazon_ca_hero negativeKeyword已投放且一致: negativeExact_2015 jetta rear brake dust shield
2026-09-18 02:41:08 - ✅ amazon_ca_hero negativeKeyword已投放且一致: negativeExact_rear brake dust shield
2026-09-18 02:41:09 - amazon_uk2 adGroupId:556475448568404 Amazon已有negativeKeyword 1个
2026-09-18 02:41:09 - ✅ amazon_uk2 negativeKeyword已投放且一致: negativeExact_headliner fabric
2026-09-18 02:41:10 - amazon_ca_moto adGroupId:398217037310651 Amazon已有negativeKeyword 3个
2026-09-18 02:41:10 - ✅ amazon_ca_moto negativeKeyword已投放且一致: negativeExact_civic mirror cap
2026-09-18 02:41:10 - ✅ amazon_ca_moto negativeKeyword已投放且一致: negativeExact_honda civic accessories
2026-09-18 02:41:12 - amazon_us_ac1 adGroupId:512923323155810 Amazon已有negativeKeyword 1个
2026-09-18 02:41:12 - ✅ amazon_us_ac1 negativeKeyword已投放且一致: negativeExact_spark plug wires
2026-09-18 02:41:13 - amazon adGroupId:460845510793199 Amazon已有negativeKeyword 5个
2026-09-18 02:41:13 - ✅ amazon negativeKeyword已投放且一致: negativeExact_motorcycle saddlebags
2026-09-18 02:41:14 - amazon_us_ifn adGroupId:340440642688184 Amazon已有negativeKeyword 3个
2026-09-18 02:41:14 - ✅ amazon_us_ifn negativeKeyword已投放且一致: negativeExact_25.4 seatpost
2026-09-18 02:41:14 - ✅ amazon_us_ifn negativeKeyword已投放且一致: negativeExact_27.2 seatpost
2026-09-18 02:41:16 - amazon adGroupId:447236850392175 Amazon已有negativeKeyword 4个
2026-09-18 02:41:16 - ✅ amazon negativeKeyword已投放且一致: negativeExact_gm shift cable bushing kit
2026-09-18 02:41:16 - ✅ amazon negativeKeyword已投放且一致: negativeExact_gm shifter cable bushing
2026-09-18 02:41:18 - amazon_ca_tuc adGroupId:432642392373743 Amazon已有negativeKeyword 3个
2026-09-18 02:41:18 - ✅ amazon_ca_tuc negativeKeyword已投放且一致: negativeExact_spokes
2026-09-18 02:41:19 - amazon_us_swi adGroupId:322019463549465 Amazon已有negativeKeyword 1个
2026-09-18 02:41:19 - ✅ amazon_us_swi negativeKeyword已投放且一致: negativeExact_neutral safety switch
2026-09-18 02:41:20 - amazon adGroupId:335747702246918 Amazon已有negativeKeyword 1个
2026-09-18 02:41:20 - ✅ amazon negativeKeyword已投放且一致: negativeExact_radiator fan switch
2026-09-18 02:41:23 - amazon_us_rrc adGroupId:477544680050789 Amazon已有negativeKeyword 1个
2026-09-18 02:41:23 - ✅ amazon_us_rrc negativeKeyword已投放且一致: negativeExact_bicycle seat post
2026-09-18 02:41:24 - amazon_us_ac1 adGroupId:534785937509039 Amazon已有negativeKeyword 1个
2026-09-18 02:41:24 - ✅ amazon_us_ac1 negativeKeyword已投放且一致: negativeExact_6.5 speaker grill
2026-09-18 02:41:25 - amazon adGroupId:530781278526545 Amazon已有negativeKeyword 1个
2026-09-18 02:41:25 - ✅ amazon negativeKeyword已投放且一致: negativeExact_motorcycle fork bag
2026-09-18 02:41:27 - amazon_ca_hope adGroupId:28813910329101 Amazon已有negativeKeyword 1个
2026-09-18 02:41:27 - ✅ amazon_ca_hope negativeKeyword已投放且一致: negativeExact_heated grips motorcycle
2026-09-18 02:41:28 - amazon_us_sopro adGroupId:305606597765636 Amazon已有negativeKeyword 1个
2026-09-18 02:41:28 - ✅ amazon_us_sopro negativeKeyword已投放且一致: negativeExact_10mm socket wrench
2026-09-18 02:41:29 - amazon adGroupId:308209887169915 Amazon已有negativeKeyword 1个
2026-09-18 02:41:29 - ✅ amazon negativeKeyword已投放且一致: negativeExact_motorcycle reflectors
2026-09-18 02:41:30 - amazon adGroupId:442750603715691 Amazon已有negativeKeyword 1个
2026-09-18 02:41:30 - ✅ amazon negativeKeyword已投放且一致: negativeExact_shock absorber bushings
2026-09-18 02:41:32 - amazon_ca_hope adGroupId:489589781955590 Amazon已有negativeKeyword 1个
2026-09-18 02:41:32 - ✅ amazon_ca_hope negativeKeyword已投放且一致: negativeExact_motorcycle windshield extension
2026-09-18 02:41:32 - amazon_ca_tuc adGroupId:459514125374765 Amazon已有negativeKeyword 1个
2026-09-18 02:41:32 - ✅ amazon_ca_tuc negativeKeyword已投放且一致: negativeExact_mitsubishi outlander 2026 accessories
2026-09-18 02:41:33 - amazon adGroupId:440327160597674 Amazon已有negativeKeyword 3个
2026-09-18 02:41:33 - ✅ amazon negativeKeyword已投放且一致: negativeExact_hood decal
2026-09-18 02:41:33 - ✅ amazon negativeKeyword已投放且一致: negativeExact_truck decals
2026-09-18 02:41:33 - ✅ amazon negativeKeyword已投放且一致: negativeExact_hood decals for trucks
2026-09-18 02:41:34 - amazon_uk_moto adGroupId:365827036114464 Amazon已有negativeKeyword 1个
2026-09-18 02:41:34 - ✅ amazon_uk_moto negativeKeyword已投放且一致: negativeExact_2.5 inch exhaust pipe
2026-09-18 02:41:36 - amazon adGroupId:331946974587104 Amazon已有negativeKeyword 103个
2026-09-18 02:41:36 - ✅ amazon negativeKeyword已投放且一致: negativeExact_2015 nissan rogue key fob
2026-09-18 02:41:37 - amazon_ca_sopro adGroupId:455631630045979 Amazon已有negativeKeyword 1个
2026-09-18 02:41:37 - ✅ amazon_ca_sopro negativeKeyword已投放且一致: negativeExact_shifter cable
2026-09-18 02:41:40 - amazon_ca_sopro adGroupId:438579347175684 Amazon已有negativeKeyword 1个
2026-09-18 02:41:40 - ✅ amazon_ca_sopro negativeKeyword已投放且一致: negativeExact_license plate frame
2026-09-18 02:41:41 - amazon_us_sopro adGroupId:561829491642501 Amazon已有negativeKeyword 2个
2026-09-18 02:41:41 - ✅ amazon_us_sopro negativeKeyword已投放且一致: negativeExact_door check
2026-09-18 02:41:41 - ✅ amazon_us_sopro negativeKeyword已投放且一致: negativeExact_door check strap
2026-09-18 02:41:42 - amazon_us_moto adGroupId:284115942008782 Amazon已有negativeKeyword 1个
2026-09-18 02:41:42 - ✅ amazon_us_moto negativeKeyword已投放且一致: negativeExact_2.75 od exhaust pipe
2026-09-18 02:41:43 - amazon adGroupId:399602485818549 Amazon已有negativeKeyword 0个
2026-09-18 02:41:43 - ❌ amazon negativeKeyword未投放: negativeExact_1/8 npt temp sensor
2026-09-18 02:41:44 - amazon adGroupId:529546924165557 Amazon已有negativeKeyword 4个
2026-09-18 02:41:44 - ✅ amazon negativeKeyword已投放且一致: negativeExact_red suede
2026-09-18 02:41:44 - ✅ amazon negativeKeyword已投放且一致: negativeExact_burgundy headliner fabric
2026-09-18 02:41:44 - ✅ amazon negativeKeyword已投放且一致: negativeExact_red suede headliner
2026-09-18 02:41:44 - ✅ amazon negativeKeyword已投放且一致: negativeExact_red headliner fabric
2026-09-18 02:41:45 - amazon_us_moto adGroupId:357601423709242 Amazon已有negativeKeyword 1个
2026-09-18 02:41:45 - ✅ amazon_us_moto negativeKeyword已投放且一致: negativeExact_2 inch exhaust tip
2026-09-18 02:41:46 - amazon_uk_moto adGroupId:435499228695530 Amazon已有negativeKeyword 1个
2026-09-18 02:41:46 - ✅ amazon_uk_moto negativeKeyword已投放且一致: negativeExact_12g spokes
2026-09-18 02:41:47 - amazon adGroupId:539489639709096 Amazon已有negativeKeyword 1个
2026-09-18 02:41:47 - ✅ amazon negativeKeyword已投放且一致: negativeExact_roll pan led license plate light
2026-09-18 02:41:49 - amazon adGroupId:499574118899221 Amazon已有negativeKeyword 17个
2026-09-18 02:41:49 - ✅ amazon negativeKeyword已投放且一致: negativeExact_tensioner pulley assembly
2026-09-18 02:41:49 - ✅ amazon negativeKeyword已投放且一致: negativeExact_serpentine belt kit
2026-09-18 02:41:50 - amazon_uk_sopro adGroupId:502766071806011 Amazon已有negativeKeyword 3个
2026-09-18 02:41:50 - ✅ amazon_uk_sopro negativeKeyword已投放且一致: negativeExact_water butts with stand and tap
2026-09-18 02:41:50 - ✅ amazon_uk_sopro negativeKeyword已投放且一致: negativeExact_water butt
2026-09-18 02:41:50 - ✅ amazon_uk_sopro negativeKeyword已投放且一致: negativeExact_water container
2026-09-18 02:41:52 - amazon adGroupId:461913454028045 Amazon已有negativeKeyword 1个
2026-09-18 02:41:52 - ✅ amazon negativeKeyword已投放且一致: negativeExact_80 amp relay
2026-09-18 02:41:53 - amazon adGroupId:308754291491120 Amazon已有negativeKeyword 1个
2026-09-18 02:41:53 - ✅ amazon negativeKeyword已投放且一致: negativeExact_chrome mirror caps
2026-09-18 02:41:53 - amazon adGroupId:261369063586373 Amazon已有negativeKeyword 6个
2026-09-18 02:41:53 - ✅ amazon negativeKeyword已投放且一致: negativeExact_engine mount
2026-09-18 02:41:55 - amazon_us_tuc adGroupId:310735687079492 Amazon已有negativeKeyword 2个
2026-09-18 02:41:55 - ✅ amazon_us_tuc negativeKeyword已投放且一致: negativeExact_2025 mazda cx5 accessories
2026-09-18 02:41:56 - amazon_us_hood adGroupId:476347022789138 Amazon已有negativeKeyword 1个
2026-09-18 02:41:56 - ✅ amazon_us_hood negativeKeyword已投放且一致: negativeExact_door check
2026-09-18 02:41:57 - amazon_ca_piccocasa adGroupId:120408696438532 Amazon已有negativeKeyword 2个
2026-09-18 02:41:57 - ✅ amazon_ca_piccocasa negativeKeyword已投放且一致: negativeExact_sound deadening mat
2026-09-18 02:41:57 - ✅ amazon_ca_piccocasa negativeKeyword已投放且一致: negativeExact_sound deadening foam car
2026-09-18 02:41:58 - amazon_ca_hero adGroupId:562025422598102 Amazon已有negativeKeyword 1个
2026-09-18 02:41:58 - ✅ amazon_ca_hero negativeKeyword已投放且一致: negativeExact_idler pulley
2026-09-18 02:41:58 - amazon_ca_sopro adGroupId:255533598406283 Amazon已有negativeKeyword 5个
2026-09-18 02:41:58 - ✅ amazon_ca_sopro negativeKeyword已投放且一致: negativeExact_car backup camera
2026-09-18 02:41:59 - amazon adGroupId:137262959015807 Amazon已有negativeKeyword 2个
2026-09-18 02:41:59 - ✅ amazon negativeKeyword已投放且一致: negativeExact_motorcycle fender
2026-09-18 02:42:00 - amazon adGroupId:337790735415379 Amazon已有negativeKeyword 1个
2026-09-18 02:42:00 - ✅ amazon negativeKeyword已投放且一致: negativeExact_fuel sending unit
2026-09-18 02:42:01 - amazon_us_luux adGroupId:237941648655417 Amazon已有negativeKeyword 1个
2026-09-18 02:42:01 - ✅ amazon_us_luux negativeKeyword已投放且一致: negativeExact_ac dye injector
2026-09-18 02:42:02 - amazon adGroupId:488323277997257 Amazon已有negativeKeyword 8个
2026-09-18 02:42:02 - ✅ amazon negativeKeyword已投放且一致: negativeExact_msd cap and rotor kit
2026-09-18 02:42:03 - amazon_us_tuto adGroupId:394751969389201 Amazon已有negativeKeyword 3个
2026-09-18 02:42:03 - ✅ amazon_us_tuto negativeKeyword已投放且一致: negativeExact_gmc heater hose connector
2026-09-18 02:42:05 - amazon adGroupId:464250987655732 Amazon已有negativeKeyword 2个
2026-09-18 02:42:05 - ✅ amazon negativeKeyword已投放且一致: negativeExact_motorcycle handlebar bag
2026-09-18 02:42:05 - amazon_ca_sopro adGroupId:532109114856351 Amazon已有negativeKeyword 3个
2026-09-18 02:42:05 - ✅ amazon_ca_sopro negativeKeyword已投放且一致: negativeExact_pegs
2026-09-18 02:42:08 - amazon adGroupId:321310233693779 Amazon已有negativeKeyword 2个
2026-09-18 02:42:08 - ✅ amazon negativeKeyword已投放且一致: negativeExact_1.5 stainless exhaust tubing
2026-09-18 02:42:08 - ✅ amazon negativeKeyword已投放且一致: negativeExact_1.5 exhaust pipe
2026-09-18 02:42:09 - amazon_us_find adGroupId:500188275548805 Amazon已有negativeKeyword 3个
2026-09-18 02:42:09 - ✅ amazon_us_find negativeKeyword已投放且一致: negativeExact_brake booster
2026-09-18 02:42:09 - ✅ amazon_us_find negativeKeyword已投放且一致: negativeExact_brake booster vacuum pump
2026-09-18 02:42:11 - amazon adGroupId:498310640887610 Amazon已有negativeKeyword 2个
2026-09-18 02:42:11 - ✅ amazon negativeKeyword已投放且一致: negativeExact_class t fuse holder
2026-09-18 02:42:12 - amazon_us_ac1 adGroupId:439813882037563 Amazon已有negativeKeyword 1个
2026-09-18 02:42:12 - ✅ amazon_us_ac1 negativeKeyword已投放且一致: negativeExact_honda crv center dash ac vent
2026-09-18 02:42:13 - amazon_us_swi adGroupId:453369610680414 Amazon已有negativeKeyword 1个
2026-09-18 02:42:13 - ✅ amazon_us_swi negativeKeyword已投放且一致: negativeExact_headlight switch
2026-09-18 02:42:15 - amazon_ca_find adGroupId:432122498024801 Amazon已有negativeKeyword 1个
2026-09-18 02:42:15 - ✅ amazon_ca_find negativeKeyword已投放且一致: negativeExact_oil seals by size
2026-09-18 02:42:16 - amazon_ca_tuto adGroupId:456914154813720 Amazon已有negativeKeyword 1个
2026-09-18 02:42:16 - ✅ amazon_ca_tuto negativeKeyword已投放且一致: negativeExact_boat trailer rollers
2026-09-18 02:42:17 - amazon_us_rrc adGroupId:413182344323021 Amazon已有negativeKeyword 5个
2026-09-18 02:42:17 - ✅ amazon_us_rrc negativeKeyword已投放且一致: negativeExact_wheel lock key
2026-09-18 02:42:19 - amazon_us_find adGroupId:432953303237383 Amazon已有negativeKeyword 1个
2026-09-18 02:42:19 - ✅ amazon_us_find negativeKeyword已投放且一致: negativeExact_transmission cooler with fan
2026-09-18 02:42:20 - amazon_us_find adGroupId:382468609146030 Amazon已有negativeKeyword 1个
2026-09-18 02:42:20 - ✅ amazon_us_find negativeKeyword已投放且一致: negativeExact_suicide knob for steering wheel
2026-09-18 02:42:21 - amazon_ca_tuto adGroupId:333267485879437 Amazon已有negativeKeyword 1个
2026-09-18 02:42:21 - ✅ amazon_ca_tuto negativeKeyword已投放且一致: negativeExact_truck bed fishing rod holder
2026-09-18 02:42:22 - amazon_us_sopro adGroupId:303020334256657 Amazon已有negativeKeyword 1个
2026-09-18 02:42:22 - ✅ amazon_us_sopro negativeKeyword已投放且一致: negativeExact_ignition control module
2026-09-18 02:42:23 - amazon_us_rrc adGroupId:338573058439700 Amazon已有negativeKeyword 1个
2026-09-18 02:42:23 - ✅ amazon_us_rrc negativeKeyword已投放且一致: negativeExact_hood latch
2026-09-18 02:42:24 - amazon_us_moto adGroupId:349023042461986 Amazon已有negativeKeyword 1个
2026-09-18 02:42:24 - ✅ amazon_us_moto negativeKeyword已投放且一致: negativeExact_shift knob
2026-09-18 02:42:24 - amazon adGroupId:401087993867455 Amazon已有negativeKeyword 1个
2026-09-18 02:42:24 - ✅ amazon negativeKeyword已投放且一致: negativeExact_chrome mirror caps
2026-09-18 02:42:25 - amazon_ca_piccocasa adGroupId:173914945795002 Amazon已有negativeKeyword 3个
2026-09-18 02:42:25 - ✅ amazon_ca_piccocasa negativeKeyword已投放且一致: negativeExact_insulation roll
2026-09-18 02:42:25 - ✅ amazon_ca_piccocasa negativeKeyword已投放且一致: negativeExact_metal roof insulation roll
2026-09-18 02:42:27 - amazon_us_hero adGroupId:439263764361385 Amazon已有negativeKeyword 1个
2026-09-18 02:42:27 - ✅ amazon_us_hero negativeKeyword已投放且一致: negativeExact_m12x1.5 black wheel locks
2026-09-18 02:42:28 - amazon_us_ifn adGroupId:293906087503724 Amazon已有negativeKeyword 1个
2026-09-18 02:42:28 - ✅ amazon_us_ifn negativeKeyword已投放且一致: negativeExact_intake valve
2026-09-18 02:42:29 - amazon_us_tuc adGroupId:515618952240172 Amazon已有negativeKeyword 1个
2026-09-18 02:42:29 - ✅ amazon_us_tuc negativeKeyword已投放且一致: negativeExact_oil seals by size
2026-09-18 02:42:30 - amazon_us_sopro adGroupId:529938389838374 Amazon已有negativeKeyword 1个
2026-09-18 02:42:30 - ✅ amazon_us_sopro negativeKeyword已投放且一致: negativeExact_ball joint boot
2026-09-18 02:42:31 - amazon_uk2 adGroupId:550915173809336 Amazon已有negativeKeyword 2个
2026-09-18 02:42:31 - ✅ amazon_uk2 negativeKeyword已投放且一致: negativeExact_lead weights
2026-09-18 02:42:32 - amazon adGroupId:168147588050916 Amazon已有negativeKeyword 1个
2026-09-18 02:42:32 - ✅ amazon negativeKeyword已投放且一致: negativeExact_1 inch carburetor spacer
2026-09-18 02:42:33 - amazon adGroupId:410182939107164 Amazon已有negativeKeyword 2个
2026-09-18 02:42:33 - ✅ amazon negativeKeyword已投放且一致: negativeExact_chrome mirror covers
2026-09-18 02:42:33 - ✅ amazon negativeKeyword已投放且一致: negativeExact_chrome door handle covers
2026-09-18 02:42:34 - amazon_ca_lift adGroupId:428963540968134 Amazon已有negativeKeyword 5个
2026-09-18 02:42:34 - ✅ amazon_ca_lift negativeKeyword已投放且一致: negativeExact_toyota tacoma accessories
2026-09-18 02:42:34 - ✅ amazon_ca_lift negativeKeyword已投放且一致: negativeExact_4runner accessories 6th gen 2026
2026-09-18 02:42:35 - amazon_us_luck adGroupId:518850691056707 Amazon已有negativeKeyword 1个
2026-09-18 02:42:35 - ✅ amazon_us_luck negativeKeyword已投放且一致: negativeExact_faria marine gauges
2026-09-18 02:42:36 - amazon_us_swi adGroupId:363554426074719 Amazon已有negativeKeyword 1个
2026-09-18 02:42:36 - ✅ amazon_us_swi negativeKeyword已投放且一致: negativeExact_cruise control switch
2026-09-18 02:42:37 - amazon adGroupId:334370943454540 Amazon已有negativeKeyword 1个
2026-09-18 02:42:37 - ✅ amazon negativeKeyword已投放且一致: negativeExact_tow hook
2026-09-18 02:42:39 - amazon_us_hero adGroupId:452538937539130 Amazon已有negativeKeyword 6个
2026-09-18 02:42:39 - ✅ amazon_us_hero negativeKeyword已投放且一致: negativeExact_rear brake dust shield plate
2026-09-18 02:42:39 - ✅ amazon_us_hero negativeKeyword已投放且一致: negativeExact_brake backing plate
2026-09-18 02:42:39 - ✅ amazon_us_hero negativeKeyword已投放且一致: negativeExact_rear brake backing plate
2026-09-18 02:42:39 - ✅ amazon_us_hero negativeKeyword已投放且一致: negativeExact_brake backing plate rear
2026-09-18 02:42:40 - amazon_ca_piccocasa adGroupId:434803463947617 Amazon已有negativeKeyword 1个
2026-09-18 02:42:40 - ✅ amazon_ca_piccocasa negativeKeyword已投放且一致: negativeExact_jeep grand cherokee accessories
2026-09-18 02:42:41 - amazon adGroupId:194858938458258 Amazon已有negativeKeyword 3个
2026-09-18 02:42:41 - ❌ amazon negativeKeyword未投放: negativeExact_1/4 npt manifold
2026-09-18 02:42:43 - amazon_us_find adGroupId:292855131157720 Amazon已有negativeKeyword 4个
2026-09-18 02:42:43 - ✅ amazon_us_find negativeKeyword已投放且一致: negativeExact_exhaust tips
2026-09-18 02:42:43 - ✅ amazon_us_find negativeKeyword已投放且一致: negativeExact_curved exhaust tip
2026-09-18 02:42:43 - ✅ amazon_us_find negativeKeyword已投放且一致: negativeExact_exhaust tip
2026-09-18 02:42:43 - ✅ amazon_us_find negativeKeyword已投放且一致: negativeExact_bmw exhaust tips
2026-09-18 02:42:45 - amazon_us_sopro adGroupId:284091849537401 Amazon已有negativeKeyword 5个
2026-09-18 02:42:45 - ✅ amazon_us_sopro negativeKeyword已投放且一致: negativeExact_back seat air mattress for truck
2026-09-18 02:42:45 - ✅ amazon_us_sopro negativeKeyword已投放且一致: negativeExact_car air mattress back seat
2026-09-18 02:42:46 - amazon adGroupId:40062912833021 Amazon已有negativeKeyword 3个
2026-09-18 02:42:46 - ✅ amazon negativeKeyword已投放且一致: negativeExact_jeep wrangler spare tire bump stop
2026-09-18 02:42:48 - amazon_us_tuto adGroupId:297239296095971 Amazon已有negativeKeyword 29个
2026-09-18 02:42:48 - ✅ amazon_us_tuto negativeKeyword已投放且一致: negativeExact_evaporator temperature sensor
2026-09-18 02:42:51 - amazon_ca_moto adGroupId:450352873846074 Amazon已有negativeKeyword 1个
2026-09-18 02:42:51 - ✅ amazon_ca_moto negativeKeyword已投放且一致: negativeExact_exhaust tips
2026-09-18 02:42:53 - amazon adGroupId:366753449644034 Amazon已有negativeKeyword 1个
2026-09-18 02:42:53 - ✅ amazon negativeKeyword已投放且一致: negativeExact_subaru tow hook
2026-09-18 02:42:54 - amazon_uk_tuto adGroupId:302720248601533 Amazon已有negativeKeyword 1个
2026-09-18 02:42:54 - ✅ amazon_uk_tuto negativeKeyword已投放且一致: negativeExact_pink pedals
2026-09-18 02:42:55 - amazon_uk2 adGroupId:425743458461157 Amazon已有negativeKeyword 1个
2026-09-18 02:42:55 - ✅ amazon_uk2 negativeKeyword已投放且一致: negativeExact_49cc pull start
2026-09-18 02:42:56 - amazon adGroupId:398250157227943 Amazon已有negativeKeyword 0个
2026-09-18 02:42:56 - ❌ amazon negativeKeyword未投放: negativeExact_1/8 copper tubing
2026-09-18 02:42:57 - amazon_us_ifn adGroupId:458159806947988 Amazon已有negativeKeyword 1个
2026-09-18 02:42:57 - ✅ amazon_us_ifn negativeKeyword已投放且一致: negativeExact_door handle covers for car
2026-09-18 02:42:59 - amazon_ca_piccocasa adGroupId:474518078965366 Amazon已有negativeKeyword 1个
2026-09-18 02:42:59 - ✅ amazon_ca_piccocasa negativeKeyword已投放且一致: negativeExact_mazda key fob cover
2026-09-18 02:43:00 - amazon adGroupId:346532255594827 Amazon已有negativeKeyword 2个
2026-09-18 02:43:00 - ✅ amazon negativeKeyword已投放且一致: negativeExact_60mm center caps
2026-09-18 02:43:00 - ✅ amazon negativeKeyword已投放且一致: negativeExact_66mm center cap
2026-09-18 02:43:01 - amazon adGroupId:376598704887334 Amazon已有negativeKeyword 3个
2026-09-18 02:43:01 - ✅ amazon negativeKeyword已投放且一致: negativeExact_bike seat post
2026-09-18 02:43:01 - ✅ amazon negativeKeyword已投放且一致: negativeExact_seat post bike
2026-09-18 02:43:01 - ✅ amazon negativeKeyword已投放且一致: negativeExact_26.8 seatpost
2026-09-18 02:43:03 - amazon_uk_sopro adGroupId:320933256762346 Amazon已有negativeKeyword 2个
2026-09-18 02:43:03 - ✅ amazon_uk_sopro negativeKeyword已投放且一致: negativeExact_drop links pair front
2026-09-18 02:43:04 - amazon adGroupId:345999151005376 Amazon已有negativeKeyword 1个
2026-09-18 02:43:04 - ✅ amazon negativeKeyword已投放且一致: negativeExact_screws
2026-09-18 02:43:05 - amazon_us_hope adGroupId:357978860828071 Amazon已有negativeKeyword 1个
2026-09-18 02:43:05 - ✅ amazon_us_hope negativeKeyword已投放且一致: negativeExact_fork seal driver
2026-09-18 02:43:06 - amazon adGroupId:549614293134775 Amazon已有negativeKeyword 1个
2026-09-18 02:43:06 - ✅ amazon negativeKeyword已投放且一致: negativeExact_motorcycle fork gaiters
2026-09-18 02:43:07 - amazon adGroupId:548920365874138 Amazon已有negativeKeyword 1个
2026-09-18 02:43:07 - ✅ amazon negativeKeyword已投放且一致: negativeExact_ignition switch
2026-09-18 02:43:09 - amazon_us_hope adGroupId:285777362407795 Amazon已有negativeKeyword 1个
2026-09-18 02:43:09 - ✅ amazon_us_hope negativeKeyword已投放且一致: negativeExact_steering shaft
2026-09-18 02:43:10 - amazon adGroupId:431748675497421 Amazon已有negativeKeyword 1个
2026-09-18 02:43:10 - ✅ amazon negativeKeyword已投放且一致: negativeExact_harley spark plug wires
2026-09-18 02:43:11 - amazon adGroupId:394269579840436 Amazon已有negativeKeyword 1个
2026-09-18 02:43:11 - ✅ amazon negativeKeyword已投放且一致: negativeExact_bike seat post
2026-09-18 02:43:13 - amazon adGroupId:520217553432130 Amazon已有negativeKeyword 1个
2026-09-18 02:43:13 - ✅ amazon negativeKeyword已投放且一致: negativeExact_side marker lights
2026-09-18 02:43:13 - amazon adGroupId:288726735747681 Amazon已有negativeKeyword 1个
2026-09-18 02:43:13 - ✅ amazon negativeKeyword已投放且一致: negativeExact_radiator bracket
2026-09-18 02:43:14 - amazon adGroupId:483848904113680 Amazon已有negativeKeyword 1个
2026-09-18 02:43:14 - ✅ amazon negativeKeyword已投放且一致: negativeExact_pcv valve grommet
2026-09-18 02:43:15 - amazon adGroupId:410924051039836 Amazon已有negativeKeyword 1个
2026-09-18 02:43:15 - ✅ amazon negativeKeyword已投放且一致: negativeExact_exhaust springs
2026-09-18 02:43:16 - amazon_ca_moto adGroupId:560546230718554 Amazon已有negativeKeyword 1个
2026-09-18 02:43:16 - ✅ amazon_ca_moto negativeKeyword已投放且一致: negativeExact_shift knob
2026-09-18 02:43:17 - amazon_us_rrc adGroupId:514767572428105 Amazon已有negativeKeyword 1个
2026-09-18 02:43:17 - ✅ amazon_us_rrc negativeKeyword已投放且一致: negativeExact_oil cooler
2026-09-18 02:43:18 - amazon_us_find adGroupId:529841518645349 Amazon已有negativeKeyword 1个
2026-09-18 02:43:18 - ✅ amazon_us_find negativeKeyword已投放且一致: negativeExact_6 speed shift knob
2026-09-18 02:43:20 - amazon adGroupId:385696342284966 Amazon已有negativeKeyword 6个
2026-09-18 02:43:20 - ✅ amazon negativeKeyword已投放且一致: negativeExact_27.2 seatpost
2026-09-18 02:43:21 - amazon_ca_ac1 adGroupId:490340697688218 Amazon已有negativeKeyword 1个
2026-09-18 02:43:21 - ✅ amazon_ca_ac1 negativeKeyword已投放且一致: negativeExact_windshield washer nozzle
2026-09-18 02:43:22 - amazon_us_moto adGroupId:354189275743712 Amazon已有negativeKeyword 1个
2026-09-18 02:43:22 - ✅ amazon_us_moto negativeKeyword已投放且一致: negativeExact_2012 honda civic accessories
2026-09-18 02:43:23 - amazon adGroupId:374652197769096 Amazon已有negativeKeyword 1个
2026-09-18 02:43:23 - ✅ amazon negativeKeyword已投放且一致: negativeExact_speaker adapter
2026-09-18 02:43:24 - amazon_us_ac1 adGroupId:357445034414598 Amazon已有negativeKeyword 1个
2026-09-18 02:43:24 - ✅ amazon_us_ac1 negativeKeyword已投放且一致: negativeExact_kia stinger accessories
2026-09-18 02:43:25 - amazon adGroupId:42749719928314 Amazon已有negativeKeyword 1个
2026-09-18 02:43:25 - ✅ amazon negativeKeyword已投放且一致: negativeExact_ignition module
2026-09-18 02:43:26 - amazon adGroupId:103425286940958 Amazon已有negativeKeyword 2个
2026-09-18 02:43:26 - ✅ amazon negativeKeyword已投放且一致: negativeExact_headlight bezel
2026-09-18 02:43:27 - amazon adGroupId:181408571036499 Amazon已有negativeKeyword 7个
2026-09-18 02:43:27 - ✅ amazon negativeKeyword已投放且一致: negativeExact_e90 cup holder
2026-09-18 02:43:29 - amazon adGroupId:497142708776973 Amazon已有negativeKeyword 87个
2026-09-18 02:43:29 - ✅ amazon negativeKeyword已投放且一致: negativeExact_gmc sierra bump stop
2026-09-18 02:43:30 - amazon adGroupId:549804694530453 Amazon已有negativeKeyword 1个
2026-09-18 02:43:30 - ✅ amazon negativeKeyword已投放且一致: negativeExact_sway bar link
2026-09-18 02:43:31 - amazon adGroupId:81484821725717 Amazon已有negativeKeyword 1个
2026-09-18 02:43:31 - ✅ amazon negativeKeyword已投放且一致: negativeExact_distributor cap and rotor kit
2026-09-18 02:43:32 - amazon_us_find adGroupId:349958062626027 Amazon已有negativeKeyword 1个
2026-09-18 02:43:32 - ✅ amazon_us_find negativeKeyword已投放且一致: negativeExact_1 inch exhaust pipe
2026-09-18 02:43:33 - amazon_us_tuc adGroupId:523086048001653 Amazon已有negativeKeyword 1个
2026-09-18 02:43:33 - ✅ amazon_us_tuc negativeKeyword已投放且一致: negativeExact_timing chain tensioner
2026-09-18 02:43:35 - amazon_us_moto adGroupId:437790565059958 Amazon已有negativeKeyword 2个
2026-09-18 02:43:35 - ✅ amazon_us_moto negativeKeyword已投放且一致: negativeExact_ignition switch
2026-09-18 02:43:37 - amazon_uk_tuc adGroupId:454693893639176 Amazon已有negativeKeyword 1个
2026-09-18 02:43:37 - ✅ amazon_uk_tuc negativeKeyword已投放且一致: negativeExact_gear knob
2026-09-18 02:43:38 - amazon_ca_ac1 adGroupId:320556838297189 Amazon已有negativeKeyword 1个
2026-09-18 02:43:38 - ✅ amazon_ca_ac1 negativeKeyword已投放且一致: negativeExact_bmw accessories
2026-09-18 02:43:39 - amazon_uk_moto adGroupId:545272704710443 Amazon已有negativeKeyword 1个
2026-09-18 02:43:39 - ✅ amazon_uk_moto negativeKeyword已投放且一致: negativeExact_honda crv radiator cap
2026-09-18 02:43:42 - amazon adGroupId:320185542924397 Amazon已有negativeKeyword 3个
2026-09-18 02:43:42 - ✅ amazon negativeKeyword已投放且一致: negativeExact_fan controller
2026-09-18 02:43:44 - amazon adGroupId:31831809422172 Amazon已有negativeKeyword 1个
2026-09-18 02:43:44 - ✅ amazon negativeKeyword已投放且一致: negativeExact_fuel injector cleaner kit
2026-09-18 02:43:45 - amazon_us_ac1 adGroupId:429656558519310 Amazon已有negativeKeyword 1个
2026-09-18 02:43:45 - ✅ amazon_us_ac1 negativeKeyword已投放且一致: negativeExact_8 inch speaker grill
2026-09-18 02:43:46 - amazon_us_ac1 adGroupId:286940710171695 Amazon已有negativeKeyword 1个
2026-09-18 02:43:46 - ✅ amazon_us_ac1 negativeKeyword已投放且一致: negativeExact_quick release latch
2026-09-18 02:43:48 - amazon adGroupId:419375613619782 Amazon已有negativeKeyword 1个
2026-09-18 02:43:48 - ✅ amazon negativeKeyword已投放且一致: negativeExact_speaker rings
2026-09-18 02:43:49 - amazon_us_ac1 adGroupId:430272889550821 Amazon已有negativeKeyword 1个
2026-09-18 02:43:49 - ✅ amazon_us_ac1 negativeKeyword已投放且一致: negativeExact_dome light cover
2026-09-18 02:43:50 - amazon adGroupId:558183583297634 Amazon已有negativeKeyword 1个
2026-09-18 02:43:50 - ✅ amazon negativeKeyword已投放且一致: negativeExact_valve keepers
2026-09-18 02:43:51 - amazon_ca_sopro adGroupId:533480014313824 Amazon已有negativeKeyword 1个
2026-09-18 02:43:51 - ✅ amazon_ca_sopro negativeKeyword已投放且一致: negativeExact_neutral safety switch
2026-09-18 02:43:52 - amazon adGroupId:305786460418968 Amazon已有negativeKeyword 1个
2026-09-18 02:43:52 - ✅ amazon negativeKeyword已投放且一致: negativeExact_side mirror covers
2026-09-18 02:43:53 - amazon adGroupId:506276469814052 Amazon已有negativeKeyword 1个
2026-09-18 02:43:53 - ✅ amazon negativeKeyword已投放且一致: negativeExact_1157 bulb socket
2026-09-18 02:43:55 - amazon_us_ac1 adGroupId:357201751141048 Amazon已有negativeKeyword 1个
2026-09-18 02:43:55 - ✅ amazon_us_ac1 negativeKeyword已投放且一致: negativeExact_engine cleaning gun
2026-09-18 02:43:58 - amazon_us_find adGroupId:474263374255465 Amazon已有negativeKeyword 1个
2026-09-18 02:43:58 - ✅ amazon_us_find negativeKeyword已投放且一致: negativeExact_shark fin antenna
2026-09-18 02:43:59 - amazon adGroupId:372529421069935 Amazon已有negativeKeyword 1个
2026-09-18 02:43:59 - ✅ amazon negativeKeyword已投放且一致: negativeExact_stepper motor
2026-09-18 02:44:00 - amazon_uk_luux adGroupId:18246931117316 Amazon已有negativeKeyword 1个
2026-09-18 02:44:00 - ✅ amazon_uk_luux negativeKeyword已投放且一致: negativeExact_car mattress for back of cars
2026-09-18 02:44:01 - amazon adGroupId:350074024183561 Amazon已有negativeKeyword 1个
2026-09-18 02:44:01 - ✅ amazon negativeKeyword已投放且一致: negativeExact_automotive clips
2026-09-18 02:44:02 - amazon adGroupId:473133060939281 Amazon已有negativeKeyword 1个
2026-09-18 02:44:02 - ✅ amazon negativeKeyword已投放且一致: negativeExact_exhaust clamp
2026-09-18 02:44:04 - amazon adGroupId:523764788902879 Amazon已有negativeKeyword 1个
2026-09-18 02:44:04 - ✅ amazon negativeKeyword已投放且一致: negativeExact_toyota air intake hose
2026-09-18 02:44:05 - amazon_us_ifn adGroupId:543089020959811 Amazon已有negativeKeyword 1个
2026-09-18 02:44:05 - ✅ amazon_us_ifn negativeKeyword已投放且一致: negativeExact_fuel door
2026-09-18 02:44:06 - amazon_ca_tuto adGroupId:360540833248126 Amazon已有negativeKeyword 1个
2026-09-18 02:44:06 - ✅ amazon_ca_tuto negativeKeyword已投放且一致: negativeExact_ford bronco accessories
2026-09-18 02:44:08 - amazon_uk_ifn adGroupId:343685769516533 Amazon已有negativeKeyword 1个
2026-09-18 02:44:08 - ✅ amazon_uk_ifn negativeKeyword已投放且一致: negativeExact_exhaust tips
2026-09-18 02:44:09 - amazon_us_rrc adGroupId:336085954036057 Amazon已有negativeKeyword 1个
2026-09-18 02:44:09 - ✅ amazon_us_rrc negativeKeyword已投放且一致: negativeExact_ebike spokes
2026-09-18 02:44:10 - amazon adGroupId:292396776444220 Amazon已有negativeKeyword 1个
2026-09-18 02:44:10 - ✅ amazon negativeKeyword已投放且一致: negativeExact_carburetor spacer
2026-09-18 02:44:11 - amazon_us_tuc adGroupId:450114915966160 Amazon已有negativeKeyword 7个
2026-09-18 02:44:11 - ✅ amazon_us_tuc negativeKeyword已投放且一致: negativeExact_car window cleaner tool
2026-09-18 02:44:12 - amazon_us_moto adGroupId:448083546535413 Amazon已有negativeKeyword 1个
2026-09-18 02:44:12 - ✅ amazon_us_moto negativeKeyword已投放且一致: negativeExact_2.5 exhaust tip
2026-09-18 02:44:13 - amazon adGroupId:493102497268810 Amazon已有negativeKeyword 1个
2026-09-18 02:44:13 - ✅ amazon negativeKeyword已投放且一致: negativeExact_short shifter
2026-09-18 02:44:14 - amazon adGroupId:516453294153170 Amazon已有negativeKeyword 1个
2026-09-18 02:44:14 - ✅ amazon negativeKeyword已投放且一致: negativeExact_22mm lug nut covers
2026-09-18 02:44:15 - amazon adGroupId:359681554985216 Amazon已有negativeKeyword 1个
2026-09-18 02:44:15 - ✅ amazon negativeKeyword已投放且一致: negativeExact_velocity stack
2026-09-18 02:44:16 - amazon_ca_moto adGroupId:468517964140863 Amazon已有negativeKeyword 4个
2026-09-18 02:44:16 - ✅ amazon_ca_moto negativeKeyword已投放且一致: negativeExact_cargo cover kia sportage 2026
2026-09-18 02:44:16 - amazon_us_swi adGroupId:400815135260903 Amazon已有negativeKeyword 1个
2026-09-18 02:44:16 - ✅ amazon_us_swi negativeKeyword已投放且一致: negativeExact_climate control module
2026-09-18 02:44:17 - amazon_us_moto adGroupId:283533124783263 Amazon已有negativeKeyword 1个
2026-09-18 02:44:17 - ✅ amazon_us_moto negativeKeyword已投放且一致: negativeExact_door speakers
2026-09-18 02:44:18 - amazon adGroupId:555935857033538 Amazon已有negativeKeyword 1个
2026-09-18 02:44:18 - ✅ amazon negativeKeyword已投放且一致: negativeExact_push start button cover
2026-09-18 02:44:19 - amazon_ca_find adGroupId:360155890366567 Amazon已有negativeKeyword 1个
2026-09-18 02:44:19 - ✅ amazon_ca_find negativeKeyword已投放且一致: negativeExact_2 inch exhaust tip
2026-09-18 02:44:20 - amazon_uk_find adGroupId:294766286397449 Amazon已有negativeKeyword 1个
2026-09-18 02:44:20 - ✅ amazon_uk_find negativeKeyword已投放且一致: negativeExact_headliner fabric
2026-09-18 02:44:23 - amazon_uk_ifn adGroupId:477970303487722 Amazon已有negativeKeyword 1个
2026-09-18 02:44:23 - ✅ amazon_uk_ifn negativeKeyword已投放且一致: negativeExact_ford transit speaker adapter
2026-09-18 02:44:24 - amazon adGroupId:293031488322604 Amazon已有negativeKeyword 1个
2026-09-18 02:44:24 - ✅ amazon negativeKeyword已投放且一致: negativeExact_h7 to h11 adapter
2026-09-18 02:44:25 - amazon_ca_hood adGroupId:503371739337693 Amazon已有negativeKeyword 1个
2026-09-18 02:44:25 - ✅ amazon_ca_hood negativeKeyword已投放且一致: negativeExact_full twist throttle
2026-09-18 02:44:27 - amazon_us_sopro adGroupId:331929773118199 Amazon已有negativeKeyword 3个
2026-09-18 02:44:27 - ✅ amazon_us_sopro negativeKeyword已投放且一致: negativeExact_fuel injector seal kit
2026-09-18 02:44:28 - amazon_us_sopro adGroupId:475150207774593 Amazon已有negativeKeyword 1个
2026-09-18 02:44:28 - ✅ amazon_us_sopro negativeKeyword已投放且一致: negativeExact_backup camera
2026-09-18 02:44:29 - amazon_us_hero adGroupId:343317500250463 Amazon已有negativeKeyword 1个
2026-09-18 02:44:29 - ✅ amazon_us_hero negativeKeyword已投放且一致: negativeExact_front bumper bracket
2026-09-18 02:44:30 - amazon adGroupId:508179051292254 Amazon已有negativeKeyword 36个
2026-09-18 02:44:30 - ✅ amazon negativeKeyword已投放且一致: negativeExact_upper radiator hose
2026-09-18 02:44:31 - amazon adGroupId:291878142291709 Amazon已有negativeKeyword 3个
2026-09-18 02:44:31 - ✅ amazon negativeKeyword已投放且一致: negativeExact_jeep wrangler spare tire delete
2026-09-18 02:44:32 - amazon adGroupId:521310487282205 Amazon已有negativeKeyword 1个
2026-09-18 02:44:32 - ✅ amazon negativeKeyword已投放且一致: negativeExact_motorcycle throttle cable
2026-09-18 02:44:33 - amazon_us_hero adGroupId:368101789386057 Amazon已有negativeKeyword 2个
2026-09-18 02:44:33 - ✅ amazon_us_hero negativeKeyword已投放且一致: negativeExact_motorcycle sun shade cover
2026-09-18 02:44:33 - ========== 校验汇总 ==========
2026-09-18 02:44:33 - 总校验数: 503
2026-09-18 02:44:33 - ⏭️ archived跳过: 0
2026-09-18 02:44:33 - ✅ 已投放且一致: 498
2026-09-18 02:44:33 - ❌ 未投放: 5
2026-09-18 02:44:33 - ⚠️ 状态异常(非enabled): 0
2026-09-18 02:44:34 - 异常数据已导出: /Users/clouddre/ux168work/03_项目代码/php/ShallowDream-LeetCode-PHP/pa-temp-fix-system.com/php/utils/../shell/sp/negativeKeyword/export/校验异常_negativeKeyword_全部_20260918024433.xlsx
2026-09-18 02:44:34 - ========== 开始重新创建失败数据 ==========
2026-09-18 02:44:34 - channel:全部 共 5 个ad group, 5 条数据待重试
2026-09-18 02:44:34 - 重新创建 amazon_us_find adGroupId:391385827020563 共 1 条数据
2026-09-18 02:44:35 - amazon_us_find adGroupId:391385827020563 重试前已有negativeKeyword 4个
2026-09-18 02:44:35 - amazon_us_find adGroupId:391385827020563 重试创建negativeKeyword: 1个
2026-09-18 02:44:35 - ❌ amazon_us_find 重试创建negativeKeyword仍然失败: negativeexact_1-1/2 exhaust elbow
2026-09-18 02:44:35 - 重新创建 amazon_ca_moto adGroupId:543963839068320 共 1 条数据
2026-09-18 02:44:36 - amazon_ca_moto adGroupId:543963839068320 重试前已有negativeKeyword 0个
2026-09-18 02:44:36 - amazon_ca_moto adGroupId:543963839068320 重试创建negativeKeyword: 1个
2026-09-18 02:44:38 - ❌ amazon_ca_moto 重试创建negativeKeyword仍然失败: negativeexact_3” exhaust pipe
2026-09-18 02:44:38 - 重新创建 amazon adGroupId:399602485818549 共 1 条数据
2026-09-18 02:44:40 - amazon adGroupId:399602485818549 重试前已有negativeKeyword 0个
2026-09-18 02:44:40 - amazon adGroupId:399602485818549 重试创建negativeKeyword: 1个
2026-09-18 02:44:41 - ❌ amazon 重试创建negativeKeyword仍然失败: negativeexact_1/8 npt temp sensor
2026-09-18 02:44:41 - 重新创建 amazon adGroupId:194858938458258 共 1 条数据
2026-09-18 02:44:42 - amazon adGroupId:194858938458258 重试前已有negativeKeyword 3个
2026-09-18 02:44:42 - amazon adGroupId:194858938458258 重试创建negativeKeyword: 1个
2026-09-18 02:44:43 - ❌ amazon 重试创建negativeKeyword仍然失败: negativeexact_1/4 npt manifold
2026-09-18 02:44:43 - 重新创建 amazon adGroupId:398250157227943 共 1 条数据
2026-09-18 02:44:44 - amazon adGroupId:398250157227943 重试前已有negativeKeyword 0个
2026-09-18 02:44:44 - amazon adGroupId:398250157227943 重试创建negativeKeyword: 1个
2026-09-18 02:44:47 - ❌ amazon 重试创建negativeKeyword仍然失败: negativeexact_1/8 copper tubing
2026-09-18 02:44:47 - ========== 重新创建汇总 ==========
2026-09-18 02:44:47 - 重新创建总数: 5
2026-09-18 02:44:47 - ✅ 重新创建成功: 0
2026-09-18 02:44:47 - ⏭️ 已存在且enabled跳过: 0
2026-09-18 02:44:47 - ❌ 重新创建仍然失败: 5
2026-09-18 02:44:47 - 重新创建仍失败数据已导出: /Users/clouddre/ux168work/03_项目代码/php/ShallowDream-LeetCode-PHP/pa-temp-fix-system.com/php/utils/../shell/sp/negativeKeyword/export/重新创建仍失败_negativeKeyword_全部_20260918024447.xlsx
2026-09-18 02:44:47 - verifyNegativeKeywords channel:全部 校验完毕
